FirstName,LastName,Identifier,RegistrationNumber,Company,period,OrganizationalUnit,product,ActivityNature,AccountingCode,Ratio
Christina,Jones,UO61892,5342562,INOVA GROUP,8,NOT FOUND,VERTEX,REGIE,,
Andrew,Lee,ZY23422,3856805,DELVO DYNAMICS,8,NOT FOUND,PHOENIX,SUPPORT,,
Daniel,Johnson,YQ85667,4672681,JALVIK CONSULTING,8,NOT FOUND,ATLAS,MAINTENANCE,,
Derek,Hayes,KX73488,3904777,GOLZEN SOLUTIONS,8,NOT FOUND,NOVA,MAINTENANCE,,
Sherri,Sanders,VD96299,6158178,INOVA CONSULTING,8,NOT FOUND,QUANTUM,RPS,,
Katie,Flores,YU01298,7888735,BRYTON GLOBAL,8,NOT FOUND,STELLAR,REGIE,,
Andrew,Sullivan,AV57787,4428153,FORVEX VENTURES,8,NOT FOUND,STELLAR,SUPPORT,,
Linda,Stephenson,QV85683,5596773,ETHOS SYSTEMS,8,NOT FOUND,VERTEX,REGIE,,
Cheryl,Thompson,XR91064,9506943,JALVIK SYSTEMS,8,NOT FOUND,STELLAR,MAINTENANCE,,
Lisa,Berger,QB59674,7547552,KESTRA DYNAMICS,8,NOT FOUND,STELLAR,RPS,,
Kimberly,Williams,CZ66404,8217408,INOVA TECH,8,NOT FOUND,STELLAR,MAINTENANCE,,
Ashley,Cuevas,LP45827,9318522,LUMEX TECH,8,NOT FOUND,PULSE,SUPPORT,,
Anne,Bonilla,OA56643,1262623,FORVEX SYSTEMS,8,NOT FOUND,NOVA,REGIE,,
Jacqueline,Kline,EP34684,4174797,HYRION DIGITAL,8,NOT FOUND,PHOENIX,REGIE,,
April,Mitchell,UL66825,2526122,GOLZEN DIGITAL,8,NOT FOUND,PULSE,FORFAIT,,
Jerry,Rodriguez,LM43365,2852136,ALCOR DYNAMICS,8,NOT FOUND,QUANTUM,REGIE,,
Michael,Yoder,HV96191,6477653,BRYTON DIGITAL,8,NOT FOUND,ATLAS,MAINTENANCE,,
Elizabeth,Johnson,FD64807,1832286,CENVEO TECH,8,NOT FOUND,ATLAS,SUPPORT,,
Melinda,Bell,BL05644,3300998,INOVA SOLUTIONS,8,NOT FOUND,NEXUS,SUPPORT,,
Jonathan,Fernandez,ML73667,1043905,KESTRA GROUP,8,NOT FOUND,STELLAR,RPS,,
Kaitlyn,Klein,FQ28053,7660702,GOLZEN GROUP,8,NOT FOUND,PULSE,RPS,,
Katie,Rowland,NQ47504,8993657,LUMEX DIGITAL,8,NOT FOUND,NEXUS,SUPPORT,,
Kristina,Tate,SD70137,4003401,HYRION GLOBAL,8,NOT FOUND,PHOENIX,MAINTENANCE,,
Bryan,Cooke,GV86948,8041063,ALCOR DIGITAL,8,NOT FOUND,NEXUS,MAINTENANCE,,
Jamie,Riley,ML96325,9038396,KESTRA VENTURES,8,NOT FOUND,NEXUS,REGIE,,
Kyle,Martinez,XW78444,6141483,ALCOR VENTURES,8,NOT FOUND,PULSE,MAINTENANCE,,
Aaron,Walsh,JL27390,4040880,ETHOS GLOBAL,8,NOT FOUND,NOVA,REGIE,,
Jerry,Phillips,LZ00843,1863341,INOVA TECH,8,NOT FOUND,NEXUS,FORFAIT,,
Brittany,Bass,CL49992,3684740,FORVEX GROUP,8,NOT FOUND,NOVA,RPS,,
Brian,Myers,KX66348,4923596,HYRION SYSTEMS,8,NOT FOUND,VERTEX,MAINTENANCE,,
Brenda,Mcknight,NZ55604,6719922,LUMEX CONSULTING,8,NOT FOUND,PHOENIX,SUPPORT,,
John,Jarvis,YR43206,3298503,FORVEX DYNAMICS,8,NOT FOUND,VERTEX,MAINTENANCE,,
Angela,Coffey,XM33640,1659875,CENVEO GROUP,8,NOT FOUND,PHOENIX,SUPPORT,,
Katie,Campbell,ON95112,2732231,CENVEO CONSULTING,8,NOT FOUND,QUANTUM,MAINTENANCE,,
Joseph,Rojas,DL36409,6497887,ETHOS CONSULTING,8,NOT FOUND,VERTEX,SUPPORT,,
Michael,Howard,ON31930,5212484,CENVEO SYSTEMS,8,NOT FOUND,NOVA,MAINTENANCE,,
Carlos,Beard,TP37755,3692235,CENVEO GROUP,8,NOT FOUND,ORBIT,REGIE,,
Vincent,Campbell,GW92180,7559621,JALVIK CONSULTING,8,NOT FOUND,NOVA,REGIE,,
Jacob,Frank,EQ47305,9459920,ALCOR CONSULTING,8,NOT FOUND,VERTEX,SUPPORT,,
Traci,Bailey,WC39230,2774816,KESTRA GLOBAL,8,NOT FOUND,ORBIT,REGIE,,
John,Fuentes,TV18328,8034084,GOLZEN SYSTEMS,8,NOT FOUND,ATLAS,RPS,,
Nathaniel,Williams,NA00352,2483007,FORVEX SYSTEMS,8,NOT FOUND,PHOENIX,SUPPORT,,
Eric,Joseph,CN47880,7191734,ALCOR GROUP,8,NOT FOUND,QUANTUM,SUPPORT,,
Alyssa,Lynch,SL83640,2215930,LUMEX SOLUTIONS,8,NOT FOUND,VERTEX,REGIE,,
Teresa,Dougherty,MD32902,8017173,HYRION GROUP,8,NOT FOUND,STELLAR,RPS,,
Angela,Evans,FL82802,1828110,INOVA TECH,8,NOT FOUND,QUANTUM,MAINTENANCE,,
Mckenzie,Young,MY70320,8595594,ETHOS TECH,8,NOT FOUND,PULSE,REGIE,,
Erika,Mckee,YI54209,3107024,LUMEX GLOBAL,8,NOT FOUND,VERTEX,SUPPORT,,
Sierra,Taylor,JH48216,9427308,JALVIK DYNAMICS,8,NOT FOUND,PULSE,SUPPORT,,
David,Dillon,MH26247,3300729,CENVEO DYNAMICS,8,NOT FOUND,PULSE,MAINTENANCE,,
Kimberly,Lee,OF28153,4522990,FORVEX GLOBAL,8,NOT FOUND,PHOENIX,MAINTENANCE,,
Haley,Anderson,RC00111,8665795,CENVEO SOLUTIONS,8,NOT FOUND,ATLAS,RPS,,
Sharon,Landry,MP50299,3452285,FORVEX GLOBAL,8,NOT FOUND,NEXUS,REGIE,,
William,Patel,ZT91181,4701612,CENVEO DYNAMICS,8,NOT FOUND,PULSE,RPS,,
Michael,Campbell,KC81151,1431469,FORVEX GLOBAL,8,NOT FOUND,VERTEX,SUPPORT,,
Crystal,Miller,JZ82130,4619665,DELVO GROUP,8,NOT FOUND,NEXUS,REGIE,,
James,Smith,ES22483,4524525,LUMEX VENTURES,8,NOT FOUND,NEXUS,REGIE,,
Daniel,Davis,HK36312,7355347,JALVIK DIGITAL,8,NOT FOUND,STELLAR,MAINTENANCE,,
Amy,Martinez,XI23252,1308959,KESTRA DYNAMICS,8,NOT FOUND,NOVA,REGIE,,
Russell,Perry,GA18083,6472766,LUMEX DIGITAL,8,NOT FOUND,STELLAR,REGIE,,
Miguel,Marshall,NO44756,8193712,BRYTON GROUP,8,NOT FOUND,QUANTUM,RPS,,
Natalie,Winters,WV39518,4467969,ALCOR GLOBAL,8,NOT FOUND,NEXUS,RPS,,
Dominic,Wilson,UJ86828,9494277,DELVO CONSULTING,8,NOT FOUND,ORBIT,MAINTENANCE,,
Patricia,Austin,AU48549,7653588,DELVO SYSTEMS,8,NOT FOUND,NOVA,RPS,,
Andrew,Tucker,XQ53410,3983142,BRYTON GLOBAL,8,NOT FOUND,NOVA,MAINTENANCE,,
Ian,Roberts,EX02369,9814604,CENVEO SYSTEMS,8,NOT FOUND,VERTEX,REGIE,,
Gary,Ward,WR60175,8165757,HYRION CONSULTING,8,NOT FOUND,ORBIT,MAINTENANCE,,
Phillip,Goodman,TP54225,6781486,BRYTON DIGITAL,8,NOT FOUND,NOVA,SUPPORT,,
Joel,Graves,TE72081,3490563,INOVA TECH,8,NOT FOUND,VERTEX,FORFAIT,,
James,Davis,NZ30242,2011523,HYRION GLOBAL,8,NOT FOUND,QUANTUM,FORFAIT,,
David,Anderson,HV06614,5989104,ETHOS DIGITAL,8,NOT FOUND,PULSE,REGIE,,
Michelle,Cisneros,WD48462,8508949,DELVO SOLUTIONS,8,NOT FOUND,NEXUS,SUPPORT,,
Brenda,Cook,HM09271,6072306,BRYTON TECH,8,NOT FOUND,NEXUS,FORFAIT,,
Brian,Jones,SB96294,8879272,BRYTON SOLUTIONS,8,NOT FOUND,NOVA,SUPPORT,,
Daniel,Wilson,LO60326,2681905,LUMEX GLOBAL,8,NOT FOUND,ORBIT,SUPPORT,,
Eric,Brown,OJ27828,2635736,INOVA SOLUTIONS,8,NOT FOUND,PULSE,SUPPORT,,
David,Murphy,PW07661,5323455,HYRION CONSULTING,8,NOT FOUND,VERTEX,RPS,,
Joshua,House,WN41635,1936490,BRYTON GROUP,8,NOT FOUND,QUANTUM,RPS,,
Victoria,Salazar,ZS15250,3553701,BRYTON DYNAMICS,8,NOT FOUND,ATLAS,FORFAIT,,
Sherri,Valdez,KM30272,2503570,BRYTON GLOBAL,8,NOT FOUND,NOVA,REGIE,,
Sarah,Hughes,FE41463,4766595,FORVEX DYNAMICS,8,NOT FOUND,ATLAS,REGIE,,
Kimberly,Ortega,VM37485,1575088,LUMEX GROUP,8,NOT FOUND,ATLAS,MAINTENANCE,,
Kristen,Brown,QY30314,9624269,ETHOS GROUP,8,NOT FOUND,PHOENIX,SUPPORT,,
Adam,Rodriguez,OP46622,7938743,FORVEX DIGITAL,8,NOT FOUND,NEXUS,MAINTENANCE,,
Amber,Sanchez,RU47827,3502028,ALCOR SYSTEMS,8,NOT FOUND,ORBIT,RPS,,
Kyle,Lewis,IK67471,7590579,INOVA DIGITAL,8,NOT FOUND,ORBIT,MAINTENANCE,,
Timothy,Gonzalez,LS70765,2914622,FORVEX TECH,8,NOT FOUND,STELLAR,RPS,,
Ashley,Aguilar,RY05334,9086536,ALCOR SOLUTIONS,8,NOT FOUND,STELLAR,MAINTENANCE,,
Stephanie,Stewart,XK28661,2869609,HYRION SOLUTIONS,8,NOT FOUND,PHOENIX,MAINTENANCE,,
Eric,Lee,HP11570,9022268,LUMEX CONSULTING,8,NOT FOUND,PULSE,SUPPORT,,
Michael,Garcia,EW92520,6049247,CENVEO GROUP,8,NOT FOUND,STELLAR,SUPPORT,,
Brian,Long,HQ21913,6063080,CENVEO GLOBAL,8,NOT FOUND,NOVA,REGIE,,
Anthony,Rivera,CS81293,4751762,ALCOR TECH,8,NOT FOUND,ORBIT,RPS,,
Michael,Brown,AO64145,2788340,KESTRA GLOBAL,8,NOT FOUND,NEXUS,RPS,,
Peter,Morris,EE41655,4772637,JALVIK CONSULTING,8,NOT FOUND,ATLAS,REGIE,,
Jeffrey,Ramirez,AX73398,9705950,CENVEO DIGITAL,8,NOT FOUND,ATLAS,SUPPORT,,
Steven,Chan,JK18296,2773662,DELVO SYSTEMS,8,NOT FOUND,NEXUS,RPS,,
John,Simpson,XD36275,2460399,CENVEO GROUP,8,NOT FOUND,ORBIT,MAINTENANCE,,
Casey,Figueroa,VG43660,6886463,GOLZEN CONSULTING,8,NOT FOUND,PULSE,SUPPORT,,
Andrew,Burke,OA48281,8379701,JALVIK CONSULTING,8,NOT FOUND,QUANTUM,MAINTENANCE,,
John,Li,NF09201,9018431,CENVEO GROUP,8,NOT FOUND,ORBIT,RPS,,
Patrick,Hill,UX79703,6733845,BRYTON DYNAMICS,8,NOT FOUND,NEXUS,FORFAIT,,
Joseph,Ward,SJ72623,6860187,ALCOR SYSTEMS,8,NOT FOUND,NOVA,FORFAIT,,
Roberto,Buckley,NE51108,3741061,ETHOS GROUP,8,NOT FOUND,NEXUS,RPS,,
Joshua,Leonard,JY74218,2257440,INOVA GROUP,8,NOT FOUND,QUANTUM,REGIE,,
John,Parker,UD23371,5584821,INOVA SYSTEMS,8,NOT FOUND,PULSE,SUPPORT,,
Todd,Morris,VQ95644,5577849,JALVIK DYNAMICS,8,NOT FOUND,ORBIT,MAINTENANCE,,
Michael,Perkins,HR14056,5458644,BRYTON SYSTEMS,8,NOT FOUND,NEXUS,SUPPORT,,
Danielle,Howard,VY38472,2351955,JALVIK CONSULTING,8,NOT FOUND,VERTEX,RPS,,
John,Conrad,HL69408,2509059,BRYTON SYSTEMS,8,NOT FOUND,STELLAR,RPS,,
Samantha,Tate,SS17211,9610341,GOLZEN CONSULTING,8,NOT FOUND,VERTEX,SUPPORT,,
Beth,Barajas,WU06393,5229225,DELVO DYNAMICS,8,NOT FOUND,NOVA,REGIE,,
Anthony,Beck,JM37969,6822685,LUMEX GLOBAL,8,NOT FOUND,ORBIT,MAINTENANCE,,
Jordan,Rojas,YI86808,1271022,HYRION GROUP,8,NOT FOUND,PULSE,MAINTENANCE,,
Nathaniel,Young,AP60036,6128545,KESTRA DYNAMICS,8,NOT FOUND,NOVA,MAINTENANCE,,
John,Black,HG88269,5935399,ALCOR DIGITAL,8,NOT FOUND,QUANTUM,FORFAIT,,
Donna,Thomas,IE29210,6907680,GOLZEN TECH,8,NOT FOUND,VERTEX,MAINTENANCE,,
Jacqueline,Phillips,GJ54901,7301120,JALVIK DIGITAL,8,NOT FOUND,STELLAR,MAINTENANCE,,
Kathryn,Rivera,IB10103,2348107,GOLZEN CONSULTING,8,NOT FOUND,QUANTUM,MAINTENANCE,,
Julie,Jackson,AN90844,8986813,INOVA TECH,8,NOT FOUND,NOVA,REGIE,,
Jeremy,Werner,SU45181,9913570,HYRION DYNAMICS,8,NOT FOUND,QUANTUM,SUPPORT,,
Angela,Boyd,HK18644,9129772,JALVIK DIGITAL,8,NOT FOUND,PHOENIX,SUPPORT,,
Brittany,Vargas,YU02445,8277777,CENVEO DIGITAL,8,NOT FOUND,PHOENIX,FORFAIT,,
Monica,Bush,UI63194,9210374,FORVEX GROUP,8,NOT FOUND,PHOENIX,SUPPORT,,
Clayton,Morrison,PJ25061,3687913,CENVEO VENTURES,8,NOT FOUND,ORBIT,FORFAIT,,
John,Reed,BE13392,1101510,FORVEX SOLUTIONS,8,NOT FOUND,PHOENIX,SUPPORT,,
Christina,Ellis,KE56702,7037058,INOVA GLOBAL,8,NOT FOUND,ATLAS,SUPPORT,,
Richard,Gamble,SX28247,4047984,ALCOR DYNAMICS,8,NOT FOUND,QUANTUM,MAINTENANCE,,
Samantha,Smith,KZ71272,8486752,ALCOR GLOBAL,8,NOT FOUND,STELLAR,RPS,,
Sarah,Hammond,DA31406,2830095,GOLZEN CONSULTING,8,NOT FOUND,ATLAS,SUPPORT,,
Ryan,Wilson,IC51710,7780740,GOLZEN SYSTEMS,8,NOT FOUND,VERTEX,RPS,,
John,Brown,YJ56181,4665889,JALVIK GROUP,8,NOT FOUND,NEXUS,SUPPORT,,
Charles,Miller,ZO20629,9036879,ALCOR DYNAMICS,8,NOT FOUND,PHOENIX,FORFAIT,,
Christine,Davis,TA12976,7436922,DELVO GROUP,8,NOT FOUND,PULSE,RPS,,
Timothy,Moore,HM60437,7640132,BRYTON SOLUTIONS,8,NOT FOUND,ATLAS,FORFAIT,,
Leon,Perez,XL48570,6460310,GOLZEN SYSTEMS,8,NOT FOUND,VERTEX,REGIE,,
Michelle,White,LC19075,4211808,DELVO SYSTEMS,8,NOT FOUND,PHOENIX,RPS,,
Justin,Aguilar,FB11983,6892808,BRYTON GLOBAL,8,NOT FOUND,NOVA,REGIE,,
Dustin,Webb,LE99434,3124637,DELVO GLOBAL,8,NOT FOUND,NEXUS,SUPPORT,,
Michaela,Washington,JU55817,7843557,DELVO VENTURES,8,NOT FOUND,ORBIT,REGIE,,
Sarah,Medina,BJ51855,1835464,INOVA TECH,8,NOT FOUND,VERTEX,SUPPORT,,
Marie,Carroll,QL63658,9640319,DELVO GLOBAL,8,NOT FOUND,QUANTUM,MAINTENANCE,,
Cindy,Lopez,JM89174,9838759,ETHOS CONSULTING,8,NOT FOUND,ORBIT,MAINTENANCE,,
Tara,Ward,ZH97760,6513176,ETHOS VENTURES,8,NOT FOUND,ORBIT,RPS,,
Nicole,Johnson,VO05494,6682695,DELVO TECH,8,NOT FOUND,PULSE,RPS,,
David,Hernandez,GD70523,8625990,HYRION DYNAMICS,8,NOT FOUND,VERTEX,RPS,,
Sergio,Harmon,LQ77868,5866079,HYRION GROUP,8,NOT FOUND,NEXUS,SUPPORT,,
Sharon,Medina,CT41476,6727326,DELVO VENTURES,8,NOT FOUND,PULSE,SUPPORT,,
Tommy,Thompson,YN36784,2562785,KESTRA GLOBAL,8,NOT FOUND,NEXUS,FORFAIT,,
Michael,Anthony,FF74826,9004159,INOVA CONSULTING,8,NOT FOUND,NOVA,FORFAIT,,
Alexandria,Wolfe,EV23574,9703476,BRYTON GROUP,8,NOT FOUND,PULSE,RPS,,
Javier,Walsh,VI29749,1997518,JALVIK VENTURES,8,NOT FOUND,PHOENIX,REGIE,,
Melissa,Jacobs,DA17058,4370097,FORVEX GROUP,8,NOT FOUND,STELLAR,SUPPORT,,
Tina,Blake,XO77061,4374697,FORVEX DIGITAL,8,NOT FOUND,PULSE,SUPPORT,,
Natalie,Johns,IF50355,4081376,KESTRA GROUP,8,NOT FOUND,VERTEX,REGIE,,
Robert,Greene,UM78032,7867040,FORVEX GROUP,8,NOT FOUND,PULSE,REGIE,,
Tara,Gibson,QZ80208,6516675,INOVA SYSTEMS,8,NOT FOUND,PULSE,REGIE,,
Valerie,Wallace,KT09797,1188337,CENVEO DYNAMICS,8,NOT FOUND,NOVA,SUPPORT,,
David,Martinez,YW85437,5267173,ALCOR CONSULTING,8,NOT FOUND,NEXUS,FORFAIT,,
Laurie,Davidson,TP44765,3862860,INOVA GROUP,8,NOT FOUND,QUANTUM,SUPPORT,,
Katelyn,Rivers,XE75401,6020355,DELVO GROUP,8,NOT FOUND,VERTEX,REGIE,,
Heather,Compton,PR25018,3246097,FORVEX VENTURES,8,NOT FOUND,ATLAS,SUPPORT,,
Michael,Lee,BL57043,6001304,DELVO GROUP,8,NOT FOUND,STELLAR,RPS,,
Alex,Mcmillan,FS55955,9855429,LUMEX SYSTEMS,8,NOT FOUND,VERTEX,FORFAIT,,
Dustin,Bradley,NL41045,1759081,GOLZEN DYNAMICS,8,NOT FOUND,STELLAR,FORFAIT,,
Cory,Carey,KI40166,4252885,DELVO CONSULTING,8,NOT FOUND,ORBIT,REGIE,,
April,Murphy,PV43942,9374654,GOLZEN SYSTEMS,8,NOT FOUND,NEXUS,SUPPORT,,
Raven,Woodward,BI28564,1037346,JALVIK CONSULTING,8,NOT FOUND,ORBIT,RPS,,
Susan,Herrera,OQ11570,5434274,HYRION SOLUTIONS,8,NOT FOUND,ATLAS,REGIE,,
Adam,Smith,YD67286,8266718,BRYTON CONSULTING,8,NOT FOUND,VERTEX,RPS,,
Anthony,Duncan,MH23952,7251709,BRYTON GLOBAL,8,NOT FOUND,NEXUS,FORFAIT,,
Erica,Romero,CY76499,3549860,JALVIK DIGITAL,8,NOT FOUND,QUANTUM,SUPPORT,,
Susan,Bailey,WJ17098,1361943,CENVEO VENTURES,8,NOT FOUND,ORBIT,MAINTENANCE,,
Tara,Wagner,PG99369,5441847,LUMEX DYNAMICS,8,NOT FOUND,NOVA,FORFAIT,,
Chelsey,Sanders,TP74513,6203078,GOLZEN GLOBAL,8,NOT FOUND,NOVA,FORFAIT,,
Dawn,George,UY79036,1014114,LUMEX SOLUTIONS,8,NOT FOUND,PHOENIX,RPS,,
Evan,Gomez,GB59417,9988771,KESTRA CONSULTING,8,NOT FOUND,VERTEX,SUPPORT,,
Andrew,French,OH27488,2434542,KESTRA DIGITAL,8,NOT FOUND,STELLAR,MAINTENANCE,,
Susan,Guzman,WB33619,5707918,HYRION SYSTEMS,8,NOT FOUND,VERTEX,FORFAIT,,
Andrew,Hunt,GP22103,9571914,GOLZEN VENTURES,8,NOT FOUND,VERTEX,MAINTENANCE,,
Christopher,Bond,TY40835,9520916,HYRION SOLUTIONS,8,NOT FOUND,PULSE,RPS,,
Jerome,Stark,NS33293,4290948,JALVIK DIGITAL,8,NOT FOUND,PULSE,MAINTENANCE,,
Cheryl,Gray,IZ02385,3729144,FORVEX CONSULTING,8,NOT FOUND,NEXUS,SUPPORT,,
Michael,Green,RQ13340,7952639,JALVIK SOLUTIONS,8,NOT FOUND,NOVA,FORFAIT,,
Mary,Lee,YR68583,5671060,ETHOS SOLUTIONS,8,NOT FOUND,PULSE,FORFAIT,,
Erica,Green,OD98475,4396239,INOVA GLOBAL,8,NOT FOUND,ORBIT,FORFAIT,,
James,Jones,LG90112,3161604,DELVO GLOBAL,8,NOT FOUND,ORBIT,MAINTENANCE,,
Ariana,Jordan,XG86477,6754918,GOLZEN VENTURES,8,NOT FOUND,PULSE,FORFAIT,,
Julia,Thomas,KR42459,2399161,ALCOR CONSULTING,8,NOT FOUND,NEXUS,RPS,,
Patrick,Ward,TX77103,5699244,DELVO CONSULTING,8,NOT FOUND,ORBIT,MAINTENANCE,,
Joseph,Owens,RL87282,3437520,GOLZEN SOLUTIONS,8,NOT FOUND,NOVA,FORFAIT,,
Brian,Duran,HL95797,4629426,CENVEO GLOBAL,8,NOT FOUND,QUANTUM,RPS,,
Heather,Pham,VL12985,2691486,BRYTON TECH,8,NOT FOUND,PULSE,MAINTENANCE,,
Michelle,Carson,MN34683,5718550,BRYTON SYSTEMS,8,NOT FOUND,PHOENIX,MAINTENANCE,,
Cesar,Taylor,EP96802,2776917,ALCOR GLOBAL,8,NOT FOUND,STELLAR,FORFAIT,,
Elizabeth,Davis,AQ94193,5676472,ALCOR GROUP,8,NOT FOUND,QUANTUM,REGIE,,
Taylor,Barber,VM80125,8680402,ALCOR GLOBAL,8,NOT FOUND,PHOENIX,MAINTENANCE,,
Brian,May,YB15783,7264281,FORVEX TECH,8,NOT FOUND,ATLAS,MAINTENANCE,,
Barbara,Anderson,EW70946,4884637,ETHOS DYNAMICS,8,NOT FOUND,NEXUS,REGIE,,
Andrew,Davis,HB46398,8366336,BRYTON GLOBAL,8,NOT FOUND,PHOENIX,SUPPORT,,
Susan,Simon,AA29928,4802644,JALVIK TECH,8,NOT FOUND,NOVA,MAINTENANCE,,
Jessica,Baker,JC41851,8811222,GOLZEN VENTURES,8,NOT FOUND,ATLAS,RPS,,
Tara,Martinez,LP74169,9430866,ALCOR DYNAMICS,8,NOT FOUND,VERTEX,REGIE,,
Christopher,Cochran,SN13203,6979888,BRYTON DYNAMICS,8,NOT FOUND,STELLAR,REGIE,,
Colin,Wong,CK77543,6494428,FORVEX SOLUTIONS,8,NOT FOUND,NEXUS,FORFAIT,,
Jacqueline,Marshall,GH86793,8286189,INOVA VENTURES,8,NOT FOUND,NEXUS,RPS,,
John,Sosa,LB14940,2363051,JALVIK SYSTEMS,8,NOT FOUND,STELLAR,MAINTENANCE,,
Rachel,Bates,LN54921,6884797,FORVEX CONSULTING,8,NOT FOUND,PULSE,MAINTENANCE,,
Brandy,Estrada,LW29541,4313947,HYRION GROUP,8,NOT FOUND,NEXUS,SUPPORT,,
Debbie,Clay,AQ82162,8061778,LUMEX GLOBAL,8,NOT FOUND,ATLAS,MAINTENANCE,,
Christopher,Hutchinson,QN48666,2949975,HYRION CONSULTING,8,NOT FOUND,PULSE,RPS,,
Robert,Fox,QO06220,4336869,KESTRA VENTURES,8,NOT FOUND,ATLAS,FORFAIT,,
John,Cunningham,YK87055,5452740,GOLZEN SOLUTIONS,8,NOT FOUND,PHOENIX,FORFAIT,,
Lisa,Ray,WS08397,4910023,KESTRA DYNAMICS,8,NOT FOUND,PHOENIX,SUPPORT,,
Jon,Mcmahon,ZD63789,3242812,CENVEO SOLUTIONS,8,NOT FOUND,STELLAR,MAINTENANCE,,
Travis,Rodriguez,PQ91516,8963356,BRYTON SYSTEMS,8,NOT FOUND,VERTEX,REGIE,,
Stacy,Davis,MC53311,3867349,LUMEX GROUP,8,NOT FOUND,QUANTUM,MAINTENANCE,,
Jennifer,Burnett,TK32305,4793212,ETHOS SOLUTIONS,8,NOT FOUND,ORBIT,MAINTENANCE,,
Abigail,Morrison,NY39098,3911006,JALVIK VENTURES,8,NOT FOUND,VERTEX,RPS,,
James,Johnson,PO14864,2667033,GOLZEN SOLUTIONS,8,NOT FOUND,PULSE,MAINTENANCE,,
Lauren,Wilson,WL84100,4176389,ALCOR DIGITAL,8,NOT FOUND,NEXUS,MAINTENANCE,,
Linda,Hooper,SN44370,5320518,ALCOR CONSULTING,8,NOT FOUND,PULSE,REGIE,,
Rebecca,Barnett,RY20668,6302626,DELVO DIGITAL,8,NOT FOUND,PHOENIX,FORFAIT,,
Gloria,Johns,ZT57948,2802576,ETHOS DYNAMICS,8,NOT FOUND,STELLAR,FORFAIT,,
Janice,Smith,JR42516,7299487,CENVEO DYNAMICS,8,NOT FOUND,PULSE,FORFAIT,,
Jimmy,Tanner,HM34467,8582815,LUMEX SYSTEMS,8,NOT FOUND,PHOENIX,REGIE,,
Jeffery,Williams,UR42358,8839666,LUMEX VENTURES,8,NOT FOUND,QUANTUM,RPS,,
John,Small,LD00390,4263119,GOLZEN TECH,8,NOT FOUND,VERTEX,RPS,,
Mario,Simmons,AE26947,9737632,ETHOS GROUP,8,NOT FOUND,VERTEX,SUPPORT,,
Melanie,Page,XY54704,3013400,DELVO DIGITAL,8,NOT FOUND,NOVA,MAINTENANCE,,
Margaret,Wright,VC54873,6737091,KESTRA SYSTEMS,8,NOT FOUND,QUANTUM,REGIE,,
Elizabeth,Garrison,UU58214,2155475,CENVEO VENTURES,8,NOT FOUND,PULSE,MAINTENANCE,,
Amber,Miller,WS65806,8320570,JALVIK GROUP,8,NOT FOUND,ATLAS,MAINTENANCE,,
Cheryl,Hester,VN84737,9418995,HYRION GLOBAL,8,NOT FOUND,PHOENIX,FORFAIT,,
Lisa,Dean,UN56065,4593924,ETHOS SOLUTIONS,8,NOT FOUND,VERTEX,REGIE,,
Virginia,Stuart,QQ49471,8424902,LUMEX GROUP,8,NOT FOUND,QUANTUM,REGIE,,
Diana,Smith,JK63417,6661503,FORVEX GROUP,8,NOT FOUND,NEXUS,RPS,,
Kathryn,Perry,FM45030,5434655,HYRION VENTURES,8,NOT FOUND,NOVA,RPS,,
Sherry,Ray,IW11920,1524537,GOLZEN SOLUTIONS,8,NOT FOUND,ATLAS,MAINTENANCE,,
Michael,Mendoza,IO10377,8947896,CENVEO VENTURES,8,NOT FOUND,VERTEX,SUPPORT,,
Nathaniel,Wise,BL66476,8352438,LUMEX VENTURES,8,NOT FOUND,QUANTUM,MAINTENANCE,,
Rebecca,Alexander,KK13484,5881013,ETHOS CONSULTING,8,NOT FOUND,VERTEX,FORFAIT,,
Christopher,Silva,EG22866,8251981,JALVIK GROUP,8,NOT FOUND,QUANTUM,FORFAIT,,
Jeremy,Wall,AR81904,9394803,LUMEX DIGITAL,8,NOT FOUND,QUANTUM,SUPPORT,,
Nicholas,Jensen,JK37148,1983985,LUMEX GLOBAL,8,NOT FOUND,STELLAR,FORFAIT,,
Victoria,Edwards,TE90092,1772847,ETHOS TECH,8,NOT FOUND,NEXUS,FORFAIT,,
Shelia,Stanley,TD33296,3975225,GOLZEN CONSULTING,8,NOT FOUND,STELLAR,FORFAIT,,
Jodi,Hart,XQ73684,5132344,ALCOR GROUP,8,NOT FOUND,PHOENIX,FORFAIT,,
Melanie,Davis,UC37185,3759939,GOLZEN SOLUTIONS,8,NOT FOUND,STELLAR,REGIE,,
Robert,Miles,SU05632,2412418,BRYTON TECH,8,NOT FOUND,ATLAS,SUPPORT,,
Timothy,Clayton,FS90675,2787258,BRYTON GROUP,8,NOT FOUND,QUANTUM,REGIE,,
Joshua,Ward,BJ62834,3528954,GOLZEN SOLUTIONS,8,NOT FOUND,PULSE,SUPPORT,,
Christopher,Cole,WX23076,1370785,HYRION DYNAMICS,8,NOT FOUND,QUANTUM,MAINTENANCE,,
Crystal,Steele,ZI57860,3932670,ETHOS DYNAMICS,8,NOT FOUND,PHOENIX,SUPPORT,,
David,Higgins,JZ38283,9395462,CENVEO VENTURES,8,NOT FOUND,ORBIT,RPS,,
Stephen,Johnson,CB75387,4501674,ETHOS SYSTEMS,8,NOT FOUND,ATLAS,SUPPORT,,
Hannah,Salazar,HZ88403,7707540,BRYTON DIGITAL,8,NOT FOUND,STELLAR,RPS,,
Robin,Wells,EB58808,4249900,FORVEX GLOBAL,8,NOT FOUND,VERTEX,RPS,,
David,Taylor,YP77587,6370415,CENVEO DIGITAL,8,NOT FOUND,PULSE,REGIE,,
Cindy,Carey,ZP46732,5004204,DELVO GROUP,8,NOT FOUND,PHOENIX,MAINTENANCE,,
Samantha,Kelly,IC26386,9017910,LUMEX SOLUTIONS,8,NOT FOUND,PHOENIX,RPS,,
Kyle,Wright,SC88786,2858014,INOVA GLOBAL,8,NOT FOUND,PHOENIX,MAINTENANCE,,
Donald,Walker,NO82953,6511916,DELVO GROUP,8,NOT FOUND,STELLAR,MAINTENANCE,,
Bonnie,Mitchell,MM08586,1714701,ETHOS VENTURES,8,NOT FOUND,PHOENIX,MAINTENANCE,,
Jonathan,Cox,VP50674,1080420,HYRION TECH,8,NOT FOUND,PULSE,RPS,,
Troy,Bowers,VN60829,8108446,LUMEX DYNAMICS,8,NOT FOUND,NEXUS,RPS,,
Alyssa,Ball,XP21288,4804914,BRYTON SOLUTIONS,8,NOT FOUND,PHOENIX,FORFAIT,,
Amy,Thomas,FE41292,8519631,JALVIK DIGITAL,8,NOT FOUND,ATLAS,SUPPORT,,
Victoria,Rodriguez,RA86123,9075381,FORVEX DIGITAL,8,NOT FOUND,STELLAR,REGIE,,
Ian,Ibarra,QZ03753,5921247,BRYTON SOLUTIONS,8,NOT FOUND,NEXUS,RPS,,
Kathleen,Mendoza,IG40439,1030930,KESTRA CONSULTING,8,NOT FOUND,ATLAS,REGIE,,
Kevin,Baker,BC11721,1648642,FORVEX DIGITAL,8,NOT FOUND,STELLAR,SUPPORT,,
Jonathan,Warner,AY40628,3415442,KESTRA DIGITAL,8,NOT FOUND,QUANTUM,REGIE,,
Angela,Terry,YR38806,7382594,LUMEX VENTURES,8,NOT FOUND,NOVA,MAINTENANCE,,
Stephen,Parks,IN40873,1567929,LUMEX VENTURES,8,NOT FOUND,NEXUS,MAINTENANCE,,
James,Patterson,DF60535,3587236,ETHOS SYSTEMS,8,NOT FOUND,PHOENIX,REGIE,,
Denise,Elliott,SO44241,1977427,ALCOR GROUP,8,NOT FOUND,NOVA,FORFAIT,,
Nathan,Berger,MD98989,9144377,ALCOR SYSTEMS,8,NOT FOUND,PHOENIX,REGIE,,
Tamara,Clark,JD99084,1568127,ETHOS DIGITAL,8,NOT FOUND,ATLAS,FORFAIT,,
Nicole,Perry,GV00990,6127440,CENVEO SYSTEMS,8,NOT FOUND,ORBIT,SUPPORT,,
Tiffany,Brown,RP91404,3988487,KESTRA GROUP,8,NOT FOUND,ATLAS,RPS,,
Bethany,Meyer,UD78757,4665243,ALCOR DIGITAL,8,NOT FOUND,ORBIT,REGIE,,
Ronald,Melton,EQ42248,1493614,ETHOS SOLUTIONS,8,NOT FOUND,PHOENIX,MAINTENANCE,,
William,Spence,LU31447,9973999,CENVEO CONSULTING,8,NOT FOUND,STELLAR,MAINTENANCE,,
Richard,Cantrell,KG23094,1786894,DELVO TECH,8,NOT FOUND,PULSE,SUPPORT,,
Jeremiah,Craig,UV79301,8253574,GOLZEN GROUP,8,NOT FOUND,ORBIT,MAINTENANCE,,
Jennifer,Mccoy,BC34411,1752079,JALVIK CONSULTING,8,NOT FOUND,NOVA,REGIE,,
Nancy,Contreras,VV75141,6844324,ALCOR DYNAMICS,8,NOT FOUND,QUANTUM,RPS,,
Paul,Thomas,TQ16937,5082806,BRYTON SYSTEMS,8,NOT FOUND,PULSE,FORFAIT,,
Michael,Webster,OO80115,6296643,FORVEX DYNAMICS,8,NOT FOUND,PHOENIX,FORFAIT,,
Carrie,Hanson,AB29345,3427492,HYRION GLOBAL,8,NOT FOUND,NEXUS,MAINTENANCE,,
Nicholas,Anderson,XI43519,5573249,ETHOS SOLUTIONS,8,NOT FOUND,ATLAS,MAINTENANCE,,
Benjamin,Johnson,PX31022,9710689,FORVEX GROUP,8,NOT FOUND,PULSE,FORFAIT,,
Shannon,Smith,VQ22777,8717918,ETHOS GROUP,8,NOT FOUND,VERTEX,SUPPORT,,
Matthew,Hernandez,HL13377,9492250,DELVO CONSULTING,8,NOT FOUND,ORBIT,SUPPORT,,
Dawn,Green,RR22933,2721095,JALVIK VENTURES,8,NOT FOUND,QUANTUM,SUPPORT,,
Courtney,Soto,RZ52470,4282131,ETHOS CONSULTING,8,NOT FOUND,STELLAR,SUPPORT,,
Leah,Osborne,PU08285,8299595,ALCOR DIGITAL,8,NOT FOUND,PULSE,FORFAIT,,
Robert,Smith,QY17512,4574494,INOVA VENTURES,8,NOT FOUND,ATLAS,REGIE,,
Shawn,Kaufman,KO72395,1534672,FORVEX DIGITAL,8,NOT FOUND,ORBIT,FORFAIT,,
Danielle,Moore,HS72508,2345455,ALCOR SYSTEMS,8,NOT FOUND,ORBIT,MAINTENANCE,,
Michael,Smith,SP00842,1839194,FORVEX GLOBAL,8,NOT FOUND,PHOENIX,RPS,,
Jennifer,Martinez,OC47280,7571304,CENVEO SYSTEMS,8,NOT FOUND,PHOENIX,MAINTENANCE,,
Linda,Gilmore,LW42495,2131752,ETHOS SOLUTIONS,8,NOT FOUND,NOVA,RPS,,
Andrew,George,HN37434,7931662,BRYTON SYSTEMS,8,NOT FOUND,STELLAR,MAINTENANCE,,
Jacqueline,Parker,VU07774,7684345,KESTRA TECH,8,NOT FOUND,VERTEX,RPS,,
Bradley,Romero,TB17064,1839977,LUMEX GLOBAL,8,NOT FOUND,PULSE,REGIE,,
Kristin,Sullivan,PP34620,3999832,KESTRA DIGITAL,8,NOT FOUND,PULSE,MAINTENANCE,,
Olivia,King,NR87679,5983849,INOVA SOLUTIONS,8,NOT FOUND,NOVA,SUPPORT,,
Walter,Cook,MS45386,3984273,DELVO GROUP,8,NOT FOUND,VERTEX,SUPPORT,,
Madison,Shepard,RJ45279,4363203,KESTRA SYSTEMS,8,NOT FOUND,QUANTUM,SUPPORT,,
Amy,Sloan,AG60054,4095529,INOVA GLOBAL,8,NOT FOUND,PULSE,SUPPORT,,
Dylan,Boone,AW16887,8093212,KESTRA GROUP,8,NOT FOUND,PULSE,MAINTENANCE,,
Teresa,Hamilton,AJ02824,9371789,FORVEX GLOBAL,8,NOT FOUND,QUANTUM,MAINTENANCE,,
Dustin,Mills,AK93568,8840740,ALCOR TECH,8,NOT FOUND,VERTEX,MAINTENANCE,,
Rhonda,Wilkins,SH85609,7438230,GOLZEN VENTURES,8,NOT FOUND,ATLAS,RPS,,
Daniel,Rodriguez,RT49667,7087492,ETHOS VENTURES,8,NOT FOUND,ORBIT,SUPPORT,,
Rose,Palmer,UC02549,8995860,DELVO SYSTEMS,8,NOT FOUND,ATLAS,FORFAIT,,
Edward,Sanders,EG37006,3562633,ALCOR SOLUTIONS,8,NOT FOUND,PHOENIX,MAINTENANCE,,
Michelle,Barrett,ED07424,1826849,KESTRA GLOBAL,8,NOT FOUND,PHOENIX,MAINTENANCE,,
Jake,Richardson,QX45339,5466122,INOVA SYSTEMS,8,NOT FOUND,ATLAS,FORFAIT,,
David,Morris,JG15138,1556693,ETHOS SYSTEMS,8,NOT FOUND,QUANTUM,SUPPORT,,
Jeffrey,Baker,HQ27798,4139180,ALCOR GLOBAL,8,NOT FOUND,NOVA,RPS,,
Jasmine,Brewer,RF26391,6785313,FORVEX GROUP,8,NOT FOUND,VERTEX,RPS,,
Brent,Burton,HO23974,5624322,INOVA TECH,8,NOT FOUND,NEXUS,RPS,,
John,York,YT84303,3711603,INOVA GLOBAL,8,NOT FOUND,NOVA,SUPPORT,,
Alexa,Bridges,QH80708,3248769,JALVIK TECH,8,NOT FOUND,ORBIT,REGIE,,
Kenneth,Terry,BS76991,4559194,DELVO TECH,8,NOT FOUND,VERTEX,FORFAIT,,
Philip,Bryant,SV52945,7286489,CENVEO CONSULTING,8,NOT FOUND,STELLAR,REGIE,,
Justin,Flynn,PB78872,4730939,DELVO SOLUTIONS,8,NOT FOUND,STELLAR,RPS,,
Kevin,Davis,CT59465,3999203,KESTRA SOLUTIONS,8,NOT FOUND,VERTEX,MAINTENANCE,,
Kathleen,Bailey,IH95000,6006061,ETHOS DIGITAL,8,NOT FOUND,ATLAS,MAINTENANCE,,
Deborah,Robinson,ID10173,3133119,CENVEO TECH,8,NOT FOUND,PHOENIX,MAINTENANCE,,
Mason,Clayton,ZO63955,9014988,CENVEO CONSULTING,8,NOT FOUND,PHOENIX,MAINTENANCE,,
Alex,Jones,RO32054,6282000,ETHOS DYNAMICS,8,NOT FOUND,PHOENIX,MAINTENANCE,,
Lisa,Pacheco,VH07648,2470358,LUMEX SYSTEMS,8,NOT FOUND,QUANTUM,FORFAIT,,
Steven,Rosario,NR79079,6041599,BRYTON SOLUTIONS,8,NOT FOUND,STELLAR,SUPPORT,,
Danielle,White,XR49226,3422917,KESTRA GLOBAL,8,NOT FOUND,STELLAR,REGIE,,
Jeffrey,Cooper,ZG03819,1353804,BRYTON TECH,8,NOT FOUND,NOVA,FORFAIT,,
Terri,Allen,PL40721,8926656,HYRION TECH,8,NOT FOUND,ATLAS,MAINTENANCE,,
Cheryl,Boyer,WF65501,9219866,ETHOS GROUP,8,NOT FOUND,STELLAR,MAINTENANCE,,
Stacey,Miller,CM03682,4041412,GOLZEN DIGITAL,8,NOT FOUND,ATLAS,REGIE,,
Madeline,Oconnell,FO30199,8932895,KESTRA GROUP,8,NOT FOUND,ORBIT,MAINTENANCE,,
Robert,Henry,FN79456,7807283,BRYTON GROUP,8,NOT FOUND,VERTEX,MAINTENANCE,,
Kayla,Allen,YB01046,3028456,ALCOR DYNAMICS,8,NOT FOUND,STELLAR,RPS,,
Jonathan,Carlson,YD86241,2912230,INOVA TECH,8,NOT FOUND,QUANTUM,REGIE,,
Jessica,Hernandez,YC86870,6659553,JALVIK VENTURES,8,NOT FOUND,STELLAR,REGIE,,
Ethan,Perez,VX40989,9604375,DELVO SYSTEMS,8,NOT FOUND,PULSE,REGIE,,
Brandi,Stanley,AD77328,2537503,ALCOR GLOBAL,8,NOT FOUND,PHOENIX,RPS,,
Sarah,Taylor,RO38190,7518537,ETHOS DIGITAL,8,NOT FOUND,VERTEX,FORFAIT,,
Daniel,Mack,YX46564,9371089,BRYTON TECH,8,NOT FOUND,NEXUS,MAINTENANCE,,
Monica,Chang,SW35845,7631235,CENVEO TECH,8,NOT FOUND,ORBIT,SUPPORT,,
Mario,Thompson,RG55931,5146569,LUMEX SOLUTIONS,8,NOT FOUND,STELLAR,FORFAIT,,
Adam,West,DP21423,9731874,BRYTON DYNAMICS,8,NOT FOUND,ORBIT,MAINTENANCE,,
Robert,Parsons,NR25222,2481264,LUMEX VENTURES,8,NOT FOUND,PHOENIX,FORFAIT,,
Lauren,Duncan,ES57556,2331723,KESTRA GLOBAL,8,NOT FOUND,ORBIT,MAINTENANCE,,
Perry,Brown,BU81916,9607433,KESTRA TECH,8,NOT FOUND,ATLAS,SUPPORT,,
Cheryl,Wilson,RO34631,4582406,KESTRA SYSTEMS,8,NOT FOUND,NOVA,FORFAIT,,
Dennis,Ward,LI82126,1328860,BRYTON SOLUTIONS,8,NOT FOUND,VERTEX,FORFAIT,,
Jessica,Williams,YY72269,5669560,INOVA DYNAMICS,8,NOT FOUND,PHOENIX,FORFAIT,,
Caitlin,Garza,CT31971,6663167,INOVA CONSULTING,8,NOT FOUND,ATLAS,SUPPORT,,
Michael,Crosby,PV56957,9130791,LUMEX GLOBAL,8,NOT FOUND,STELLAR,RPS,,
Ashley,French,KQ89560,6136021,ETHOS SOLUTIONS,8,NOT FOUND,NOVA,REGIE,,
Penny,Simpson,RK65084,3828916,ALCOR GROUP,8,NOT FOUND,VERTEX,SUPPORT,,
Amy,Ramirez,LQ50071,7659349,CENVEO GROUP,8,NOT FOUND,PULSE,RPS,,
Diane,Moore,EZ86261,9631425,HYRION DIGITAL,8,NOT FOUND,STELLAR,REGIE,,
Judith,Williams,SR08270,4916188,FORVEX CONSULTING,8,NOT FOUND,PHOENIX,REGIE,,
Steven,Williams,HA79156,8261015,KESTRA DIGITAL,8,NOT FOUND,PULSE,RPS,,
Sean,Anderson,VZ05965,2091069,GOLZEN VENTURES,8,NOT FOUND,STELLAR,FORFAIT,,
Joshua,Gallegos,PI62630,2926003,INOVA GLOBAL,8,NOT FOUND,STELLAR,REGIE,,
Brittney,Johnson,ZH82044,1480447,KESTRA SOLUTIONS,8,NOT FOUND,ORBIT,REGIE,,
Lindsey,Foster,PN45098,7435689,GOLZEN GROUP,8,NOT FOUND,PULSE,RPS,,
Douglas,Drake,UD22239,9192300,KESTRA GLOBAL,8,NOT FOUND,PULSE,SUPPORT,,
Steven,Brennan,GN53221,7021890,ETHOS TECH,8,NOT FOUND,STELLAR,RPS,,
Ryan,Mckinney,YZ73663,9629178,LUMEX CONSULTING,8,NOT FOUND,NOVA,MAINTENANCE,,
Ashley,Lane,KV33914,7908685,BRYTON VENTURES,8,NOT FOUND,NOVA,FORFAIT,,
Ashley,Hancock,JV49822,5402526,DELVO DIGITAL,8,NOT FOUND,ORBIT,FORFAIT,,
Dana,Cooper,LO54198,8095870,ETHOS CONSULTING,8,NOT FOUND,VERTEX,MAINTENANCE,,
Elizabeth,Bond,AN94554,3755817,GOLZEN GROUP,8,NOT FOUND,NOVA,FORFAIT,,
David,Dixon,EI31990,6894411,ETHOS DYNAMICS,8,NOT FOUND,ORBIT,REGIE,,
Katherine,Heath,NC15371,5159669,KESTRA SOLUTIONS,8,NOT FOUND,VERTEX,FORFAIT,,
Katherine,Holder,MB34757,2618727,LUMEX SOLUTIONS,8,NOT FOUND,PHOENIX,MAINTENANCE,,
Meghan,Wilson,TS63652,8041358,KESTRA GROUP,8,NOT FOUND,NOVA,RPS,,
David,Phillips,BA22278,8644565,ALCOR VENTURES,8,NOT FOUND,ATLAS,REGIE,,
Robert,Santana,JF69619,3231286,LUMEX GROUP,8,NOT FOUND,QUANTUM,SUPPORT,,
Vincent,Lynn,ZL44384,8489989,JALVIK SOLUTIONS,8,NOT FOUND,ATLAS,MAINTENANCE,,
Kara,Lewis,MD72470,5204347,HYRION CONSULTING,8,NOT FOUND,PHOENIX,REGIE,,
Karen,Wright,RD27487,1305006,CENVEO SYSTEMS,8,NOT FOUND,PULSE,MAINTENANCE,,
Adrian,Buck,KC14420,6332933,GOLZEN SOLUTIONS,8,NOT FOUND,NEXUS,RPS,,
Thomas,Gill,RM09306,2760042,ALCOR SOLUTIONS,8,NOT FOUND,NEXUS,REGIE,,
Kayla,Patton,FZ60017,7430076,KESTRA GLOBAL,8,NOT FOUND,ATLAS,MAINTENANCE,,
Francis,Smith,SM56905,4810009,ETHOS TECH,8,NOT FOUND,PULSE,FORFAIT,,
Scott,Espinoza,QO71980,3336524,BRYTON VENTURES,8,NOT FOUND,QUANTUM,RPS,,
Samuel,Schroeder,EW75942,5463185,DELVO DYNAMICS,8,NOT FOUND,NOVA,REGIE,,
Anthony,Gilmore,QA04738,6595973,CENVEO GROUP,8,NOT FOUND,PULSE,SUPPORT,,
Maria,Carter,YW85225,2218269,GOLZEN GROUP,8,NOT FOUND,VERTEX,REGIE,,
Stephanie,Gonzalez,UB74773,8705734,CENVEO DIGITAL,8,NOT FOUND,PHOENIX,SUPPORT,,
Craig,Miller,AI00810,9486287,DELVO SYSTEMS,8,NOT FOUND,QUANTUM,FORFAIT,,
Ashley,Torres,IY86883,1865395,ETHOS SYSTEMS,8,NOT FOUND,STELLAR,FORFAIT,,
Jeanette,Camacho,EU68430,2121083,HYRION VENTURES,8,NOT FOUND,PHOENIX,SUPPORT,,
Joseph,Ramsey,AL27449,9466799,CENVEO GLOBAL,8,NOT FOUND,QUANTUM,REGIE,,
Sarah,Kennedy,QS24592,9288661,ALCOR GROUP,8,NOT FOUND,PULSE,SUPPORT,,
Julie,Rush,QU76863,9231313,HYRION SOLUTIONS,8,NOT FOUND,ATLAS,REGIE,,
Cindy,Davis,KF08232,1249970,ETHOS GROUP,8,NOT FOUND,PULSE,FORFAIT,,
Linda,Hill,AE14820,7861083,INOVA SYSTEMS,8,NOT FOUND,STELLAR,MAINTENANCE,,
Rose,Lewis,MK27266,6407996,DELVO SYSTEMS,8,NOT FOUND,STELLAR,MAINTENANCE,,
Joseph,Collins,ZW72319,7622825,BRYTON DYNAMICS,8,NOT FOUND,STELLAR,REGIE,,
Phillip,Holmes,KE67272,4062410,ALCOR SOLUTIONS,8,NOT FOUND,ATLAS,MAINTENANCE,,
Brian,Walters,GA60917,5933396,JALVIK DYNAMICS,8,NOT FOUND,ORBIT,REGIE,,
Charles,Nelson,JC51008,1834174,INOVA CONSULTING,8,NOT FOUND,ATLAS,FORFAIT,,
Pamela,Marsh,TO96844,8834532,FORVEX GROUP,8,NOT FOUND,ORBIT,MAINTENANCE,,
Ronald,Humphrey,DL27046,9653513,FORVEX TECH,8,NOT FOUND,NEXUS,MAINTENANCE,,
Deanna,Burnett,JS26745,5897623,JALVIK DYNAMICS,8,NOT FOUND,NOVA,REGIE,,
Sharon,Hoffman,RE65027,4943848,FORVEX TECH,8,NOT FOUND,VERTEX,MAINTENANCE,,
Rita,Guzman,TP28010,7907746,GOLZEN SYSTEMS,8,NOT FOUND,QUANTUM,FORFAIT,,
Victoria,Suarez,YP73875,3940812,GOLZEN DYNAMICS,8,NOT FOUND,PULSE,FORFAIT,,
Billy,Ibarra,EU40943,1554553,ETHOS GROUP,8,NOT FOUND,PULSE,MAINTENANCE,,
Justin,Frazier,WU62233,4708465,DELVO DYNAMICS,8,NOT FOUND,NEXUS,SUPPORT,,
Carrie,Anderson,HO11945,9604224,ALCOR SOLUTIONS,8,NOT FOUND,ORBIT,REGIE,,
Richard,Melton,OW17145,8876690,JALVIK DYNAMICS,8,NOT FOUND,PULSE,FORFAIT,,
Debra,Mcdonald,TR84430,6142655,LUMEX TECH,8,NOT FOUND,PHOENIX,MAINTENANCE,,
Judy,Patterson,PX69780,1817321,ETHOS SOLUTIONS,8,NOT FOUND,STELLAR,FORFAIT,,
Pam,Diaz,GD13304,5071541,ETHOS GLOBAL,8,NOT FOUND,ORBIT,RPS,,
Crystal,Lewis,YR51956,1175227,ALCOR VENTURES,8,NOT FOUND,STELLAR,SUPPORT,,
Sharon,Osborn,BI88587,8671925,DELVO GLOBAL,8,NOT FOUND,STELLAR,REGIE,,
Charlotte,Jones,CN10926,1806886,DELVO SOLUTIONS,8,NOT FOUND,QUANTUM,SUPPORT,,
Pamela,Torres,ED89895,4636882,LUMEX CONSULTING,8,NOT FOUND,STELLAR,MAINTENANCE,,
Michelle,Mccann,VK75788,9177966,ETHOS SYSTEMS,8,NOT FOUND,PHOENIX,RPS,,
Michael,Garza,GA76327,8562725,INOVA SYSTEMS,8,NOT FOUND,NOVA,MAINTENANCE,,
Brent,Henderson,HT41812,9148086,GOLZEN GROUP,8,NOT FOUND,QUANTUM,REGIE,,
Alexis,Parker,SN36536,5366346,INOVA DIGITAL,8,NOT FOUND,QUANTUM,FORFAIT,,
Jennifer,Jackson,WG82600,4875731,JALVIK SYSTEMS,8,NOT FOUND,ATLAS,RPS,,
Kathleen,Johnson,VV15352,1102701,INOVA SOLUTIONS,8,NOT FOUND,STELLAR,SUPPORT,,
Michael,Ramirez,UW25115,5973884,ALCOR CONSULTING,8,NOT FOUND,PHOENIX,RPS,,
Walter,Gordon,GZ73370,6345241,INOVA DIGITAL,8,NOT FOUND,PULSE,SUPPORT,,
Brian,Everett,HE62500,1942644,FORVEX SOLUTIONS,8,NOT FOUND,NEXUS,MAINTENANCE,,
Lee,Chambers,ZJ76146,6191969,BRYTON SYSTEMS,8,NOT FOUND,PHOENIX,RPS,,
Richard,Sexton,AQ30782,7107823,LUMEX CONSULTING,8,NOT FOUND,PULSE,REGIE,,
Jonathan,Rodriguez,LH91925,5943387,DELVO SOLUTIONS,8,NOT FOUND,QUANTUM,REGIE,,
Patricia,Wilcox,CL31390,2682709,JALVIK CONSULTING,8,NOT FOUND,PULSE,RPS,,
Jessica,Moss,XS28469,7549926,FORVEX SOLUTIONS,8,NOT FOUND,ATLAS,RPS,,
James,Hernandez,GK94068,4989007,HYRION SOLUTIONS,8,NOT FOUND,PHOENIX,RPS,,
Steven,Barry,WZ70989,6294540,LUMEX TECH,8,NOT FOUND,ATLAS,FORFAIT,,
Doris,Velez,KE39692,2973252,DELVO SOLUTIONS,8,NOT FOUND,ORBIT,MAINTENANCE,,
Mary,Gonzalez,YT81588,4850585,BRYTON DYNAMICS,8,NOT FOUND,NOVA,FORFAIT,,
Dustin,Hendricks,AR67448,6378684,FORVEX DYNAMICS,8,NOT FOUND,STELLAR,SUPPORT,,
Andrew,Mills,ON31530,7088254,HYRION VENTURES,8,NOT FOUND,PHOENIX,RPS,,
Rodney,Smith,LB61516,3983907,GOLZEN CONSULTING,8,NOT FOUND,ORBIT,REGIE,,
Cassandra,Sampson,KP36675,6295785,ETHOS SYSTEMS,8,NOT FOUND,QUANTUM,SUPPORT,,
Jonathan,Olson,GX55051,5708498,KESTRA SOLUTIONS,8,NOT FOUND,ATLAS,REGIE,,
Colin,Rosario,OT85935,5737984,ETHOS TECH,8,NOT FOUND,QUANTUM,MAINTENANCE,,
Gary,Harmon,CL17069,4133329,JALVIK SYSTEMS,8,NOT FOUND,PULSE,SUPPORT,,
Stacy,Cooper,LH89644,9391834,DELVO VENTURES,8,NOT FOUND,QUANTUM,RPS,,
Kenneth,Gentry,XF09515,5835250,LUMEX SOLUTIONS,8,NOT FOUND,PULSE,SUPPORT,,
Gary,Dillon,TV38342,4535333,INOVA SOLUTIONS,8,NOT FOUND,NEXUS,FORFAIT,,
Patricia,Hickman,WY43965,1130309,INOVA DIGITAL,8,NOT FOUND,ORBIT,REGIE,,
Patrick,Santiago,QD89596,3264480,KESTRA DYNAMICS,8,NOT FOUND,VERTEX,RPS,,
David,Fowler,IH55070,3893209,HYRION DYNAMICS,8,NOT FOUND,QUANTUM,FORFAIT,,
Cindy,Smith,FP63470,4219909,DELVO TECH,8,NOT FOUND,PULSE,MAINTENANCE,,
Kenneth,Flores,UM03913,6705224,CENVEO GROUP,8,NOT FOUND,PHOENIX,FORFAIT,,
Angela,Roman,AO49784,4920724,GOLZEN GROUP,8,NOT FOUND,NOVA,SUPPORT,,
Karina,Fuller,FP99434,8644906,CENVEO DYNAMICS,8,NOT FOUND,QUANTUM,RPS,,
Ernest,Thompson,BW41024,7198743,GOLZEN SOLUTIONS,8,NOT FOUND,PHOENIX,RPS,,
Mathew,Martinez,IR51434,8906755,LUMEX DIGITAL,8,NOT FOUND,ORBIT,MAINTENANCE,,
Bethany,Moreno,HD97847,3887309,LUMEX SYSTEMS,8,NOT FOUND,PHOENIX,SUPPORT,,
Christopher,Boyd,TG20828,7257560,DELVO GLOBAL,8,NOT FOUND,VERTEX,REGIE,,
Heather,Russell,WL66069,3109389,BRYTON DIGITAL,8,NOT FOUND,PULSE,RPS,,
Brooke,Thomas,QM44211,5485925,JALVIK GLOBAL,8,NOT FOUND,PHOENIX,SUPPORT,,
Gregory,Castillo,CN57658,7448591,JALVIK DYNAMICS,8,NOT FOUND,PHOENIX,FORFAIT,,
Alvin,Le,RT68968,9713856,DELVO GLOBAL,8,NOT FOUND,ATLAS,RPS,,
Jonathan,Baker,NY47321,2437609,KESTRA GROUP,8,NOT FOUND,PHOENIX,RPS,,
Kim,Leach,BP29377,5773761,LUMEX GLOBAL,8,NOT FOUND,QUANTUM,RPS,,
Karen,Taylor,AX61823,8782125,INOVA SOLUTIONS,8,NOT FOUND,VERTEX,MAINTENANCE,,
Katie,Lee,TW23589,7308875,HYRION GLOBAL,8,NOT FOUND,PHOENIX,SUPPORT,,
Wayne,Donaldson,OT61927,9115141,ETHOS CONSULTING,8,NOT FOUND,PHOENIX,MAINTENANCE,,
Melissa,Kim,QQ16299,9558072,HYRION VENTURES,8,NOT FOUND,STELLAR,SUPPORT,,
Jade,Blackburn,FJ61975,7182317,LUMEX VENTURES,8,NOT FOUND,PHOENIX,MAINTENANCE,,
Laura,Carlson,VM78405,8714025,JALVIK SYSTEMS,8,NOT FOUND,QUANTUM,FORFAIT,,
Anthony,Cook,ZA56920,4133808,FORVEX VENTURES,8,NOT FOUND,PULSE,REGIE,,
Tiffany,Hansen,WD57764,7161508,BRYTON DYNAMICS,8,NOT FOUND,ORBIT,MAINTENANCE,,
Craig,Rollins,VS57278,1761241,ETHOS GLOBAL,8,NOT FOUND,NOVA,SUPPORT,,
Valerie,Dunn,CF17334,2064878,KESTRA GLOBAL,8,NOT FOUND,ATLAS,SUPPORT,,
Anna,Kelly,WH53541,8962892,HYRION DIGITAL,8,NOT FOUND,PHOENIX,RPS,,
Barbara,Friedman,FQ73902,5734148,ALCOR TECH,8,NOT FOUND,STELLAR,MAINTENANCE,,
Holly,Sanders,PJ87703,6752036,ETHOS VENTURES,8,NOT FOUND,ATLAS,SUPPORT,,
Michael,Walker,YH38472,9884740,GOLZEN SOLUTIONS,8,NOT FOUND,PHOENIX,RPS,,
Dakota,Sutton,UN04697,9461391,BRYTON CONSULTING,8,NOT FOUND,QUANTUM,REGIE,,
Scott,Nicholson,SU29303,1102196,BRYTON DIGITAL,8,NOT FOUND,PULSE,SUPPORT,,
Brandon,Martinez,YL95162,2201968,JALVIK SOLUTIONS,8,NOT FOUND,ORBIT,SUPPORT,,
Amanda,Goodman,FT89343,1198241,FORVEX TECH,8,NOT FOUND,NOVA,REGIE,,
Ashley,Hernandez,NO41277,1361798,HYRION DYNAMICS,8,NOT FOUND,QUANTUM,MAINTENANCE,,
David,Foster,VB38375,8470825,DELVO DIGITAL,8,NOT FOUND,PHOENIX,SUPPORT,,
Lindsey,Garza,AY87933,2550721,CENVEO GROUP,8,NOT FOUND,STELLAR,FORFAIT,,
James,Lucero,PJ01476,3892253,JALVIK GLOBAL,8,NOT FOUND,ORBIT,RPS,,
Daniel,Mcdaniel,FA81967,3672483,GOLZEN TECH,8,NOT FOUND,PULSE,FORFAIT,,
Eric,Pace,MA75688,1718103,KESTRA SYSTEMS,8,NOT FOUND,VERTEX,RPS,,
Michele,Gonzalez,CU90265,1332556,FORVEX GROUP,8,NOT FOUND,NOVA,SUPPORT,,
James,Evans,TY22696,7839528,ETHOS TECH,8,NOT FOUND,NOVA,MAINTENANCE,,
Mary,Dillon,IL47542,7880795,BRYTON DYNAMICS,8,NOT FOUND,QUANTUM,SUPPORT,,
Heidi,Jones,TE21752,8071288,CENVEO SOLUTIONS,8,NOT FOUND,ATLAS,MAINTENANCE,,
David,Ball,HF95606,6319502,FORVEX CONSULTING,8,NOT FOUND,STELLAR,REGIE,,
Julian,Conrad,FL88532,8017760,CENVEO CONSULTING,8,NOT FOUND,VERTEX,MAINTENANCE,,
Mark,Wheeler,CK34182,5082357,BRYTON SYSTEMS,8,NOT FOUND,QUANTUM,RPS,,
Dylan,Campbell,CX45529,3400596,JALVIK TECH,8,NOT FOUND,VERTEX,SUPPORT,,
David,Lucas,IL90344,4227290,JALVIK SYSTEMS,8,NOT FOUND,ORBIT,REGIE,,
Kirsten,Clark,NH61851,3628268,DELVO DYNAMICS,8,NOT FOUND,ATLAS,MAINTENANCE,,
Laura,Walker,AN72613,9129100,INOVA SYSTEMS,8,NOT FOUND,NEXUS,REGIE,,
Gavin,Thornton,IT75963,5885914,HYRION CONSULTING,8,NOT FOUND,PHOENIX,MAINTENANCE,,
Jeff,Crawford,WU73631,3213139,DELVO GROUP,8,NOT FOUND,VERTEX,REGIE,,
Brian,Hicks,XG96136,2425234,ETHOS TECH,8,NOT FOUND,VERTEX,MAINTENANCE,,
Michelle,Stephens,ZL87356,3066757,FORVEX VENTURES,8,NOT FOUND,STELLAR,SUPPORT,,
Lisa,Griffin,NK49130,6149320,GOLZEN SOLUTIONS,8,NOT FOUND,PHOENIX,MAINTENANCE,,
Sarah,Galloway,KT27060,8194074,HYRION GROUP,8,NOT FOUND,NOVA,MAINTENANCE,,
Leonard,Jones,VP51390,4632063,HYRION GLOBAL,8,NOT FOUND,PHOENIX,SUPPORT,,
Erin,Medina,CV43251,9330361,GOLZEN TECH,8,NOT FOUND,PHOENIX,SUPPORT,,
Jay,Boyer,ES06864,4017616,CENVEO GROUP,8,NOT FOUND,PULSE,REGIE,,
Manuel,Roberts,HI49704,5728392,DELVO GLOBAL,8,NOT FOUND,QUANTUM,MAINTENANCE,,
Nicholas,James,TF58350,8583207,GOLZEN DIGITAL,8,NOT FOUND,STELLAR,SUPPORT,,
Donald,Brown,JE47337,5572305,BRYTON VENTURES,8,NOT FOUND,VERTEX,RPS,,
Rebecca,Levine,WG87469,9749476,KESTRA DYNAMICS,8,NOT FOUND,VERTEX,REGIE,,
Kelly,Newman,JP99572,3426591,ALCOR SOLUTIONS,8,NOT FOUND,QUANTUM,MAINTENANCE,,
Kelly,Bishop,XG18676,7888998,LUMEX SYSTEMS,8,NOT FOUND,STELLAR,SUPPORT,,
Lucas,Moreno,DO76771,5723878,HYRION DIGITAL,8,NOT FOUND,STELLAR,SUPPORT,,
Stephen,Todd,WC57476,8203555,KESTRA CONSULTING,8,NOT FOUND,STELLAR,MAINTENANCE,,
Pamela,Hill,MX37851,2528866,DELVO VENTURES,8,NOT FOUND,NEXUS,FORFAIT,,
Nicole,Alvarado,GI35118,3319417,JALVIK DIGITAL,8,NOT FOUND,NOVA,REGIE,,
Troy,Moore,ZV22638,9230339,LUMEX CONSULTING,8,NOT FOUND,STELLAR,FORFAIT,,
Jamie,Sims,RD74383,8265269,ETHOS DIGITAL,8,NOT FOUND,QUANTUM,REGIE,,
Matthew,Esparza,HU59419,3942073,KESTRA GLOBAL,8,NOT FOUND,PHOENIX,MAINTENANCE,,
Richard,Hill,HX73516,1052004,CENVEO CONSULTING,8,NOT FOUND,NEXUS,REGIE,,
Shirley,Miles,YJ17198,4929531,BRYTON VENTURES,8,NOT FOUND,NOVA,RPS,,
Hector,Williams,KX38742,1988816,CENVEO SYSTEMS,8,NOT FOUND,NEXUS,SUPPORT,,
Daniel,Bush,TY03574,7540304,BRYTON DIGITAL,8,NOT FOUND,PULSE,SUPPORT,,
Laura,Burns,JX33077,2735427,GOLZEN GROUP,8,NOT FOUND,NOVA,MAINTENANCE,,
Paul,Hamilton,TJ92403,8584895,ETHOS SYSTEMS,8,NOT FOUND,PHOENIX,FORFAIT,,
Stephanie,Martin,FW36625,5500433,DELVO SOLUTIONS,8,NOT FOUND,PHOENIX,MAINTENANCE,,
Mark,Holmes,BD50405,3321383,KESTRA DYNAMICS,8,NOT FOUND,ORBIT,REGIE,,
Kenneth,Walker,ZD95661,3355268,CENVEO SYSTEMS,8,NOT FOUND,ORBIT,RPS,,
Maria,Jordan,IF30035,4126211,ALCOR CONSULTING,8,NOT FOUND,QUANTUM,SUPPORT,,
Ryan,Nelson,HA35797,9503198,ETHOS GLOBAL,8,NOT FOUND,ORBIT,RPS,,
Jeffery,Lewis,TA69424,6632681,GOLZEN GROUP,8,NOT FOUND,NEXUS,SUPPORT,,
Seth,Davis,QK36053,7885526,HYRION GLOBAL,8,NOT FOUND,ATLAS,REGIE,,
Doris,Jennings,JU36253,4251487,DELVO DIGITAL,8,NOT FOUND,QUANTUM,FORFAIT,,
Kendra,Franklin,QN35485,4477258,JALVIK SOLUTIONS,8,NOT FOUND,NOVA,SUPPORT,,
Joshua,Fuentes,LR95487,4190166,HYRION DYNAMICS,8,NOT FOUND,ATLAS,FORFAIT,,
Patricia,Hayden,VX95864,4340802,GOLZEN GROUP,8,NOT FOUND,QUANTUM,FORFAIT,,
Thomas,Baker,JJ57291,8105946,DELVO TECH,8,NOT FOUND,STELLAR,SUPPORT,,
Brenda,Morales,SI06212,9339881,DELVO VENTURES,8,NOT FOUND,ORBIT,SUPPORT,,
Clayton,Salazar,DP29960,4853141,INOVA SYSTEMS,8,NOT FOUND,NEXUS,FORFAIT,,
Daniel,Gonzales,KG56761,6388861,JALVIK CONSULTING,8,NOT FOUND,ORBIT,MAINTENANCE,,
Joshua,Nguyen,ZQ15069,2688829,ALCOR GROUP,8,NOT FOUND,PHOENIX,FORFAIT,,
Christopher,Lewis,ZF02714,2987076,HYRION DYNAMICS,8,NOT FOUND,ATLAS,REGIE,,
Rachel,Chan,UF21848,1246142,FORVEX VENTURES,8,NOT FOUND,PHOENIX,RPS,,
Nicole,Warner,YZ09223,6389812,HYRION DIGITAL,8,NOT FOUND,PHOENIX,REGIE,,
Jessica,Rodriguez,BX74043,5977677,LUMEX DYNAMICS,8,NOT FOUND,STELLAR,MAINTENANCE,,
Rachel,Williams,BF90070,4416688,ETHOS TECH,8,NOT FOUND,ORBIT,MAINTENANCE,,
Tina,Martin,ZH63937,8962064,BRYTON DYNAMICS,8,NOT FOUND,ATLAS,REGIE,,
Robert,Johnson,YE48607,5885448,GOLZEN DIGITAL,8,NOT FOUND,STELLAR,FORFAIT,,
Andrew,Gallagher,RZ14769,6113416,ALCOR DIGITAL,8,NOT FOUND,ATLAS,MAINTENANCE,,
Karen,Perez,ZM92822,7311417,GOLZEN SOLUTIONS,8,NOT FOUND,VERTEX,FORFAIT,,
Samantha,Roberts,SU84301,3533517,DELVO GLOBAL,8,NOT FOUND,STELLAR,FORFAIT,,
Carl,Huber,SH92831,7189162,FORVEX DYNAMICS,8,NOT FOUND,ATLAS,RPS,,
Douglas,Owens,TU84766,2495308,ALCOR DIGITAL,8,NOT FOUND,ORBIT,FORFAIT,,
Dustin,Davis,ZQ47545,4866442,DELVO DIGITAL,8,NOT FOUND,STELLAR,FORFAIT,,
Antonio,Cruz,DU00692,6103456,CENVEO SOLUTIONS,8,NOT FOUND,ORBIT,RPS,,
James,Leblanc,RR26721,8684745,CENVEO GROUP,8,NOT FOUND,QUANTUM,RPS,,
Michele,Davis,GN43231,2748046,HYRION CONSULTING,8,NOT FOUND,QUANTUM,SUPPORT,,
John,Graham,PC18104,2337430,LUMEX SOLUTIONS,8,NOT FOUND,QUANTUM,FORFAIT,,
Margaret,Sanchez,JZ37030,4474696,DELVO DYNAMICS,8,NOT FOUND,ATLAS,RPS,,
Nicholas,Alexander,HM14159,8704597,KESTRA GROUP,8,NOT FOUND,NOVA,RPS,,
Jose,Burch,XW64199,7128299,HYRION SOLUTIONS,8,NOT FOUND,ORBIT,FORFAIT,,
Megan,Miller,EU11771,1153637,KESTRA VENTURES,8,NOT FOUND,PHOENIX,SUPPORT,,
Dawn,Romero,ZN90650,6536215,HYRION GROUP,8,NOT FOUND,STELLAR,REGIE,,
Christian,Houston,VL69479,7068666,LUMEX SOLUTIONS,8,NOT FOUND,NOVA,SUPPORT,,
Bernard,Rocha,WQ64505,9950988,GOLZEN DYNAMICS,8,NOT FOUND,QUANTUM,REGIE,,
Ashley,Long,LF26334,7314518,JALVIK CONSULTING,8,NOT FOUND,NEXUS,MAINTENANCE,,
Jason,Williams,LR46450,4849792,FORVEX GROUP,8,NOT FOUND,PULSE,REGIE,,
Brian,Cowan,OT88042,4971235,BRYTON SYSTEMS,8,NOT FOUND,NEXUS,FORFAIT,,
Martin,Lowery,XW12943,8490242,INOVA SOLUTIONS,8,NOT FOUND,VERTEX,REGIE,,
Alexandria,Anderson,WS91111,3044089,KESTRA GROUP,8,NOT FOUND,NOVA,MAINTENANCE,,
Daniel,Davis,MZ04478,6478752,KESTRA DIGITAL,8,NOT FOUND,VERTEX,MAINTENANCE,,
Kevin,Alvarez,JI86420,3607897,INOVA TECH,8,NOT FOUND,PHOENIX,SUPPORT,,
Jessica,Long,CW54871,5298595,ALCOR SOLUTIONS,8,NOT FOUND,NOVA,FORFAIT,,
Gina,Ramos,WA54759,5910123,ETHOS TECH,8,NOT FOUND,VERTEX,MAINTENANCE,,
Richard,Mckee,DM28799,3903259,GOLZEN CONSULTING,8,NOT FOUND,STELLAR,REGIE,,
Debbie,Rodriguez,YB10157,8178931,JALVIK DIGITAL,8,NOT FOUND,NEXUS,SUPPORT,,
Noah,Griffin,VC52068,2772110,GOLZEN SOLUTIONS,8,NOT FOUND,NOVA,REGIE,,
Stephanie,Marshall,DF82011,9332598,DELVO DYNAMICS,8,NOT FOUND,ATLAS,FORFAIT,,
Jennifer,Brown,YP08631,9194518,JALVIK VENTURES,8,NOT FOUND,NEXUS,REGIE,,
Justin,Morgan,EX53651,1055888,ETHOS CONSULTING,8,NOT FOUND,QUANTUM,REGIE,,
Anthony,Hernandez,EY29291,4148591,BRYTON SOLUTIONS,8,NOT FOUND,VERTEX,FORFAIT,,
Tina,West,DL93519,6185903,INOVA DIGITAL,8,NOT FOUND,PULSE,FORFAIT,,
Adrian,Potts,GA45134,9420515,HYRION TECH,8,NOT FOUND,STELLAR,FORFAIT,,
Philip,Martin,TU10447,6660043,ALCOR GROUP,8,NOT FOUND,NEXUS,RPS,,
Heidi,Williams,WZ85018,6979912,FORVEX CONSULTING,8,NOT FOUND,NOVA,MAINTENANCE,,
Miguel,Palmer,GO35761,3000776,ETHOS SOLUTIONS,8,NOT FOUND,PHOENIX,SUPPORT,,
Andrew,Massey,ZF13388,5917021,CENVEO CONSULTING,8,NOT FOUND,ORBIT,RPS,,
Christina,Goodman,WR29874,2384336,DELVO DIGITAL,8,NOT FOUND,ORBIT,MAINTENANCE,,
Amanda,Gillespie,YE30522,6927327,JALVIK GROUP,8,NOT FOUND,ORBIT,FORFAIT,,
Angela,Thomas,CP86669,1089137,GOLZEN GLOBAL,8,NOT FOUND,NEXUS,RPS,,
Randall,Villarreal,QT29311,2735089,FORVEX DYNAMICS,8,NOT FOUND,ORBIT,MAINTENANCE,,
Caleb,Johnson,AV84019,5026358,BRYTON SOLUTIONS,8,NOT FOUND,STELLAR,REGIE,,
Ryan,Jensen,LG73191,9741337,DELVO DIGITAL,8,NOT FOUND,PHOENIX,SUPPORT,,
Chad,Tucker,DK77349,2545437,DELVO TECH,8,NOT FOUND,STELLAR,FORFAIT,,
Kenneth,Ortiz,GT39573,1585496,LUMEX SYSTEMS,8,NOT FOUND,NOVA,RPS,,
Dana,Oconnor,TL19548,1587038,DELVO SOLUTIONS,8,NOT FOUND,PHOENIX,MAINTENANCE,,
Carrie,Mcmillan,PZ60195,3692066,ALCOR VENTURES,8,NOT FOUND,NEXUS,SUPPORT,,
Luke,Calderon,HB13617,2683612,CENVEO GLOBAL,8,NOT FOUND,PULSE,REGIE,,
Dillon,Thomas,AU60756,4951007,CENVEO DYNAMICS,8,NOT FOUND,PULSE,FORFAIT,,
Kenneth,Wright,VI21407,5387405,KESTRA SOLUTIONS,8,NOT FOUND,PHOENIX,MAINTENANCE,,
Gregory,Simon,XP53623,9724714,INOVA GROUP,8,NOT FOUND,VERTEX,FORFAIT,,
Erin,Howard,MB21296,3478814,FORVEX GLOBAL,8,NOT FOUND,NEXUS,RPS,,
Patricia,Morrow,IN96997,8761738,HYRION VENTURES,8,NOT FOUND,PHOENIX,FORFAIT,,
Christy,Liu,BS82222,1163751,LUMEX GROUP,8,NOT FOUND,NOVA,FORFAIT,,
Rebecca,Moore,WE90627,3139186,JALVIK GLOBAL,8,NOT FOUND,STELLAR,FORFAIT,,
James,Johnson,MS76381,8947853,INOVA DIGITAL,8,NOT FOUND,PULSE,SUPPORT,,
Joseph,Cox,FJ39338,3942330,FORVEX TECH,8,NOT FOUND,QUANTUM,REGIE,,
Diane,Sawyer,PZ53070,5995264,CENVEO GLOBAL,8,NOT FOUND,PHOENIX,FORFAIT,,
Jonathan,Smith,WO64172,4309252,ALCOR TECH,8,NOT FOUND,ATLAS,SUPPORT,,
Aaron,Lamb,YC55542,8527016,LUMEX GLOBAL,8,NOT FOUND,PHOENIX,REGIE,,
Douglas,Lopez,CP37650,9595866,GOLZEN GROUP,8,NOT FOUND,PHOENIX,FORFAIT,,
Chelsea,Thornton,AF81526,8769672,KESTRA TECH,8,NOT FOUND,ORBIT,RPS,,
Kimberly,Underwood,BN48052,4572654,JALVIK GLOBAL,8,NOT FOUND,PHOENIX,SUPPORT,,
Theresa,Wells,WG62066,6001450,GOLZEN SOLUTIONS,8,NOT FOUND,ORBIT,MAINTENANCE,,
Rebecca,Pratt,VQ66693,6368008,ETHOS GROUP,8,NOT FOUND,NOVA,FORFAIT,,
Bridget,Vasquez,OV51502,9133639,INOVA SYSTEMS,8,NOT FOUND,PULSE,REGIE,,
Pamela,Serrano,VZ88509,7974807,GOLZEN SOLUTIONS,8,NOT FOUND,STELLAR,FORFAIT,,
John,Johnson,SM95402,5708138,DELVO DIGITAL,8,NOT FOUND,PULSE,MAINTENANCE,,
David,Silva,TD85551,9224345,GOLZEN VENTURES,8,NOT FOUND,NEXUS,SUPPORT,,
Pamela,Noble,SZ86389,2399402,GOLZEN DIGITAL,8,NOT FOUND,PHOENIX,FORFAIT,,
Rachel,Hernandez,HS36342,3250334,CENVEO SYSTEMS,8,NOT FOUND,NOVA,SUPPORT,,
Rebecca,Short,UL42374,6636956,KESTRA SOLUTIONS,8,NOT FOUND,ORBIT,MAINTENANCE,,
Carmen,Brown,KY53793,5783084,KESTRA TECH,8,NOT FOUND,VERTEX,REGIE,,
Christopher,Church,IO04175,8122850,INOVA CONSULTING,8,NOT FOUND,VERTEX,MAINTENANCE,,
Anthony,Munoz,NN58616,8303879,ALCOR GROUP,8,NOT FOUND,NOVA,REGIE,,
Erica,Hammond,VF61423,1946552,ALCOR CONSULTING,8,NOT FOUND,ORBIT,RPS,,
James,Wiggins,WK30607,1790981,LUMEX VENTURES,8,NOT FOUND,PULSE,MAINTENANCE,,
Craig,Wiggins,SO96691,3128577,GOLZEN DIGITAL,8,NOT FOUND,STELLAR,FORFAIT,,
Veronica,Chandler,AU88416,2923637,ALCOR SYSTEMS,8,NOT FOUND,VERTEX,REGIE,,
Danielle,Gonzalez,AY86399,1767756,CENVEO VENTURES,8,NOT FOUND,PULSE,FORFAIT,,
Anne,Davis,OP62904,3314859,INOVA GROUP,8,NOT FOUND,STELLAR,RPS,,
Kimberly,Rosario,ML23590,3447970,JALVIK TECH,8,NOT FOUND,PULSE,RPS,,
Christopher,Johnson,FP37325,2791828,INOVA VENTURES,8,NOT FOUND,ORBIT,SUPPORT,,
Angela,Shannon,TF14115,1887206,JALVIK TECH,8,NOT FOUND,NEXUS,FORFAIT,,
Ashley,Wang,WN20547,5057813,CENVEO DIGITAL,8,NOT FOUND,ATLAS,MAINTENANCE,,
Amber,Pena,AO31399,9204704,KESTRA DYNAMICS,8,NOT FOUND,ATLAS,REGIE,,
Denise,Leon,RQ11903,6513534,FORVEX SOLUTIONS,8,NOT FOUND,QUANTUM,MAINTENANCE,,
Erica,Murphy,SX56637,9754937,KESTRA TECH,8,NOT FOUND,NEXUS,SUPPORT,,
Andrew,Butler,OA52074,2672575,HYRION GROUP,8,NOT FOUND,NEXUS,FORFAIT,,
Alexa,Singh,MT87805,1982856,FORVEX SYSTEMS,8,NOT FOUND,PHOENIX,SUPPORT,,
Ronald,Guerra,ZH18844,4910724,HYRION CONSULTING,8,NOT FOUND,NOVA,MAINTENANCE,,
James,Alvarez,IC80359,2931289,GOLZEN SOLUTIONS,8,NOT FOUND,QUANTUM,SUPPORT,,
Michael,Washington,KF80731,2633794,CENVEO CONSULTING,8,NOT FOUND,ORBIT,RPS,,
Jason,Taylor,DT19500,5513893,DELVO DIGITAL,8,NOT FOUND,NEXUS,FORFAIT,,
Brandon,Herman,ER62134,3961052,CENVEO DYNAMICS,8,NOT FOUND,PULSE,FORFAIT,,
Suzanne,Elliott,WC20007,2330564,CENVEO SOLUTIONS,8,NOT FOUND,NOVA,REGIE,,
Patrick,Velez,OK18884,1967174,FORVEX SYSTEMS,8,NOT FOUND,NOVA,RPS,,
Jennifer,Brooks,OX24014,5224408,ALCOR DYNAMICS,8,NOT FOUND,ORBIT,FORFAIT,,
Stacy,Clark,QC51797,9711669,CENVEO DIGITAL,8,NOT FOUND,NOVA,RPS,,
Brian,Morse,DN89292,1987411,ETHOS TECH,8,NOT FOUND,ATLAS,RPS,,
David,Parks,JO12836,4277956,LUMEX CONSULTING,8,NOT FOUND,QUANTUM,FORFAIT,,
Susan,Leon,IZ05914,2577186,ALCOR DYNAMICS,8,NOT FOUND,ORBIT,MAINTENANCE,,
Dawn,Escobar,TN85540,6412497,ETHOS DIGITAL,8,NOT FOUND,NOVA,RPS,,
Christopher,King,PG37772,1900165,GOLZEN CONSULTING,8,NOT FOUND,VERTEX,FORFAIT,,
Robert,Henry,HO71920,1594935,HYRION GROUP,8,NOT FOUND,NOVA,MAINTENANCE,,
Mark,Bautista,MD17913,3547508,GOLZEN SYSTEMS,8,NOT FOUND,VERTEX,MAINTENANCE,,
Casey,Melton,VM80533,1155136,DELVO TECH,8,NOT FOUND,ORBIT,FORFAIT,,
Kristina,Jackson,BY59453,4815391,DELVO GLOBAL,8,NOT FOUND,ORBIT,MAINTENANCE,,
Derek,Bennett,UI91740,6508921,BRYTON SOLUTIONS,8,NOT FOUND,ATLAS,FORFAIT,,
Mary,Hernandez,CH09510,7934681,GOLZEN TECH,8,NOT FOUND,ORBIT,REGIE,,
Tiffany,Burgess,QL25904,8407916,LUMEX DYNAMICS,8,NOT FOUND,NOVA,SUPPORT,,
Wesley,Griffin,NT54393,8362385,BRYTON GLOBAL,8,NOT FOUND,PULSE,RPS,,
Jose,Wall,YK52792,4046817,CENVEO GLOBAL,8,NOT FOUND,NEXUS,FORFAIT,,
William,Wheeler,SO78863,5623090,LUMEX TECH,8,NOT FOUND,STELLAR,REGIE,,
Anthony,Gonzales,HN29397,1570991,DELVO TECH,8,NOT FOUND,NOVA,REGIE,,
Lisa,Tate,ZT84209,8692593,JALVIK VENTURES,8,NOT FOUND,NEXUS,RPS,,
Douglas,Collins,BT55923,8948334,JALVIK VENTURES,8,NOT FOUND,ATLAS,RPS,,
Ricky,Howe,DL12241,2605791,LUMEX CONSULTING,8,NOT FOUND,PULSE,REGIE,,
Amy,Kelly,CW03199,6067029,CENVEO SYSTEMS,8,NOT FOUND,NOVA,MAINTENANCE,,
Victoria,Jones,QK90796,1493675,DELVO SOLUTIONS,8,NOT FOUND,STELLAR,RPS,,
Jesse,Randall,FP24076,4352093,CENVEO SOLUTIONS,8,NOT FOUND,ORBIT,FORFAIT,,
Joshua,Hill,MA13231,8587464,DELVO GROUP,8,NOT FOUND,PULSE,RPS,,
Derrick,Ray,IW21712,4446508,DELVO TECH,8,NOT FOUND,ORBIT,SUPPORT,,
Gregory,Terry,ND12083,3687192,INOVA CONSULTING,8,NOT FOUND,NEXUS,REGIE,,
Jennifer,Knapp,DC83888,1145886,INOVA TECH,8,NOT FOUND,NOVA,RPS,,
Daniel,Walker,VT00869,9278048,ETHOS GLOBAL,8,NOT FOUND,PULSE,MAINTENANCE,,
Kelsey,Wilson,DO92231,9780479,HYRION DIGITAL,8,NOT FOUND,ORBIT,MAINTENANCE,,
Allison,Copeland,IV53083,8529951,ALCOR VENTURES,8,NOT FOUND,PHOENIX,REGIE,,
Emily,Torres,PP73828,9903740,ALCOR SOLUTIONS,8,NOT FOUND,PULSE,SUPPORT,,
Wayne,Kramer,WQ81370,4674064,LUMEX SOLUTIONS,8,NOT FOUND,NOVA,REGIE,,
Brian,Martinez,WR42479,8397629,DELVO VENTURES,8,NOT FOUND,VERTEX,REGIE,,
Jessica,Scott,LB99965,3946245,FORVEX DIGITAL,8,NOT FOUND,STELLAR,MAINTENANCE,,
Patrick,Campbell,SQ52676,6546557,GOLZEN GROUP,8,NOT FOUND,STELLAR,RPS,,
David,Hensley,AJ61648,4758599,BRYTON SYSTEMS,8,NOT FOUND,STELLAR,SUPPORT,,
Alan,Fisher,RB02380,7033580,HYRION SYSTEMS,8,NOT FOUND,NEXUS,REGIE,,
Stephanie,Maldonado,RA97284,9774312,ETHOS TECH,8,NOT FOUND,PULSE,REGIE,,
Elizabeth,Martinez,LT81414,2466579,BRYTON GROUP,8,NOT FOUND,ORBIT,RPS,,
David,York,UD71729,7031601,HYRION DYNAMICS,8,NOT FOUND,QUANTUM,MAINTENANCE,,
Kelly,Phillips,CM14046,1895152,JALVIK GROUP,8,NOT FOUND,STELLAR,MAINTENANCE,,
Derek,Mason,DW77735,9788700,FORVEX CONSULTING,8,NOT FOUND,NEXUS,RPS,,
Alexandra,Mullen,PW23980,9643277,FORVEX SYSTEMS,8,NOT FOUND,ATLAS,FORFAIT,,
Rachel,Conrad,XL25517,5487564,BRYTON SYSTEMS,8,NOT FOUND,STELLAR,RPS,,
James,Cunningham,CA28222,2658407,CENVEO GLOBAL,8,NOT FOUND,STELLAR,REGIE,,
Matthew,Rodriguez,OF77373,2052459,ALCOR SYSTEMS,8,NOT FOUND,VERTEX,FORFAIT,,
Matthew,Walker,VG59870,9356152,CENVEO DYNAMICS,8,NOT FOUND,STELLAR,MAINTENANCE,,
Dennis,Galvan,XO70541,5345290,DELVO DIGITAL,8,NOT FOUND,NOVA,REGIE,,
Lisa,Logan,QG12731,9109904,JALVIK DIGITAL,8,NOT FOUND,ATLAS,REGIE,,
Donald,Rhodes,MP52691,8306517,JALVIK SYSTEMS,8,NOT FOUND,ORBIT,REGIE,,
Mary,Scott,LX29429,4934719,HYRION DYNAMICS,8,NOT FOUND,STELLAR,MAINTENANCE,,
Elizabeth,Spence,PZ55945,3942935,JALVIK GROUP,8,NOT FOUND,PULSE,FORFAIT,,
Carlos,Jacobs,IN65717,2763242,GOLZEN TECH,8,NOT FOUND,VERTEX,FORFAIT,,
David,Hughes,DN96487,2180777,KESTRA VENTURES,8,NOT FOUND,VERTEX,SUPPORT,,
Kim,Fleming,ZZ99547,5156416,ALCOR SOLUTIONS,8,NOT FOUND,PHOENIX,FORFAIT,,
Lindsay,Walters,TO49349,1339673,LUMEX GLOBAL,8,NOT FOUND,NOVA,MAINTENANCE,,
Duane,Merritt,EL72524,9423296,DELVO TECH,8,NOT FOUND,NEXUS,RPS,,
Todd,Greer,UJ49664,7464042,CENVEO GROUP,8,NOT FOUND,NOVA,RPS,,
Michelle,Hanna,RC55916,8347204,JALVIK SYSTEMS,8,NOT FOUND,STELLAR,RPS,,
Karina,Atkins,UD27586,8652869,JALVIK SOLUTIONS,8,NOT FOUND,QUANTUM,RPS,,
Steven,West,IN83564,7798772,INOVA SOLUTIONS,8,NOT FOUND,QUANTUM,FORFAIT,,
Kevin,Garcia,LO36006,9804779,LUMEX VENTURES,8,NOT FOUND,VERTEX,REGIE,,
Bridget,Klein,QC70895,2480113,ALCOR SYSTEMS,8,NOT FOUND,ATLAS,MAINTENANCE,,
Darrell,Jackson,ZT65006,5995777,FORVEX SOLUTIONS,8,NOT FOUND,PHOENIX,FORFAIT,,
Christopher,Haney,UP08324,4399196,CENVEO CONSULTING,8,NOT FOUND,PULSE,REGIE,,
Amy,Barr,RF36385,4172547,GOLZEN SOLUTIONS,8,NOT FOUND,NEXUS,RPS,,
Jake,Horn,PN42354,7988353,INOVA GROUP,8,NOT FOUND,ORBIT,MAINTENANCE,,
Brian,Johnson,AK15649,2310690,CENVEO VENTURES,8,NOT FOUND,NEXUS,REGIE,,
Yvette,Bowen,XN71079,3441819,KESTRA VENTURES,8,NOT FOUND,ORBIT,RPS,,
Alice,Brady,RQ87057,7465895,JALVIK CONSULTING,8,NOT FOUND,NEXUS,MAINTENANCE,,
Michael,Vaughn,KM95380,5837887,ALCOR VENTURES,8,NOT FOUND,STELLAR,MAINTENANCE,,
Robert,Gibson,YB54843,7312808,ALCOR GLOBAL,8,NOT FOUND,VERTEX,REGIE,,
Dominic,Wheeler,OS39901,5267953,LUMEX SOLUTIONS,8,NOT FOUND,QUANTUM,SUPPORT,,
Marco,Medina,ET55545,8182583,HYRION VENTURES,8,NOT FOUND,NOVA,SUPPORT,,
Rita,Edwards,XO69523,1669883,KESTRA VENTURES,8,NOT FOUND,NEXUS,SUPPORT,,
Shannon,Hudson,TK02079,6804674,GOLZEN SYSTEMS,8,NOT FOUND,ORBIT,MAINTENANCE,,
Mark,Ryan,VC73688,6375880,ALCOR GLOBAL,8,NOT FOUND,STELLAR,RPS,,
Jon,Jones,NO96317,6228141,CENVEO SYSTEMS,8,NOT FOUND,QUANTUM,REGIE,,
Brianna,Jones,SP28013,9831680,CENVEO GLOBAL,8,NOT FOUND,ATLAS,REGIE,,
Daniel,Munoz,UD96996,4972488,JALVIK SYSTEMS,8,NOT FOUND,NEXUS,SUPPORT,,
Lynn,Holloway,CT33276,8889179,CENVEO TECH,8,NOT FOUND,NEXUS,REGIE,,
Katherine,Gregory,IH37583,1124289,FORVEX VENTURES,8,NOT FOUND,STELLAR,FORFAIT,,
Charles,Day,OY05891,3652427,INOVA SYSTEMS,8,NOT FOUND,PHOENIX,RPS,,
Kristen,Howard,TQ48101,2307630,BRYTON DYNAMICS,8,NOT FOUND,QUANTUM,FORFAIT,,
Karen,Velazquez,RI25119,1405144,ALCOR DYNAMICS,8,NOT FOUND,ATLAS,SUPPORT,,
Thomas,Stephenson,QY75841,8743133,FORVEX GLOBAL,8,NOT FOUND,PHOENIX,RPS,,
Kathleen,Ortega,SY22356,9858516,KESTRA GROUP,8,NOT FOUND,NEXUS,FORFAIT,,
Crystal,Shepard,PP29851,3703051,ETHOS SOLUTIONS,8,NOT FOUND,VERTEX,RPS,,
Kimberly,Allen,ZU45627,6810757,KESTRA DYNAMICS,8,NOT FOUND,ATLAS,SUPPORT,,
Valerie,Briggs,YD58646,5076076,KESTRA CONSULTING,8,NOT FOUND,PHOENIX,SUPPORT,,
Michael,Davis,YN03375,8399038,GOLZEN SOLUTIONS,8,NOT FOUND,VERTEX,FORFAIT,,
John,Jordan,VC73656,9924552,CENVEO DYNAMICS,8,NOT FOUND,ORBIT,SUPPORT,,
Michelle,Carter,GU37821,6281960,LUMEX TECH,8,NOT FOUND,ORBIT,SUPPORT,,
Walter,Allen,HW46463,1471375,JALVIK TECH,8,NOT FOUND,NOVA,REGIE,,
Tracy,Robinson,TP11643,5044580,ETHOS DIGITAL,8,NOT FOUND,PHOENIX,SUPPORT,,
Nathan,Wright,BQ90541,8257421,HYRION GLOBAL,8,NOT FOUND,PULSE,SUPPORT,,
Rachel,Burke,KV44183,9859928,KESTRA SYSTEMS,8,NOT FOUND,PHOENIX,FORFAIT,,
Ryan,Reid,NO46237,7031086,JALVIK DIGITAL,8,NOT FOUND,VERTEX,FORFAIT,,
Amanda,Serrano,YS59566,5344012,LUMEX DIGITAL,8,NOT FOUND,ATLAS,REGIE,,
Franklin,Hoffman,UT66108,4825817,LUMEX GLOBAL,8,NOT FOUND,ORBIT,MAINTENANCE,,
Samantha,Wilson,QT11003,7750736,BRYTON CONSULTING,8,NOT FOUND,ATLAS,REGIE,,
Nicole,Le,II42938,4836682,HYRION CONSULTING,8,NOT FOUND,STELLAR,MAINTENANCE,,
Rachel,Martinez,YT99885,6244804,FORVEX DIGITAL,8,NOT FOUND,NOVA,REGIE,,
Jennifer,Burton,HY15765,2452104,FORVEX CONSULTING,8,NOT FOUND,ORBIT,RPS,,
Jonathan,Hunt,PW46549,1721756,INOVA GLOBAL,8,NOT FOUND,ORBIT,FORFAIT,,
Sheila,Lawrence,MB39126,2233332,BRYTON DIGITAL,8,NOT FOUND,NEXUS,FORFAIT,,
Rachel,Byrd,NA12491,5994246,GOLZEN GLOBAL,8,NOT FOUND,VERTEX,RPS,,
Lawrence,Rodriguez,SQ82495,2628331,JALVIK CONSULTING,8,NOT FOUND,ATLAS,MAINTENANCE,,
Ariel,Wilcox,CG94722,7011983,FORVEX SOLUTIONS,8,NOT FOUND,NOVA,MAINTENANCE,,
Daniel,Schwartz,YM18217,1916009,BRYTON CONSULTING,8,NOT FOUND,ATLAS,FORFAIT,,
Brian,Ayers,XV51677,2926953,BRYTON SYSTEMS,8,NOT FOUND,ATLAS,SUPPORT,,
Amy,Mahoney,XF77541,9351069,GOLZEN CONSULTING,8,NOT FOUND,ORBIT,SUPPORT,,
Andrea,Myers,LM69432,8843738,CENVEO DIGITAL,8,NOT FOUND,STELLAR,REGIE,,
Shannon,Kirby,ID41772,9417584,ETHOS TECH,8,NOT FOUND,STELLAR,RPS,,
Angela,Berry,ZX71664,2009489,ETHOS GLOBAL,8,NOT FOUND,ORBIT,SUPPORT,,
Jamie,Campbell,HM53911,9883235,LUMEX TECH,8,NOT FOUND,VERTEX,RPS,,
Jennifer,Hamilton,DG17316,3409981,ETHOS TECH,8,NOT FOUND,ORBIT,RPS,,
Devin,Gonzalez,JG20048,7558363,HYRION GLOBAL,8,NOT FOUND,VERTEX,RPS,,
David,Hayes,PO87574,6796008,HYRION GLOBAL,8,NOT FOUND,PHOENIX,FORFAIT,,
Jeffrey,Snyder,CW03006,3217345,BRYTON VENTURES,8,NOT FOUND,ATLAS,SUPPORT,,
Jennifer,Hardy,LP70015,1541580,FORVEX TECH,8,NOT FOUND,NEXUS,FORFAIT,,
John,Nichols,OZ23007,1023007,JALVIK CONSULTING,8,NOT FOUND,NEXUS,RPS,,
Steven,Kelley,FK62477,9552136,ETHOS SYSTEMS,8,NOT FOUND,ATLAS,SUPPORT,,
Christine,Hopkins,YH49465,3275332,KESTRA SOLUTIONS,8,NOT FOUND,ORBIT,MAINTENANCE,,
Kathy,Robinson,II71528,1884456,HYRION SYSTEMS,8,NOT FOUND,ORBIT,MAINTENANCE,,
Michael,Kirby,YW13179,1847573,CENVEO GLOBAL,8,NOT FOUND,NOVA,SUPPORT,,
Jacob,Wagner,BM61552,6450589,GOLZEN VENTURES,8,NOT FOUND,NEXUS,MAINTENANCE,,
Victor,Jones,VK56590,7191663,FORVEX GROUP,8,NOT FOUND,ORBIT,SUPPORT,,
Daryl,Johnson,IN41667,2591127,INOVA TECH,8,NOT FOUND,PULSE,SUPPORT,,
Kimberly,Brown,PL05166,1088121,LUMEX TECH,8,NOT FOUND,ORBIT,REGIE,,
Brian,Acevedo,JO46116,2074776,ETHOS GROUP,8,NOT FOUND,QUANTUM,RPS,,
Gabriela,Fox,PZ67871,5151108,GOLZEN DYNAMICS,8,NOT FOUND,PHOENIX,MAINTENANCE,,
Thomas,Mathis,IT25634,2571503,FORVEX SOLUTIONS,8,NOT FOUND,PHOENIX,MAINTENANCE,,
Sylvia,Bell,HY03762,4197558,HYRION GROUP,8,NOT FOUND,ATLAS,REGIE,,
Justin,Duncan,IL36762,9044427,ALCOR GROUP,8,NOT FOUND,NEXUS,REGIE,,
Madison,Klein,EQ96397,5465994,CENVEO GLOBAL,8,NOT FOUND,STELLAR,SUPPORT,,
Allison,Clark,WI54110,9104375,BRYTON DYNAMICS,8,NOT FOUND,ORBIT,MAINTENANCE,,
Nicole,Castro,JN57511,7655174,JALVIK VENTURES,8,NOT FOUND,QUANTUM,RPS,,
Chad,Hall,PR02138,3489671,ETHOS VENTURES,8,NOT FOUND,STELLAR,RPS,,
Michael,Wallace,DQ91055,5404294,ALCOR SYSTEMS,8,NOT FOUND,PULSE,FORFAIT,,
Adam,Logan,QS21073,5167768,INOVA DIGITAL,8,NOT FOUND,PULSE,FORFAIT,,
Thomas,Miles,BE84669,5928604,FORVEX DIGITAL,8,NOT FOUND,NOVA,RPS,,
Donald,Bailey,AN70107,2505549,ETHOS SOLUTIONS,8,NOT FOUND,PULSE,SUPPORT,,
Travis,Hale,YT67358,3140063,JALVIK GROUP,8,NOT FOUND,NEXUS,SUPPORT,,
Sara,Romero,LF76389,2301554,DELVO GROUP,8,NOT FOUND,NEXUS,REGIE,,
Brenda,Cooper,XU59482,6413860,KESTRA SYSTEMS,8,NOT FOUND,PULSE,SUPPORT,,
Kimberly,Gonzalez,YK38370,4349271,LUMEX TECH,8,NOT FOUND,STELLAR,REGIE,,
Anthony,Adams,HQ43407,4032110,INOVA CONSULTING,8,NOT FOUND,VERTEX,MAINTENANCE,,
Jeffery,Vang,AL11526,3908882,KESTRA SYSTEMS,8,NOT FOUND,PHOENIX,REGIE,,
Mary,Lawrence,OG56400,8844155,HYRION GLOBAL,8,NOT FOUND,STELLAR,SUPPORT,,
Ryan,Brock,LK53582,9662443,DELVO DYNAMICS,8,NOT FOUND,STELLAR,FORFAIT,,
Ivan,Nguyen,XW15311,7284658,ALCOR DIGITAL,8,NOT FOUND,STELLAR,MAINTENANCE,,
Donna,White,IG04438,2037610,ETHOS VENTURES,8,NOT FOUND,ORBIT,FORFAIT,,
Darryl,Mccullough,CY21197,1718715,DELVO SYSTEMS,8,NOT FOUND,ORBIT,FORFAIT,,
Stacy,Simon,WQ69508,3404906,ALCOR GROUP,8,NOT FOUND,STELLAR,MAINTENANCE,,
Isaiah,Reyes,EF95950,5663542,LUMEX SOLUTIONS,8,NOT FOUND,QUANTUM,MAINTENANCE,,
Thomas,Turner,VJ89383,6722662,INOVA GLOBAL,8,NOT FOUND,PULSE,MAINTENANCE,,
Laura,Salas,WY35683,5388696,ALCOR GLOBAL,8,NOT FOUND,ATLAS,FORFAIT,,
Stephen,Costa,IN58489,3101818,FORVEX CONSULTING,8,NOT FOUND,STELLAR,FORFAIT,,
Jacob,Charles,KN51829,5346118,LUMEX VENTURES,8,NOT FOUND,ORBIT,REGIE,,
Shannon,Johnson,LM90858,5732184,KESTRA SYSTEMS,8,NOT FOUND,PHOENIX,SUPPORT,,
Kathryn,Santos,PS54364,2379773,ALCOR SOLUTIONS,8,NOT FOUND,STELLAR,RPS,,
Matthew,Brown,XI59397,6202266,BRYTON GLOBAL,8,NOT FOUND,PULSE,RPS,,
Christine,Taylor,DK21188,5866004,KESTRA DYNAMICS,8,NOT FOUND,PULSE,FORFAIT,,
Eric,Jones,NX16833,1047900,BRYTON SOLUTIONS,8,NOT FOUND,STELLAR,MAINTENANCE,,
Nicole,Benson,HK22442,7370947,ALCOR SOLUTIONS,8,NOT FOUND,PULSE,RPS,,
Katherine,Arnold,LD23521,6717066,BRYTON TECH,8,NOT FOUND,QUANTUM,SUPPORT,,
Tracy,Hunt,PF14070,8408933,DELVO GROUP,8,NOT FOUND,QUANTUM,FORFAIT,,
Phillip,Carter,AA02654,9295896,HYRION DIGITAL,8,NOT FOUND,ORBIT,REGIE,,
Steven,Matthews,RM60122,7581712,BRYTON DIGITAL,8,NOT FOUND,STELLAR,MAINTENANCE,,
Julie,Miller,VT90150,1164952,JALVIK GLOBAL,8,NOT FOUND,STELLAR,FORFAIT,,
Shane,Welch,NF57642,7047567,KESTRA VENTURES,8,NOT FOUND,NOVA,RPS,,
Robert,Murphy,YG53338,9382438,BRYTON DIGITAL,8,NOT FOUND,PHOENIX,FORFAIT,,
Garrett,Hernandez,OY62326,4688004,HYRION TECH,8,NOT FOUND,QUANTUM,SUPPORT,,
Yolanda,Jones,PT41762,9852547,DELVO GROUP,8,NOT FOUND,NEXUS,RPS,,
Eric,Wright,GG07921,4601555,DELVO DIGITAL,8,NOT FOUND,NEXUS,REGIE,,
Scott,Rowland,MO46774,4715963,FORVEX DIGITAL,8,NOT FOUND,ATLAS,REGIE,,
Jose,Barber,LU83675,4036901,INOVA DIGITAL,8,NOT FOUND,ORBIT,FORFAIT,,
Laurie,Burns,EI99177,8758302,ETHOS SOLUTIONS,8,NOT FOUND,STELLAR,FORFAIT,,
Amber,Chapman,NL41887,5734764,JALVIK VENTURES,8,NOT FOUND,VERTEX,SUPPORT,,
Kevin,Henderson,EZ89606,3346741,ETHOS CONSULTING,8,NOT FOUND,ATLAS,MAINTENANCE,,
Deanna,Ford,XL88575,2795018,JALVIK SOLUTIONS,8,NOT FOUND,ORBIT,RPS,,
Nicholas,Webb,NS18622,6408961,GOLZEN GLOBAL,8,NOT FOUND,PULSE,MAINTENANCE,,
Joshua,Cook,YZ60804,1903788,HYRION CONSULTING,8,NOT FOUND,QUANTUM,MAINTENANCE,,
Christina,Dunn,RO12509,1403361,LUMEX CONSULTING,8,NOT FOUND,VERTEX,RPS,,
Jillian,Jones,EN49235,9735289,INOVA DYNAMICS,8,NOT FOUND,PULSE,FORFAIT,,
Chloe,Johnson,PD10162,8108095,GOLZEN DIGITAL,8,NOT FOUND,QUANTUM,RPS,,
David,Lloyd,VL81409,4958592,DELVO GLOBAL,8,NOT FOUND,STELLAR,SUPPORT,,
Heather,Murphy,CZ34800,8855818,HYRION TECH,8,NOT FOUND,VERTEX,FORFAIT,,
Carl,Lucas,WG90650,2906387,CENVEO VENTURES,8,NOT FOUND,NEXUS,RPS,,
Richard,Kennedy,DQ06197,5091793,CENVEO DYNAMICS,8,NOT FOUND,PULSE,FORFAIT,,
Todd,Callahan,EI47979,7354673,GOLZEN DYNAMICS,8,NOT FOUND,STELLAR,MAINTENANCE,,
Sarah,West,OD27130,4879016,JALVIK SYSTEMS,8,NOT FOUND,NEXUS,REGIE,,
Kimberly,West,HS83815,3537637,FORVEX TECH,8,NOT FOUND,NEXUS,SUPPORT,,
Abigail,Fox,IA61361,5191662,GOLZEN SOLUTIONS,8,NOT FOUND,PULSE,FORFAIT,,
Nathan,Gutierrez,IZ74753,7695978,DELVO DIGITAL,8,NOT FOUND,PULSE,REGIE,,
Sherry,Le,XJ47575,3283418,INOVA SYSTEMS,8,NOT FOUND,PHOENIX,REGIE,,
Summer,Anthony,BW36056,8183823,LUMEX CONSULTING,8,NOT FOUND,PHOENIX,FORFAIT,,
Samantha,Allen,HD67517,1114280,INOVA SYSTEMS,8,NOT FOUND,PULSE,SUPPORT,,
Jesse,Taylor,JL92408,6369077,LUMEX DYNAMICS,8,NOT FOUND,PULSE,REGIE,,
Alexander,Schmidt,FL47691,4044669,CENVEO GROUP,8,NOT FOUND,QUANTUM,REGIE,,
Gregory,Barker,AH04414,4808640,GOLZEN SOLUTIONS,8,NOT FOUND,NEXUS,FORFAIT,,
Danielle,Hodges,GW05758,3141066,CENVEO CONSULTING,8,NOT FOUND,ATLAS,FORFAIT,,
Mike,Duncan,NG54820,6338711,CENVEO GROUP,8,NOT FOUND,PHOENIX,SUPPORT,,
Ryan,Juarez,BV48615,9405728,ALCOR VENTURES,8,NOT FOUND,STELLAR,MAINTENANCE,,
Sandra,Peters,PM43599,4516867,LUMEX TECH,8,NOT FOUND,NOVA,REGIE,,
Timothy,Sloan,AU19247,4076691,JALVIK TECH,8,NOT FOUND,VERTEX,REGIE,,
Brent,Lewis,CG75084,2967840,ALCOR GLOBAL,8,NOT FOUND,STELLAR,REGIE,,
William,Murphy,MX76206,8916167,INOVA DIGITAL,8,NOT FOUND,PHOENIX,RPS,,
Laura,Hill,JX20253,1920788,ALCOR GROUP,8,NOT FOUND,NOVA,MAINTENANCE,,
Bradley,Spears,VC07882,9601697,ETHOS DIGITAL,8,NOT FOUND,PULSE,MAINTENANCE,,
Kevin,Morris,QL54641,3691604,ETHOS SOLUTIONS,8,NOT FOUND,NOVA,RPS,,
Nicole,Brennan,AN37901,5017934,HYRION VENTURES,8,NOT FOUND,ORBIT,FORFAIT,,
Elizabeth,Marsh,SH90734,7238707,HYRION SYSTEMS,8,NOT FOUND,ORBIT,SUPPORT,,
Tammy,Parsons,IK28695,8324544,JALVIK VENTURES,8,NOT FOUND,NOVA,SUPPORT,,
Maria,Fisher,ZV24010,6165459,INOVA GLOBAL,8,NOT FOUND,STELLAR,SUPPORT,,
Brenda,Herman,RR11125,2467686,GOLZEN CONSULTING,8,NOT FOUND,STELLAR,RPS,,
Taylor,Miller,OK38643,3127435,ALCOR SYSTEMS,8,NOT FOUND,ATLAS,SUPPORT,,
Paul,Blake,EH50431,6674215,KESTRA GLOBAL,8,NOT FOUND,QUANTUM,FORFAIT,,
Kimberly,Hancock,QG62769,5437096,CENVEO CONSULTING,8,NOT FOUND,ORBIT,FORFAIT,,
Wesley,Daniels,ZJ18704,2799157,ALCOR DIGITAL,8,NOT FOUND,PULSE,FORFAIT,,
Douglas,Hamilton,BI32568,8776231,BRYTON CONSULTING,8,NOT FOUND,PHOENIX,REGIE,,
John,Rojas,PW57122,7796790,ETHOS GROUP,8,NOT FOUND,ORBIT,REGIE,,
Mitchell,Krueger,CY05223,7241532,LUMEX TECH,8,NOT FOUND,STELLAR,REGIE,,
Richard,Walls,MU82157,8477373,ALCOR VENTURES,8,NOT FOUND,PHOENIX,SUPPORT,,
Daniel,Martin,RI72400,7137593,ALCOR VENTURES,8,NOT FOUND,ATLAS,SUPPORT,,
Diana,Foster,IP37023,1764187,HYRION GLOBAL,8,NOT FOUND,PULSE,SUPPORT,,
Frances,Diaz,MG14090,9339382,ETHOS SOLUTIONS,8,NOT FOUND,ATLAS,FORFAIT,,
Robert,Reed,BF50498,9757993,KESTRA CONSULTING,8,NOT FOUND,QUANTUM,RPS,,
Miranda,Cantu,IK83451,1986055,ETHOS CONSULTING,8,NOT FOUND,ORBIT,RPS,,
Joshua,Mcconnell,AC86724,8463595,FORVEX TECH,8,NOT FOUND,NOVA,RPS,,
Curtis,Ritter,JX63392,2700726,DELVO SYSTEMS,8,NOT FOUND,ATLAS,RPS,,
Laurie,Henderson,CN13601,5285218,INOVA CONSULTING,8,NOT FOUND,NOVA,MAINTENANCE,,
Stephanie,Ellis,QS08720,2319718,LUMEX CONSULTING,8,NOT FOUND,QUANTUM,MAINTENANCE,,
Sandy,Bowman,QX74676,2810544,DELVO TECH,8,NOT FOUND,STELLAR,MAINTENANCE,,
Andrew,Diaz,OL27393,2804122,ETHOS GLOBAL,8,NOT FOUND,PHOENIX,FORFAIT,,
Nicholas,Martinez,IV51035,1042049,DELVO GLOBAL,8,NOT FOUND,NOVA,REGIE,,
Gary,Morrow,RW28376,9712788,INOVA SYSTEMS,8,NOT FOUND,ORBIT,MAINTENANCE,,
Darlene,Davis,NG00927,7918010,ALCOR VENTURES,8,NOT FOUND,NOVA,SUPPORT,,
Nicholas,Fischer,ER23655,1390302,DELVO SYSTEMS,8,NOT FOUND,PHOENIX,SUPPORT,,
Karen,Taylor,DS68993,9692697,JALVIK DYNAMICS,8,NOT FOUND,PHOENIX,RPS,,
Yvette,Torres,NP74912,8762538,KESTRA CONSULTING,8,NOT FOUND,QUANTUM,SUPPORT,,
Nicholas,Phillips,SA62713,5929039,HYRION VENTURES,8,NOT FOUND,NOVA,MAINTENANCE,,
Zachary,Gill,WO77990,5978852,LUMEX GROUP,8,NOT FOUND,STELLAR,MAINTENANCE,,
Lauren,Yates,EY94829,2512115,JALVIK TECH,8,NOT FOUND,ORBIT,FORFAIT,,
Charles,Johnson,FV14698,8884181,KESTRA DYNAMICS,8,NOT FOUND,ATLAS,REGIE,,
Mary,Gallagher,IV26074,9736554,LUMEX TECH,8,NOT FOUND,PHOENIX,REGIE,,
Kendra,Lowery,IW77154,2397553,CENVEO CONSULTING,8,NOT FOUND,VERTEX,RPS,,
Evan,Becker,VS84440,9699379,BRYTON DIGITAL,8,NOT FOUND,PULSE,REGIE,,
Benjamin,Williams,ZS02853,3437033,FORVEX DIGITAL,8,NOT FOUND,PHOENIX,FORFAIT,,
Julie,White,GJ96080,5917377,LUMEX SYSTEMS,8,NOT FOUND,PULSE,FORFAIT,,
Albert,Zhang,XK80316,4470848,FORVEX VENTURES,8,NOT FOUND,NOVA,SUPPORT,,
Christina,Davidson,LQ84018,7523185,KESTRA CONSULTING,8,NOT FOUND,PULSE,MAINTENANCE,,
Robert,Williamson,LT79286,2359912,CENVEO VENTURES,8,NOT FOUND,PHOENIX,SUPPORT,,
Shawn,Reese,YU85815,5174825,LUMEX DIGITAL,8,NOT FOUND,PULSE,SUPPORT,,
Randy,Vaughn,VS97774,2029929,BRYTON DYNAMICS,8,NOT FOUND,QUANTUM,REGIE,,
Tracey,Robinson,YX55836,1390102,GOLZEN SYSTEMS,8,NOT FOUND,PULSE,FORFAIT,,
Emily,Davis,OY61087,2680716,JALVIK CONSULTING,8,NOT FOUND,VERTEX,SUPPORT,,
Keith,Hall,CX30878,3891735,JALVIK DIGITAL,8,NOT FOUND,ATLAS,REGIE,,
Amanda,Baird,WD39505,8757228,KESTRA SYSTEMS,8,NOT FOUND,ORBIT,FORFAIT,,
Joel,Davis,JQ84254,3132051,GOLZEN DYNAMICS,8,NOT FOUND,PHOENIX,SUPPORT,,
Brian,Bishop,VJ33248,6544097,KESTRA VENTURES,8,NOT FOUND,ORBIT,FORFAIT,,
Danielle,Guerra,LA25162,5433842,GOLZEN TECH,8,NOT FOUND,PULSE,MAINTENANCE,,
Steve,Franklin,PS66020,8358199,FORVEX CONSULTING,8,NOT FOUND,VERTEX,MAINTENANCE,,
David,Barnes,OQ81318,1246602,DELVO DIGITAL,8,NOT FOUND,ATLAS,MAINTENANCE,,
Cassandra,Sullivan,MH36487,4434635,GOLZEN SOLUTIONS,8,NOT FOUND,STELLAR,REGIE,,
Sharon,Spencer,LA63432,1091896,ALCOR SYSTEMS,8,NOT FOUND,NEXUS,FORFAIT,,
Anthony,Anderson,VP40265,8989318,FORVEX CONSULTING,8,NOT FOUND,NOVA,RPS,,
Melvin,Davis,DX18987,1085097,ALCOR SYSTEMS,8,NOT FOUND,ORBIT,REGIE,,
Sharon,Lee,LJ82279,5845619,GOLZEN SOLUTIONS,8,NOT FOUND,VERTEX,MAINTENANCE,,
Ashley,Hoffman,QT58367,4549195,JALVIK CONSULTING,8,NOT FOUND,QUANTUM,REGIE,,
Thomas,Perry,UH23592,7570781,DELVO VENTURES,8,NOT FOUND,NEXUS,REGIE,,
Ebony,Porter,GV63484,6774676,LUMEX CONSULTING,8,NOT FOUND,NOVA,RPS,,
Scott,Nichols,DZ93051,2855061,ALCOR DIGITAL,8,NOT FOUND,QUANTUM,FORFAIT,,
Christopher,Powers,OD23640,6697118,ETHOS TECH,8,NOT FOUND,ORBIT,REGIE,,
Karla,Adams,HX48168,2925919,BRYTON DYNAMICS,8,NOT FOUND,VERTEX,REGIE,,
Mary,Collier,MN01644,7360737,INOVA SYSTEMS,8,NOT FOUND,VERTEX,MAINTENANCE,,
Nicholas,Boyle,KC31719,2586973,KESTRA TECH,8,NOT FOUND,VERTEX,REGIE,,
Deanna,Harvey,KJ77919,7752931,KESTRA TECH,8,NOT FOUND,STELLAR,FORFAIT,,
Stephanie,Nguyen,TW31512,8413984,GOLZEN SYSTEMS,8,NOT FOUND,NOVA,RPS,,
John,Anderson,PF38166,4780710,JALVIK DIGITAL,8,NOT FOUND,PHOENIX,REGIE,,
Thomas,Miller,WW81396,1675494,HYRION DIGITAL,8,NOT FOUND,ORBIT,SUPPORT,,
Steven,Walker,WZ50039,5116523,KESTRA VENTURES,8,NOT FOUND,PULSE,REGIE,,
Kimberly,Blair,VE89315,1608226,DELVO CONSULTING,8,NOT FOUND,NOVA,RPS,,
Ryan,Nguyen,FG35280,2178989,BRYTON SOLUTIONS,8,NOT FOUND,ATLAS,MAINTENANCE,,
Jared,Dudley,ST97706,9509796,CENVEO DYNAMICS,8,NOT FOUND,PHOENIX,SUPPORT,,
Lucas,Pollard,IW49900,7791387,KESTRA DYNAMICS,8,NOT FOUND,PHOENIX,REGIE,,
Robert,Johnson,RV45383,1203292,ALCOR GROUP,8,NOT FOUND,QUANTUM,RPS,,
Alexander,Bates,XD41526,3973350,BRYTON VENTURES,8,NOT FOUND,STELLAR,MAINTENANCE,,
Julie,Green,XG84787,1553352,BRYTON GROUP,8,NOT FOUND,QUANTUM,MAINTENANCE,,
Dwayne,Davis,RP13101,2979604,BRYTON GROUP,8,NOT FOUND,PHOENIX,FORFAIT,,
Caitlyn,Dalton,WU65565,1517474,ALCOR SYSTEMS,8,NOT FOUND,NOVA,FORFAIT,,
Randy,Rodriguez,DR85937,3109776,LUMEX DYNAMICS,8,NOT FOUND,PULSE,REGIE,,
Adrian,Christensen,NH18625,1884795,CENVEO GROUP,8,NOT FOUND,PHOENIX,SUPPORT,,
Timothy,Lewis,UJ07233,2816692,DELVO GROUP,8,NOT FOUND,STELLAR,SUPPORT,,
Kristina,Robinson,WC55200,1951840,ETHOS DYNAMICS,8,NOT FOUND,QUANTUM,REGIE,,
Robert,Patterson,ZB19658,8219098,JALVIK GLOBAL,8,NOT FOUND,NEXUS,FORFAIT,,
Jeremy,Ryan,HB52706,1625365,HYRION TECH,8,NOT FOUND,VERTEX,SUPPORT,,
Isaac,Armstrong,FN22711,1990600,GOLZEN GLOBAL,8,NOT FOUND,PHOENIX,FORFAIT,,
Charles,Jones,DP67803,6967691,CENVEO GROUP,8,NOT FOUND,VERTEX,RPS,,
Nicole,Arellano,BS79804,2220624,JALVIK GLOBAL,8,NOT FOUND,VERTEX,RPS,,
Jacob,Arroyo,TC43956,2077311,FORVEX SOLUTIONS,8,NOT FOUND,PULSE,RPS,,
Pamela,Gates,EE54228,5704940,INOVA TECH,8,NOT FOUND,ORBIT,SUPPORT,,
Kaitlin,Owen,BO40681,6602730,ETHOS SOLUTIONS,8,NOT FOUND,PULSE,RPS,,
Bryan,Jones,GS63419,6120762,ETHOS SYSTEMS,8,NOT FOUND,STELLAR,FORFAIT,,
Deborah,Charles,UK61890,3435972,CENVEO DYNAMICS,8,NOT FOUND,STELLAR,REGIE,,
Andrea,Mckinney,NW26293,6956597,JALVIK DYNAMICS,8,NOT FOUND,NOVA,SUPPORT,,
Angela,Burns,VA21591,9440583,DELVO DIGITAL,8,NOT FOUND,ATLAS,SUPPORT,,
Ryan,Tucker,BZ39710,5570373,CENVEO CONSULTING,8,NOT FOUND,VERTEX,FORFAIT,,
Bradley,Henry,TD05085,3767242,KESTRA CONSULTING,8,NOT FOUND,QUANTUM,RPS,,
Rachel,Taylor,PD24632,3292502,DELVO DYNAMICS,8,NOT FOUND,PULSE,REGIE,,
Christopher,Escobar,SK69267,4840267,LUMEX TECH,8,NOT FOUND,STELLAR,FORFAIT,,
Jennifer,Morales,PS13592,1912070,ALCOR DYNAMICS,8,NOT FOUND,QUANTUM,MAINTENANCE,,
Julia,Garrison,RO65169,3268899,ALCOR DYNAMICS,8,NOT FOUND,PULSE,REGIE,,
Cassandra,Schwartz,KS53602,9245242,GOLZEN GLOBAL,8,NOT FOUND,PULSE,SUPPORT,,
Maria,Austin,KT23189,5861003,HYRION TECH,8,NOT FOUND,NOVA,FORFAIT,,
Breanna,Garcia,IX08645,5127182,INOVA GROUP,8,NOT FOUND,PHOENIX,MAINTENANCE,,
Paul,Meyer,ZY93245,6102072,DELVO CONSULTING,8,NOT FOUND,ATLAS,MAINTENANCE,,
Wesley,Robinson,EB30159,5437515,GOLZEN SYSTEMS,8,NOT FOUND,NEXUS,RPS,,
Amanda,Patterson,GD29590,6696147,INOVA DYNAMICS,8,NOT FOUND,ORBIT,FORFAIT,,
Joseph,Nixon,ME10105,7241350,HYRION DIGITAL,8,NOT FOUND,VERTEX,MAINTENANCE,,
Lisa,Henderson,PI97990,1643352,FORVEX SYSTEMS,8,NOT FOUND,STELLAR,RPS,,
Benjamin,Arnold,II84115,4360060,INOVA GROUP,8,NOT FOUND,STELLAR,FORFAIT,,
Samuel,Dean,OR05848,6886662,KESTRA GLOBAL,8,NOT FOUND,STELLAR,RPS,,
John,Allen,ZG67660,3895747,CENVEO GROUP,8,NOT FOUND,ORBIT,REGIE,,
Kristen,Pugh,TQ55981,1584836,INOVA DYNAMICS,8,NOT FOUND,NEXUS,FORFAIT,,
Christopher,Jones,PH67004,6496943,INOVA DIGITAL,8,NOT FOUND,PHOENIX,MAINTENANCE,,
Dominic,Hardy,SC72484,5370711,KESTRA DIGITAL,8,NOT FOUND,STELLAR,FORFAIT,,
Curtis,Huff,ID85104,7507787,INOVA VENTURES,8,NOT FOUND,ATLAS,SUPPORT,,
Christopher,Clark,PN10703,4197232,BRYTON SYSTEMS,8,NOT FOUND,ORBIT,RPS,,
Peter,Dodson,JY89282,8028030,ETHOS DIGITAL,8,NOT FOUND,ATLAS,REGIE,,
Donald,Lopez,ZJ59353,5161456,DELVO GROUP,8,NOT FOUND,NOVA,SUPPORT,,
David,Mills,QY21332,4383528,BRYTON SYSTEMS,8,NOT FOUND,VERTEX,REGIE,,
Kerry,Carter,DC94898,8848524,KESTRA SOLUTIONS,8,NOT FOUND,NOVA,FORFAIT,,
Glenn,Singleton,KG06029,2603300,ALCOR DIGITAL,8,NOT FOUND,QUANTUM,FORFAIT,,
Katherine,Pearson,UV16284,1670488,FORVEX GLOBAL,8,NOT FOUND,VERTEX,RPS,,
Thomas,Crawford,GA36597,9873660,BRYTON DYNAMICS,8,NOT FOUND,NEXUS,FORFAIT,,
Kimberly,Kidd,GF05884,1861001,JALVIK TECH,8,NOT FOUND,ORBIT,SUPPORT,,
Deborah,Hicks,YP67413,2571458,BRYTON CONSULTING,8,NOT FOUND,VERTEX,REGIE,,
Susan,Barton,ZR29463,2603393,JALVIK SOLUTIONS,8,NOT FOUND,ATLAS,RPS,,
Hunter,Gregory,CY16013,1737999,CENVEO TECH,8,NOT FOUND,PHOENIX,REGIE,,
Samuel,Robbins,EV39924,6866014,KESTRA GROUP,8,NOT FOUND,VERTEX,FORFAIT,,
Joanna,Baker,AF30346,7031373,ETHOS SOLUTIONS,8,NOT FOUND,QUANTUM,MAINTENANCE,,
Sarah,Thompson,JK17634,9679678,ALCOR DYNAMICS,8,NOT FOUND,PULSE,RPS,,
Tony,Christensen,EA03385,6892235,HYRION DIGITAL,8,NOT FOUND,PULSE,SUPPORT,,
Thomas,Stark,KD09935,4981245,INOVA GLOBAL,8,NOT FOUND,PHOENIX,RPS,,
Lisa,Burton,UJ90918,8529317,LUMEX GROUP,8,NOT FOUND,STELLAR,FORFAIT,,
Nicholas,Williams,QS93283,4914728,INOVA SOLUTIONS,8,NOT FOUND,STELLAR,FORFAIT,,
Nathan,Davis,CD89636,9321367,ALCOR DYNAMICS,8,NOT FOUND,QUANTUM,RPS,,
Shane,Myers,IB50152,7801420,JALVIK DYNAMICS,8,NOT FOUND,VERTEX,SUPPORT,,
James,Schneider,EX48721,9246487,ETHOS VENTURES,8,NOT FOUND,NOVA,FORFAIT,,
Zachary,Hill,PJ41127,6419307,CENVEO CONSULTING,8,NOT FOUND,QUANTUM,SUPPORT,,
Robert,Taylor,JM56285,5619978,GOLZEN DIGITAL,8,NOT FOUND,PULSE,RPS,,
Kyle,Mays,ZQ27526,7124559,JALVIK GLOBAL,8,NOT FOUND,ORBIT,FORFAIT,,
Pamela,Price,QN99137,8556269,KESTRA CONSULTING,8,NOT FOUND,ATLAS,RPS,,
Chase,Cox,FB67498,8995970,HYRION VENTURES,8,NOT FOUND,NOVA,MAINTENANCE,,
Donna,Webb,AD26494,1753493,ETHOS SOLUTIONS,8,NOT FOUND,VERTEX,SUPPORT,,
Stephen,Robbins,CI46808,9571051,ALCOR GROUP,8,NOT FOUND,ATLAS,MAINTENANCE,,
Michelle,Anderson,JJ71929,2274578,DELVO CONSULTING,8,NOT FOUND,VERTEX,RPS,,
Courtney,Jackson,EL82023,7281114,CENVEO TECH,8,NOT FOUND,NOVA,SUPPORT,,
Robert,Rodgers,OA66824,4073655,LUMEX GROUP,8,NOT FOUND,STELLAR,REGIE,,
Katherine,Davis,SS46524,9944789,ALCOR GLOBAL,8,NOT FOUND,ORBIT,RPS,,
Suzanne,Green,SR31300,2342831,DELVO DYNAMICS,8,NOT FOUND,NEXUS,SUPPORT,,
John,Carroll,ZQ03559,7323674,FORVEX GROUP,8,NOT FOUND,STELLAR,MAINTENANCE,,
Joseph,Roy,MP41254,7555842,INOVA TECH,8,NOT FOUND,VERTEX,SUPPORT,,
Victoria,Silva,CL88647,9786182,ETHOS VENTURES,8,NOT FOUND,NEXUS,FORFAIT,,
Jeremy,Bailey,ZE38956,3224609,INOVA SOLUTIONS,8,NOT FOUND,ATLAS,REGIE,,
Sarah,Smith,NY96014,6822694,FORVEX SYSTEMS,8,NOT FOUND,QUANTUM,REGIE,,
Diana,Knox,WH96396,4999586,BRYTON SOLUTIONS,8,NOT FOUND,VERTEX,MAINTENANCE,,
Carlos,Washington,FC41826,5497205,DELVO DIGITAL,8,NOT FOUND,ATLAS,RPS,,
Ian,Gordon,JS53722,3954807,FORVEX SYSTEMS,8,NOT FOUND,ATLAS,SUPPORT,,
Lisa,Reyes,MO88630,5113997,CENVEO TECH,8,NOT FOUND,ORBIT,MAINTENANCE,,
Ryan,Robinson,ST10276,3077285,JALVIK VENTURES,8,NOT FOUND,PHOENIX,RPS,,
Robert,Parker,JZ37454,7245869,GOLZEN SOLUTIONS,8,NOT FOUND,STELLAR,MAINTENANCE,,
Jeffrey,Strickland,NM05541,3627907,LUMEX GROUP,8,NOT FOUND,STELLAR,REGIE,,
Amanda,Tran,MN49769,2937500,ETHOS DYNAMICS,8,NOT FOUND,STELLAR,RPS,,
Peter,Clements,AU69566,7376537,LUMEX VENTURES,8,NOT FOUND,PHOENIX,RPS,,
Kiara,Ryan,PF44090,9310258,ETHOS VENTURES,8,NOT FOUND,QUANTUM,FORFAIT,,
Timothy,Taylor,WH80840,5628064,GOLZEN DYNAMICS,8,NOT FOUND,QUANTUM,REGIE,,
Kenneth,Butler,HK82311,5790594,ALCOR VENTURES,8,NOT FOUND,STELLAR,MAINTENANCE,,
Lee,Ellis,LZ44530,6610410,FORVEX CONSULTING,8,NOT FOUND,NEXUS,REGIE,,
Paul,Lee,JX10944,9378921,ETHOS DYNAMICS,8,NOT FOUND,PULSE,MAINTENANCE,,
Maria,Smith,UT93835,9229365,GOLZEN GLOBAL,8,NOT FOUND,VERTEX,REGIE,,
Steven,Morales,QU49915,7158247,KESTRA VENTURES,8,NOT FOUND,NOVA,REGIE,,
Elaine,Trevino,ZN80053,9374504,ALCOR SYSTEMS,8,NOT FOUND,QUANTUM,REGIE,,
Jill,Anderson,CC57865,4844438,JALVIK SOLUTIONS,8,NOT FOUND,PHOENIX,FORFAIT,,
Terry,Mendez,SF73856,4605657,CENVEO DYNAMICS,8,NOT FOUND,ORBIT,REGIE,,
Victoria,Stewart,YP37573,5323117,ALCOR GROUP,8,NOT FOUND,STELLAR,FORFAIT,,
Anna,Malone,TO01438,2048388,JALVIK GLOBAL,8,NOT FOUND,QUANTUM,RPS,,
Brittany,Gentry,JS02151,4458001,FORVEX DYNAMICS,8,NOT FOUND,QUANTUM,FORFAIT,,
David,Grimes,KH17662,4362556,LUMEX CONSULTING,8,NOT FOUND,ATLAS,SUPPORT,,
David,Hale,LD20247,3069630,JALVIK DYNAMICS,8,NOT FOUND,VERTEX,SUPPORT,,
Patrick,Briggs,AS28385,2237226,HYRION TECH,8,NOT FOUND,VERTEX,SUPPORT,,
Jeffrey,Cherry,HU25528,3951742,DELVO TECH,8,NOT FOUND,PHOENIX,REGIE,,
James,Bird,IZ11259,4043373,GOLZEN DIGITAL,8,NOT FOUND,ATLAS,MAINTENANCE,,
Adam,Cardenas,TT11162,8413971,JALVIK SYSTEMS,8,NOT FOUND,ATLAS,SUPPORT,,
Patricia,Brown,TX32225,5747365,BRYTON SOLUTIONS,8,NOT FOUND,ATLAS,FORFAIT,,
Willie,Cruz,WD01079,4941823,HYRION SYSTEMS,8,NOT FOUND,NOVA,FORFAIT,,
Robert,Martinez,UR82477,6963820,BRYTON GROUP,8,NOT FOUND,ORBIT,MAINTENANCE,,
Raymond,Long,TO67287,6949751,LUMEX VENTURES,8,NOT FOUND,VERTEX,FORFAIT,,
Keith,Griffin,GL29863,8661960,CENVEO DIGITAL,8,NOT FOUND,PHOENIX,REGIE,,
Joanna,Brown,EL71395,9739997,ALCOR GROUP,8,NOT FOUND,STELLAR,MAINTENANCE,,
Amber,Barnes,GU00212,4686062,INOVA SOLUTIONS,8,NOT FOUND,VERTEX,SUPPORT,,
Matthew,Owens,ZB56506,8155754,FORVEX GLOBAL,8,NOT FOUND,QUANTUM,REGIE,,
Haley,Allen,CO07360,3138869,ETHOS GROUP,8,NOT FOUND,PULSE,RPS,,
Margaret,Berg,TN28579,3630938,JALVIK DIGITAL,8,NOT FOUND,NEXUS,FORFAIT,,
Amber,Stone,CO86175,5023006,HYRION GROUP,8,NOT FOUND,ATLAS,RPS,,
Rickey,Vincent,OQ26671,8434913,ALCOR GLOBAL,8,NOT FOUND,VERTEX,REGIE,,
Tiffany,Higgins,UN30286,2629550,ETHOS CONSULTING,8,NOT FOUND,ORBIT,FORFAIT,,
Juan,Peterson,TK29584,3770936,KESTRA SOLUTIONS,8,NOT FOUND,VERTEX,SUPPORT,,
Daniel,Carpenter,HV46928,1846600,ALCOR GROUP,8,NOT FOUND,STELLAR,FORFAIT,,
Mark,Brown,RE02227,7474355,BRYTON SYSTEMS,8,NOT FOUND,ORBIT,RPS,,
James,Clark,LF68469,1401565,DELVO GROUP,8,NOT FOUND,NOVA,SUPPORT,,
Eric,Hughes,LD77766,9769105,LUMEX SOLUTIONS,8,NOT FOUND,PULSE,REGIE,,
Sarah,Holmes,PQ09951,8339675,INOVA DIGITAL,8,NOT FOUND,VERTEX,REGIE,,
David,Cox,CB96202,5189950,BRYTON DYNAMICS,8,NOT FOUND,NEXUS,REGIE,,
Justin,Scott,HW93992,6102309,KESTRA DYNAMICS,8,NOT FOUND,PULSE,RPS,,
Robert,Phillips,RP53912,8249123,CENVEO SYSTEMS,8,NOT FOUND,NOVA,RPS,,
Jeremy,Gardner,GE86486,7274256,JALVIK CONSULTING,8,NOT FOUND,ATLAS,REGIE,,
Courtney,Thomas,HS39928,2859720,CENVEO DIGITAL,8,NOT FOUND,VERTEX,REGIE,,
Michele,Richardson,YR76389,7990508,ETHOS CONSULTING,8,NOT FOUND,QUANTUM,RPS,,
Marcus,Small,FU18543,1703193,INOVA SOLUTIONS,8,NOT FOUND,ATLAS,FORFAIT,,
Linda,Hernandez,YU30811,1726149,LUMEX TECH,8,NOT FOUND,STELLAR,RPS,,
Jessica,West,ZT09420,4915544,KESTRA VENTURES,8,NOT FOUND,QUANTUM,FORFAIT,,
Cheyenne,Bailey,GN15713,6007091,LUMEX VENTURES,8,NOT FOUND,STELLAR,FORFAIT,,
Austin,Lowery,XI77763,4837560,FORVEX SYSTEMS,8,NOT FOUND,STELLAR,SUPPORT,,
Kathryn,Stein,TC17773,9274333,INOVA SOLUTIONS,8,NOT FOUND,NEXUS,REGIE,,
Reginald,Nelson,ND26284,6102102,JALVIK CONSULTING,8,NOT FOUND,VERTEX,SUPPORT,,
Samuel,Robinson,YM87930,2269295,FORVEX DYNAMICS,8,NOT FOUND,NOVA,MAINTENANCE,,
Patricia,Morgan,BG35760,8211176,CENVEO GLOBAL,8,NOT FOUND,VERTEX,RPS,,
Brian,Smith,TB45101,8173314,HYRION GROUP,8,NOT FOUND,PHOENIX,SUPPORT,,
Kathryn,Garza,QL66834,9396984,CENVEO SOLUTIONS,8,NOT FOUND,ATLAS,MAINTENANCE,,
Laurie,Finley,OF47896,3531806,KESTRA GROUP,8,NOT FOUND,ORBIT,REGIE,,
Jennifer,Soto,XY20481,3756790,HYRION TECH,8,NOT FOUND,NOVA,MAINTENANCE,,
Zoe,Williams,QW33225,3229518,ETHOS SYSTEMS,8,NOT FOUND,PHOENIX,MAINTENANCE,,
Gregory,Lester,CC40874,4569216,CENVEO GROUP,8,NOT FOUND,VERTEX,SUPPORT,,
Adrian,Hensley,HF49983,9525353,DELVO DIGITAL,8,NOT FOUND,QUANTUM,FORFAIT,,
Dawn,Sparks,YP18379,9989331,HYRION GROUP,8,NOT FOUND,NOVA,REGIE,,
Jennifer,Walker,XY18145,2290959,KESTRA GROUP,8,NOT FOUND,ATLAS,SUPPORT,,
Eric,Patrick,QH34789,1017939,LUMEX CONSULTING,8,NOT FOUND,NEXUS,FORFAIT,,
William,Ramirez,HL90340,7898015,DELVO SYSTEMS,8,NOT FOUND,ATLAS,RPS,,
James,Jones,IU21641,6570958,BRYTON SOLUTIONS,8,NOT FOUND,NOVA,SUPPORT,,
Kendra,Chen,UB46793,6027080,HYRION DYNAMICS,8,NOT FOUND,PULSE,SUPPORT,,
Thomas,Price,EA70355,3470134,KESTRA SYSTEMS,8,NOT FOUND,STELLAR,RPS,,
Megan,Hernandez,NP87951,1238176,LUMEX GLOBAL,8,NOT FOUND,NEXUS,FORFAIT,,
Emily,Daniels,BU21532,8615673,LUMEX SOLUTIONS,8,NOT FOUND,ATLAS,REGIE,,
Michelle,Quinn,HC84938,8808139,HYRION SOLUTIONS,8,NOT FOUND,VERTEX,FORFAIT,,
Roy,Russell,VY91624,9012833,CENVEO DIGITAL,8,NOT FOUND,ORBIT,FORFAIT,,
Alan,Simon,HO91118,3778834,INOVA SYSTEMS,8,NOT FOUND,PULSE,REGIE,,
Christopher,Bradley,OW30935,5065216,HYRION TECH,8,NOT FOUND,QUANTUM,FORFAIT,,
Michael,Davis,AI44479,2738382,DELVO DIGITAL,8,NOT FOUND,PULSE,FORFAIT,,
Sara,Mitchell,PD47249,2903237,INOVA SOLUTIONS,8,NOT FOUND,ORBIT,SUPPORT,,
Craig,Ruiz,PX55816,8772960,FORVEX TECH,8,NOT FOUND,NOVA,FORFAIT,,
Timothy,Warren,LS23707,4829610,GOLZEN SOLUTIONS,8,NOT FOUND,STELLAR,SUPPORT,,
Mallory,Glenn,NW94678,3947631,DELVO CONSULTING,8,NOT FOUND,QUANTUM,REGIE,,
Abigail,Lawson,ML52498,7531834,DELVO DYNAMICS,8,NOT FOUND,PULSE,RPS,,
Gabriel,Black,PY67233,2161280,ETHOS GLOBAL,8,NOT FOUND,ORBIT,FORFAIT,,
Lisa,Tucker,SL92399,8667402,ALCOR DYNAMICS,8,NOT FOUND,VERTEX,RPS,,
Brianna,Harvey,TX38684,5661281,FORVEX SOLUTIONS,8,NOT FOUND,PULSE,SUPPORT,,
Nicholas,Perry,WK17069,2161933,ETHOS CONSULTING,8,NOT FOUND,PHOENIX,MAINTENANCE,,
Jennifer,Norris,BF75550,3328934,LUMEX SYSTEMS,8,NOT FOUND,ORBIT,RPS,,
Diane,Wall,II39003,1049313,DELVO SOLUTIONS,8,NOT FOUND,QUANTUM,REGIE,,
Jane,Chapman,BU34863,7645702,FORVEX DIGITAL,8,NOT FOUND,NEXUS,MAINTENANCE,,
Sharon,Estrada,XI19051,2704887,ETHOS TECH,8,NOT FOUND,STELLAR,SUPPORT,,
Anthony,Charles,CW77853,7833586,BRYTON TECH,8,NOT FOUND,PULSE,REGIE,,
Richard,Miller,UJ09967,7670146,JALVIK SOLUTIONS,8,NOT FOUND,VERTEX,REGIE,,
Nancy,Carter,HU85470,1650205,INOVA CONSULTING,8,NOT FOUND,PHOENIX,FORFAIT,,
Mary,Green,MT87380,8301122,INOVA GROUP,8,NOT FOUND,PHOENIX,FORFAIT,,
Teresa,Webster,MN86808,3162267,BRYTON SOLUTIONS,8,NOT FOUND,ORBIT,MAINTENANCE,,
Rebecca,Anderson,AZ75407,1322898,LUMEX SYSTEMS,8,NOT FOUND,NOVA,REGIE,,
David,Castro,XC56713,3903786,CENVEO SYSTEMS,8,NOT FOUND,PHOENIX,REGIE,,
Becky,King,LP95586,4508613,ETHOS SOLUTIONS,8,NOT FOUND,PULSE,FORFAIT,,
Margaret,Hobbs,PO76316,8653451,KESTRA GLOBAL,8,NOT FOUND,PULSE,MAINTENANCE,,
Danielle,Francis,ZB50436,7615982,FORVEX CONSULTING,8,NOT FOUND,VERTEX,FORFAIT,,
Andrea,Price,LS69130,3059111,GOLZEN SOLUTIONS,8,NOT FOUND,PHOENIX,SUPPORT,,
Caitlin,Smith,EX07840,1033551,FORVEX SOLUTIONS,8,NOT FOUND,NEXUS,SUPPORT,,
Jordan,Jones,RX94634,9748856,DELVO TECH,8,NOT FOUND,NEXUS,MAINTENANCE,,
Samantha,Yates,XY69737,6378563,BRYTON GLOBAL,8,NOT FOUND,STELLAR,SUPPORT,,
Dylan,Hamilton,GU07627,2765458,FORVEX GROUP,8,NOT FOUND,VERTEX,MAINTENANCE,,
Laura,Bentley,GV43207,3170082,LUMEX CONSULTING,8,NOT FOUND,PHOENIX,REGIE,,
Matthew,James,NO51269,6159217,ETHOS GROUP,8,NOT FOUND,PHOENIX,REGIE,,
Tyler,Martin,WQ25666,2853132,LUMEX GLOBAL,8,NOT FOUND,PHOENIX,RPS,,
Kyle,Hurst,BH04505,3654305,INOVA GLOBAL,8,NOT FOUND,ATLAS,FORFAIT,,
April,Hall,UG07114,7147760,BRYTON SYSTEMS,8,NOT FOUND,STELLAR,FORFAIT,,
Erica,Ellison,VO34637,6677002,ALCOR GLOBAL,8,NOT FOUND,STELLAR,FORFAIT,,
Debbie,Myers,UM64614,8538753,CENVEO TECH,8,NOT FOUND,NOVA,MAINTENANCE,,
Luis,Powell,JT73311,8237588,ALCOR SOLUTIONS,8,NOT FOUND,PULSE,REGIE,,
Allison,Bailey,ES19935,1302526,CENVEO DIGITAL,8,NOT FOUND,VERTEX,RPS,,
Kevin,Meyer,LL40762,9225801,GOLZEN VENTURES,8,NOT FOUND,STELLAR,REGIE,,
Martha,Calderon,CX76421,8569412,CENVEO DIGITAL,8,NOT FOUND,ORBIT,REGIE,,
Erik,Andrews,UM27693,6986929,LUMEX SOLUTIONS,8,NOT FOUND,VERTEX,FORFAIT,,
James,Myers,EG89072,6579819,DELVO SYSTEMS,8,NOT FOUND,PHOENIX,MAINTENANCE,,
Jamie,Reed,LA63658,6949056,GOLZEN GLOBAL,8,NOT FOUND,QUANTUM,RPS,,
Zachary,Taylor,OP19674,8776616,LUMEX DYNAMICS,8,NOT FOUND,ORBIT,RPS,,
Denise,Boyd,QH82396,3394936,JALVIK GLOBAL,8,NOT FOUND,NOVA,RPS,,
Stanley,Davidson,UO95859,5343413,GOLZEN SOLUTIONS,8,NOT FOUND,PULSE,FORFAIT,,
Daniel,Moore,TK59375,2349174,GOLZEN GLOBAL,8,NOT FOUND,STELLAR,MAINTENANCE,,
Susan,Snyder,MS80543,6105390,FORVEX VENTURES,8,NOT FOUND,NOVA,MAINTENANCE,,
Kimberly,Snyder,YA71610,7133479,INOVA TECH,8,NOT FOUND,QUANTUM,SUPPORT,,
Christopher,Lane,OD24706,6691850,KESTRA SYSTEMS,8,NOT FOUND,QUANTUM,REGIE,,
Jessica,Williams,HZ37765,8862146,INOVA CONSULTING,8,NOT FOUND,STELLAR,REGIE,,
Nichole,Jones,MR64342,4199013,INOVA GLOBAL,8,NOT FOUND,PULSE,MAINTENANCE,,
Rick,Dunn,OM32835,2271887,BRYTON GROUP,8,NOT FOUND,VERTEX,RPS,,
Bryan,Evans,RA58044,8404954,ETHOS SOLUTIONS,8,NOT FOUND,NEXUS,SUPPORT,,
Laurie,Wright,OV81480,2052094,ALCOR GLOBAL,8,NOT FOUND,ATLAS,SUPPORT,,
Joel,Brooks,AF85241,4841042,ALCOR GLOBAL,8,NOT FOUND,QUANTUM,RPS,,
Jason,Gregory,QG35063,3088289,CENVEO SOLUTIONS,8,NOT FOUND,NOVA,REGIE,,
Billy,Waller,CC10919,3608921,DELVO GROUP,8,NOT FOUND,STELLAR,RPS,,
Lisa,Castaneda,CL21257,6857286,INOVA SOLUTIONS,8,NOT FOUND,PHOENIX,FORFAIT,,
Jennifer,Scott,IL99996,2647540,DELVO DIGITAL,8,NOT FOUND,VERTEX,RPS,,
Richard,Black,NU10683,2409421,JALVIK VENTURES,8,NOT FOUND,NEXUS,REGIE,,
Ashley,Dean,PH25445,8496306,ALCOR GLOBAL,8,NOT FOUND,ATLAS,REGIE,,
Jennifer,Bond,UP84496,2511256,KESTRA GLOBAL,8,NOT FOUND,NEXUS,SUPPORT,,
Robert,Mcfarland,PZ84731,4829055,KESTRA CONSULTING,8,NOT FOUND,PULSE,RPS,,
Mitchell,Galloway,GB22898,4308798,ETHOS VENTURES,8,NOT FOUND,ATLAS,FORFAIT,,
Paul,Miller,BF94634,3653770,GOLZEN CONSULTING,8,NOT FOUND,ATLAS,REGIE,,
Thomas,Griffin,WE95352,2342449,HYRION SYSTEMS,8,NOT FOUND,ATLAS,RPS,,
Michael,Davis,PI26138,4665407,BRYTON GLOBAL,8,NOT FOUND,VERTEX,FORFAIT,,
Tara,Leach,WN43797,3412764,CENVEO TECH,8,NOT FOUND,PULSE,FORFAIT,,
Zachary,Nguyen,SP97009,6840953,FORVEX SYSTEMS,8,NOT FOUND,STELLAR,SUPPORT,,
Daniel,Hawkins,LA45722,6709887,DELVO SYSTEMS,8,NOT FOUND,QUANTUM,MAINTENANCE,,
Michael,Le,VF67022,5408739,INOVA DIGITAL,8,NOT FOUND,PULSE,MAINTENANCE,,
Mark,Smith,XO57184,9991645,CENVEO DYNAMICS,8,NOT FOUND,NEXUS,MAINTENANCE,,
Debra,Kim,NJ11239,3219211,DELVO DIGITAL,8,NOT FOUND,QUANTUM,MAINTENANCE,,
Roger,Rivera,IL31514,4031298,JALVIK SOLUTIONS,8,NOT FOUND,NEXUS,MAINTENANCE,,
Jillian,Gonzalez,AB38304,3495562,ALCOR GROUP,8,NOT FOUND,STELLAR,MAINTENANCE,,
Monica,Gallagher,IH49132,8017215,HYRION TECH,8,NOT FOUND,ORBIT,RPS,,
Andrew,George,PX77305,9647786,DELVO CONSULTING,8,NOT FOUND,ORBIT,REGIE,,
Marcus,Johnson,SG62707,2022204,LUMEX VENTURES,8,NOT FOUND,PULSE,REGIE,,
Timothy,Kennedy,AE39301,9807966,INOVA VENTURES,8,NOT FOUND,ATLAS,REGIE,,
Ryan,Avila,YH67652,9208072,HYRION SYSTEMS,8,NOT FOUND,STELLAR,SUPPORT,,
Danielle,Reed,DL27869,5184482,ALCOR VENTURES,8,NOT FOUND,NEXUS,SUPPORT,,
Mathew,Bailey,OE42055,3819632,BRYTON DYNAMICS,8,NOT FOUND,ATLAS,RPS,,
Matthew,Robinson,CI03974,6065657,INOVA GLOBAL,8,NOT FOUND,STELLAR,MAINTENANCE,,
Philip,Price,XI65670,4901046,ALCOR CONSULTING,8,NOT FOUND,NOVA,REGIE,,
Kent,Walker,ST31756,7839009,HYRION SYSTEMS,8,NOT FOUND,PHOENIX,SUPPORT,,
Benjamin,Walter,XS36176,4379701,JALVIK VENTURES,8,NOT FOUND,NEXUS,RPS,,
Mark,Hall,JC11087,7766188,LUMEX CONSULTING,8,NOT FOUND,VERTEX,RPS,,
Heidi,Thomas,QF28728,7583140,INOVA DIGITAL,8,NOT FOUND,STELLAR,MAINTENANCE,,
Jeremy,Adams,RW85610,3152259,GOLZEN TECH,8,NOT FOUND,PULSE,REGIE,,
Brittany,Phillips,GV48102,7386570,KESTRA TECH,8,NOT FOUND,VERTEX,SUPPORT,,
Caleb,Rojas,KH61544,9530733,FORVEX DYNAMICS,8,NOT FOUND,NEXUS,FORFAIT,,
Robert,Perez,ZX03014,4972604,ALCOR DIGITAL,8,NOT FOUND,PHOENIX,MAINTENANCE,,
Christopher,Page,XL26579,1352329,JALVIK TECH,8,NOT FOUND,PULSE,RPS,,
Jimmy,Cain,EB67697,9340838,INOVA CONSULTING,8,NOT FOUND,QUANTUM,FORFAIT,,
Dawn,Hogan,AW31480,9524110,LUMEX DIGITAL,8,NOT FOUND,NEXUS,REGIE,,
Morgan,Boyle,UZ68218,7272684,LUMEX GROUP,8,NOT FOUND,STELLAR,REGIE,,
Allison,Kirby,WX15525,2656477,KESTRA DIGITAL,8,NOT FOUND,ATLAS,REGIE,,
Daryl,Green,IP06239,1495234,ETHOS TECH,8,NOT FOUND,ATLAS,MAINTENANCE,,
Robert,Soto,LW95841,6764673,HYRION GROUP,8,NOT FOUND,NOVA,RPS,,
Adam,Black,OE85177,2048157,KESTRA SYSTEMS,8,NOT FOUND,PULSE,RPS,,
Rodney,Baker,MD14565,4458470,BRYTON DYNAMICS,8,NOT FOUND,PULSE,REGIE,,
Alexandra,Hall,ZN55203,5418925,LUMEX SYSTEMS,8,NOT FOUND,ORBIT,RPS,,
Jonathan,Valencia,RL58150,2521396,LUMEX VENTURES,8,NOT FOUND,PHOENIX,RPS,,
Stephen,Salazar,VY39163,3430477,KESTRA GROUP,8,NOT FOUND,PHOENIX,MAINTENANCE,,
Dawn,Mccarty,YO72395,2059047,KESTRA DYNAMICS,8,NOT FOUND,ATLAS,FORFAIT,,
Dawn,Powell,VB22289,6997169,BRYTON SOLUTIONS,8,NOT FOUND,NEXUS,RPS,,
Derek,Parker,YK73163,5421896,GOLZEN GLOBAL,8,NOT FOUND,ATLAS,SUPPORT,,
William,Randall,EB55642,5655348,ALCOR TECH,8,NOT FOUND,ATLAS,SUPPORT,,
Frank,Simpson,EC52823,4390719,JALVIK DYNAMICS,8,NOT FOUND,ATLAS,FORFAIT,,
Amanda,Watson,GW52435,4421354,LUMEX VENTURES,8,NOT FOUND,PULSE,REGIE,,
Amanda,Thomas,TX40873,8552073,INOVA SOLUTIONS,8,NOT FOUND,QUANTUM,MAINTENANCE,,
Isaiah,Miller,MN84214,5808590,DELVO TECH,8,NOT FOUND,NOVA,RPS,,
Sara,Perez,RZ11083,9616349,BRYTON GLOBAL,8,NOT FOUND,ATLAS,MAINTENANCE,,
Christopher,Hart,HV44261,5036321,LUMEX GROUP,8,NOT FOUND,ORBIT,SUPPORT,,
Emily,Vasquez,VK00548,5833166,FORVEX TECH,8,NOT FOUND,PULSE,REGIE,,
Jesse,Taylor,DU65810,2739947,FORVEX GROUP,8,NOT FOUND,ATLAS,SUPPORT,,
Eric,Gardner,PU74626,5383446,LUMEX DYNAMICS,8,NOT FOUND,ATLAS,MAINTENANCE,,
Heidi,Armstrong,WD75565,1726975,KESTRA GROUP,8,NOT FOUND,STELLAR,FORFAIT,,
Brandy,White,IB82476,5467848,JALVIK SOLUTIONS,8,NOT FOUND,PHOENIX,RPS,,
Anthony,Fitzpatrick,CO80074,2347910,HYRION TECH,8,NOT FOUND,ATLAS,REGIE,,
Michael,Robinson,UG38141,2506972,GOLZEN GROUP,8,NOT FOUND,VERTEX,SUPPORT,,
Kathleen,Gonzales,MA40478,6060161,LUMEX VENTURES,8,NOT FOUND,VERTEX,RPS,,
Kathy,Kane,WY98839,9593244,ALCOR SYSTEMS,8,NOT FOUND,PULSE,MAINTENANCE,,
Amy,Richardson,PG28410,3409007,ALCOR DIGITAL,8,NOT FOUND,PULSE,FORFAIT,,
Mark,Evans,DI45262,9260575,ETHOS VENTURES,8,NOT FOUND,QUANTUM,MAINTENANCE,,
Felicia,Martinez,BI50637,3659771,KESTRA GROUP,8,NOT FOUND,PULSE,FORFAIT,,
Amanda,Soto,HT91960,7359245,JALVIK CONSULTING,8,NOT FOUND,NOVA,RPS,,
Lisa,Wagner,DU41852,3648473,BRYTON CONSULTING,8,NOT FOUND,ORBIT,MAINTENANCE,,
Calvin,Fritz,WJ71214,1951342,GOLZEN DIGITAL,8,NOT FOUND,NEXUS,REGIE,,
Mallory,Torres,LC55428,3603141,ALCOR GROUP,8,NOT FOUND,ORBIT,FORFAIT,,
Dennis,Gutierrez,BB17856,4773456,ETHOS TECH,8,NOT FOUND,ATLAS,REGIE,,
Sandra,Tanner,JY64268,6023989,ETHOS SOLUTIONS,8,NOT FOUND,QUANTUM,FORFAIT,,
Michelle,Ochoa,EN71819,3642355,CENVEO GLOBAL,8,NOT FOUND,ORBIT,REGIE,,
Cassandra,Johnson,AK27359,2724393,GOLZEN GROUP,8,NOT FOUND,STELLAR,MAINTENANCE,,
Sherry,Andersen,SJ00081,6904325,DELVO DIGITAL,8,NOT FOUND,VERTEX,FORFAIT,,
Eric,Mendez,FD56857,1124741,LUMEX TECH,8,NOT FOUND,NEXUS,RPS,,
Sarah,Miller,PV64639,5914438,LUMEX CONSULTING,8,NOT FOUND,NEXUS,RPS,,
Mark,Ray,SJ86262,1944184,DELVO GROUP,8,NOT FOUND,ORBIT,RPS,,
Christopher,Gonzales,BQ60344,3776358,CENVEO GLOBAL,8,NOT FOUND,QUANTUM,REGIE,,
Austin,Larsen,YN68154,6024671,LUMEX TECH,8,NOT FOUND,ATLAS,RPS,,
Erik,Gilmore,DH80345,1541874,DELVO VENTURES,8,NOT FOUND,PHOENIX,MAINTENANCE,,
Nathan,Johnson,EH73589,6303828,FORVEX DYNAMICS,8,NOT FOUND,QUANTUM,SUPPORT,,
Jared,Williams,ZK99267,7557400,DELVO VENTURES,8,NOT FOUND,ATLAS,SUPPORT,,
Diane,Harris,BA81479,7950742,HYRION GROUP,8,NOT FOUND,PHOENIX,RPS,,
Jenna,Chandler,GY65987,8676134,INOVA DYNAMICS,8,NOT FOUND,NOVA,SUPPORT,,
Laurie,Watson,EU30768,6545747,HYRION SYSTEMS,8,NOT FOUND,ORBIT,MAINTENANCE,,
Anthony,Jensen,AU79126,1622895,INOVA DIGITAL,8,NOT FOUND,ATLAS,RPS,,
Carlos,Garner,FA34202,2365622,ETHOS TECH,8,NOT FOUND,STELLAR,FORFAIT,,
Joseph,Hansen,AI82665,7949500,ALCOR GLOBAL,8,NOT FOUND,ORBIT,MAINTENANCE,,
Luke,Fitzgerald,UP52139,4462948,GOLZEN SOLUTIONS,8,NOT FOUND,QUANTUM,MAINTENANCE,,
Stephanie,Nelson,PJ37722,2876161,JALVIK VENTURES,8,NOT FOUND,VERTEX,REGIE,,
Sergio,Johnson,BS70012,2972453,ETHOS DIGITAL,8,NOT FOUND,PHOENIX,SUPPORT,,
Karen,Mosley,GH75385,3166801,DELVO DIGITAL,8,NOT FOUND,PHOENIX,MAINTENANCE,,
Jacob,Dunlap,MI68338,2672686,KESTRA VENTURES,8,NOT FOUND,VERTEX,REGIE,,
David,Burgess,ET22977,3778158,DELVO CONSULTING,8,NOT FOUND,VERTEX,FORFAIT,,
Laura,Mclaughlin,SC35376,1999323,JALVIK GROUP,8,NOT FOUND,ATLAS,RPS,,
Marcus,Bates,RO66196,6179555,BRYTON SYSTEMS,8,NOT FOUND,ORBIT,MAINTENANCE,,
Jamie,Walton,SI00749,7961256,KESTRA DYNAMICS,8,NOT FOUND,NOVA,MAINTENANCE,,
Joshua,Harvey,BI20807,5595690,DELVO VENTURES,8,NOT FOUND,STELLAR,MAINTENANCE,,
Anthony,Nielsen,QY14378,7148596,LUMEX CONSULTING,8,NOT FOUND,PHOENIX,SUPPORT,,
George,Wilson,YZ52777,3074780,JALVIK SYSTEMS,8,NOT FOUND,NOVA,REGIE,,
Cody,Smith,JG27963,4552051,INOVA GROUP,8,NOT FOUND,PULSE,REGIE,,
Andrew,Strong,MJ85875,9641824,ETHOS SYSTEMS,8,NOT FOUND,NOVA,SUPPORT,,
Jessica,Jackson,TB27197,4990215,BRYTON VENTURES,8,NOT FOUND,NOVA,FORFAIT,,
Daniel,Pierce,ZC34417,5248840,BRYTON SOLUTIONS,8,NOT FOUND,ATLAS,FORFAIT,,
Michelle,Zimmerman,MV80298,1294494,FORVEX DIGITAL,8,NOT FOUND,PULSE,SUPPORT,,
James,Anderson,OB72540,2901369,HYRION GLOBAL,8,NOT FOUND,PHOENIX,SUPPORT,,
Kelly,Leach,CQ47267,7119043,DELVO DIGITAL,8,NOT FOUND,QUANTUM,REGIE,,
Austin,Martin,IJ45315,4626584,ALCOR SOLUTIONS,8,NOT FOUND,STELLAR,RPS,,
Linda,Schmidt,CP34573,7951011,FORVEX CONSULTING,8,NOT FOUND,ATLAS,MAINTENANCE,,
Randall,Kirk,UL14344,6102219,JALVIK DYNAMICS,8,NOT FOUND,PHOENIX,MAINTENANCE,,
Steven,Patterson,YT82025,5280601,DELVO DYNAMICS,8,NOT FOUND,VERTEX,MAINTENANCE,,
Alan,Davis,JN99947,4605882,INOVA SYSTEMS,8,NOT FOUND,PHOENIX,FORFAIT,,
James,Sims,QY47686,8981354,LUMEX CONSULTING,8,NOT FOUND,VERTEX,RPS,,
Robert,Ryan,SO93387,2011271,INOVA TECH,8,NOT FOUND,ATLAS,FORFAIT,,
Laura,Terry,OO31772,1068282,LUMEX SOLUTIONS,8,NOT FOUND,NOVA,REGIE,,
Emily,Mitchell,TI27914,8434778,BRYTON GLOBAL,8,NOT FOUND,PULSE,RPS,,
Cynthia,Sandoval,TG40432,4619648,INOVA GROUP,8,NOT FOUND,NEXUS,SUPPORT,,
Nichole,Fernandez,WR08770,7027501,DELVO SYSTEMS,8,NOT FOUND,NOVA,FORFAIT,,
Elizabeth,Garrison,LN36026,9274885,DELVO DIGITAL,8,NOT FOUND,QUANTUM,SUPPORT,,
Sharon,Horne,PV20036,6457952,LUMEX DIGITAL,8,NOT FOUND,STELLAR,RPS,,
James,Smith,ZZ90087,4373498,BRYTON GLOBAL,8,NOT FOUND,VERTEX,MAINTENANCE,,
Jesse,Russell,MS78083,5065840,BRYTON SYSTEMS,8,NOT FOUND,ATLAS,FORFAIT,,
Richard,Buck,BF33543,9780945,GOLZEN SOLUTIONS,8,NOT FOUND,ATLAS,MAINTENANCE,,
Joshua,Gates,ON52470,1437496,INOVA VENTURES,8,NOT FOUND,QUANTUM,RPS,,
George,Tucker,LK63799,2070245,ETHOS GLOBAL,8,NOT FOUND,ORBIT,MAINTENANCE,,
Melissa,Jenkins,AA96105,3103024,FORVEX CONSULTING,8,NOT FOUND,ATLAS,REGIE,,
Dennis,Mccarthy,RN71058,4665534,DELVO DYNAMICS,8,NOT FOUND,ORBIT,MAINTENANCE,,
Brandon,Rose,PT39054,2885457,GOLZEN DIGITAL,8,NOT FOUND,STELLAR,RPS,,
Jesse,Gross,DI67316,9062522,KESTRA VENTURES,8,NOT FOUND,ATLAS,FORFAIT,,
Linda,Reed,LA30178,7227657,DELVO SOLUTIONS,8,NOT FOUND,PULSE,FORFAIT,,
Miranda,Turner,QP77064,5461410,JALVIK DIGITAL,8,NOT FOUND,ORBIT,SUPPORT,,
Joshua,Guerrero,XQ81040,5288670,CENVEO DIGITAL,8,NOT FOUND,NEXUS,MAINTENANCE,,
John,Campbell,FK51030,8878095,DELVO GLOBAL,8,NOT FOUND,ATLAS,SUPPORT,,
Krista,Allen,UN25546,8365328,FORVEX SOLUTIONS,8,NOT FOUND,QUANTUM,MAINTENANCE,,
Jesus,Smith,CJ24561,1791793,HYRION GROUP,8,NOT FOUND,NOVA,FORFAIT,,
Marcus,Freeman,SW12139,3810450,DELVO TECH,8,NOT FOUND,NOVA,FORFAIT,,
John,Williams,AM40008,3629207,LUMEX GROUP,8,NOT FOUND,ATLAS,REGIE,,
Cynthia,Miles,BR29887,6544917,ALCOR SOLUTIONS,8,NOT FOUND,QUANTUM,MAINTENANCE,,
Catherine,Joseph,GT49960,4293788,GOLZEN GLOBAL,8,NOT FOUND,PHOENIX,SUPPORT,,
Nicole,Vargas,WK86239,6238774,LUMEX SYSTEMS,8,NOT FOUND,PHOENIX,RPS,,
David,Johnson,JO94515,5157973,CENVEO DYNAMICS,8,NOT FOUND,ATLAS,RPS,,
Wesley,Chambers,CE56691,9031593,KESTRA GLOBAL,8,NOT FOUND,ORBIT,REGIE,,
Jean,Adams,WG72429,5371636,LUMEX SYSTEMS,8,NOT FOUND,PHOENIX,RPS,,
Brenda,Mcdonald,QK35687,1636258,CENVEO SOLUTIONS,8,NOT FOUND,QUANTUM,REGIE,,
Mark,Russell,ZO26226,7490754,DELVO CONSULTING,8,NOT FOUND,NEXUS,FORFAIT,,
Samuel,Hebert,ER86747,2561527,FORVEX GROUP,8,NOT FOUND,NEXUS,SUPPORT,,
Mark,Young,VZ79580,7878072,LUMEX TECH,8,NOT FOUND,VERTEX,REGIE,,
Jessica,Tucker,ZP36708,1612327,CENVEO CONSULTING,8,NOT FOUND,QUANTUM,RPS,,
Michael,Price,UY76375,3209834,LUMEX CONSULTING,8,NOT FOUND,NOVA,SUPPORT,,
Jennifer,Lambert,VZ11027,4310937,GOLZEN TECH,8,NOT FOUND,VERTEX,MAINTENANCE,,
Maria,Robinson,WD36824,1382850,FORVEX CONSULTING,8,NOT FOUND,NOVA,REGIE,,
Anthony,Vega,YA31798,5833171,LUMEX GLOBAL,8,NOT FOUND,PULSE,MAINTENANCE,,
Emily,Berg,SU28936,3069940,FORVEX TECH,8,NOT FOUND,PULSE,SUPPORT,,
Christopher,Johnson,OH19264,2766594,INOVA SYSTEMS,8,NOT FOUND,NOVA,SUPPORT,,
Sarah,Cruz,KJ43250,6487662,ALCOR GLOBAL,8,NOT FOUND,ORBIT,MAINTENANCE,,
Francisco,Carlson,UE53972,9269577,KESTRA DYNAMICS,8,NOT FOUND,NEXUS,FORFAIT,,
John,Johnson,UE77903,2121804,KESTRA GROUP,8,NOT FOUND,ATLAS,FORFAIT,,
Kimberly,Contreras,BE25687,7192441,LUMEX CONSULTING,8,NOT FOUND,ORBIT,MAINTENANCE,,
Joann,Dennis,HB23940,4262992,INOVA DYNAMICS,8,NOT FOUND,NOVA,REGIE,,
Melody,Pitts,QJ08684,8462614,ETHOS CONSULTING,8,NOT FOUND,QUANTUM,RPS,,
Adam,Manning,ZE83771,7762516,FORVEX SOLUTIONS,8,NOT FOUND,NEXUS,RPS,,
Judy,Wilson,BH26005,2997365,JALVIK GLOBAL,8,NOT FOUND,PHOENIX,SUPPORT,,
Julie,Rush,LE68070,1474928,LUMEX GROUP,8,NOT FOUND,VERTEX,SUPPORT,,
Gary,Nelson,HS28655,4461202,LUMEX DIGITAL,8,NOT FOUND,ATLAS,MAINTENANCE,,
Madison,Morgan,OG59878,6566731,KESTRA SOLUTIONS,8,NOT FOUND,NEXUS,SUPPORT,,
Tiffany,Brown,YX79411,2233169,ALCOR TECH,8,NOT FOUND,PHOENIX,SUPPORT,,
Willie,Romero,OB78658,7976929,DELVO GROUP,8,NOT FOUND,PULSE,RPS,,
Nicholas,Henry,OC92449,4919671,BRYTON DIGITAL,8,NOT FOUND,PHOENIX,RPS,,
Miguel,Kim,VR10463,9261065,GOLZEN VENTURES,8,NOT FOUND,NEXUS,SUPPORT,,
Robin,Mendez,PS50094,9512487,GOLZEN TECH,8,NOT FOUND,STELLAR,MAINTENANCE,,
Cameron,Richardson,IB91096,3867116,FORVEX DYNAMICS,8,NOT FOUND,PULSE,REGIE,,
Emily,Miller,XB82045,5184422,ALCOR SYSTEMS,8,NOT FOUND,PULSE,RPS,,
Gary,Lopez,JK07193,7648806,CENVEO CONSULTING,8,NOT FOUND,ATLAS,MAINTENANCE,,
Robert,Larson,CI78977,2811990,HYRION GROUP,8,NOT FOUND,ATLAS,SUPPORT,,
Robert,Ford,TX35821,7186815,JALVIK VENTURES,8,NOT FOUND,PHOENIX,MAINTENANCE,,
Megan,Hall,JM42897,2538795,INOVA TECH,8,NOT FOUND,NEXUS,MAINTENANCE,,
Latoya,Williams,ZP23426,7786020,BRYTON SOLUTIONS,8,NOT FOUND,PHOENIX,REGIE,,
Allison,Lambert,RM44134,6174034,ALCOR SOLUTIONS,8,NOT FOUND,PHOENIX,RPS,,
Nancy,Salazar,YX80436,3152473,KESTRA TECH,8,NOT FOUND,PULSE,REGIE,,
Robert,Roberts,IH65228,7613306,ETHOS TECH,8,NOT FOUND,STELLAR,RPS,,
Jose,Cook,OI83173,1158830,INOVA DYNAMICS,8,NOT FOUND,ORBIT,SUPPORT,,
Tanner,James,EI19529,2130753,HYRION VENTURES,8,NOT FOUND,STELLAR,RPS,,
Kristina,Cannon,VM26397,4564679,GOLZEN CONSULTING,8,NOT FOUND,NOVA,SUPPORT,,
Rita,Wells,OO95020,6744011,JALVIK SOLUTIONS,8,NOT FOUND,NOVA,SUPPORT,,
Luis,Jones,IC63162,6827035,LUMEX DIGITAL,8,NOT FOUND,STELLAR,MAINTENANCE,,
Robert,Mason,GG73910,5682928,LUMEX DYNAMICS,8,NOT FOUND,NOVA,FORFAIT,,
Karen,Mathews,JR04951,8892711,GOLZEN SYSTEMS,8,NOT FOUND,PULSE,MAINTENANCE,,
David,Adkins,NX35068,9084362,ETHOS GLOBAL,8,NOT FOUND,NEXUS,SUPPORT,,
Daniel,Anderson,CV71299,8138095,DELVO SYSTEMS,8,NOT FOUND,PHOENIX,REGIE,,
Martin,Martin,KN48995,6556861,FORVEX TECH,8,NOT FOUND,NOVA,REGIE,,
Rebecca,Horton,CV34303,8238624,BRYTON DIGITAL,8,NOT FOUND,STELLAR,REGIE,,
Paula,Williams,DW80390,7519224,ALCOR DYNAMICS,8,NOT FOUND,PHOENIX,MAINTENANCE,,
Michael,Casey,WJ79693,2243250,FORVEX DIGITAL,8,NOT FOUND,NEXUS,FORFAIT,,
Sherry,Vaughn,XK10937,2523098,JALVIK SOLUTIONS,8,NOT FOUND,VERTEX,MAINTENANCE,,
Jeffrey,Sawyer,HU39833,9412785,KESTRA GLOBAL,8,NOT FOUND,VERTEX,FORFAIT,,
Paul,Davis,XU41867,1934022,DELVO GLOBAL,8,NOT FOUND,ORBIT,FORFAIT,,
Kristine,Thompson,UY46478,2302750,JALVIK SYSTEMS,8,NOT FOUND,VERTEX,SUPPORT,,
Miguel,Black,ZU54900,6915941,DELVO CONSULTING,8,NOT FOUND,PHOENIX,MAINTENANCE,,
Melissa,Rodriguez,XC13891,9427853,BRYTON GROUP,8,NOT FOUND,NOVA,REGIE,,
James,Leonard,HI71650,2000954,JALVIK GLOBAL,8,NOT FOUND,PULSE,RPS,,
Tamara,Page,XH10296,3739449,HYRION SYSTEMS,8,NOT FOUND,NEXUS,REGIE,,
Theodore,Perkins,QK98514,8843820,GOLZEN DIGITAL,8,NOT FOUND,PULSE,FORFAIT,,
Laura,Gonzalez,NU25804,6047270,ALCOR TECH,8,NOT FOUND,ATLAS,RPS,,
Samantha,Rodriguez,RH12076,1118414,INOVA GROUP,8,NOT FOUND,NOVA,SUPPORT,,
Melissa,Lambert,VF02365,7775753,DELVO DYNAMICS,8,NOT FOUND,ATLAS,SUPPORT,,
Jeanette,Peterson,NA71294,4180495,JALVIK TECH,8,NOT FOUND,NOVA,FORFAIT,,
Mary,Marsh,LB71832,6484614,LUMEX TECH,8,NOT FOUND,STELLAR,SUPPORT,,
Linda,Wilcox,KQ95308,6716655,LUMEX TECH,8,NOT FOUND,PULSE,RPS,,
Emily,Scott,DA91521,2112671,GOLZEN SYSTEMS,8,NOT FOUND,ORBIT,REGIE,,
Ronald,Lloyd,UE32249,7360740,GOLZEN DIGITAL,8,NOT FOUND,STELLAR,SUPPORT,,
Richard,Bond,YO87297,6911569,FORVEX GROUP,8,NOT FOUND,ORBIT,MAINTENANCE,,
Amber,Woods,UE52782,4254523,JALVIK GLOBAL,8,NOT FOUND,PULSE,SUPPORT,,
Kathryn,Sampson,PR29072,7291659,BRYTON SYSTEMS,8,NOT FOUND,NOVA,SUPPORT,,
Stephen,Christian,WR44566,6383587,CENVEO GLOBAL,8,NOT FOUND,STELLAR,RPS,,
Jennifer,Patton,UO04969,2610279,ETHOS DIGITAL,8,NOT FOUND,VERTEX,RPS,,
Joshua,Gibson,LH96032,1633097,GOLZEN SOLUTIONS,8,NOT FOUND,STELLAR,RPS,,
Robert,Bates,CC17314,6307903,DELVO DYNAMICS,8,NOT FOUND,PULSE,RPS,,
Justin,Foster,DZ80282,4472499,KESTRA GROUP,8,NOT FOUND,ATLAS,MAINTENANCE,,
Matthew,Novak,FB04339,2579978,INOVA DIGITAL,8,NOT FOUND,VERTEX,RPS,,
Christopher,Morgan,CQ48453,7720726,JALVIK TECH,8,NOT FOUND,PHOENIX,FORFAIT,,
Maria,Mcconnell,TJ84691,6809295,ETHOS SYSTEMS,8,NOT FOUND,ORBIT,REGIE,,
Valerie,Small,KK82317,5231683,BRYTON SOLUTIONS,8,NOT FOUND,QUANTUM,MAINTENANCE,,
Justin,Knight,ZA38348,7203704,GOLZEN VENTURES,8,NOT FOUND,PULSE,SUPPORT,,
Benjamin,Sutton,ZI43964,9363805,DELVO GLOBAL,8,NOT FOUND,STELLAR,SUPPORT,,
Chase,Acevedo,DO84339,7791529,FORVEX TECH,8,NOT FOUND,QUANTUM,REGIE,,
Charlene,Trujillo,ZE49101,3932238,FORVEX SOLUTIONS,8,NOT FOUND,PHOENIX,FORFAIT,,
Courtney,Mason,IU80750,2733498,GOLZEN SYSTEMS,8,NOT FOUND,NOVA,MAINTENANCE,,
Brandon,Keller,PH78162,2254516,CENVEO GLOBAL,8,NOT FOUND,NOVA,MAINTENANCE,,
Michelle,Nichols,IS51557,8094990,ALCOR TECH,8,NOT FOUND,NOVA,SUPPORT,,
Peter,Atkins,VB97624,1958189,INOVA TECH,8,NOT FOUND,ATLAS,RPS,,
Jeffrey,Mueller,JW12908,8348977,ETHOS CONSULTING,8,NOT FOUND,QUANTUM,REGIE,,
Carolyn,Duran,FS91229,1544806,DELVO DYNAMICS,8,NOT FOUND,STELLAR,MAINTENANCE,,
Christopher,Mckenzie,OV43833,9896773,ALCOR GROUP,8,NOT FOUND,ATLAS,SUPPORT,,
James,Adams,YY99112,7371391,ALCOR TECH,8,NOT FOUND,NOVA,FORFAIT,,
Susan,Martin,KU64355,1224287,HYRION DYNAMICS,8,NOT FOUND,PHOENIX,MAINTENANCE,,
David,Blackwell,WE72044,7751569,FORVEX DIGITAL,8,NOT FOUND,ATLAS,REGIE,,
Tina,Fuller,YV64776,2612266,KESTRA GLOBAL,8,NOT FOUND,ATLAS,REGIE,,
Sarah,Adams,BQ00002,3879787,ALCOR SYSTEMS,8,NOT FOUND,STELLAR,MAINTENANCE,,
Ann,Gonzales,BM10947,9396680,DELVO TECH,8,NOT FOUND,STELLAR,REGIE,,
Benjamin,Thompson,BF75257,7797226,FORVEX DIGITAL,8,NOT FOUND,PHOENIX,RPS,,
Veronica,Wilson,GB52472,3784964,ETHOS SYSTEMS,8,NOT FOUND,NOVA,SUPPORT,,
Brandon,Moore,YS94562,5807638,HYRION VENTURES,8,NOT FOUND,NEXUS,SUPPORT,,
Lauren,Sanders,BN24935,1657708,GOLZEN SYSTEMS,8,NOT FOUND,ORBIT,FORFAIT,,
Matthew,Richardson,BD87015,3524537,HYRION CONSULTING,8,NOT FOUND,PHOENIX,FORFAIT,,
Nicholas,Taylor,EF95267,8611525,FORVEX VENTURES,8,NOT FOUND,NEXUS,MAINTENANCE,,
Daniel,Hall,NG29511,9090259,HYRION DYNAMICS,8,NOT FOUND,STELLAR,REGIE,,
Timothy,Carson,WN09285,1715948,KESTRA SYSTEMS,8,NOT FOUND,ORBIT,SUPPORT,,
Kimberly,Jones,RF35974,9293696,DELVO DIGITAL,8,NOT FOUND,STELLAR,REGIE,,
James,Nelson,OV28290,4907979,FORVEX TECH,8,NOT FOUND,STELLAR,SUPPORT,,
Nathan,Thompson,TK78201,6536653,CENVEO TECH,8,NOT FOUND,PULSE,REGIE,,
Meghan,Day,SV97661,6623509,BRYTON GROUP,8,NOT FOUND,VERTEX,MAINTENANCE,,
Alexandra,Brooks,DY18632,3117060,ETHOS VENTURES,8,NOT FOUND,PHOENIX,FORFAIT,,
Holly,Hines,VG13472,7517590,FORVEX GLOBAL,8,NOT FOUND,PULSE,MAINTENANCE,,
Melissa,Logan,FI30473,7251164,ETHOS DIGITAL,8,NOT FOUND,ATLAS,MAINTENANCE,,
Norma,Martinez,MQ07137,4165238,JALVIK SOLUTIONS,8,NOT FOUND,PULSE,SUPPORT,,
Frances,Burch,VA70043,2525517,JALVIK TECH,8,NOT FOUND,QUANTUM,REGIE,,
Bryan,Daniel,LV10688,6049537,INOVA TECH,8,NOT FOUND,QUANTUM,REGIE,,
Rachel,Baker,VL35276,6278086,JALVIK VENTURES,8,NOT FOUND,ATLAS,RPS,,
Morgan,Powell,BS80447,3662485,DELVO DYNAMICS,8,NOT FOUND,PHOENIX,RPS,,
Caleb,Hamilton,KY49693,1112473,LUMEX DYNAMICS,8,NOT FOUND,ORBIT,REGIE,,
Antonio,Lewis,OS46194,7100911,DELVO DYNAMICS,8,NOT FOUND,QUANTUM,MAINTENANCE,,
Nicole,Sweeney,KV61368,6293693,HYRION DIGITAL,8,NOT FOUND,ORBIT,RPS,,
Elizabeth,Webb,XO85919,2351838,HYRION CONSULTING,8,NOT FOUND,PULSE,SUPPORT,,
Deborah,Campos,FR70143,7642989,GOLZEN VENTURES,8,NOT FOUND,NOVA,MAINTENANCE,,
Blake,Pruitt,JI27219,1783255,HYRION SYSTEMS,8,NOT FOUND,NEXUS,MAINTENANCE,,
Joy,Chen,AU81665,5904643,ETHOS CONSULTING,8,NOT FOUND,VERTEX,MAINTENANCE,,
Roger,Robinson,CA20644,1474738,JALVIK DYNAMICS,8,NOT FOUND,ORBIT,FORFAIT,,
Derrick,Vega,HB33227,1612237,LUMEX CONSULTING,8,NOT FOUND,QUANTUM,FORFAIT,,
Andre,Johnson,UE18017,5816649,FORVEX SYSTEMS,8,NOT FOUND,PHOENIX,MAINTENANCE,,
Hannah,Carter,AR26006,2219110,GOLZEN GROUP,8,NOT FOUND,QUANTUM,FORFAIT,,
James,Higgins,DZ75789,6156384,LUMEX VENTURES,8,NOT FOUND,PHOENIX,SUPPORT,,
Lisa,Martin,WW07104,6890035,GOLZEN GLOBAL,8,NOT FOUND,PHOENIX,MAINTENANCE,,
Kelly,Parks,NX50567,1958029,ALCOR SOLUTIONS,8,NOT FOUND,PHOENIX,REGIE,,
John,Wheeler,AA25919,9158158,INOVA DYNAMICS,8,NOT FOUND,VERTEX,FORFAIT,,
Aaron,Parker,MO41583,8121544,ALCOR GLOBAL,8,NOT FOUND,VERTEX,FORFAIT,,
Jonathan,Delgado,VH95553,4266687,CENVEO DYNAMICS,8,NOT FOUND,ATLAS,REGIE,,
Gloria,Petersen,GX90186,5983443,BRYTON TECH,8,NOT FOUND,PULSE,SUPPORT,,
Samuel,Baker,ME59855,7658548,KESTRA GLOBAL,8,NOT FOUND,ATLAS,REGIE,,
Donald,Perkins,JB66595,2868141,KESTRA CONSULTING,8,NOT FOUND,ATLAS,SUPPORT,,
Jennifer,Gross,RR28587,5369994,INOVA DIGITAL,8,NOT FOUND,QUANTUM,SUPPORT,,
Diana,Russo,TJ84740,7153709,HYRION DYNAMICS,8,NOT FOUND,QUANTUM,MAINTENANCE,,
Jennifer,Casey,OZ33484,3496203,ALCOR DIGITAL,8,NOT FOUND,VERTEX,REGIE,,
Michael,Pierce,PV69260,1005949,JALVIK VENTURES,8,NOT FOUND,STELLAR,FORFAIT,,
Susan,Green,RP15380,2999766,KESTRA GROUP,8,NOT FOUND,QUANTUM,REGIE,,
Diana,Mcguire,TC80538,1032699,CENVEO DYNAMICS,8,NOT FOUND,PULSE,FORFAIT,,
Ryan,Levine,WQ79564,1725936,DELVO SOLUTIONS,8,NOT FOUND,STELLAR,FORFAIT,,
Allison,Holmes,RH02583,5137151,JALVIK DIGITAL,8,NOT FOUND,STELLAR,FORFAIT,,
Mindy,Townsend,OX47778,3285030,CENVEO SOLUTIONS,8,NOT FOUND,NOVA,RPS,,
Timothy,Nelson,YC33344,8887531,INOVA DIGITAL,8,NOT FOUND,ATLAS,FORFAIT,,
Nicholas,Logan,WW28867,3810496,LUMEX GLOBAL,8,NOT FOUND,QUANTUM,MAINTENANCE,,
Jennifer,Aguilar,GY19465,4079019,JALVIK DIGITAL,8,NOT FOUND,ORBIT,RPS,,
Rebecca,Cooper,TK73305,7925554,FORVEX SOLUTIONS,8,NOT FOUND,ORBIT,REGIE,,
Nancy,Pineda,GR81623,9484741,FORVEX CONSULTING,8,NOT FOUND,NOVA,SUPPORT,,
Vanessa,Jones,BX41232,3307581,GOLZEN DYNAMICS,8,NOT FOUND,PHOENIX,FORFAIT,,
Corey,Martin,JM09513,4258878,JALVIK CONSULTING,8,NOT FOUND,QUANTUM,SUPPORT,,
Krystal,Matthews,BZ98848,7372435,JALVIK CONSULTING,8,NOT FOUND,ATLAS,FORFAIT,,
Robert,Hunt,WM13128,9675485,GOLZEN DIGITAL,8,NOT FOUND,PHOENIX,REGIE,,
Nicholas,Holloway,GE86627,9117249,ETHOS TECH,8,NOT FOUND,PHOENIX,MAINTENANCE,,
Danielle,Brown,MB26951,8258529,FORVEX GROUP,8,NOT FOUND,STELLAR,REGIE,,
Daniel,Hampton,CS27480,2264560,DELVO SYSTEMS,8,NOT FOUND,QUANTUM,FORFAIT,,
Jill,Fowler,OY61243,3921701,KESTRA DYNAMICS,8,NOT FOUND,PHOENIX,FORFAIT,,
Virginia,Pierce,LZ13055,8031218,ETHOS SOLUTIONS,8,NOT FOUND,PHOENIX,RPS,,
Marcus,Riddle,MG70820,3380535,DELVO GROUP,8,NOT FOUND,PHOENIX,RPS,,
Kayla,Andrews,JI86905,1160277,KESTRA DYNAMICS,8,NOT FOUND,ORBIT,FORFAIT,,
Kimberly,Scott,KU76477,1173858,DELVO GLOBAL,8,NOT FOUND,NOVA,RPS,,
Ashley,Burgess,UZ13669,9716519,LUMEX GROUP,8,NOT FOUND,PHOENIX,FORFAIT,,
Stephanie,Johnson,VK39002,1674906,ALCOR SOLUTIONS,8,NOT FOUND,QUANTUM,FORFAIT,,
Robin,Hunter,RY34858,5130072,FORVEX GROUP,8,NOT FOUND,PHOENIX,SUPPORT,,
Bobby,Jones,YY91976,7400929,JALVIK CONSULTING,8,NOT FOUND,NEXUS,SUPPORT,,
Jacqueline,Patel,YQ90824,9189719,CENVEO VENTURES,8,NOT FOUND,NOVA,MAINTENANCE,,
Barbara,Dean,FF23709,2197849,BRYTON GROUP,8,NOT FOUND,VERTEX,FORFAIT,,
Timothy,Mclean,SJ65143,5198789,HYRION DYNAMICS,8,NOT FOUND,NEXUS,REGIE,,
Jason,Thornton,FD23657,1150244,KESTRA TECH,8,NOT FOUND,ORBIT,RPS,,
Brittany,Gomez,CZ53791,2060475,INOVA GROUP,8,NOT FOUND,PHOENIX,REGIE,,
Aaron,Lawrence,LB20333,6744257,ALCOR GROUP,8,NOT FOUND,VERTEX,SUPPORT,,
Kristi,Chambers,NI39029,4358333,INOVA SOLUTIONS,8,NOT FOUND,NEXUS,FORFAIT,,
Danielle,Meyer,SK96957,5582005,ETHOS TECH,8,NOT FOUND,NOVA,FORFAIT,,
Nicole,Cox,QK46166,4586198,LUMEX SYSTEMS,8,NOT FOUND,QUANTUM,FORFAIT,,
Harold,Allen,GP33654,5491929,DELVO SOLUTIONS,8,NOT FOUND,PHOENIX,RPS,,
Alexis,Sanchez,HJ53356,8723152,LUMEX CONSULTING,8,NOT FOUND,STELLAR,SUPPORT,,
Matthew,Turner,NX97587,7761759,BRYTON SYSTEMS,8,NOT FOUND,QUANTUM,MAINTENANCE,,
Jeffery,Simmons,TM42190,9358885,GOLZEN SYSTEMS,8,NOT FOUND,ATLAS,FORFAIT,,
David,Stephens,TA44875,7031079,BRYTON SOLUTIONS,8,NOT FOUND,PULSE,RPS,,
Steven,Ingram,YA40054,3761524,ETHOS SYSTEMS,8,NOT FOUND,STELLAR,REGIE,,
Christine,Brown,JB61696,9707783,ETHOS SOLUTIONS,8,NOT FOUND,ATLAS,SUPPORT,,
Selena,Perkins,DC49989,6741624,HYRION GLOBAL,8,NOT FOUND,NEXUS,MAINTENANCE,,
Kelly,Brown,XD73053,8932787,JALVIK SYSTEMS,8,NOT FOUND,PHOENIX,FORFAIT,,
Taylor,Quinn,RG60164,1672690,ALCOR CONSULTING,8,NOT FOUND,PHOENIX,SUPPORT,,
Frances,Cobb,IG74195,9061958,CENVEO DIGITAL,8,NOT FOUND,ATLAS,FORFAIT,,
Kimberly,Mcmahon,TB56248,2068529,ALCOR VENTURES,8,NOT FOUND,PHOENIX,SUPPORT,,
Krista,Aguilar,FO82587,2345665,ETHOS TECH,8,NOT FOUND,NOVA,REGIE,,
Melissa,Bell,OU94469,1502752,BRYTON TECH,8,NOT FOUND,NOVA,MAINTENANCE,,
Brandon,Davis,KB15187,2383809,LUMEX GLOBAL,8,NOT FOUND,PHOENIX,RPS,,
Jenna,Young,LQ89410,9225229,GOLZEN GROUP,8,NOT FOUND,NOVA,SUPPORT,,
Cynthia,Smith,YW96291,3996609,JALVIK GLOBAL,8,NOT FOUND,PULSE,SUPPORT,,
Caitlin,Blanchard,SI95637,1829151,FORVEX GROUP,8,NOT FOUND,PHOENIX,FORFAIT,,
Annette,Oneal,ML86326,3531753,KESTRA SOLUTIONS,8,NOT FOUND,ORBIT,FORFAIT,,
Joseph,Good,ZM50052,4127216,JALVIK SYSTEMS,8,NOT FOUND,ATLAS,SUPPORT,,
Alice,Pittman,YH17682,3825784,JALVIK GROUP,8,NOT FOUND,PHOENIX,REGIE,,
Crystal,Hess,FN42686,8719968,JALVIK SYSTEMS,8,NOT FOUND,VERTEX,RPS,,
Tiffany,Perry,VK65397,6941161,ALCOR GROUP,8,NOT FOUND,NEXUS,SUPPORT,,
Michael,Lopez,TI71863,2300787,FORVEX DIGITAL,8,NOT FOUND,ORBIT,SUPPORT,,
Heather,Bruce,RP71304,8203435,ETHOS DIGITAL,8,NOT FOUND,QUANTUM,FORFAIT,,
Kevin,Cisneros,UB01353,7268627,DELVO DIGITAL,8,NOT FOUND,ATLAS,REGIE,,
Michelle,Jones,ZF09411,1845546,GOLZEN SYSTEMS,8,NOT FOUND,VERTEX,MAINTENANCE,,
Cody,Bradshaw,LD94698,4283743,FORVEX GROUP,8,NOT FOUND,VERTEX,MAINTENANCE,,
Michael,Webster,CH11095,6041209,HYRION CONSULTING,8,NOT FOUND,ATLAS,RPS,,
Brian,Webb,BP57142,4700706,ALCOR VENTURES,8,NOT FOUND,VERTEX,SUPPORT,,
Jesse,Wright,CK28941,3163451,DELVO SOLUTIONS,8,NOT FOUND,PULSE,REGIE,,
David,Walker,LC66447,6937469,DELVO DYNAMICS,8,NOT FOUND,ATLAS,RPS,,
Richard,Casey,JK60895,1731673,JALVIK CONSULTING,8,NOT FOUND,ORBIT,SUPPORT,,
Erik,Parsons,FV87864,5391393,CENVEO GROUP,8,NOT FOUND,ATLAS,MAINTENANCE,,
Richard,Sutton,MX20367,2415549,GOLZEN SOLUTIONS,8,NOT FOUND,NOVA,MAINTENANCE,,
Jesse,Barron,IQ16980,9862463,CENVEO GLOBAL,8,NOT FOUND,VERTEX,REGIE,,
Brian,Henderson,WH20746,1876219,INOVA GROUP,8,NOT FOUND,STELLAR,REGIE,,
Beth,Norman,AZ98557,5690163,KESTRA SOLUTIONS,8,NOT FOUND,VERTEX,FORFAIT,,
Kaitlyn,Johnson,EG82867,7352580,DELVO SOLUTIONS,8,NOT FOUND,PHOENIX,MAINTENANCE,,
John,Browning,JG37858,3739973,DELVO DYNAMICS,8,NOT FOUND,ATLAS,RPS,,
Jason,Lowery,FZ83083,2989890,LUMEX GROUP,8,NOT FOUND,NEXUS,SUPPORT,,
Jeffrey,Jones,NV18250,6197750,CENVEO DYNAMICS,8,NOT FOUND,ORBIT,REGIE,,
Mark,Cohen,DY06975,7805485,LUMEX DYNAMICS,8,NOT FOUND,QUANTUM,REGIE,,
Reginald,Powell,VO52918,6780351,ALCOR VENTURES,8,NOT FOUND,VERTEX,RPS,,
Jennifer,Morrow,SE72324,8276538,HYRION TECH,8,NOT FOUND,QUANTUM,REGIE,,
Lisa,Dennis,LT22175,7585733,BRYTON SYSTEMS,8,NOT FOUND,ORBIT,MAINTENANCE,,
Sheri,Williams,BR87038,8290891,KESTRA DIGITAL,8,NOT FOUND,NOVA,SUPPORT,,
Ashley,Thompson,DM11190,8497687,ETHOS DYNAMICS,8,NOT FOUND,ORBIT,FORFAIT,,
Allison,Mendez,PH17596,2284907,GOLZEN DYNAMICS,8,NOT FOUND,QUANTUM,SUPPORT,,
William,Hughes,HG20161,2876781,ETHOS SOLUTIONS,8,NOT FOUND,STELLAR,SUPPORT,,
William,Smith,VR84943,5605743,FORVEX TECH,8,NOT FOUND,QUANTUM,RPS,,
Jennifer,Hunter,JF75184,5023680,KESTRA GROUP,8,NOT FOUND,STELLAR,REGIE,,
Bradley,Smith,RQ30146,8166666,FORVEX TECH,8,NOT FOUND,NOVA,RPS,,
Sarah,Wolfe,YR97651,8681384,ETHOS CONSULTING,8,NOT FOUND,QUANTUM,RPS,,
David,Ferguson,CE32916,1334501,BRYTON SYSTEMS,8,NOT FOUND,NEXUS,MAINTENANCE,,
Elizabeth,May,OA85023,4559850,LUMEX GLOBAL,8,NOT FOUND,VERTEX,RPS,,
Christine,Flores,VM41773,2584442,ETHOS DIGITAL,8,NOT FOUND,NEXUS,FORFAIT,,
Stephanie,Chapman,CM57939,3378339,ALCOR SOLUTIONS,8,NOT FOUND,QUANTUM,MAINTENANCE,,
Cheyenne,Miller,RY68245,1121623,KESTRA SOLUTIONS,8,NOT FOUND,PULSE,SUPPORT,,
Jason,Gonzalez,CZ14294,3292047,KESTRA GLOBAL,8,NOT FOUND,QUANTUM,SUPPORT,,
Thomas,Jackson,KJ59050,6472415,ETHOS DYNAMICS,8,NOT FOUND,PHOENIX,SUPPORT,,
Aaron,Harris,TV12870,8661025,JALVIK CONSULTING,8,NOT FOUND,PHOENIX,REGIE,,
James,Carlson,JO49358,7853307,JALVIK TECH,8,NOT FOUND,VERTEX,FORFAIT,,
Bonnie,Carpenter,IQ62000,1259293,DELVO GLOBAL,8,NOT FOUND,ORBIT,MAINTENANCE,,
Gregory,Myers,XW50699,2270883,BRYTON TECH,8,NOT FOUND,NOVA,RPS,,
Frank,Adams,RO94596,4087850,KESTRA GROUP,8,NOT FOUND,ATLAS,RPS,,
Mitchell,Shelton,BT82762,2972096,FORVEX GROUP,8,NOT FOUND,NEXUS,MAINTENANCE,,
Amy,Anderson,VC83747,2706652,FORVEX VENTURES,8,NOT FOUND,ATLAS,SUPPORT,,
Kenneth,Perez,GX15275,1274651,FORVEX SYSTEMS,8,NOT FOUND,NOVA,MAINTENANCE,,
Michael,Rhodes,JE64909,2275787,ALCOR DIGITAL,8,NOT FOUND,VERTEX,FORFAIT,,
Jennifer,Gentry,NC27691,3541361,KESTRA DIGITAL,8,NOT FOUND,ORBIT,MAINTENANCE,,
Amanda,Duke,XT24570,9746898,ALCOR GLOBAL,8,NOT FOUND,VERTEX,SUPPORT,,
Grant,Brown,YH34222,5608834,ETHOS VENTURES,8,NOT FOUND,VERTEX,REGIE,,
Justin,Zimmerman,KY45831,4971285,ETHOS SOLUTIONS,8,NOT FOUND,STELLAR,SUPPORT,,
Mary,Jones,WO26877,7199409,JALVIK SOLUTIONS,8,NOT FOUND,QUANTUM,FORFAIT,,
Michelle,Stein,BT31127,8010140,DELVO DIGITAL,8,NOT FOUND,NOVA,REGIE,,
John,Gonzales,AK65085,7038096,BRYTON GROUP,8,NOT FOUND,QUANTUM,RPS,,
Carol,Mathews,MJ69256,2232434,HYRION DYNAMICS,8,NOT FOUND,NOVA,MAINTENANCE,,
Anita,Strickland,IZ24210,1577076,ALCOR SYSTEMS,8,NOT FOUND,VERTEX,RPS,,
David,Dickson,LR68729,6707384,LUMEX GLOBAL,8,NOT FOUND,STELLAR,RPS,,
Lauren,Stewart,II37710,4438178,BRYTON GROUP,8,NOT FOUND,NOVA,MAINTENANCE,,
Alexis,Morrison,VD97863,8444986,CENVEO GLOBAL,8,NOT FOUND,STELLAR,REGIE,,
Danielle,Goodman,BY15814,9855783,KESTRA VENTURES,8,NOT FOUND,ORBIT,MAINTENANCE,,
Brittany,Anderson,UA34034,6645851,KESTRA DYNAMICS,8,NOT FOUND,QUANTUM,MAINTENANCE,,
Mackenzie,King,GG04574,8295583,INOVA SYSTEMS,8,NOT FOUND,STELLAR,SUPPORT,,
Emily,Robinson,DV12949,1662709,FORVEX SYSTEMS,8,NOT FOUND,VERTEX,REGIE,,
Roger,Bond,AG76868,2047002,LUMEX DYNAMICS,8,NOT FOUND,STELLAR,MAINTENANCE,,
Brittany,Robinson,KW43107,5490152,INOVA DIGITAL,8,NOT FOUND,STELLAR,REGIE,,
Timothy,Vasquez,PD20552,1809266,INOVA GLOBAL,8,NOT FOUND,ATLAS,RPS,,
Maria,Daniel,YE20082,1374053,CENVEO TECH,8,NOT FOUND,STELLAR,FORFAIT,,
Sandra,Hendrix,XQ09352,8098376,ALCOR DYNAMICS,8,NOT FOUND,NOVA,RPS,,
Michael,Prince,NZ72456,2313801,ETHOS VENTURES,8,NOT FOUND,ATLAS,RPS,,
Michael,Knight,MO58620,5697327,BRYTON GLOBAL,8,NOT FOUND,ORBIT,REGIE,,
Mark,Willis,BF96803,8360887,JALVIK VENTURES,8,NOT FOUND,STELLAR,REGIE,,
Steven,Patel,ZT76790,8764765,HYRION DYNAMICS,8,NOT FOUND,PULSE,RPS,,
Jennifer,King,WD59854,3378055,JALVIK DIGITAL,8,NOT FOUND,NOVA,RPS,,
Kristin,Benjamin,WL58105,5383095,ETHOS SYSTEMS,8,NOT FOUND,QUANTUM,REGIE,,
Samuel,Adams,EM84517,8431602,INOVA VENTURES,8,NOT FOUND,PULSE,REGIE,,
Jennifer,Carroll,KP26316,9973823,JALVIK VENTURES,8,NOT FOUND,NOVA,FORFAIT,,
Daniel,Kim,UA58159,3112849,KESTRA VENTURES,8,NOT FOUND,ATLAS,RPS,,
Cynthia,Williams,PV59640,1408737,JALVIK SOLUTIONS,8,NOT FOUND,ATLAS,SUPPORT,,
Shelby,Colon,HX32084,1342527,GOLZEN DYNAMICS,8,NOT FOUND,PULSE,SUPPORT,,
Kelly,Griffin,ZO81344,2403767,ETHOS SOLUTIONS,8,NOT FOUND,QUANTUM,FORFAIT,,
Stacy,Schneider,LG57285,4772086,DELVO SYSTEMS,8,NOT FOUND,ATLAS,FORFAIT,,
Kimberly,Mitchell,TQ34388,3452026,CENVEO SYSTEMS,8,NOT FOUND,VERTEX,MAINTENANCE,,
Kristina,Potts,YE60953,5567097,INOVA VENTURES,8,NOT FOUND,STELLAR,SUPPORT,,
Charles,Andrews,XH96198,3749428,DELVO TECH,8,NOT FOUND,ORBIT,MAINTENANCE,,
Michael,Peterson,PW19837,2783861,LUMEX TECH,8,NOT FOUND,STELLAR,RPS,,
Christopher,Holland,CN90552,3771609,BRYTON SYSTEMS,8,NOT FOUND,NEXUS,RPS,,
Joseph,Cunningham,DC48792,7463294,KESTRA TECH,8,NOT FOUND,STELLAR,REGIE,,
Molly,Stone,ZY46833,1642480,INOVA DIGITAL,8,NOT FOUND,NEXUS,REGIE,,
Antonio,Williams,WD51091,2894704,DELVO DYNAMICS,8,NOT FOUND,PHOENIX,FORFAIT,,
Emily,Duran,YN81506,1528872,HYRION CONSULTING,8,NOT FOUND,NOVA,MAINTENANCE,,
Jeremy,Smith,GH75700,5968623,BRYTON SOLUTIONS,8,NOT FOUND,NOVA,MAINTENANCE,,
Kevin,Delacruz,AF98985,7391499,GOLZEN VENTURES,8,NOT FOUND,NEXUS,REGIE,,
Alexander,Sampson,RQ62553,5474560,FORVEX DYNAMICS,8,NOT FOUND,PULSE,REGIE,,
Meghan,Macias,FA02193,3085809,INOVA DIGITAL,8,NOT FOUND,ORBIT,FORFAIT,,
Andrea,Johnson,SL72423,2550243,INOVA GLOBAL,8,NOT FOUND,ORBIT,REGIE,,
Alejandro,Perez,BZ47533,1107022,HYRION SYSTEMS,8,NOT FOUND,QUANTUM,FORFAIT,,
Peter,Gamble,AT78929,2755201,ETHOS GROUP,8,NOT FOUND,NOVA,FORFAIT,,
Eugene,Cunningham,JY15647,9653945,ALCOR TECH,8,NOT FOUND,PULSE,MAINTENANCE,,
Matthew,Davis,XF99791,2413928,INOVA GLOBAL,8,NOT FOUND,PHOENIX,REGIE,,
Zachary,Smith,XS03630,2299498,ETHOS SYSTEMS,8,NOT FOUND,STELLAR,SUPPORT,,
Katherine,Webb,MY35665,3134541,BRYTON VENTURES,8,NOT FOUND,ORBIT,FORFAIT,,
Alexandra,Herman,UD11120,4551670,CENVEO SYSTEMS,8,NOT FOUND,PULSE,REGIE,,
Brian,Walker,NK47680,5269035,GOLZEN CONSULTING,8,NOT FOUND,ATLAS,SUPPORT,,
John,Smith,WB34225,5079117,LUMEX TECH,8,NOT FOUND,NOVA,REGIE,,
Anne,Montes,AI26910,5183393,CENVEO GLOBAL,8,NOT FOUND,STELLAR,MAINTENANCE,,
Travis,Sanders,YJ26124,9442648,ETHOS TECH,8,NOT FOUND,STELLAR,REGIE,,
Adriana,Perry,AE26406,3359389,CENVEO DYNAMICS,8,NOT FOUND,PULSE,RPS,,
Donald,Roth,RG62650,1350547,CENVEO DIGITAL,8,NOT FOUND,VERTEX,REGIE,,
Kimberly,Foster,HV82003,8940601,DELVO TECH,8,NOT FOUND,NEXUS,MAINTENANCE,,
Nancy,Hunt,DC43820,8434708,CENVEO DIGITAL,8,NOT FOUND,QUANTUM,RPS,,
Susan,Medina,YD48372,1631384,CENVEO CONSULTING,8,NOT FOUND,ORBIT,SUPPORT,,
James,Snow,XA37639,4690870,CENVEO CONSULTING,8,NOT FOUND,VERTEX,FORFAIT,,
Edward,Mcconnell,RA63127,2733720,JALVIK SOLUTIONS,8,NOT FOUND,QUANTUM,RPS,,
James,Horton,LF06440,1661959,FORVEX DYNAMICS,8,NOT FOUND,ATLAS,REGIE,,
Jaime,Francis,XQ28574,1838006,KESTRA GROUP,8,NOT FOUND,VERTEX,MAINTENANCE,,
Amy,Carter,EC63065,1124954,INOVA VENTURES,8,NOT FOUND,PULSE,FORFAIT,,
William,Horton,JC44325,3262492,GOLZEN VENTURES,8,NOT FOUND,ATLAS,SUPPORT,,
Dustin,Watkins,HA84016,4256612,FORVEX TECH,8,NOT FOUND,NEXUS,FORFAIT,,
Tracey,Garza,FY94496,9001324,HYRION SOLUTIONS,8,NOT FOUND,ATLAS,FORFAIT,,
Frederick,Martin,ZW72731,4609373,ALCOR VENTURES,8,NOT FOUND,ORBIT,RPS,,
Barbara,Knight,GD07019,9668232,DELVO TECH,8,NOT FOUND,NEXUS,FORFAIT,,
Jacob,Calhoun,XB14214,1413863,DELVO CONSULTING,8,NOT FOUND,ORBIT,SUPPORT,,
Joshua,Brown,BU00904,3309064,JALVIK DYNAMICS,8,NOT FOUND,PHOENIX,MAINTENANCE,,
Jack,Hall,OY31364,4638296,DELVO GLOBAL,8,NOT FOUND,PHOENIX,MAINTENANCE,,
Andrew,White,KS29898,8810255,FORVEX VENTURES,8,NOT FOUND,PHOENIX,MAINTENANCE,,
Jennifer,Franco,SF15785,4918749,JALVIK SYSTEMS,8,NOT FOUND,STELLAR,FORFAIT,,
Sarah,Wong,VB66323,2158303,BRYTON GLOBAL,8,NOT FOUND,PULSE,REGIE,,
Jeremy,Lee,MC71415,4655342,LUMEX SOLUTIONS,8,NOT FOUND,PHOENIX,REGIE,,
Katherine,Johnson,QV45424,5543899,LUMEX CONSULTING,8,NOT FOUND,STELLAR,SUPPORT,,
Joanne,Dixon,SA52859,2910307,LUMEX GLOBAL,8,NOT FOUND,ORBIT,MAINTENANCE,,
Luis,Harris,VY44158,7107496,KESTRA VENTURES,8,NOT FOUND,ATLAS,MAINTENANCE,,
Lisa,Romero,GB08082,4572383,ETHOS DYNAMICS,8,NOT FOUND,PHOENIX,FORFAIT,,
Tyler,Nelson,NZ23459,5572803,DELVO SOLUTIONS,8,NOT FOUND,ORBIT,MAINTENANCE,,
Brandon,Hudson,YZ19746,8886928,KESTRA TECH,8,NOT FOUND,VERTEX,REGIE,,
Lisa,Mcclain,YL19354,5475097,LUMEX CONSULTING,8,NOT FOUND,ATLAS,REGIE,,
Brenda,Schmidt,CY26884,3936862,ETHOS GLOBAL,8,NOT FOUND,ORBIT,REGIE,,
Deborah,Whitaker,VU55919,5448695,FORVEX SYSTEMS,8,NOT FOUND,ATLAS,RPS,,
Connor,Hernandez,EK23387,4510517,JALVIK GROUP,8,NOT FOUND,NEXUS,REGIE,,
Angela,Jackson,YF25992,8250417,FORVEX SYSTEMS,8,NOT FOUND,PHOENIX,REGIE,,
Jasmin,Hall,ZM83636,5114186,HYRION VENTURES,8,NOT FOUND,ATLAS,SUPPORT,,
Sara,Sullivan,YW98960,8292960,LUMEX SOLUTIONS,8,NOT FOUND,STELLAR,SUPPORT,,
Janet,Ellison,LW44780,2168177,JALVIK GROUP,8,NOT FOUND,PULSE,REGIE,,
Brandi,Cunningham,UE87294,6243418,BRYTON DIGITAL,8,NOT FOUND,ORBIT,RPS,,
Christopher,Garcia,LU15917,1066807,GOLZEN VENTURES,8,NOT FOUND,PHOENIX,SUPPORT,,
Christopher,Cox,YC11786,5629037,CENVEO GLOBAL,8,NOT FOUND,NOVA,MAINTENANCE,,
Jennifer,Raymond,BT32351,8715053,CENVEO SOLUTIONS,8,NOT FOUND,ATLAS,SUPPORT,,
Lauren,Foster,BG06697,8746578,KESTRA CONSULTING,8,NOT FOUND,PHOENIX,MAINTENANCE,,
Lisa,Bass,YK18725,5035666,LUMEX TECH,8,NOT FOUND,QUANTUM,MAINTENANCE,,
Tracey,Neal,CJ98794,3495576,INOVA TECH,8,NOT FOUND,NEXUS,REGIE,,
Jonathan,Sanchez,IC40348,4319080,INOVA DYNAMICS,8,NOT FOUND,NEXUS,MAINTENANCE,,
Jacqueline,Willis,ZQ30002,3595367,JALVIK DYNAMICS,8,NOT FOUND,PHOENIX,MAINTENANCE,,
Steven,Smith,GN71434,3696234,ETHOS GLOBAL,8,NOT FOUND,PHOENIX,RPS,,
Craig,Ramirez,SD23908,1480451,CENVEO TECH,8,NOT FOUND,PHOENIX,RPS,,
Jeremy,Baker,CD68026,8487747,GOLZEN SYSTEMS,8,NOT FOUND,NEXUS,REGIE,,
Dawn,Garcia,XH89019,9275433,FORVEX DYNAMICS,8,NOT FOUND,VERTEX,RPS,,
Kristine,Rivera,NY64654,3047257,BRYTON TECH,8,NOT FOUND,VERTEX,FORFAIT,,
Alvin,Casey,BZ28312,8534398,DELVO TECH,8,NOT FOUND,STELLAR,FORFAIT,,
