FirstName,LastName,Identifier,RegistrationNumber,Company,period,OrganizationalUnit,product,ActivityNature,AccountingCode,Ratio
Nicole,Phelps,ZR67036,5623686,CENVEO DYNAMICS,12,MEA EUROPE,QUANTUM,FORFAIT,BBHWDXKDB8GHC8D,11.9
Nicole,Phelps,ZR67036,5623686,CENVEO DYNAMICS,12,MEA,QUANTUM,FORFAIT,NO_TS_MEA,88.1
Christina,Jones,UO61892,5342562,INOVA GROUP,12,EMEA EUROPE,VERTEX,REGIE,LXU4C1O5JVW0UZN,16.67
Joann,Garcia,XA44850,8728893,CENVEO VENTURES,12,LATAM EUROPE,VERTEX,MAINTENANCE,3YYPD3ELE6S5ZO1,12.05
Joann,Garcia,XA44850,8728893,CENVEO VENTURES,12,CONT,VERTEX,MAINTENANCE,NO_TS_CONT,87.95
Lisa,Kemp,IB79756,3115247,HYRION DIGITAL,12,APAC AFRICA,PULSE,RPS,JIKJ858K2L18KB9,7.74
Lisa,Kemp,IB79756,3115247,HYRION DIGITAL,12,APAC,PULSE,RPS,NO_TS_APAC,92.26
John,Joseph,BJ51910,2970530,KESTRA SOLUTIONS,12,APAC ASIA,NEXUS,RPS,5Q9QYPNZ2OMAQN0,9.82
John,Joseph,BJ51910,2970530,KESTRA SOLUTIONS,12,MEA,NEXUS,RPS,NO_TS_MEA,90.18
Michael,Dean,BX68759,9760319,GOLZEN CONSULTING,12,CONT AMERICA,QUANTUM,SUPPORT,ZGZT0S1V1X13C9Z,12.5
Michael,Dean,BX68759,9760319,GOLZEN CONSULTING,12,NA,QUANTUM,SUPPORT,NO_TS_NA,87.5
Andrew,Lee,ZY23422,3856805,DELVO DYNAMICS,12,LATAM MENA,PHOENIX,SUPPORT,MCKZHVIW612C4SV,9.52
Patricia,Brown,HK29258,4312819,KESTRA DYNAMICS,12,EMEA EUROPE,NOVA,FORFAIT,L32Z5THA1OGZ2GK,11.9
Patricia,Parker,FQ32979,6265787,HYRION DYNAMICS,12,APAC ASIA,ATLAS,SUPPORT,NR4PHYQYHSUZHDC,9.52
Patricia,Parker,FQ32979,6265787,HYRION DYNAMICS,12,MEA,ATLAS,SUPPORT,NO_TS_MEA,90.48
John,Bailey,SG05834,5830228,DELVO GLOBAL,12,APAC EUROPE,PHOENIX,RPS,EQYADYPFA18LE8Q,11.9
John,Bailey,SG05834,5830228,DELVO GLOBAL,12,LATAM,PHOENIX,RPS,NO_TS_LATAM,88.1
Amber,Myers,BC46580,6942416,INOVA VENTURES,12,MEA AFRICA,ORBIT,REGIE,X5TKJ4CS8IRXZ60,11.9
Amber,Myers,BC46580,6942416,INOVA VENTURES,12,MEA,ORBIT,REGIE,NO_TS_MEA,88.1
Daisy,Foster,OS88375,4990482,INOVA DIGITAL,12,CONT MENA,PHOENIX,FORFAIT,I9W46HT2YTE2D3D,9.52
Daisy,Foster,OS88375,4990482,INOVA DIGITAL,12,NA,PHOENIX,FORFAIT,NO_TS_NA,90.48
James,Lawson,WE27774,5419843,DELVO GLOBAL,12,APAC AMERICA,NOVA,REGIE,FB9WYER7YVVBI7A,9.52
James,Lawson,WE27774,5419843,DELVO GLOBAL,12,LATAM,NOVA,REGIE,NO_TS_LATAM,90.48
Pamela,Ray,PW13595,4961809,CENVEO TECH,12,MEA ASIA,VERTEX,SUPPORT,ICRIW4I20SMY8MU,11.31
Pamela,Ray,PW13595,4961809,CENVEO TECH,12,EMEA,VERTEX,SUPPORT,NO_TS_EMEA,88.69
Jennifer,Johnson,EL05166,3090335,FORVEX CONSULTING,12,LATAM EUROPE,ATLAS,SUPPORT,W0BD1KPQ33ILGT0,9.97
Jennifer,Johnson,EL05166,3090335,FORVEX CONSULTING,12,APAC,ATLAS,SUPPORT,NO_TS_APAC,90.03
Scott,Meadows,HI93382,3770029,ETHOS TECH,12,APAC OCEANIA,STELLAR,FORFAIT,7AP3JX1MWDZQ7EL,7.74
Scott,Meadows,HI93382,3770029,ETHOS TECH,12,MEA,STELLAR,FORFAIT,NO_TS_MEA,92.26
Laura,Gibbs,AF88419,9022375,FORVEX SYSTEMS,12,CONT AMERICA,VERTEX,MAINTENANCE,J6F3ANYHAF63O0W,9.52
Laura,Gibbs,AF88419,9022375,FORVEX SYSTEMS,12,LATAM,VERTEX,MAINTENANCE,NO_TS_LATAM,90.48
Katie,Flores,YU01298,7888735,BRYTON GLOBAL,12,LATAM ASIA,STELLAR,REGIE,IQHYDSY77AV8PG0,10.12
Andrew,Sullivan,AV57787,4428153,FORVEX VENTURES,12,NA AFRICA,STELLAR,SUPPORT,GHAKRYCY60061ZN,9.52
Matthew,Wright,SB53130,4316759,LUMEX DYNAMICS,12,CONT AMERICA,ATLAS,SUPPORT,TILMMRB9YVA78KY,14.29
Matthew,Wright,SB53130,4316759,LUMEX DYNAMICS,12,EMEA,ATLAS,SUPPORT,NO_TS_EMEA,85.71
Lisa,Wilson,JA10419,5665993,ETHOS DIGITAL,12,EMEA,ATLAS,MAINTENANCE,NO_TS_EMEA,100.0
Linda,Stephenson,QV85683,5596773,ETHOS SYSTEMS,12,MEA AFRICA,VERTEX,REGIE,C8ZHF2H3FSAA2QG,11.9
Meghan,Williams,QS00814,5948832,KESTRA TECH,12,LATAM ASIA,PULSE,SUPPORT,IPEC2NIA92M04F9,11.9
Meghan,Williams,QS00814,5948832,KESTRA TECH,12,MEA,PULSE,SUPPORT,NO_TS_MEA,88.1
Lisa,Chambers,SF83939,2500329,LUMEX DYNAMICS,12,NA AFRICA,QUANTUM,MAINTENANCE,8811RUM6CIA6648,9.52
Lisa,Chambers,SF83939,2500329,LUMEX DYNAMICS,12,APAC,QUANTUM,MAINTENANCE,NO_TS_APAC,90.48
Susan,Anderson,YY29777,8588352,LUMEX DYNAMICS,12,LATAM ASIA,QUANTUM,SUPPORT,2WFYHPI9ZVPEQ4M,9.52
Susan,Anderson,YY29777,8588352,LUMEX DYNAMICS,12,EMEA,QUANTUM,SUPPORT,NO_TS_EMEA,90.48
Cheryl,Thompson,XR91064,9506943,JALVIK SYSTEMS,12,APAC AFRICA,STELLAR,MAINTENANCE,U8A9SU743CAIC62,11.9
Melissa,Williams,MJ21915,5761364,BRYTON SYSTEMS,12,CONT EUROPE,STELLAR,MAINTENANCE,J8NI1UX86B6AIO3,11.9
Melissa,Williams,MJ21915,5761364,BRYTON SYSTEMS,12,LATAM,STELLAR,MAINTENANCE,NO_TS_LATAM,88.1
Corey,George,VV26485,8482593,DELVO CONSULTING,12,EMEA EUROPE,NEXUS,FORFAIT,6R6T71PCYFICO69,9.82
Corey,George,VV26485,8482593,DELVO CONSULTING,12,NA,NEXUS,FORFAIT,NO_TS_NA,90.18
Deanna,Garner,VK86001,6242833,GOLZEN GROUP,12,CONT AFRICA,PULSE,MAINTENANCE,QUBWB2F7SZQKXHR,12.5
Deanna,Garner,VK86001,6242833,GOLZEN GROUP,12,NA,PULSE,MAINTENANCE,NO_TS_NA,87.5
Brandon,Barnes,DU43234,8424853,LUMEX SOLUTIONS,12,EMEA AMERICA,STELLAR,RPS,5S51CMVEKY5HRGI,8.04
Brandon,Barnes,DU43234,8424853,LUMEX SOLUTIONS,12,MEA,STELLAR,RPS,NO_TS_MEA,91.96
Ashley,Wong,HF75635,3537368,BRYTON TECH,12,APAC EUROPE,NEXUS,REGIE,3NZ70QZZAMGN40Q,6.1
Ashley,Wong,HF75635,3537368,BRYTON TECH,12,MEA,NEXUS,REGIE,NO_TS_MEA,93.9
Ian,Holmes,DF65243,9965070,CENVEO GROUP,12,CONT MENA,NOVA,RPS,4DDYGY90P3EBP7B,9.52
Ian,Holmes,DF65243,9965070,CENVEO GROUP,12,APAC,NOVA,RPS,NO_TS_APAC,90.48
Lisa,Berger,QB59674,7547552,KESTRA DYNAMICS,12,EMEA ASIA,STELLAR,RPS,M7BZ7GMO1SWMX07,6.25
Casey,Thomas,WE39712,3292472,KESTRA SYSTEMS,12,LATAM AMERICA,STELLAR,FORFAIT,PKADOKBAXFV2B2W,8.33
Casey,Thomas,WE39712,3292472,KESTRA SYSTEMS,12,LATAM,STELLAR,FORFAIT,NO_TS_LATAM,91.67
Kimberly,Williams,CZ66404,8217408,INOVA TECH,12,NA ASIA,STELLAR,MAINTENANCE,X7XU2KH02NTLIGQ,8.63
Patricia,Johnson,FS46300,3593913,DELVO GLOBAL,12,APAC AFRICA,ORBIT,RPS,SJ3BB3UE3QBL2Z0,8.93
Patricia,Johnson,FS46300,3593913,DELVO GLOBAL,12,LATAM,ORBIT,RPS,NO_TS_LATAM,91.07
Ashley,Cuevas,LP45827,9318522,LUMEX TECH,12,APAC EUROPE,PULSE,SUPPORT,UKH29KP70MJMI2U,8.04
Michael,Wolf,OC86992,3800029,CENVEO TECH,12,LATAM AFRICA,STELLAR,SUPPORT,84HN3KSNM8CZFXA,10.53
Michael,Wolf,OC86992,3800029,CENVEO TECH,12,NA,STELLAR,SUPPORT,NO_TS_NA,89.47
Jonathan,Hernandez,QG90822,6452271,INOVA SYSTEMS,12,MEA EUROPE,NEXUS,MAINTENANCE,8OQQ4IJ7OGAW7PO,8.93
Jonathan,Hernandez,QG90822,6452271,INOVA SYSTEMS,12,MEA,NEXUS,MAINTENANCE,NO_TS_MEA,91.07
Daniel,Gould,ZC23223,5549427,BRYTON GLOBAL,12,NA MENA,ATLAS,FORFAIT,69WNC43EBWWY7SN,9.52
Daniel,Gould,ZC23223,5549427,BRYTON GLOBAL,12,NA,ATLAS,FORFAIT,NO_TS_NA,90.48
Anne,Bonilla,OA56643,1262623,FORVEX SYSTEMS,12,MEA AFRICA,NOVA,REGIE,MM4IKQXBAMFZJYM,9.82
Grace,Torres,VG59135,2971751,ETHOS VENTURES,12,EMEA ASIA,ATLAS,RPS,YE4ZONEM9SBT798,8.33
Grace,Torres,VG59135,2971751,ETHOS VENTURES,12,EMEA,ATLAS,RPS,NO_TS_EMEA,91.67
Jesus,Martin,FP40303,3459208,DELVO DYNAMICS,12,APAC OCEANIA,VERTEX,FORFAIT,M9VIUJ8CF1Y3Q9D,11.9
Jesus,Martin,FP40303,3459208,DELVO DYNAMICS,12,EMEA,VERTEX,FORFAIT,NO_TS_EMEA,88.1
Ronald,Leonard,BI89472,9248409,ALCOR GLOBAL,12,LATAM AFRICA,PHOENIX,REGIE,RBGJHFC58P8GPQE,11.9
Ronald,Leonard,BI89472,9248409,ALCOR GLOBAL,12,APAC,PHOENIX,REGIE,NO_TS_APAC,88.1
Jacqueline,Kline,EP34684,4174797,HYRION DIGITAL,12,NA MENA,PHOENIX,REGIE,PIIV6TKQI6S8L49,9.52
April,Mitchell,UL66825,2526122,GOLZEN DIGITAL,12,EMEA EUROPE,PULSE,FORFAIT,PW4USD8EV72SQ2O,11.9
John,Herrera,WX07647,9623170,INOVA SOLUTIONS,12,MEA EUROPE,VERTEX,RPS,TGV6QN3XVCX2Z9I,11.9
John,Herrera,WX07647,9623170,INOVA SOLUTIONS,12,NA,VERTEX,RPS,NO_TS_NA,88.1
David,David,KB42102,7850067,CENVEO TECH,12,APAC AFRICA,NEXUS,RPS,499H41U8JB1ZFN6,11.9
David,David,KB42102,7850067,CENVEO TECH,12,CONT,NEXUS,RPS,NO_TS_CONT,88.1
Todd,Bryant,CD81870,2469335,DELVO SOLUTIONS,12,NA ASIA,NOVA,RPS,05HLO7G4SFCY1K7,9.52
Todd,Bryant,CD81870,2469335,DELVO SOLUTIONS,12,MEA,NOVA,RPS,NO_TS_MEA,90.48
Joshua,Aguilar,GF80363,8387130,JALVIK SYSTEMS,12,EMEA AMERICA,STELLAR,MAINTENANCE,BR43A2PV8TSNA6F,10.71
Joshua,Aguilar,GF80363,8387130,JALVIK SYSTEMS,12,CONT,STELLAR,MAINTENANCE,NO_TS_CONT,89.29
Jerry,Rodriguez,LM43365,2852136,ALCOR DYNAMICS,12,CONT OCEANIA,QUANTUM,REGIE,5J07RIRAL88J9Q8,7.74
Michael,Yoder,HV96191,6477653,BRYTON DIGITAL,12,LATAM OCEANIA,ATLAS,MAINTENANCE,XSC6UYXNCYBYB13,7.14
Jessica,Harris,NH28718,7208082,DELVO DIGITAL,12,APAC AMERICA,NEXUS,REGIE,5DT92TRQXJ5YJ0C,8.33
Jessica,Harris,NH28718,7208082,DELVO DIGITAL,12,LATAM,NEXUS,REGIE,NO_TS_LATAM,91.67
Scott,Ferguson,WI48798,8231184,INOVA TECH,12,APAC AMERICA,NOVA,REGIE,HNKWT5L2WPI5W8F,11.31
Scott,Ferguson,WI48798,8231184,INOVA TECH,12,CONT,NOVA,REGIE,NO_TS_CONT,88.69
Jacob,Banks,LY82499,1153302,KESTRA SYSTEMS,12,MEA AFRICA,PULSE,REGIE,RI524EOD4Z64FX6,9.52
Jacob,Banks,LY82499,1153302,KESTRA SYSTEMS,12,LATAM,PULSE,REGIE,NO_TS_LATAM,90.48
Michael,Ward,JN25244,1367643,CENVEO DIGITAL,12,NA EUROPE,ATLAS,FORFAIT,OZO68B7EWFI3PL3,7.74
Michael,Ward,JN25244,1367643,CENVEO DIGITAL,12,MEA,ATLAS,FORFAIT,NO_TS_MEA,92.26
Austin,Simpson,QN12482,2225077,CENVEO DIGITAL,12,CONT AFRICA,STELLAR,FORFAIT,QOCJC7FVYO8B722,11.9
Austin,Simpson,QN12482,2225077,CENVEO DIGITAL,12,MEA,STELLAR,FORFAIT,NO_TS_MEA,88.1
Michelle,Jones,DX74287,1974705,BRYTON DIGITAL,12,EMEA ASIA,NEXUS,MAINTENANCE,8V6MBSD6PG3RDN1,11.9
Michelle,Jones,DX74287,1974705,BRYTON DIGITAL,12,MEA,NEXUS,MAINTENANCE,NO_TS_MEA,88.1
April,Lam,TE12378,4748240,ALCOR TECH,12,NA ASIA,STELLAR,SUPPORT,9A2MQI9Z9QFG1SB,12.2
April,Lam,TE12378,4748240,ALCOR TECH,12,LATAM,STELLAR,SUPPORT,NO_TS_LATAM,87.8
Erik,Rice,WY33337,8405381,ALCOR SYSTEMS,12,EMEA AFRICA,PHOENIX,RPS,78IAFGITZOLC0PS,9.52
Erik,Rice,WY33337,8405381,ALCOR SYSTEMS,12,APAC,PHOENIX,RPS,NO_TS_APAC,90.48
Jonathan,Fernandez,ML73667,1043905,KESTRA GROUP,12,CONT AMERICA,STELLAR,RPS,WMZOTZEAV9CPL3W,8.63
Richard,Shea,YR70841,2168465,ALCOR DIGITAL,12,APAC OCEANIA,ATLAS,FORFAIT,24CYMPB06981Q5O,11.9
Richard,Shea,YR70841,2168465,ALCOR DIGITAL,12,NA,ATLAS,FORFAIT,NO_TS_NA,88.1
Kaitlyn,Klein,FQ28053,7660702,GOLZEN GROUP,12,NA MENA,PULSE,RPS,XEK8NTFDJT3DM7U,14.88
Bernard,Thomas,FL67297,7460093,GOLZEN VENTURES,12,CONT MENA,NEXUS,REGIE,UV2F08HJTR6F3BI,9.52
Bernard,Thomas,FL67297,7460093,GOLZEN VENTURES,12,APAC,NEXUS,REGIE,NO_TS_APAC,90.48
Stephanie,Clark,YR51682,4289789,ALCOR TECH,12,LATAM AMERICA,STELLAR,SUPPORT,W2QJ7Y5B3BHV10D,9.52
Stephanie,Clark,YR51682,4289789,ALCOR TECH,12,EMEA,STELLAR,SUPPORT,NO_TS_EMEA,90.48
Eugene,Lawson,AL85999,1600676,KESTRA SOLUTIONS,12,CONT AMERICA,PULSE,RPS,LOOIYJBE5XFQLLY,10.11
Eugene,Lawson,AL85999,1600676,KESTRA SOLUTIONS,12,LATAM,PULSE,RPS,NO_TS_LATAM,89.89
Joshua,Williams,TX50970,3586396,JALVIK DIGITAL,12,EMEA OCEANIA,NOVA,RPS,73BHPLIT4LRPZ68,10.71
Joshua,Williams,TX50970,3586396,JALVIK DIGITAL,12,EMEA,NOVA,RPS,NO_TS_EMEA,89.29
Pamela,Moody,YI11165,8672627,GOLZEN SYSTEMS,12,NA OCEANIA,NOVA,SUPPORT,3AR4DNO8ETGLEB5,14.29
Pamela,Moody,YI11165,8672627,GOLZEN SYSTEMS,12,CONT,NOVA,SUPPORT,NO_TS_CONT,85.71
Ashley,Smith,RI88804,9255922,DELVO CONSULTING,12,CONT OCEANIA,PHOENIX,SUPPORT,PI2VHVYHLNMDV3K,9.23
Ashley,Smith,RI88804,9255922,DELVO CONSULTING,12,CONT,PHOENIX,SUPPORT,NO_TS_CONT,90.77
Katie,Rowland,NQ47504,8993657,LUMEX DIGITAL,12,NA AFRICA,NEXUS,SUPPORT,9KQ3JJO72PPFUHW,9.52
Kristina,Tate,SD70137,4003401,HYRION GLOBAL,12,APAC AFRICA,PHOENIX,MAINTENANCE,BEG847WSE7RJ4WI,7.59
William,Miller,UP98599,6496552,LUMEX GROUP,12,MEA OCEANIA,PHOENIX,REGIE,I3NVUSTRZ8ZPQLW,9.82
William,Miller,UP98599,6496552,LUMEX GROUP,12,NA,PHOENIX,REGIE,NO_TS_NA,90.18
Oscar,Cooper,SM59402,5778149,ALCOR DYNAMICS,12,APAC MENA,NOVA,FORFAIT,MUPE62CO9KGYAI5,7.44
Oscar,Cooper,SM59402,5778149,ALCOR DYNAMICS,12,NA,NOVA,FORFAIT,NO_TS_NA,92.56
George,Boyd,MK58636,8425428,LUMEX DIGITAL,12,NA EUROPE,QUANTUM,REGIE,OXCZZAH7VDPCUID,9.08
George,Boyd,MK58636,8425428,LUMEX DIGITAL,12,CONT,QUANTUM,REGIE,NO_TS_CONT,90.92
Bryan,Cooke,GV86948,8041063,ALCOR DIGITAL,12,LATAM EUROPE,NEXUS,MAINTENANCE,TD8BFLWO60OVANA,11.9
Anthony,Bowman,UN74090,8431440,BRYTON SOLUTIONS,12,EMEA ASIA,PHOENIX,FORFAIT,ZKDUU5HE10VTYZ3,11.9
Mitchell,Mercado,YQ98912,3023112,KESTRA DYNAMICS,12,APAC AMERICA,QUANTUM,MAINTENANCE,X923K8BKT7EH1XF,8.33
Mitchell,Mercado,YQ98912,3023112,KESTRA DYNAMICS,12,LATAM,QUANTUM,MAINTENANCE,NO_TS_LATAM,91.67
Alexandria,Hebert,AJ74776,9800727,JALVIK DIGITAL,12,CONT AFRICA,VERTEX,RPS,YNFFNVTN8YOK0OB,11.01
Alexandria,Hebert,AJ74776,9800727,JALVIK DIGITAL,12,EMEA,VERTEX,RPS,NO_TS_EMEA,88.99
Michael,Wilson,MA53042,4544068,CENVEO GROUP,12,EMEA MENA,PULSE,SUPPORT,P84XOI944R69XDT,5.06
Michael,Wilson,MA53042,4544068,CENVEO GROUP,12,NA,PULSE,SUPPORT,NO_TS_NA,94.94
Rachel,Murphy,NZ04003,2084558,JALVIK GLOBAL,12,MEA EUROPE,NEXUS,MAINTENANCE,38GVXHVA2Y6U20S,11.9
Rachel,Murphy,NZ04003,2084558,JALVIK GLOBAL,12,MEA,NEXUS,MAINTENANCE,NO_TS_MEA,88.1
Jamie,Riley,ML96325,9038396,KESTRA VENTURES,12,LATAM MENA,NEXUS,REGIE,H81BZWIOCCTNFJ6,9.23
Bruce,Pope,QY00550,2259486,ETHOS VENTURES,12,CONT MENA,ATLAS,RPS,5HYDP0FKIZHA8WC,11.9
Bruce,Pope,QY00550,2259486,ETHOS VENTURES,12,NA,ATLAS,RPS,NO_TS_NA,88.1
Andrea,Barrett,MC08132,1909388,GOLZEN TECH,12,CONT EUROPE,VERTEX,SUPPORT,5SSKRFEYKM508C4,9.23
Andrea,Barrett,MC08132,1909388,GOLZEN TECH,12,CONT,VERTEX,SUPPORT,NO_TS_CONT,90.77
Donna,Munoz,IG11646,9133101,INOVA GROUP,12,APAC MENA,PULSE,MAINTENANCE,7O4HPRKY4G6YXR8,11.9
Donna,Munoz,IG11646,9133101,INOVA GROUP,12,NA,PULSE,MAINTENANCE,NO_TS_NA,88.1
Joan,Barrett,AS82835,7229966,HYRION TECH,12,EMEA OCEANIA,QUANTUM,REGIE,3LR7DCUSB5ZM40V,8.33
Joan,Barrett,AS82835,7229966,HYRION TECH,12,EMEA,QUANTUM,REGIE,NO_TS_EMEA,91.67
Kyle,Martinez,XW78444,6141483,ALCOR VENTURES,12,NA MENA,PULSE,MAINTENANCE,LS74B1JJ3P4R2GF,7.14
Andrew,Mcdaniel,TV48167,9183828,CENVEO DIGITAL,12,CONT ASIA,PHOENIX,MAINTENANCE,NVA5JGBF8MUAAOG,14.29
Andrew,Mcdaniel,TV48167,9183828,CENVEO DIGITAL,12,MEA,PHOENIX,MAINTENANCE,NO_TS_MEA,85.71
Peter,Martinez,FE60653,9422213,ETHOS VENTURES,12,EMEA MENA,STELLAR,SUPPORT,FD0PWTWZGVS68QN,9.54
Peter,Martinez,FE60653,9422213,ETHOS VENTURES,12,MEA,STELLAR,SUPPORT,NO_TS_MEA,90.46
Erica,Jones,FF11065,5312937,FORVEX DYNAMICS,12,APAC MENA,NEXUS,FORFAIT,EWJAPF9R1MPREHW,11.9
Erica,Jones,FF11065,5312937,FORVEX DYNAMICS,12,CONT,NEXUS,FORFAIT,NO_TS_CONT,88.1
Justin,Hutchinson,UY46938,7505901,INOVA GROUP,12,MEA MENA,ATLAS,MAINTENANCE,GOOJ7CT4JB7XM9G,8.93
Justin,Hutchinson,UY46938,7505901,INOVA GROUP,12,MEA,ATLAS,MAINTENANCE,NO_TS_MEA,91.07
Larry,Harrison,QT99791,7033983,HYRION VENTURES,12,CONT MENA,STELLAR,REGIE,N5ZWXIYC3KK7I7W,11.9
Larry,Harrison,QT99791,7033983,HYRION VENTURES,12,EMEA,STELLAR,REGIE,NO_TS_EMEA,88.1
Kenneth,Downs,ZX02254,7725033,JALVIK GROUP,12,APAC MENA,NOVA,SUPPORT,8XA2K0KAMI9MZ33,9.52
Kenneth,Downs,ZX02254,7725033,JALVIK GROUP,12,MEA,NOVA,SUPPORT,NO_TS_MEA,90.48
Samantha,Sullivan,SP92759,5782327,HYRION CONSULTING,12,EMEA ASIA,PHOENIX,REGIE,E90UAKM5FCAZEGI,5.36
Samantha,Sullivan,SP92759,5782327,HYRION CONSULTING,12,LATAM,PHOENIX,REGIE,NO_TS_LATAM,94.64
Brittany,Bass,CL49992,3684740,FORVEX GROUP,12,LATAM EUROPE,NOVA,RPS,0W5VGE867B93OBT,11.9
Andrew,Blair,UU62958,3943627,CENVEO SYSTEMS,12,MEA ASIA,NOVA,MAINTENANCE,XWN9CK3UZPTY688,7.74
Andrew,Blair,UU62958,3943627,CENVEO SYSTEMS,12,CONT,NOVA,MAINTENANCE,NO_TS_CONT,92.26
Jeffrey,Contreras,MB19438,8808427,BRYTON DIGITAL,12,APAC EUROPE,NEXUS,MAINTENANCE,6IFNM9NCRQVI9H7,7.59
Jeffrey,Contreras,MB19438,8808427,BRYTON DIGITAL,12,LATAM,NEXUS,MAINTENANCE,NO_TS_LATAM,92.41
Susan,Jones,CL18804,3694668,GOLZEN CONSULTING,12,EMEA ASIA,PULSE,RPS,F9CPFTRAF55HOMI,10.71
Susan,Jones,CL18804,3694668,GOLZEN CONSULTING,12,CONT,PULSE,RPS,NO_TS_CONT,89.29
Mark,Jones,LI73996,2441532,DELVO SYSTEMS,12,MEA AMERICA,NOVA,SUPPORT,J1PEVA8BK4XH429,9.52
Mark,Jones,LI73996,2441532,DELVO SYSTEMS,12,LATAM,NOVA,SUPPORT,NO_TS_LATAM,90.48
Brian,Myers,KX66348,4923596,HYRION SYSTEMS,12,EMEA AFRICA,VERTEX,MAINTENANCE,8T51KX8LM2QRL2T,8.33
Scott,Hendrix,SH56894,3335911,DELVO GLOBAL,12,CONT ASIA,ORBIT,FORFAIT,3OPQ08JG4JGINYM,9.52
Scott,Hendrix,SH56894,3335911,DELVO GLOBAL,12,EMEA,ORBIT,FORFAIT,NO_TS_EMEA,90.48
Janice,Merritt,VV22951,1205609,HYRION DYNAMICS,12,LATAM OCEANIA,PULSE,SUPPORT,RIY1Z6DEAKKH9YB,14.29
Janice,Merritt,VV22951,1205609,HYRION DYNAMICS,12,CONT,PULSE,SUPPORT,NO_TS_CONT,85.71
Kelsey,Young,TJ98955,3215957,DELVO GROUP,12,MEA ASIA,NOVA,RPS,16Q6PAL23PNG39O,10.12
Kelsey,Young,TJ98955,3215957,DELVO GROUP,12,EMEA,NOVA,RPS,NO_TS_EMEA,89.88
Jacob,Miranda,PN73620,7483992,INOVA GLOBAL,12,APAC EUROPE,VERTEX,RPS,5DFC9GA910FK38O,9.52
Jacob,Miranda,PN73620,7483992,INOVA GLOBAL,12,NA,VERTEX,RPS,NO_TS_NA,90.48
Thomas,Thomas,AX13777,5034819,KESTRA SYSTEMS,12,APAC AFRICA,NEXUS,SUPPORT,BRXQA63JY10ZM56,9.82
Thomas,Thomas,AX13777,5034819,KESTRA SYSTEMS,12,NA,NEXUS,SUPPORT,NO_TS_NA,90.18
Nicole,Miller,YP09679,2595782,ALCOR DIGITAL,12,LATAM AMERICA,STELLAR,MAINTENANCE,7P6K6R2LNJ9KDUI,9.52
Nicole,Miller,YP09679,2595782,ALCOR DIGITAL,12,EMEA,STELLAR,MAINTENANCE,NO_TS_EMEA,90.48
Lisa,Davis,HY59021,4301510,DELVO VENTURES,12,NA AMERICA,NOVA,RPS,PP39QSMAN8QLT9R,9.23
Lisa,Davis,HY59021,4301510,DELVO VENTURES,12,NA,NOVA,RPS,NO_TS_NA,90.77
Brian,Shaw,AU53118,1004178,KESTRA CONSULTING,12,CONT EUROPE,VERTEX,FORFAIT,XUXOQQBOJW7UNFN,11.76
Brian,Shaw,AU53118,1004178,KESTRA CONSULTING,12,LATAM,VERTEX,FORFAIT,NO_TS_LATAM,88.24
John,Jarvis,YR43206,3298503,FORVEX DYNAMICS,12,NA MENA,VERTEX,MAINTENANCE,QAWZFXUWR0HWQBA,9.52
Jeffrey,Rich,SV29226,4731793,HYRION GROUP,12,MEA OCEANIA,PHOENIX,SUPPORT,WQQ39NUSXKSG94R,11.9
Jeffrey,Rich,SV29226,4731793,HYRION GROUP,12,NA,PHOENIX,SUPPORT,NO_TS_NA,88.1
Katie,Campbell,ON95112,2732231,CENVEO CONSULTING,12,EMEA MENA,QUANTUM,MAINTENANCE,GJWM4KK7VBEE9OI,11.9
Jeremy,Brooks,CJ67268,4279429,LUMEX TECH,12,MEA AMERICA,PULSE,RPS,KH1OHS9UI9ZX4G0,9.97
Jeremy,Brooks,CJ67268,4279429,LUMEX TECH,12,EMEA,PULSE,RPS,NO_TS_EMEA,90.03
David,Day,MJ31395,8730443,HYRION DYNAMICS,12,NA AFRICA,NOVA,FORFAIT,V1429NVSJVVNUM8,7.14
David,Day,MJ31395,8730443,HYRION DYNAMICS,12,APAC,NOVA,FORFAIT,NO_TS_APAC,92.86
Rickey,Stuart,VI45007,5316023,JALVIK DYNAMICS,12,EMEA AFRICA,QUANTUM,SUPPORT,OAGKLCJTCMG0OGD,8.33
Rickey,Stuart,VI45007,5316023,JALVIK DYNAMICS,12,MEA,QUANTUM,SUPPORT,NO_TS_MEA,91.67
Meagan,Mills,KW84759,7843611,LUMEX GLOBAL,12,EMEA OCEANIA,NEXUS,REGIE,39MZC55TQW3CA5U,11.9
Meagan,Mills,KW84759,7843611,LUMEX GLOBAL,12,CONT,NEXUS,REGIE,NO_TS_CONT,88.1
Anthony,Ramirez,FA92132,5915235,BRYTON SOLUTIONS,12,EMEA ASIA,ATLAS,FORFAIT,OM5JP16UO0TQ5OY,7.29
Anthony,Ramirez,FA92132,5915235,BRYTON SOLUTIONS,12,CONT,ATLAS,FORFAIT,NO_TS_CONT,92.71
Tanya,Solis,QS72455,8255971,DELVO TECH,12,APAC AMERICA,STELLAR,SUPPORT,CP69ZABHWEF9CVQ,11.9
Tanya,Solis,QS72455,8255971,DELVO TECH,12,MEA,STELLAR,SUPPORT,NO_TS_MEA,88.1
Alexander,Monroe,BO86972,4681865,INOVA SOLUTIONS,12,EMEA AMERICA,NEXUS,REGIE,FL69DUK8L7JSWEC,11.9
Alexander,Monroe,BO86972,4681865,INOVA SOLUTIONS,12,CONT,NEXUS,REGIE,NO_TS_CONT,88.1
Joseph,Rojas,DL36409,6497887,ETHOS CONSULTING,12,CONT AMERICA,VERTEX,SUPPORT,QARKOX3MPS4L7MF,9.52
Amber,Johnston,WJ62419,7205457,FORVEX TECH,12,CONT AMERICA,VERTEX,FORFAIT,9PW9DLV5QFNWL1M,10.71
Amber,Johnston,WJ62419,7205457,FORVEX TECH,12,NA,VERTEX,FORFAIT,NO_TS_NA,89.29
Harold,Davis,KU28111,1555806,ETHOS VENTURES,12,MEA OCEANIA,QUANTUM,SUPPORT,ZMF8XYOF45DNMO2,12.2
Harold,Davis,KU28111,1555806,ETHOS VENTURES,12,EMEA,QUANTUM,SUPPORT,NO_TS_EMEA,87.8
Carlos,Beard,TP37755,3692235,CENVEO GROUP,12,LATAM ASIA,ORBIT,REGIE,OARXJNFN0XBRZXJ,10.12
Kristin,Johnson,KB31410,1680816,KESTRA DYNAMICS,12,EMEA MENA,NEXUS,MAINTENANCE,2G2MF3AVJUT34V2,11.9
Kristin,Johnson,KB31410,1680816,KESTRA DYNAMICS,12,APAC,NEXUS,MAINTENANCE,NO_TS_APAC,88.1
James,Carlson,AY07307,2120049,ETHOS DYNAMICS,12,MEA OCEANIA,VERTEX,REGIE,57QOYC2QT979DTV,7.74
James,Carlson,AY07307,2120049,ETHOS DYNAMICS,12,NA,VERTEX,REGIE,NO_TS_NA,92.26
Vincent,Campbell,GW92180,7559621,JALVIK CONSULTING,12,NA AMERICA,NOVA,REGIE,PSJE1I3L3J6Z3GK,7.14
Darrell,Burns,FF87942,2621128,BRYTON DYNAMICS,12,CONT,PULSE,REGIE,NO_TS_CONT,100.0
Elizabeth,Hodges,VD49916,3066862,ALCOR CONSULTING,12,EMEA OCEANIA,PHOENIX,FORFAIT,4HZ6U1T94XD4DDA,7.14
Elizabeth,Hodges,VD49916,3066862,ALCOR CONSULTING,12,NA,PHOENIX,FORFAIT,NO_TS_NA,92.86
Dwayne,Terry,CH94450,5128611,DELVO SYSTEMS,12,APAC AMERICA,NEXUS,REGIE,UV21AO8XZISWZ73,14.29
Dwayne,Terry,CH94450,5128611,DELVO SYSTEMS,12,NA,NEXUS,REGIE,NO_TS_NA,85.71
Elizabeth,Melton,XO32816,3786246,DELVO SYSTEMS,12,NA AFRICA,NOVA,FORFAIT,WWA2D2NISMWZ32I,9.52
Elizabeth,Melton,XO32816,3786246,DELVO SYSTEMS,12,LATAM,NOVA,FORFAIT,NO_TS_LATAM,90.48
Matthew,Williams,DE16822,3400448,JALVIK DYNAMICS,12,MEA AMERICA,PULSE,REGIE,LFOVCU7EQU8YYRQ,6.85
Matthew,Williams,DE16822,3400448,JALVIK DYNAMICS,12,EMEA,PULSE,REGIE,NO_TS_EMEA,93.15
Traci,Bailey,WC39230,2774816,KESTRA GLOBAL,12,LATAM ASIA,ORBIT,REGIE,GUCNN5HIUR5QL91,9.52
Adam,Watson,XI65158,9562278,FORVEX DIGITAL,12,EMEA MENA,ORBIT,SUPPORT,Z2RLSNN69OIZ05A,11.9
Adam,Watson,XI65158,9562278,FORVEX DIGITAL,12,EMEA,ORBIT,SUPPORT,NO_TS_EMEA,88.1
John,Thomas,WV76602,6574100,LUMEX TECH,12,APAC MENA,PULSE,SUPPORT,66IP3AGHUKMHPM7,9.52
John,Thomas,WV76602,6574100,LUMEX TECH,12,NA,PULSE,SUPPORT,NO_TS_NA,90.48
John,Fuentes,TV18328,8034084,GOLZEN SYSTEMS,12,NA OCEANIA,ATLAS,RPS,GXPTORYWE8LF9YM,12.8
Nathaniel,Williams,NA00352,2483007,FORVEX SYSTEMS,12,APAC MENA,PHOENIX,SUPPORT,C8ZOASX3G25XU74,8.63
Jenny,Taylor,EQ90116,2615392,LUMEX SOLUTIONS,12,EMEA AMERICA,PULSE,RPS,YGHYLV8VAXZVRZZ,10.12
Jenny,Taylor,EQ90116,2615392,LUMEX SOLUTIONS,12,MEA,PULSE,RPS,NO_TS_MEA,89.88
Shawn,Smith,NQ27074,3486168,FORVEX DYNAMICS,12,LATAM ASIA,PHOENIX,REGIE,WSOOVBQCEPQLKEK,9.52
Shawn,Smith,NQ27074,3486168,FORVEX DYNAMICS,12,NA,PHOENIX,REGIE,NO_TS_NA,90.48
Dennis,Robinson,VN09796,1935604,INOVA TECH,12,NA OCEANIA,VERTEX,SUPPORT,0XXWQPRDYXBNSX2,9.82
Dennis,Robinson,VN09796,1935604,INOVA TECH,12,NA,VERTEX,SUPPORT,NO_TS_NA,90.18
Eric,Mueller,JQ75389,7350464,FORVEX TECH,12,APAC EUROPE,ORBIT,REGIE,90KJB7HHFK9Q13Y,7.14
Eric,Mueller,JQ75389,7350464,FORVEX TECH,12,LATAM,ORBIT,REGIE,NO_TS_LATAM,92.86
Mark,Cooley,QJ64366,2772956,LUMEX SOLUTIONS,12,LATAM AMERICA,VERTEX,RPS,PIVS6YW7VOXMHDU,9.82
Mark,Cooley,QJ64366,2772956,LUMEX SOLUTIONS,12,EMEA,VERTEX,RPS,NO_TS_EMEA,90.18
Eric,Joseph,CN47880,7191734,ALCOR GROUP,12,MEA ASIA,QUANTUM,SUPPORT,6Z779AQ1SMFV7BV,11.9
Dan,Allen,WX55259,8259997,CENVEO SOLUTIONS,12,MEA AMERICA,ORBIT,FORFAIT,N547OD7M0IAD7WO,8.93
Dan,Allen,WX55259,8259997,CENVEO SOLUTIONS,12,EMEA,ORBIT,FORFAIT,NO_TS_EMEA,91.07
Brandon,Wright,XI98845,6265323,KESTRA CONSULTING,12,MEA AMERICA,QUANTUM,RPS,OPPSKGCA5W38U4F,6.25
Brandon,Wright,XI98845,6265323,KESTRA CONSULTING,12,CONT,QUANTUM,RPS,NO_TS_CONT,93.75
Alyssa,Lynch,SL83640,2215930,LUMEX SOLUTIONS,12,NA AMERICA,VERTEX,REGIE,MX8QQS1S6ONZ6V5,10.71
Russell,Smith,UT59883,8202066,CENVEO GROUP,12,LATAM MENA,NOVA,FORFAIT,21KFPRU88NG7920,7.29
Russell,Smith,UT59883,8202066,CENVEO GROUP,12,LATAM,NOVA,FORFAIT,NO_TS_LATAM,92.71
Travis,Ortiz,VL05742,8653611,INOVA TECH,12,APAC EUROPE,PULSE,FORFAIT,YADISQKDHUWZORZ,10.71
Travis,Ortiz,VL05742,8653611,INOVA TECH,12,EMEA,PULSE,FORFAIT,NO_TS_EMEA,89.29
Kaitlyn,Gordon,XK34404,4538649,DELVO GROUP,12,NA AFRICA,VERTEX,REGIE,7PDSST2X1F2WM53,7.74
Kaitlyn,Gordon,XK34404,4538649,DELVO GROUP,12,CONT,VERTEX,REGIE,NO_TS_CONT,92.26
Teresa,Dougherty,MD32902,8017173,HYRION GROUP,12,APAC MENA,STELLAR,RPS,4S71B0ORIBHEY3Z,9.52
Angela,Evans,FL82802,1828110,INOVA TECH,12,APAC EUROPE,QUANTUM,MAINTENANCE,B1WFDDOZMII8LWN,9.52
Nicholas,Alvarez,OD01495,5089492,ALCOR TECH,12,LATAM EUROPE,PULSE,REGIE,L8HEDIAK08GZ5JN,9.52
Nicholas,Alvarez,OD01495,5089492,ALCOR TECH,12,MEA,PULSE,REGIE,NO_TS_MEA,90.48
Patricia,Johnson,RI33771,7842751,ALCOR GROUP,12,EMEA ASIA,VERTEX,FORFAIT,XZ99A07VZJF2NTG,11.9
Patricia,Johnson,RI33771,7842751,ALCOR GROUP,12,EMEA,VERTEX,FORFAIT,NO_TS_EMEA,88.1
Jacob,Saunders,YX32322,2374151,GOLZEN TECH,12,LATAM ASIA,STELLAR,RPS,8W7Z2ZWEZD7K9IZ,9.52
Jacob,Saunders,YX32322,2374151,GOLZEN TECH,12,APAC,STELLAR,RPS,NO_TS_APAC,90.48
Mckenzie,Young,MY70320,8595594,ETHOS TECH,12,MEA OCEANIA,PULSE,REGIE,7OSUU2YJ21LCC8C,7.14
Troy,Wells,GC96067,7103188,GOLZEN TECH,12,NA EUROPE,NEXUS,SUPPORT,7GD6P8T15C8XTRA,7.74
Troy,Wells,GC96067,7103188,GOLZEN TECH,12,LATAM,NEXUS,SUPPORT,NO_TS_LATAM,92.26
Erika,Mckee,YI54209,3107024,LUMEX GLOBAL,12,APAC EUROPE,VERTEX,SUPPORT,49Z2VYGIMXFCD1S,9.52
Sierra,Taylor,JH48216,9427308,JALVIK DYNAMICS,12,MEA EUROPE,PULSE,SUPPORT,G10B6NXVTM4L0YZ,10.12
Crystal,Brown,LD90036,1057185,JALVIK GLOBAL,12,NA MENA,QUANTUM,SUPPORT,707RLB13MMSVSGE,10.27
Crystal,Brown,LD90036,1057185,JALVIK GLOBAL,12,MEA,QUANTUM,SUPPORT,NO_TS_MEA,89.73
Lori,Mitchell,AE98381,8867064,INOVA TECH,12,LATAM OCEANIA,NEXUS,RPS,P19QK2QJDSO2RXA,11.9
Lori,Mitchell,AE98381,8867064,INOVA TECH,12,EMEA,NEXUS,RPS,NO_TS_EMEA,88.1
David,Dillon,MH26247,3300729,CENVEO DYNAMICS,12,NA AMERICA,PULSE,MAINTENANCE,MGPZ69J56NMX20C,10.42
Steve,Bowman,GY31680,6244153,LUMEX SOLUTIONS,12,NA AFRICA,QUANTUM,SUPPORT,O2KZ4LJT6VGEBOD,9.52
Steve,Bowman,GY31680,6244153,LUMEX SOLUTIONS,12,LATAM,QUANTUM,SUPPORT,NO_TS_LATAM,90.48
Kimberly,Lee,OF28153,4522990,FORVEX GLOBAL,12,LATAM AFRICA,PHOENIX,MAINTENANCE,LSRB42DM3CMNZBB,11.9
Christine,Phillips,FY31908,1727892,KESTRA CONSULTING,12,NA AFRICA,PULSE,FORFAIT,94TWL6YSDKK9ZHR,18.75
Christine,Phillips,FY31908,1727892,KESTRA CONSULTING,12,MEA,PULSE,FORFAIT,NO_TS_MEA,81.25
Haley,Anderson,RC00111,8665795,CENVEO SOLUTIONS,12,LATAM ASIA,ATLAS,RPS,2YZ0V8I53AB6PK9,10.71
Sharon,Landry,MP50299,3452285,FORVEX GLOBAL,12,EMEA AFRICA,NEXUS,REGIE,05N0XUXX00NPMF2,9.52
Erik,Hart,RZ88636,6261264,HYRION SOLUTIONS,12,MEA AMERICA,NEXUS,MAINTENANCE,OMQ3CJVJK0JL6GG,9.52
Erik,Hart,RZ88636,6261264,HYRION SOLUTIONS,12,MEA,NEXUS,MAINTENANCE,NO_TS_MEA,90.48
Shaun,Parrish,CC59773,5203415,BRYTON CONSULTING,12,NA OCEANIA,NEXUS,MAINTENANCE,5RIPPICP4HCKNPB,8.78
Shaun,Parrish,CC59773,5203415,BRYTON CONSULTING,12,MEA,NEXUS,MAINTENANCE,NO_TS_MEA,91.22
Andrew,Kennedy,LG53050,7528314,DELVO CONSULTING,12,EMEA EUROPE,PULSE,MAINTENANCE,0FXOYZIROUSJCSL,11.9
Andrew,Kennedy,LG53050,7528314,DELVO CONSULTING,12,APAC,PULSE,MAINTENANCE,NO_TS_APAC,88.1
William,Patel,ZT91181,4701612,CENVEO DYNAMICS,12,NA AFRICA,PULSE,RPS,WPDOQ4H3K9ZHIF8,9.52
Wendy,Johnson,QZ57798,7721002,ETHOS DIGITAL,12,EMEA AFRICA,VERTEX,RPS,JUSOQU04X5A9D6C,9.52
Wendy,Johnson,QZ57798,7721002,ETHOS DIGITAL,12,CONT,VERTEX,RPS,NO_TS_CONT,90.48
Michael,Campbell,KC81151,1431469,FORVEX GLOBAL,12,MEA AFRICA,VERTEX,SUPPORT,6ZE1JVVW5SQF4OJ,9.52
Daniel,Horne,AJ80590,5258576,HYRION DYNAMICS,12,EMEA MENA,PULSE,FORFAIT,FFDBMQ4I9ENOQF8,9.52
Daniel,Horne,AJ80590,5258576,HYRION DYNAMICS,12,CONT,PULSE,FORFAIT,NO_TS_CONT,90.48
Johnathan,Fitzgerald,OJ44325,5587151,KESTRA DYNAMICS,12,MEA EUROPE,PHOENIX,REGIE,Q37795Q9K8UOIGP,5.8
Johnathan,Fitzgerald,OJ44325,5587151,KESTRA DYNAMICS,12,APAC,PHOENIX,REGIE,NO_TS_APAC,94.2
William,Pope,UT35872,6950754,BRYTON DIGITAL,12,APAC AMERICA,ATLAS,SUPPORT,XI2JA5XMVX9LO1G,9.52
William,Pope,UT35872,6950754,BRYTON DIGITAL,12,APAC,ATLAS,SUPPORT,NO_TS_APAC,90.48
Cheryl,White,EU19404,9376751,HYRION TECH,12,APAC AFRICA,QUANTUM,FORFAIT,XMDCNNBSYS3UD5Y,9.52
Cheryl,White,EU19404,9376751,HYRION TECH,12,MEA,QUANTUM,FORFAIT,NO_TS_MEA,90.48
Crystal,Miller,JZ82130,4619665,DELVO GROUP,12,APAC AMERICA,NEXUS,REGIE,4W5AH24UAMJ0RND,9.52
James,Smith,ES22483,4524525,LUMEX VENTURES,12,LATAM AMERICA,NEXUS,REGIE,XQ92Q80AOZ68NAR,11.01
Daniel,Davis,HK36312,7355347,JALVIK DIGITAL,12,LATAM AMERICA,STELLAR,MAINTENANCE,9H4VFWA9HLMUKCL,8.33
Logan,Schultz,WV04889,6527957,FORVEX GROUP,12,EMEA ASIA,PHOENIX,FORFAIT,YHOURSHCS4WB1YO,11.9
Logan,Schultz,WV04889,6527957,FORVEX GROUP,12,EMEA,PHOENIX,FORFAIT,NO_TS_EMEA,88.1
Karen,Jones,LD12589,4760549,ALCOR VENTURES,12,NA EUROPE,NOVA,RPS,KSU5712B7QO478N,11.9
Karen,Jones,LD12589,4760549,ALCOR VENTURES,12,NA,NOVA,RPS,NO_TS_NA,88.1
Sandra,Elliott,XM64817,8026315,DELVO VENTURES,12,LATAM EUROPE,PULSE,SUPPORT,EVCI2ON5LPJZL6F,10.71
Sandra,Elliott,XM64817,8026315,DELVO VENTURES,12,MEA,PULSE,SUPPORT,NO_TS_MEA,89.29
Amy,Martinez,XI23252,1308959,KESTRA DYNAMICS,12,MEA AMERICA,NOVA,REGIE,RPS40QH1MAOAN0D,9.52
Jonathan,Pratt,DH40381,1341814,ALCOR DIGITAL,12,CONT AMERICA,ATLAS,MAINTENANCE,58OQJHKGYGDUVXU,10.12
Jonathan,Pratt,DH40381,1341814,ALCOR DIGITAL,12,NA,ATLAS,MAINTENANCE,NO_TS_NA,89.88
Amy,Hanna,GS22261,4258654,KESTRA CONSULTING,12,EMEA AMERICA,ORBIT,REGIE,RRSMWGCV7UNEDP6,8.63
Amy,Hanna,GS22261,4258654,KESTRA CONSULTING,12,NA,ORBIT,REGIE,NO_TS_NA,91.37
Gregory,Monroe,PF36372,2532569,ETHOS DYNAMICS,12,EMEA MENA,PHOENIX,RPS,015A5LPM636JVN9,7.44
Gregory,Monroe,PF36372,2532569,ETHOS DYNAMICS,12,EMEA,PHOENIX,RPS,NO_TS_EMEA,92.56
Russell,Perry,GA18083,6472766,LUMEX DIGITAL,12,EMEA MENA,STELLAR,REGIE,5O3YONSV20CUGH3,16.67
Miguel,Marshall,NO44756,8193712,BRYTON GROUP,12,MEA ASIA,QUANTUM,RPS,L5AHNGBS7BMJWQ7,9.52
Natalie,Winters,WV39518,4467969,ALCOR GLOBAL,12,EMEA MENA,NEXUS,RPS,ZLJ80UCQV8N1ZKS,8.33
Ashley,Morris,GT21910,7218859,KESTRA SYSTEMS,12,CONT OCEANIA,STELLAR,RPS,112D4YG3T4AY9T9,11.9
Ashley,Morris,GT21910,7218859,KESTRA SYSTEMS,12,CONT,STELLAR,RPS,NO_TS_CONT,88.1
Dominic,Wilson,UJ86828,9494277,DELVO CONSULTING,12,CONT EUROPE,ORBIT,MAINTENANCE,EURE5JXC7XYS5JH,8.33
Patricia,Austin,AU48549,7653588,DELVO SYSTEMS,12,NA ASIA,NOVA,RPS,P9QWLQKM2F5FJYV,8.63
Nathan,Pineda,GX65759,8309979,LUMEX GLOBAL,12,EMEA OCEANIA,NOVA,REGIE,8TCS24S81XBLAHQ,8.33
Nathan,Pineda,GX65759,8309979,LUMEX GLOBAL,12,LATAM,NOVA,REGIE,NO_TS_LATAM,91.67
John,Lee,EL54096,8824823,INOVA DIGITAL,12,MEA AFRICA,VERTEX,MAINTENANCE,1QVZWAZ9I9TRB6O,7.59
John,Lee,EL54096,8824823,INOVA DIGITAL,12,EMEA,VERTEX,MAINTENANCE,NO_TS_EMEA,92.41
Ian,Roberts,EX02369,9814604,CENVEO SYSTEMS,12,LATAM EUROPE,VERTEX,REGIE,15WBQEFQVPH4LXI,9.52
Teresa,Butler,IA72804,9316395,BRYTON DIGITAL,12,EMEA MENA,VERTEX,MAINTENANCE,2J54I6UZYLO56A0,12.05
Teresa,Butler,IA72804,9316395,BRYTON DIGITAL,12,NA,VERTEX,MAINTENANCE,NO_TS_NA,87.95
Erika,Brown,KT10671,9300299,KESTRA SYSTEMS,12,APAC MENA,STELLAR,REGIE,7Q29C0L69WQHBW5,11.9
Erika,Brown,KT10671,9300299,KESTRA SYSTEMS,12,CONT,STELLAR,REGIE,NO_TS_CONT,88.1
Gary,Ward,WR60175,8165757,HYRION CONSULTING,12,LATAM AMERICA,ORBIT,MAINTENANCE,73Y63RC5IDJUTGL,9.67
Amy,Miller,WN27326,1450857,HYRION DYNAMICS,12,EMEA AMERICA,NEXUS,RPS,3XDUBEVELAYLJ0Y,9.82
Amy,Miller,WN27326,1450857,HYRION DYNAMICS,12,CONT,NEXUS,RPS,NO_TS_CONT,90.18
Lance,James,XS07067,5921414,DELVO DYNAMICS,12,CONT OCEANIA,ORBIT,MAINTENANCE,JSHS8I7SC7PM2D2,2.08
Lance,James,XS07067,5921414,DELVO DYNAMICS,12,CONT,ORBIT,MAINTENANCE,NO_TS_CONT,97.92
Mary,Fox,LT85970,6936715,DELVO GLOBAL,12,MEA MENA,QUANTUM,SUPPORT,AD2CT2IQOBK3QT3,7.74
Mary,Fox,LT85970,6936715,DELVO GLOBAL,12,APAC,QUANTUM,SUPPORT,NO_TS_APAC,92.26
Joel,Graves,TE72081,3490563,INOVA TECH,12,MEA ASIA,VERTEX,FORFAIT,GK7DOQFA8KC0WL1,9.01
Mary,Martinez,FB90581,8242611,GOLZEN SYSTEMS,12,LATAM MENA,PHOENIX,MAINTENANCE,2KETUF92W02VPFM,9.52
Christopher,Romero,YW31515,7415496,BRYTON TECH,12,EMEA OCEANIA,ORBIT,FORFAIT,450J4TOVQ6K4JPB,12.5
Christopher,Romero,YW31515,7415496,BRYTON TECH,12,EMEA,ORBIT,FORFAIT,NO_TS_EMEA,87.5
Melanie,Walsh,LO74937,9058653,BRYTON SYSTEMS,12,CONT MENA,PHOENIX,FORFAIT,SWRCYPL1UXFSC1C,9.52
Melanie,Walsh,LO74937,9058653,BRYTON SYSTEMS,12,EMEA,PHOENIX,FORFAIT,NO_TS_EMEA,90.48
Shelby,Robinson,UM14987,5711204,ETHOS DIGITAL,12,NA AFRICA,STELLAR,SUPPORT,1QJOG2PW5E4S3A8,9.52
Shelby,Robinson,UM14987,5711204,ETHOS DIGITAL,12,EMEA,STELLAR,SUPPORT,NO_TS_EMEA,90.48
Katie,Cook,RO93042,6541228,INOVA CONSULTING,12,CONT ASIA,PULSE,SUPPORT,BFM55QLL719NYNW,8.33
Katie,Cook,RO93042,6541228,INOVA CONSULTING,12,LATAM,PULSE,SUPPORT,NO_TS_LATAM,91.67
Michelle,Cisneros,WD48462,8508949,DELVO SOLUTIONS,12,LATAM AFRICA,NEXUS,SUPPORT,A2PHNKI60C0HW0F,14.58
Martin,Cortez,OH26059,2276403,ALCOR VENTURES,12,LATAM AMERICA,QUANTUM,MAINTENANCE,0F9YETVFMB3JYAF,11.51
Martin,Cortez,OH26059,2276403,ALCOR VENTURES,12,CONT,QUANTUM,MAINTENANCE,NO_TS_CONT,88.49
Kathy,Jordan,EA14743,9390029,FORVEX CONSULTING,12,LATAM ASIA,ATLAS,SUPPORT,HL6Z0SJQ8MEKQ9Y,9.52
Kathy,Jordan,EA14743,9390029,FORVEX CONSULTING,12,APAC,ATLAS,SUPPORT,NO_TS_APAC,90.48
Tamara,Browning,OG86193,9520444,LUMEX TECH,12,EMEA AMERICA,PHOENIX,RPS,LNF39IXMI437UWA,9.52
Tamara,Browning,OG86193,9520444,LUMEX TECH,12,LATAM,PHOENIX,RPS,NO_TS_LATAM,90.48
Trevor,Graham,JK55214,1651513,HYRION DYNAMICS,12,CONT MENA,NOVA,MAINTENANCE,EZGOR1F5S6XZ5FL,12.2
Trevor,Graham,JK55214,1651513,HYRION DYNAMICS,12,LATAM,NOVA,MAINTENANCE,NO_TS_LATAM,87.8
Brenda,Cook,HM09271,6072306,BRYTON TECH,12,CONT EUROPE,NEXUS,FORFAIT,ZOLXB8DFQZUI599,11.9
Jacob,Bennett,AW42942,9341946,KESTRA DIGITAL,12,EMEA OCEANIA,NEXUS,SUPPORT,FSM7R8EMY0TYRDA,6.25
Jacob,Bennett,AW42942,9341946,KESTRA DIGITAL,12,APAC,NEXUS,SUPPORT,NO_TS_APAC,93.75
Bailey,Ray,DR37432,2630518,FORVEX GROUP,12,NA MENA,PHOENIX,SUPPORT,JA65SOEOHW9SDTB,11.16
Bailey,Ray,DR37432,2630518,FORVEX GROUP,12,NA,PHOENIX,SUPPORT,NO_TS_NA,88.84
Yvonne,Rodriguez,JJ04147,6008204,GOLZEN SOLUTIONS,12,LATAM EUROPE,PULSE,SUPPORT,FOT0JDFVI2LVYUI,9.52
Yvonne,Rodriguez,JJ04147,6008204,GOLZEN SOLUTIONS,12,NA,PULSE,SUPPORT,NO_TS_NA,90.48
Brian,Jones,SB96294,8879272,BRYTON SOLUTIONS,12,MEA AMERICA,NOVA,SUPPORT,BQJXGNABQOCR2WW,5.95
Ruth,Collins,OJ81343,8290188,CENVEO TECH,12,LATAM EUROPE,ORBIT,SUPPORT,7K1JOMSBGT7H6HJ,8.63
Ruth,Collins,OJ81343,8290188,CENVEO TECH,12,NA,ORBIT,SUPPORT,NO_TS_NA,91.37
Daniel,Wilson,LO60326,2681905,LUMEX GLOBAL,12,NA AFRICA,ORBIT,SUPPORT,ZN1IF34V3NOHHOF,8.33
Anthony,Mays,UW70233,5379793,INOVA DIGITAL,12,APAC AMERICA,STELLAR,MAINTENANCE,R8S67KN3F9HOQNQ,10.12
Anthony,Mays,UW70233,5379793,INOVA DIGITAL,12,LATAM,STELLAR,MAINTENANCE,NO_TS_LATAM,89.88
Eric,Brown,OJ27828,2635736,INOVA SOLUTIONS,12,LATAM AMERICA,PULSE,SUPPORT,EXVS7HPSLTLF9AC,10.42
William,Miller,DZ07948,1102497,FORVEX DYNAMICS,12,APAC AFRICA,STELLAR,MAINTENANCE,C2VSHPZ3VDYBSCK,9.52
William,Miller,DZ07948,1102497,FORVEX DYNAMICS,12,APAC,STELLAR,MAINTENANCE,NO_TS_APAC,90.48
David,Parker,HH30368,9243749,INOVA GLOBAL,12,EMEA ASIA,QUANTUM,FORFAIT,ADKFGFR750O9UYB,11.9
David,Parker,HH30368,9243749,INOVA GLOBAL,12,LATAM,QUANTUM,FORFAIT,NO_TS_LATAM,88.1
David,Murphy,PW07661,5323455,HYRION CONSULTING,12,MEA OCEANIA,VERTEX,RPS,GHNMRO19FXYEOTV,11.9
Tara,Delgado,XQ77422,6503238,BRYTON CONSULTING,12,APAC AMERICA,STELLAR,MAINTENANCE,PWSUTKQ9XR6OB5W,10.71
Tara,Delgado,XQ77422,6503238,BRYTON CONSULTING,12,LATAM,STELLAR,MAINTENANCE,NO_TS_LATAM,89.29
Joshua,House,WN41635,1936490,BRYTON GROUP,12,MEA ASIA,QUANTUM,RPS,2PK38OGWMIOU3Y2,8.63
Charles,Taylor,RI33721,9360593,KESTRA GLOBAL,12,MEA MENA,PULSE,RPS,GATEQRCISDVADE2,15.18
Charles,Taylor,RI33721,9360593,KESTRA GLOBAL,12,EMEA,PULSE,RPS,NO_TS_EMEA,84.82
Adriana,Walker,AQ60918,8315468,LUMEX DYNAMICS,12,CONT AMERICA,PULSE,FORFAIT,7LCJIVXJKM8YAGA,7.74
Adriana,Walker,AQ60918,8315468,LUMEX DYNAMICS,12,MEA,PULSE,FORFAIT,NO_TS_MEA,92.26
Victoria,Salazar,ZS15250,3553701,BRYTON DYNAMICS,12,APAC OCEANIA,ATLAS,FORFAIT,Q29DVK9KQQYMM39,11.9
Victoria,Hamilton,LI48870,5323994,JALVIK GLOBAL,12,LATAM EUROPE,ATLAS,SUPPORT,9IYTS52KGSREK53,6.25
Victoria,Hamilton,LI48870,5323994,JALVIK GLOBAL,12,CONT,ATLAS,SUPPORT,NO_TS_CONT,93.75
Sherri,Valdez,KM30272,2503570,BRYTON GLOBAL,12,NA EUROPE,NOVA,REGIE,K00MD7SG9TZC4YE,9.52
Daniel,Mendoza,PR49182,4103824,ETHOS CONSULTING,12,APAC EUROPE,NOVA,MAINTENANCE,BDXWSJ82BHAS06H,13.54
Daniel,Mendoza,PR49182,4103824,ETHOS CONSULTING,12,EMEA,NOVA,MAINTENANCE,NO_TS_EMEA,86.46
Sarah,Hughes,FE41463,4766595,FORVEX DYNAMICS,12,APAC OCEANIA,ATLAS,REGIE,TUCTFUSLCZAB2II,9.52
Kimberly,Ortega,VM37485,1575088,LUMEX GROUP,12,CONT OCEANIA,ATLAS,MAINTENANCE,YDL61RHKL1NCGTX,11.9
Annette,Beasley,AH18273,3423886,KESTRA GLOBAL,12,CONT AMERICA,QUANTUM,MAINTENANCE,P6YX5NB65JOGK4G,10.12
Annette,Beasley,AH18273,3423886,KESTRA GLOBAL,12,NA,QUANTUM,MAINTENANCE,NO_TS_NA,89.88
Peter,David,ZB02154,1951171,DELVO VENTURES,12,CONT OCEANIA,QUANTUM,RPS,680U5BVNT5UVVOD,11.01
Peter,David,ZB02154,1951171,DELVO VENTURES,12,EMEA,QUANTUM,RPS,NO_TS_EMEA,88.99
Chelsea,Freeman,BA77213,9762513,HYRION DYNAMICS,12,EMEA OCEANIA,NOVA,SUPPORT,9JDRWC04DOIVJHV,6.1
Chelsea,Freeman,BA77213,9762513,HYRION DYNAMICS,12,APAC,NOVA,SUPPORT,NO_TS_APAC,93.9
Matthew,Hall,WZ41137,9702434,INOVA DIGITAL,12,APAC OCEANIA,STELLAR,SUPPORT,9K9UO5QM4OU0SBU,7.29
Matthew,Hall,WZ41137,9702434,INOVA DIGITAL,12,NA,STELLAR,SUPPORT,NO_TS_NA,92.71
Joseph,Walls,TN08651,5446667,HYRION SYSTEMS,12,EMEA OCEANIA,NEXUS,FORFAIT,GB3MPLCY3AA7J00,11.01
Joseph,Walls,TN08651,5446667,HYRION SYSTEMS,12,APAC,NEXUS,FORFAIT,NO_TS_APAC,88.99
Adam,Rodriguez,OP46622,7938743,FORVEX DIGITAL,12,NA AFRICA,NEXUS,MAINTENANCE,404JO8WT10JLTVZ,9.52
Amber,Sanchez,RU47827,3502028,ALCOR SYSTEMS,12,APAC ASIA,ORBIT,RPS,OX4LEDOHFVMXB42,7.29
Robin,Peterson,EL99860,1724096,ALCOR VENTURES,12,CONT EUROPE,STELLAR,MAINTENANCE,Q2SLMUA2RHFS5M2,9.52
Jesus,Patterson,HD60878,5414603,DELVO SYSTEMS,12,MEA EUROPE,VERTEX,RPS,7QQSU2H1PLT4J4H,14.29
Jesus,Patterson,HD60878,5414603,DELVO SYSTEMS,12,LATAM,VERTEX,RPS,NO_TS_LATAM,85.71
Kyle,Lewis,IK67471,7590579,INOVA DIGITAL,12,CONT AFRICA,ORBIT,MAINTENANCE,ZAJ6DYM45CQ9QKE,10.71
Angela,Wright,UX92613,8668878,GOLZEN VENTURES,12,APAC MENA,STELLAR,FORFAIT,3WUO7ND981EWE1N,7.89
Angela,Wright,UX92613,8668878,GOLZEN VENTURES,12,LATAM,STELLAR,FORFAIT,NO_TS_LATAM,92.11
Billy,Hernandez,ZX90851,4164699,INOVA SOLUTIONS,12,EMEA AFRICA,ORBIT,SUPPORT,4MZ4X87WAGS82U8,9.52
Billy,Hernandez,ZX90851,4164699,INOVA SOLUTIONS,12,LATAM,ORBIT,SUPPORT,NO_TS_LATAM,90.48
Timothy,Gonzalez,LS70765,2914622,FORVEX TECH,12,LATAM AMERICA,STELLAR,RPS,LN1V4I3LNBB7H7L,9.52
Lisa,Farrell,UW42862,1333020,GOLZEN SYSTEMS,12,NA EUROPE,STELLAR,RPS,TXNIPX8O2VU13RV,11.9
Lisa,Farrell,UW42862,1333020,GOLZEN SYSTEMS,12,NA,STELLAR,RPS,NO_TS_NA,88.1
Christina,Cabrera,CG32822,7566685,KESTRA GROUP,12,MEA AFRICA,ATLAS,MAINTENANCE,74O0MKNBFBI4L8E,11.9
Christina,Cabrera,CG32822,7566685,KESTRA GROUP,12,NA,ATLAS,MAINTENANCE,NO_TS_NA,88.1
Jeffrey,Jones,JE92361,7503359,HYRION GROUP,12,EMEA OCEANIA,ORBIT,MAINTENANCE,BOULULBGRSFFC3N,14.29
Jeffrey,Jones,JE92361,7503359,HYRION GROUP,12,CONT,ORBIT,MAINTENANCE,NO_TS_CONT,85.71
Angela,Henderson,OU20386,7303338,BRYTON CONSULTING,12,MEA EUROPE,ATLAS,RPS,CD7KEAP9WIESIPW,11.9
Angela,Henderson,OU20386,7303338,BRYTON CONSULTING,12,LATAM,ATLAS,RPS,NO_TS_LATAM,88.1
John,Sullivan,OP07037,5950625,FORVEX DIGITAL,12,LATAM ASIA,ATLAS,REGIE,ZQNJLE5KL5XXH4D,9.52
John,Sullivan,OP07037,5950625,FORVEX DIGITAL,12,MEA,ATLAS,REGIE,NO_TS_MEA,90.48
Antonio,Vincent,BE32307,8853064,DELVO SOLUTIONS,12,LATAM ASIA,PULSE,MAINTENANCE,Z31S4M0VEEQZV7S,10.71
Antonio,Vincent,BE32307,8853064,DELVO SOLUTIONS,12,MEA,PULSE,MAINTENANCE,NO_TS_MEA,89.29
Eric,Lee,HP11570,9022268,LUMEX CONSULTING,12,CONT AFRICA,PULSE,SUPPORT,7J7KLWDOHQ43EFV,14.29
Cheyenne,Flores,AM36418,8048589,LUMEX GROUP,12,LATAM AFRICA,NEXUS,MAINTENANCE,39FQRRVQ1W0WXVH,11.9
Cheyenne,Flores,AM36418,8048589,LUMEX GROUP,12,EMEA,NEXUS,MAINTENANCE,NO_TS_EMEA,88.1
Rachel,Solomon,JU35409,1232521,HYRION TECH,12,NA AFRICA,NOVA,SUPPORT,MCXO7D6BL309FQ9,10.71
Rachel,Solomon,JU35409,1232521,HYRION TECH,12,EMEA,NOVA,SUPPORT,NO_TS_EMEA,89.29
Paul,Peterson,FR87492,8570418,INOVA CONSULTING,12,APAC EUROPE,ORBIT,SUPPORT,0U1WARZX2YRO7Z3,11.9
Paul,Peterson,FR87492,8570418,INOVA CONSULTING,12,EMEA,ORBIT,SUPPORT,NO_TS_EMEA,88.1
Gabrielle,Jackson,KB00266,8086380,LUMEX SOLUTIONS,12,MEA EUROPE,PULSE,SUPPORT,9VRKCL2M97TKNG8,12.5
Gabrielle,Jackson,KB00266,8086380,LUMEX SOLUTIONS,12,APAC,PULSE,SUPPORT,NO_TS_APAC,87.5
Michael,Garcia,EW92520,6049247,CENVEO GROUP,12,EMEA ASIA,STELLAR,SUPPORT,J4Z5E690IQUJYMT,6.7
Jessica,Scott,BR50847,8653413,JALVIK GLOBAL,12,EMEA AMERICA,STELLAR,FORFAIT,PSZ6TBBAKFNAVV8,11.9
Jessica,Scott,BR50847,8653413,JALVIK GLOBAL,12,MEA,STELLAR,FORFAIT,NO_TS_MEA,88.1
Brian,Long,HQ21913,6063080,CENVEO GLOBAL,12,APAC AFRICA,NOVA,REGIE,0ZAC990P2PS6EBO,7.44
Ronald,Mitchell,AI03354,8754503,FORVEX VENTURES,12,APAC MENA,NEXUS,SUPPORT,42T8C9MUF9WL5TN,7.89
Ronald,Mitchell,AI03354,8754503,FORVEX VENTURES,12,CONT,NEXUS,SUPPORT,NO_TS_CONT,92.11
Gina,Andrade,AR06925,4654820,JALVIK VENTURES,12,EMEA OCEANIA,QUANTUM,FORFAIT,72ALQPERYVW6LGF,11.9
Gina,Andrade,AR06925,4654820,JALVIK VENTURES,12,LATAM,QUANTUM,FORFAIT,NO_TS_LATAM,88.1
Zachary,Miller,PA48023,2798572,DELVO CONSULTING,12,APAC ASIA,VERTEX,RPS,IW99HVJ2HBIIQ3V,5.95
Zachary,Miller,PA48023,2798572,DELVO CONSULTING,12,MEA,VERTEX,RPS,NO_TS_MEA,94.05
Anthony,Rivera,CS81293,4751762,ALCOR TECH,12,EMEA AFRICA,ORBIT,RPS,XB6LCC2IW2E3A3Q,9.52
Michael,Brown,AO64145,2788340,KESTRA GLOBAL,12,NA AMERICA,NEXUS,RPS,AAUZKCMOGF3DX9D,9.52
Peter,Morris,EE41655,4772637,JALVIK CONSULTING,12,CONT EUROPE,ATLAS,REGIE,UW613L9ACEV7F6W,9.52
Jeffrey,Ramirez,AX73398,9705950,CENVEO DIGITAL,12,MEA AFRICA,ATLAS,SUPPORT,YSSHT1J0WJ6BR57,12.05
Kyle,Jones,ZM71508,7303417,HYRION TECH,12,NA AMERICA,QUANTUM,RPS,O8R7H2K4U91D4UY,11.9
Kyle,Jones,ZM71508,7303417,HYRION TECH,12,EMEA,QUANTUM,RPS,NO_TS_EMEA,88.1
Hannah,Haynes,ON53281,2574941,ETHOS SYSTEMS,12,EMEA AFRICA,PULSE,RPS,FJWXS5H41L80Y3S,13.84
Hannah,Haynes,ON53281,2574941,ETHOS SYSTEMS,12,APAC,PULSE,RPS,NO_TS_APAC,86.16
Kenneth,Alexander,EC41126,2602487,KESTRA DYNAMICS,12,NA EUROPE,NOVA,REGIE,U8P9CK0TN5MH1IW,11.01
Kenneth,Alexander,EC41126,2602487,KESTRA DYNAMICS,12,MEA,NOVA,REGIE,NO_TS_MEA,88.99
Christopher,Nguyen,XP53957,3242694,GOLZEN TECH,12,CONT AFRICA,STELLAR,RPS,Z8FI0GW0KRPM9A8,9.52
Christopher,Nguyen,XP53957,3242694,GOLZEN TECH,12,MEA,STELLAR,RPS,NO_TS_MEA,90.48
Timothy,Johnson,KE75812,9030514,LUMEX DYNAMICS,12,LATAM AFRICA,QUANTUM,RPS,EF3ZRBKQHYMYIU1,9.52
Timothy,Johnson,KE75812,9030514,LUMEX DYNAMICS,12,APAC,QUANTUM,RPS,NO_TS_APAC,90.48
Kristen,Wilson,BC47934,9154402,INOVA TECH,12,LATAM OCEANIA,PULSE,REGIE,YTKDBT18ZAWMWMW,9.52
Kristen,Wilson,BC47934,9154402,INOVA TECH,12,MEA,PULSE,REGIE,NO_TS_MEA,90.48
John,Simpson,XD36275,2460399,CENVEO GROUP,12,EMEA MENA,ORBIT,MAINTENANCE,PTDI6WWH0ESCM7Q,9.52
Casey,Figueroa,VG43660,6886463,GOLZEN CONSULTING,12,APAC OCEANIA,PULSE,SUPPORT,33QYNQWUXAUB5PW,13.1
Melinda,Harris,UH67161,1164147,LUMEX DIGITAL,12,CONT AFRICA,ATLAS,SUPPORT,HHU289IL24VFCPL,7.81
Melinda,Harris,UH67161,1164147,LUMEX DIGITAL,12,LATAM,ATLAS,SUPPORT,NO_TS_LATAM,92.19
Andrew,Burke,OA48281,8379701,JALVIK CONSULTING,12,MEA EUROPE,QUANTUM,MAINTENANCE,LDBA8UE4O8ZMQBZ,8.33
James,Nelson,YK03102,4290529,INOVA DYNAMICS,12,EMEA EUROPE,NEXUS,RPS,JJDIJEBWEBKPXP9,9.82
James,Nelson,YK03102,4290529,INOVA DYNAMICS,12,APAC,NEXUS,RPS,NO_TS_APAC,90.18
Christopher,Barrera,CY76523,5544449,JALVIK CONSULTING,12,MEA MENA,QUANTUM,REGIE,9AI8T5K598B32NA,10.71
Christopher,Barrera,CY76523,5544449,JALVIK CONSULTING,12,LATAM,QUANTUM,REGIE,NO_TS_LATAM,89.29
Nicholas,Potter,VI23547,2262100,CENVEO DIGITAL,12,CONT ASIA,ATLAS,SUPPORT,4DY5V44BVD34QHA,9.52
Nicholas,Potter,VI23547,2262100,CENVEO DIGITAL,12,MEA,ATLAS,SUPPORT,NO_TS_MEA,90.48
Vicki,Vega,ZG83765,6642616,FORVEX GLOBAL,12,LATAM AMERICA,PULSE,FORFAIT,3B0ZJYKU6N0JZGV,8.33
Vicki,Vega,ZG83765,6642616,FORVEX GLOBAL,12,EMEA,PULSE,FORFAIT,NO_TS_EMEA,91.67
George,Ryan,AR13912,3313368,HYRION CONSULTING,12,EMEA OCEANIA,ORBIT,FORFAIT,3AZJBODE4RSHRZ1,10.71
Jeffrey,Johnson,PA24152,4287867,JALVIK GLOBAL,12,MEA AMERICA,QUANTUM,REGIE,4BD6EQ3PJTBEAEN,5.65
Jeffrey,Johnson,PA24152,4287867,JALVIK GLOBAL,12,CONT,QUANTUM,REGIE,NO_TS_CONT,94.35
Kenneth,Lozano,OT25753,4801187,KESTRA TECH,12,APAC OCEANIA,ORBIT,REGIE,MI1306O5DRSCLLD,10.71
Kenneth,Lozano,OT25753,4801187,KESTRA TECH,12,APAC,ORBIT,REGIE,NO_TS_APAC,89.29
Katie,Rangel,VC14220,3051433,ETHOS DIGITAL,12,CONT OCEANIA,QUANTUM,RPS,5TGS8P3CV3K89ZN,11.9
Katie,Rangel,VC14220,3051433,ETHOS DIGITAL,12,CONT,QUANTUM,RPS,NO_TS_CONT,88.1
Robert,Huynh,JV19748,2922981,GOLZEN DYNAMICS,12,EMEA EUROPE,QUANTUM,REGIE,1PJU3XGXL12DRVO,8.93
Robert,Huynh,JV19748,2922981,GOLZEN DYNAMICS,12,APAC,QUANTUM,REGIE,NO_TS_APAC,91.07
Alison,Hunter,XD50462,3808325,LUMEX DIGITAL,12,MEA AMERICA,PULSE,SUPPORT,INWWGYJQE31TW85,9.67
Alison,Hunter,XD50462,3808325,LUMEX DIGITAL,12,EMEA,PULSE,SUPPORT,NO_TS_EMEA,90.33
Patrick,Hill,UX79703,6733845,BRYTON DYNAMICS,12,EMEA AFRICA,NEXUS,FORFAIT,LJWQG2WY4A4ZRVB,9.52
Richard,Middleton,BA05486,6609604,ETHOS TECH,12,LATAM OCEANIA,VERTEX,SUPPORT,FL4I2PKNEHIY0A6,9.52
Richard,Middleton,BA05486,6609604,ETHOS TECH,12,EMEA,VERTEX,SUPPORT,NO_TS_EMEA,90.48
Jay,Decker,BV25205,9490545,DELVO DYNAMICS,12,CONT ASIA,PHOENIX,RPS,T6BWRJE4R5E0DF9,9.52
Jay,Decker,BV25205,9490545,DELVO DYNAMICS,12,CONT,PHOENIX,RPS,NO_TS_CONT,90.48
Chad,Cook,HD23866,5298571,GOLZEN TECH,12,NA AFRICA,QUANTUM,MAINTENANCE,K4FL3YTRQ970KUM,11.9
Chad,Cook,HD23866,5298571,GOLZEN TECH,12,CONT,QUANTUM,MAINTENANCE,NO_TS_CONT,88.1
Matthew,Mata,GJ10498,3093587,FORVEX VENTURES,12,LATAM AMERICA,NOVA,FORFAIT,23JM7XUUHZWDQH9,9.52
Matthew,Mata,GJ10498,3093587,FORVEX VENTURES,12,NA,NOVA,FORFAIT,NO_TS_NA,90.48
Lori,Mueller,DI05332,1186529,KESTRA CONSULTING,12,MEA MENA,NEXUS,REGIE,W1VAKOLLMMN5U0G,11.01
Lori,Mueller,DI05332,1186529,KESTRA CONSULTING,12,EMEA,NEXUS,REGIE,NO_TS_EMEA,88.99
Antonio,Evans,DV46680,8934981,DELVO TECH,12,MEA OCEANIA,NEXUS,REGIE,1YEXW6PL8SR3DPO,6.55
Antonio,Evans,DV46680,8934981,DELVO TECH,12,NA,NEXUS,REGIE,NO_TS_NA,93.45
Paul,Fernandez,CU50445,6491703,HYRION TECH,12,NA MENA,ORBIT,REGIE,JIR8I86DECHF6U9,9.52
Paul,Fernandez,CU50445,6491703,HYRION TECH,12,LATAM,ORBIT,REGIE,NO_TS_LATAM,90.48
Fred,Hernandez,IN57784,7065087,KESTRA CONSULTING,12,NA MENA,VERTEX,REGIE,G4YR192ECXKJFB2,9.52
Fred,Hernandez,IN57784,7065087,KESTRA CONSULTING,12,CONT,VERTEX,REGIE,NO_TS_CONT,90.48
Gina,Reed,DB99480,4272176,HYRION SOLUTIONS,12,NA ASIA,VERTEX,MAINTENANCE,GDHH8PC3GHNPVMB,11.16
Gina,Reed,DB99480,4272176,HYRION SOLUTIONS,12,NA,VERTEX,MAINTENANCE,NO_TS_NA,88.84
Joseph,Ward,SJ72623,6860187,ALCOR SYSTEMS,12,CONT OCEANIA,NOVA,FORFAIT,SNQC1ZQ5D5MXL16,8.78
Timothy,Peterson,JS68847,9880944,FORVEX DIGITAL,12,EMEA MENA,NOVA,RPS,PNVOU4ZTI2SUWSU,9.52
Timothy,Peterson,JS68847,9880944,FORVEX DIGITAL,12,MEA,NOVA,RPS,NO_TS_MEA,90.48
Roberto,Buckley,NE51108,3741061,ETHOS GROUP,12,NA AMERICA,NEXUS,RPS,P371FA3JJ9C2C9H,7.74
Timothy,Diaz,UA58398,7121069,FORVEX TECH,12,MEA ASIA,ATLAS,RPS,GXQOHPG268DUWM7,7.89
Timothy,Diaz,UA58398,7121069,FORVEX TECH,12,NA,ATLAS,RPS,NO_TS_NA,92.11
Daniel,Brennan,BM06492,2203600,HYRION SYSTEMS,12,LATAM OCEANIA,PULSE,RPS,CDKT3HSHSSKTT78,11.9
Daniel,Brennan,BM06492,2203600,HYRION SYSTEMS,12,CONT,PULSE,RPS,NO_TS_CONT,88.1
Robert,Hopkins,GK73419,5893497,CENVEO VENTURES,12,LATAM AMERICA,VERTEX,SUPPORT,8U54512FSPDMO9P,7.74
Robert,Hopkins,GK73419,5893497,CENVEO VENTURES,12,LATAM,VERTEX,SUPPORT,NO_TS_LATAM,92.26
Brianna,Hammond,LB81679,6984285,KESTRA VENTURES,12,LATAM AFRICA,STELLAR,REGIE,P8G8AEDIS52I2NL,11.9
Brianna,Hammond,LB81679,6984285,KESTRA VENTURES,12,CONT,STELLAR,REGIE,NO_TS_CONT,88.1
John,Parker,UD23371,5584821,INOVA SYSTEMS,12,APAC EUROPE,PULSE,SUPPORT,RPGSM5I2O2XKGIB,9.52
Donna,Schneider,TK08775,3872177,BRYTON CONSULTING,12,APAC AMERICA,ATLAS,REGIE,73BN96DGVLOGHEV,9.52
Donna,Schneider,TK08775,3872177,BRYTON CONSULTING,12,MEA,ATLAS,REGIE,NO_TS_MEA,90.48
Todd,Morris,VQ95644,5577849,JALVIK DYNAMICS,12,LATAM EUROPE,ORBIT,MAINTENANCE,QRECHT0BS5RXRJ9,10.71
Nicole,Thomas,TW33432,2984289,DELVO GROUP,12,NA OCEANIA,STELLAR,FORFAIT,D9KSV1SAOW84Z7D,10.42
Nicole,Thomas,TW33432,2984289,DELVO GROUP,12,MEA,STELLAR,FORFAIT,NO_TS_MEA,89.58
Samuel,Morris,LO84251,7252298,LUMEX SYSTEMS,12,LATAM MENA,PULSE,FORFAIT,IV4DI20J0W4HUQS,5.36
Samuel,Morris,LO84251,7252298,LUMEX SYSTEMS,12,LATAM,PULSE,FORFAIT,NO_TS_LATAM,94.64
Michael,Perkins,HR14056,5458644,BRYTON SYSTEMS,12,EMEA AFRICA,NEXUS,SUPPORT,ADJDTGZNLX7NPQS,11.61
Rachel,Howard,XM68206,7846122,CENVEO CONSULTING,12,NA AFRICA,STELLAR,REGIE,UPKXDXC6C6SKBY9,10.12
Rachel,Howard,XM68206,7846122,CENVEO CONSULTING,12,CONT,STELLAR,REGIE,NO_TS_CONT,89.88
Laura,Hudson,AX98625,8509782,GOLZEN CONSULTING,12,NA AMERICA,QUANTUM,MAINTENANCE,NOXZ4P487JALDJI,11.9
Laura,Hudson,AX98625,8509782,GOLZEN CONSULTING,12,LATAM,QUANTUM,MAINTENANCE,NO_TS_LATAM,88.1
Robert,Harris,VE22988,1825004,GOLZEN DYNAMICS,12,LATAM AFRICA,NEXUS,MAINTENANCE,B3R5VEU3S2VWU7B,11.61
Robert,Harris,VE22988,1825004,GOLZEN DYNAMICS,12,CONT,NEXUS,MAINTENANCE,NO_TS_CONT,88.39
Danielle,Howard,VY38472,2351955,JALVIK CONSULTING,12,MEA AMERICA,VERTEX,RPS,M513S3MG04ZEDYI,10.71
Charles,Phillips,FB14195,5402829,BRYTON TECH,12,EMEA AMERICA,STELLAR,REGIE,T3IA239TNVGBDWW,9.52
Charles,Phillips,FB14195,5402829,BRYTON TECH,12,APAC,STELLAR,REGIE,NO_TS_APAC,90.48
John,Conrad,HL69408,2509059,BRYTON SYSTEMS,12,CONT MENA,STELLAR,RPS,T7CETPIW9FQXK14,14.29
Sara,Pham,MR77005,1027581,FORVEX SYSTEMS,12,LATAM MENA,VERTEX,FORFAIT,K3AABTIH7G5W2H6,6.85
Sara,Pham,MR77005,1027581,FORVEX SYSTEMS,12,MEA,VERTEX,FORFAIT,NO_TS_MEA,93.15
Jill,Palmer,WC91721,8098207,ETHOS DIGITAL,12,LATAM ASIA,ATLAS,MAINTENANCE,5BS4Z3PUY1B1S1E,9.52
Jill,Palmer,WC91721,8098207,ETHOS DIGITAL,12,EMEA,ATLAS,MAINTENANCE,NO_TS_EMEA,90.48
Mark,Schmidt,CX51882,6625196,GOLZEN SOLUTIONS,12,LATAM OCEANIA,STELLAR,REGIE,8M07WBATLRGGARC,9.52
Mark,Schmidt,CX51882,6625196,GOLZEN SOLUTIONS,12,NA,STELLAR,REGIE,NO_TS_NA,90.48
Beth,Barajas,WU06393,5229225,DELVO DYNAMICS,12,EMEA AMERICA,NOVA,REGIE,C6NDLDP7WCEG32K,9.52
Anthony,Beck,JM37969,6822685,LUMEX GLOBAL,12,EMEA AFRICA,ORBIT,MAINTENANCE,RF6Y0MX1JPMP9NZ,11.01
Chad,Clark,NY22557,7199946,INOVA CONSULTING,12,EMEA AFRICA,QUANTUM,MAINTENANCE,CWDEN5QAUS4V2T5,9.52
Chad,Clark,NY22557,7199946,INOVA CONSULTING,12,MEA,QUANTUM,MAINTENANCE,NO_TS_MEA,90.48
Jordan,Rojas,YI86808,1271022,HYRION GROUP,12,MEA EUROPE,PULSE,MAINTENANCE,ETJWNJ1HM4980LL,8.33
Scott,Carlson,DY69209,5899911,ETHOS GROUP,12,MEA EUROPE,VERTEX,RPS,HKMCXPT4CSV8V3R,11.9
Scott,Carlson,DY69209,5899911,ETHOS GROUP,12,NA,VERTEX,RPS,NO_TS_NA,88.1
Nathaniel,Young,AP60036,6128545,KESTRA DYNAMICS,12,APAC MENA,NOVA,MAINTENANCE,RQ0YYF9NKJOWMLA,9.82
John,Black,HG88269,5935399,ALCOR DIGITAL,12,NA MENA,QUANTUM,FORFAIT,QEXTI5P1FZLCSCU,9.52
Donna,Thomas,IE29210,6907680,GOLZEN TECH,12,LATAM EUROPE,VERTEX,MAINTENANCE,3ATG83E4OHZ29GX,16.67
Lisa,Gibson,DB07309,6934068,DELVO DYNAMICS,12,CONT AMERICA,STELLAR,FORFAIT,5OVLGCBH8CLQK0F,9.62
Lisa,Gibson,DB07309,6934068,DELVO DYNAMICS,12,APAC,STELLAR,FORFAIT,NO_TS_APAC,90.38
Nancy,Jacobs,QL31234,6479856,BRYTON DIGITAL,12,APAC AMERICA,NOVA,FORFAIT,4OX9VYZJ9QCBUFA,13.1
Nancy,Jacobs,QL31234,6479856,BRYTON DIGITAL,12,NA,NOVA,FORFAIT,NO_TS_NA,86.9
Jacqueline,Phillips,GJ54901,7301120,JALVIK DIGITAL,12,EMEA AMERICA,STELLAR,MAINTENANCE,V85DUT4D42VX197,12.5
William,Gonzales,YC67975,5559104,LUMEX VENTURES,12,NA ASIA,NOVA,MAINTENANCE,6U9L1INFYR5QW6O,8.78
William,Gonzales,YC67975,5559104,LUMEX VENTURES,12,LATAM,NOVA,MAINTENANCE,NO_TS_LATAM,91.22
Brandy,Black,DW62769,6723676,CENVEO SYSTEMS,12,LATAM OCEANIA,STELLAR,SUPPORT,XY1AT918FEODFJX,8.63
Chase,Murray,XD21986,7031483,GOLZEN CONSULTING,12,LATAM AFRICA,QUANTUM,RPS,HHC35YT3YMHEEED,14.29
Chase,Murray,XD21986,7031483,GOLZEN CONSULTING,12,LATAM,QUANTUM,RPS,NO_TS_LATAM,85.71
Sarah,Colon,TL45386,8425781,ETHOS TECH,12,APAC AFRICA,ATLAS,FORFAIT,DPEK95D5XY92IEK,11.9
Sarah,Colon,TL45386,8425781,ETHOS TECH,12,CONT,ATLAS,FORFAIT,NO_TS_CONT,88.1
Kathryn,Rivera,IB10103,2348107,GOLZEN CONSULTING,12,EMEA MENA,QUANTUM,MAINTENANCE,T275YWA9UFOOLNL,9.52
Richard,Clark,PK10219,7772613,GOLZEN VENTURES,12,MEA AMERICA,PULSE,MAINTENANCE,4YH8G80SA29SJ69,8.33
Richard,Clark,PK10219,7772613,GOLZEN VENTURES,12,LATAM,PULSE,MAINTENANCE,NO_TS_LATAM,91.67
Toni,Fields,UL39132,1865687,DELVO VENTURES,12,MEA EUROPE,NOVA,MAINTENANCE,SC494XJFRBVZ8XJ,9.82
Toni,Fields,UL39132,1865687,DELVO VENTURES,12,APAC,NOVA,MAINTENANCE,NO_TS_APAC,90.18
Julie,Jackson,AN90844,8986813,INOVA TECH,12,NA OCEANIA,NOVA,REGIE,D8F0U3LQ4EWBM9I,9.52
Hannah,Schmitt,GZ20534,8769785,KESTRA TECH,12,EMEA AMERICA,STELLAR,REGIE,BSON54R8HYS1P8G,5.95
Hannah,Schmitt,GZ20534,8769785,KESTRA TECH,12,MEA,STELLAR,REGIE,NO_TS_MEA,94.05
Anna,Rhodes,RG15260,7193953,HYRION SOLUTIONS,12,MEA ASIA,QUANTUM,RPS,TCXZHLGYUQFUWWA,11.9
Anna,Rhodes,RG15260,7193953,HYRION SOLUTIONS,12,NA,QUANTUM,RPS,NO_TS_NA,88.1
Angela,Boyd,HK18644,9129772,JALVIK DIGITAL,12,LATAM AMERICA,PHOENIX,SUPPORT,INHDWREL633EUFH,9.52
Jerry,Valencia,GM16702,3897567,JALVIK DYNAMICS,12,NA AFRICA,ATLAS,RPS,LO9CSWGKMWDNEFK,7.74
Jerry,Valencia,GM16702,3897567,JALVIK DYNAMICS,12,CONT,ATLAS,RPS,NO_TS_CONT,92.26
Brittany,Vargas,YU02445,8277777,CENVEO DIGITAL,12,LATAM AFRICA,PHOENIX,FORFAIT,NE3U9KSQGX8R65W,11.9
Antonio,Harris,OU93219,1714326,GOLZEN TECH,12,MEA EUROPE,QUANTUM,FORFAIT,GH7EMHPR683KRDR,5.06
Antonio,Harris,OU93219,1714326,GOLZEN TECH,12,CONT,QUANTUM,FORFAIT,NO_TS_CONT,94.94
Danielle,Robinson,AT51246,8981681,LUMEX DYNAMICS,12,MEA AFRICA,NOVA,RPS,2HUP4J3WWY2P00W,9.67
Danielle,Robinson,AT51246,8981681,LUMEX DYNAMICS,12,MEA,NOVA,RPS,NO_TS_MEA,90.33
Elizabeth,Snyder,EE84991,2860016,CENVEO VENTURES,12,LATAM OCEANIA,ORBIT,MAINTENANCE,TF1MWA7C9WCQ53A,7.44
Elizabeth,Snyder,EE84991,2860016,CENVEO VENTURES,12,MEA,ORBIT,MAINTENANCE,NO_TS_MEA,92.56
Monica,Bush,UI63194,9210374,FORVEX GROUP,12,EMEA OCEANIA,PHOENIX,SUPPORT,GMOOZECYDH6RANH,9.52
Jeffrey,Arnold,YN92867,7030611,FORVEX TECH,12,EMEA EUROPE,ATLAS,MAINTENANCE,Z6EQBCD4LTICZVX,8.33
Jeffrey,Arnold,YN92867,7030611,FORVEX TECH,12,CONT,ATLAS,MAINTENANCE,NO_TS_CONT,91.67
Amber,Hall,GG52680,2390541,INOVA TECH,12,EMEA AFRICA,STELLAR,MAINTENANCE,VW0SCY11N8LB29A,9.52
Amber,Hall,GG52680,2390541,INOVA TECH,12,CONT,STELLAR,MAINTENANCE,NO_TS_CONT,90.48
Dawn,Adams,HK60187,2571154,JALVIK GLOBAL,12,NA EUROPE,VERTEX,REGIE,1DY5804NH6WQG2F,7.59
Dawn,Adams,HK60187,2571154,JALVIK GLOBAL,12,NA,VERTEX,REGIE,NO_TS_NA,92.41
Frank,Morgan,SB22124,3596749,BRYTON GLOBAL,12,NA MENA,NOVA,MAINTENANCE,89BW8SURJEUMF6D,7.14
Frank,Morgan,SB22124,3596749,BRYTON GLOBAL,12,CONT,NOVA,MAINTENANCE,NO_TS_CONT,92.86
John,Fuller,FY31960,4388013,KESTRA CONSULTING,12,NA AMERICA,PULSE,RPS,3J4UFMWZWZLVVIJ,11.9
John,Fuller,FY31960,4388013,KESTRA CONSULTING,12,MEA,PULSE,RPS,NO_TS_MEA,88.1
Clayton,Morrison,PJ25061,3687913,CENVEO VENTURES,12,LATAM EUROPE,ORBIT,FORFAIT,PLUKS97DOVFD4WQ,8.63
Ricky,Cox,BV81337,9342517,KESTRA SYSTEMS,12,EMEA OCEANIA,ATLAS,FORFAIT,J64K5T82BBDC3FI,9.52
Ricky,Cox,BV81337,9342517,KESTRA SYSTEMS,12,NA,ATLAS,FORFAIT,NO_TS_NA,90.48
John,Reed,BE13392,1101510,FORVEX SOLUTIONS,12,MEA EUROPE,PHOENIX,SUPPORT,Q7CA48NW6YW4DB3,7.14
Kim,Martinez,SG39313,2331487,KESTRA GROUP,12,APAC AMERICA,NEXUS,RPS,3QOL0H508XQ2PNP,11.9
Kim,Martinez,SG39313,2331487,KESTRA GROUP,12,EMEA,NEXUS,RPS,NO_TS_EMEA,88.1
David,Lozano,AU53295,6747031,JALVIK CONSULTING,12,EMEA MENA,ATLAS,REGIE,CW2WALFIBS5DTYQ,10.71
David,Lozano,AU53295,6747031,JALVIK CONSULTING,12,CONT,ATLAS,REGIE,NO_TS_CONT,89.29
Samantha,Smith,KZ71272,8486752,ALCOR GLOBAL,12,CONT MENA,STELLAR,RPS,0ZCTCSHO4V25PLK,8.18
Aaron,Reese,EO61201,4849081,GOLZEN VENTURES,12,MEA MENA,VERTEX,RPS,2ZM6NX3HWVJBWQM,8.93
Aaron,Reese,EO61201,4849081,GOLZEN VENTURES,12,LATAM,VERTEX,RPS,NO_TS_LATAM,91.07
Krystal,Coleman,BK40562,9361637,FORVEX SOLUTIONS,12,MEA EUROPE,STELLAR,MAINTENANCE,Z54NM0VCRCCM41P,9.52
Krystal,Coleman,BK40562,9361637,FORVEX SOLUTIONS,12,LATAM,STELLAR,MAINTENANCE,NO_TS_LATAM,90.48
Sarah,Hammond,DA31406,2830095,GOLZEN CONSULTING,12,NA MENA,ATLAS,SUPPORT,VAGW1BPM8YBYBZ8,11.31
David,Vasquez,CH82315,1848151,LUMEX SOLUTIONS,12,CONT AFRICA,QUANTUM,RPS,U3CT12H1II127AQ,11.9
David,Vasquez,CH82315,1848151,LUMEX SOLUTIONS,12,EMEA,QUANTUM,RPS,NO_TS_EMEA,88.1
Ryan,Wilson,IC51710,7780740,GOLZEN SYSTEMS,12,CONT OCEANIA,VERTEX,RPS,KJ13IP6ZDX0PXGH,11.9
Dustin,Brown,SR58300,4799589,GOLZEN TECH,12,EMEA OCEANIA,QUANTUM,FORFAIT,LKM5ZELWHH4SA4A,10.12
Dustin,Brown,SR58300,4799589,GOLZEN TECH,12,MEA,QUANTUM,FORFAIT,NO_TS_MEA,89.88
Mary,Young,GL81527,9334976,CENVEO TECH,12,NA EUROPE,NOVA,FORFAIT,7U5A1UM1ZTDUYA4,16.52
Mary,Young,GL81527,9334976,CENVEO TECH,12,LATAM,NOVA,FORFAIT,NO_TS_LATAM,83.48
Lindsey,Kelley,FP53746,6832791,FORVEX CONSULTING,12,APAC ASIA,PULSE,RPS,6WSM40M7VPCIGH6,11.9
Lindsey,Kelley,FP53746,6832791,FORVEX CONSULTING,12,LATAM,PULSE,RPS,NO_TS_LATAM,88.1
John,Brown,YJ56181,4665889,JALVIK GROUP,12,EMEA OCEANIA,NEXUS,SUPPORT,4IU2DYOTLVYSAPN,9.52
Debra,Torres,IU03274,2522967,JALVIK TECH,12,EMEA ASIA,QUANTUM,SUPPORT,LY7631RG4NUJJ02,10.0
Debra,Torres,IU03274,2522967,JALVIK TECH,12,LATAM,QUANTUM,SUPPORT,NO_TS_LATAM,90.0
James,Robinson,OR70983,7770871,JALVIK DYNAMICS,12,EMEA ASIA,QUANTUM,REGIE,P1WRY4N6UYHPU5T,9.52
James,Robinson,OR70983,7770871,JALVIK DYNAMICS,12,CONT,QUANTUM,REGIE,NO_TS_CONT,90.48
Danielle,Thomas,HI64980,4055465,LUMEX DYNAMICS,12,APAC EUROPE,ATLAS,RPS,0AWTCQ3U3DLRQ6L,13.1
Danielle,Thomas,HI64980,4055465,LUMEX DYNAMICS,12,EMEA,ATLAS,RPS,NO_TS_EMEA,86.9
Brittany,Palmer,UE05133,7697078,BRYTON TECH,12,MEA MENA,VERTEX,MAINTENANCE,EYRHZ16OWXAFOX3,7.74
Brittany,Palmer,UE05133,7697078,BRYTON TECH,12,CONT,VERTEX,MAINTENANCE,NO_TS_CONT,92.26
Nicholas,Pratt,GY98721,6857813,GOLZEN CONSULTING,12,MEA OCEANIA,ORBIT,MAINTENANCE,W83O51WEUFSUU83,9.52
Nicholas,Pratt,GY98721,6857813,GOLZEN CONSULTING,12,NA,ORBIT,MAINTENANCE,NO_TS_NA,90.48
Andrea,Dudley,VH51570,4399907,ALCOR DYNAMICS,12,CONT AFRICA,STELLAR,FORFAIT,T9VC0FLBOT9AY0E,11.9
Andrea,Dudley,VH51570,4399907,ALCOR DYNAMICS,12,EMEA,STELLAR,FORFAIT,NO_TS_EMEA,88.1
Joseph,Saunders,PN46147,7325857,CENVEO GROUP,12,EMEA AMERICA,ATLAS,RPS,LLHCE1WRSJK6EAD,9.52
Joseph,Saunders,PN46147,7325857,CENVEO GROUP,12,LATAM,ATLAS,RPS,NO_TS_LATAM,90.48
John,Vaughn,CT69094,4195398,INOVA GROUP,12,LATAM MENA,STELLAR,RPS,D6S9FLGXLO61HTJ,11.9
John,Vaughn,CT69094,4195398,INOVA GROUP,12,CONT,STELLAR,RPS,NO_TS_CONT,88.1
Charles,Miller,ZO20629,9036879,ALCOR DYNAMICS,12,CONT ASIA,PHOENIX,FORFAIT,JZSVDMGI7NUM0RC,9.82
Alan,Peterson,TU91492,8616582,DELVO SOLUTIONS,12,MEA MENA,STELLAR,REGIE,TV5HCGXSYKQCGO4,12.5
Alan,Peterson,TU91492,8616582,DELVO SOLUTIONS,12,MEA,STELLAR,REGIE,NO_TS_MEA,87.5
Christopher,Le,UZ61849,3466399,FORVEX GROUP,12,CONT MENA,QUANTUM,RPS,S8V9TKX4749ZZ65,9.82
Christopher,Le,UZ61849,3466399,FORVEX GROUP,12,APAC,QUANTUM,RPS,NO_TS_APAC,90.18
Logan,Johns,GJ04619,2053174,ALCOR DYNAMICS,12,APAC AMERICA,NEXUS,SUPPORT,20F5BDJYGYGKF08,7.59
Logan,Johns,GJ04619,2053174,ALCOR DYNAMICS,12,APAC,NEXUS,SUPPORT,NO_TS_APAC,92.41
Christine,Davis,TA12976,7436922,DELVO GROUP,12,CONT MENA,PULSE,RPS,P3PFLN284BVWFC3,7.14
Timothy,Moore,HM60437,7640132,BRYTON SOLUTIONS,12,EMEA EUROPE,ATLAS,FORFAIT,NZDE68TJUN56P94,10.12
Jeremy,Ellis,FJ94527,3856761,KESTRA SOLUTIONS,12,EMEA ASIA,QUANTUM,SUPPORT,FFLHMMQ7RX36J06,9.52
Jeremy,Ellis,FJ94527,3856761,KESTRA SOLUTIONS,12,MEA,QUANTUM,SUPPORT,NO_TS_MEA,90.48
Frank,Taylor,MM55026,3027089,LUMEX TECH,12,LATAM ASIA,QUANTUM,MAINTENANCE,NWUZYFLGF91JN2X,11.9
Frank,Taylor,MM55026,3027089,LUMEX TECH,12,EMEA,QUANTUM,MAINTENANCE,NO_TS_EMEA,88.1
Leon,Perez,XL48570,6460310,GOLZEN SYSTEMS,12,MEA EUROPE,VERTEX,REGIE,INJ98MOFYH4J26G,13.1
Christopher,Atkinson,IP31831,3428125,ETHOS GLOBAL,12,APAC MENA,STELLAR,REGIE,J500DTCGFLLM761,11.9
Christopher,Atkinson,IP31831,3428125,ETHOS GLOBAL,12,MEA,STELLAR,REGIE,NO_TS_MEA,88.1
Whitney,Lopez,SS62672,4295959,INOVA GLOBAL,12,MEA ASIA,ATLAS,REGIE,17CSL26VRL8NPPW,11.9
Whitney,Lopez,SS62672,4295959,INOVA GLOBAL,12,EMEA,ATLAS,REGIE,NO_TS_EMEA,88.1
Karla,Russell,QP72778,6137614,JALVIK GROUP,12,MEA MENA,NEXUS,RPS,M0N7F0AGL84JNU6,8.04
Karla,Russell,QP72778,6137614,JALVIK GROUP,12,MEA,NEXUS,RPS,NO_TS_MEA,91.96
Cynthia,Lucero,QO88691,5804803,JALVIK DIGITAL,12,NA MENA,QUANTUM,FORFAIT,LQ8YABL3YDNF5IV,10.71
Cynthia,Lucero,QO88691,5804803,JALVIK DIGITAL,12,CONT,QUANTUM,FORFAIT,NO_TS_CONT,89.29
Zachary,Smith,IQ18294,5244567,CENVEO SOLUTIONS,12,NA MENA,NEXUS,SUPPORT,EFY14OY1GXKF0CF,9.52
Zachary,Smith,IQ18294,5244567,CENVEO SOLUTIONS,12,EMEA,NEXUS,SUPPORT,NO_TS_EMEA,90.48
Robin,Fields,SU72778,4668088,JALVIK DYNAMICS,12,LATAM EUROPE,QUANTUM,MAINTENANCE,FT9265ZZ0KS7MPZ,11.76
Robin,Fields,SU72778,4668088,JALVIK DYNAMICS,12,MEA,QUANTUM,MAINTENANCE,NO_TS_MEA,88.24
Dakota,Sanders,JB98677,6752570,ETHOS DIGITAL,12,EMEA AFRICA,ORBIT,FORFAIT,O4CAH10VG5OGBH7,8.04
Dakota,Sanders,JB98677,6752570,ETHOS DIGITAL,12,EMEA,ORBIT,FORFAIT,NO_TS_EMEA,91.96
Brianna,Jones,NX58900,7730153,DELVO GROUP,12,MEA ASIA,PHOENIX,MAINTENANCE,H5RO6ZLIDHXNLL3,15.63
Brianna,Jones,NX58900,7730153,DELVO GROUP,12,LATAM,PHOENIX,MAINTENANCE,NO_TS_LATAM,84.38
Sandra,Glass,ZV43905,4664928,FORVEX SYSTEMS,12,CONT ASIA,QUANTUM,FORFAIT,XLIHZS09EDJMC6H,11.9
Sandra,Glass,ZV43905,4664928,FORVEX SYSTEMS,12,MEA,QUANTUM,FORFAIT,NO_TS_MEA,88.1
Justin,Aguilar,FB11983,6892808,BRYTON GLOBAL,12,APAC AMERICA,NOVA,REGIE,FWC4XNOUKQYL1KK,11.9
Cynthia,Smith,KP48384,5074549,ALCOR GROUP,12,NA EUROPE,PHOENIX,REGIE,2M1CPUJH0RSATDL,11.31
Cynthia,Smith,KP48384,5074549,ALCOR GROUP,12,MEA,PHOENIX,REGIE,NO_TS_MEA,88.69
Nicole,Hodge,DM64848,6301134,ALCOR CONSULTING,12,LATAM OCEANIA,NEXUS,FORFAIT,KJSUDSHHD5C2M0Z,9.52
Nicole,Hodge,DM64848,6301134,ALCOR CONSULTING,12,EMEA,NEXUS,FORFAIT,NO_TS_EMEA,90.48
Leslie,Cooper,WW90304,6593499,HYRION SYSTEMS,12,NA AFRICA,ORBIT,RPS,QNHEVWCIA33RBHQ,11.31
Leslie,Cooper,WW90304,6593499,HYRION SYSTEMS,12,CONT,ORBIT,RPS,NO_TS_CONT,88.69
Michaela,Washington,JU55817,7843557,DELVO VENTURES,12,LATAM AMERICA,ORBIT,REGIE,V8AECG1VM6UWD6U,11.9
Jorge,Briggs,VC89802,1424104,ALCOR CONSULTING,12,CONT ASIA,NOVA,RPS,Q2Q62FEJ06KWFDU,7.59
Jorge,Briggs,VC89802,1424104,ALCOR CONSULTING,12,LATAM,NOVA,RPS,NO_TS_LATAM,92.41
Sarah,Medina,BJ51855,1835464,INOVA TECH,12,EMEA MENA,VERTEX,SUPPORT,GTPM5LLA5WZZAF7,9.82
Craig,Grimes,WI09277,2404864,FORVEX GROUP,12,CONT EUROPE,ORBIT,MAINTENANCE,G0JAPCGPSDLUA8P,10.12
Craig,Grimes,WI09277,2404864,FORVEX GROUP,12,MEA,ORBIT,MAINTENANCE,NO_TS_MEA,89.88
Steven,Clayton,ZF67604,6251233,ETHOS SOLUTIONS,12,MEA ASIA,QUANTUM,SUPPORT,LBUOZP31THELQ5H,14.29
Steven,Clayton,ZF67604,6251233,ETHOS SOLUTIONS,12,NA,QUANTUM,SUPPORT,NO_TS_NA,85.71
Marie,Carroll,QL63658,9640319,DELVO GLOBAL,12,MEA ASIA,QUANTUM,MAINTENANCE,AB0C7FWO1T4ZS8T,11.9
Patricia,White,VG06722,8888832,GOLZEN GLOBAL,12,LATAM AMERICA,PHOENIX,MAINTENANCE,XNVVUYPSU7L6623,11.9
Patricia,White,VG06722,8888832,GOLZEN GLOBAL,12,APAC,PHOENIX,MAINTENANCE,NO_TS_APAC,88.1
Cindy,Lopez,JM89174,9838759,ETHOS CONSULTING,12,EMEA MENA,ORBIT,MAINTENANCE,7NUOHBM3CAX9GPE,6.25
Robert,Moss,IC01455,6602164,HYRION CONSULTING,12,LATAM MENA,STELLAR,FORFAIT,LMTLU1UBQ5HWBO2,9.52
Robert,Moss,IC01455,6602164,HYRION CONSULTING,12,CONT,STELLAR,FORFAIT,NO_TS_CONT,90.48
Joshua,Green,HH91254,3022839,DELVO SYSTEMS,12,NA AFRICA,ORBIT,FORFAIT,NB2U2LY6062PR96,9.82
Joshua,Green,HH91254,3022839,DELVO SYSTEMS,12,LATAM,ORBIT,FORFAIT,NO_TS_LATAM,90.18
Tara,Ward,ZH97760,6513176,ETHOS VENTURES,12,LATAM MENA,ORBIT,RPS,BNI761AVXJUD2UZ,7.44
Amber,Melendez,UR24611,2497430,KESTRA CONSULTING,12,EMEA OCEANIA,PHOENIX,RPS,ANFGQJ2WQL8OT5Z,8.33
Amber,Melendez,UR24611,2497430,KESTRA CONSULTING,12,CONT,PHOENIX,RPS,NO_TS_CONT,91.67
Nicole,Johnson,VO05494,6682695,DELVO TECH,12,CONT ASIA,PULSE,RPS,5JLE55SFEGEK4B7,8.33
Leslie,Franco,HF62404,2940494,INOVA GROUP,12,EMEA ASIA,NEXUS,FORFAIT,4NZ7HCA4V1IWAN1,8.33
Leslie,Franco,HF62404,2940494,INOVA GROUP,12,LATAM,NEXUS,FORFAIT,NO_TS_LATAM,91.67
Christine,Knight,PN05313,7911727,LUMEX GROUP,12,LATAM AMERICA,QUANTUM,SUPPORT,URL3ONXKK2THH3D,12.05
Christine,Knight,PN05313,7911727,LUMEX GROUP,12,MEA,QUANTUM,SUPPORT,NO_TS_MEA,87.95
Marcus,Zimmerman,OX22825,6215654,BRYTON GLOBAL,12,MEA AFRICA,NOVA,REGIE,BCGJIWGHD4KIIFT,9.52
Marcus,Zimmerman,OX22825,6215654,BRYTON GLOBAL,12,EMEA,NOVA,REGIE,NO_TS_EMEA,90.48
David,Hernandez,GD70523,8625990,HYRION DYNAMICS,12,CONT EUROPE,VERTEX,RPS,5AK2BGNSF8IGYNT,5.95
Sergio,Harmon,LQ77868,5866079,HYRION GROUP,12,NA OCEANIA,NEXUS,SUPPORT,XMSJHCS8899293P,10.12
Robin,David,GN67507,3487097,DELVO GLOBAL,12,EMEA OCEANIA,ATLAS,RPS,96FSYR7S2VYGS3B,14.29
Robin,David,GN67507,3487097,DELVO GLOBAL,12,NA,ATLAS,RPS,NO_TS_NA,85.71
Ashley,Shields,VI30769,1992575,BRYTON DIGITAL,12,EMEA MENA,VERTEX,RPS,X8CRRXNAIPWH57A,9.52
Ashley,Shields,VI30769,1992575,BRYTON DIGITAL,12,LATAM,VERTEX,RPS,NO_TS_LATAM,90.48
Christopher,Finley,LQ76526,5483889,HYRION GLOBAL,12,MEA OCEANIA,ORBIT,MAINTENANCE,CD4PE3SC2032G4D,11.9
Christopher,Finley,LQ76526,5483889,HYRION GLOBAL,12,MEA,ORBIT,MAINTENANCE,NO_TS_MEA,88.1
Sharon,Medina,CT41476,6727326,DELVO VENTURES,12,CONT AFRICA,PULSE,SUPPORT,5NB0GJIGIX0L8XI,5.51
Sandra,Hansen,WR47260,6907781,DELVO SYSTEMS,12,MEA ASIA,STELLAR,RPS,FGLK103EKCFA5OQ,11.9
Sandra,Hansen,WR47260,6907781,DELVO SYSTEMS,12,EMEA,STELLAR,RPS,NO_TS_EMEA,88.1
Tommy,Thompson,YN36784,2562785,KESTRA GLOBAL,12,EMEA EUROPE,NEXUS,FORFAIT,7WIZGX6X5BH3YG8,11.9
Kristina,Parker,HL37051,3533663,GOLZEN GLOBAL,12,MEA AFRICA,VERTEX,MAINTENANCE,OKHZSJQSWRJERGS,9.52
Kristina,Parker,HL37051,3533663,GOLZEN GLOBAL,12,APAC,VERTEX,MAINTENANCE,NO_TS_APAC,90.48
Paul,Ramirez,UD16184,8819439,KESTRA DIGITAL,12,CONT AFRICA,STELLAR,RPS,G106LMSMEHK1XNR,9.52
Paul,Ramirez,UD16184,8819439,KESTRA DIGITAL,12,EMEA,STELLAR,RPS,NO_TS_EMEA,90.48
Tyler,Mendez,VG37918,2955172,BRYTON CONSULTING,12,LATAM AMERICA,NOVA,SUPPORT,CPVFPCW5968IAH5,9.52
Tyler,Mendez,VG37918,2955172,BRYTON CONSULTING,12,MEA,NOVA,SUPPORT,NO_TS_MEA,90.48
Kayla,Wheeler,KL40198,7165061,CENVEO GROUP,12,CONT OCEANIA,NOVA,FORFAIT,9KED1DZ4VJUL5FW,11.9
Kayla,Wheeler,KL40198,7165061,CENVEO GROUP,12,EMEA,NOVA,FORFAIT,NO_TS_EMEA,88.1
Alexandria,Wolfe,EV23574,9703476,BRYTON GROUP,12,MEA ASIA,PULSE,RPS,8G9UWBT2H46V3LZ,9.23
Javier,Walsh,VI29749,1997518,JALVIK VENTURES,12,EMEA OCEANIA,PHOENIX,REGIE,HL1A8JWAOUBOJ3H,7.44
John,Johnson,SK29244,1878027,GOLZEN SYSTEMS,12,APAC AFRICA,QUANTUM,RPS,RH67UWIF05H3FO6,11.9
John,Johnson,SK29244,1878027,GOLZEN SYSTEMS,12,NA,QUANTUM,RPS,NO_TS_NA,88.1
Sharon,Wilson,EG07387,2605526,CENVEO DIGITAL,12,NA AMERICA,NEXUS,REGIE,N9DYCZEL9ZVV88M,9.52
Sharon,Wilson,EG07387,2605526,CENVEO DIGITAL,12,CONT,NEXUS,REGIE,NO_TS_CONT,90.48
Emily,Murray,UN87529,5020252,ALCOR SYSTEMS,12,MEA AFRICA,QUANTUM,SUPPORT,L6MOOVY3JVZC1I7,7.74
Emily,Murray,UN87529,5020252,ALCOR SYSTEMS,12,NA,QUANTUM,SUPPORT,NO_TS_NA,92.26
Joel,Rodriguez,UD79770,1765805,ETHOS CONSULTING,12,APAC MENA,NOVA,SUPPORT,8S1Y8YB5PUVKQIG,13.1
Joel,Rodriguez,UD79770,1765805,ETHOS CONSULTING,12,LATAM,NOVA,SUPPORT,NO_TS_LATAM,86.9
Pamela,Hall,XK09666,1314110,JALVIK VENTURES,12,NA AMERICA,PHOENIX,MAINTENANCE,439JNANQZ3F15QK,5.53
Pamela,Hall,XK09666,1314110,JALVIK VENTURES,12,LATAM,PHOENIX,MAINTENANCE,NO_TS_LATAM,94.47
Jennifer,Glover,TH97310,7193604,FORVEX GLOBAL,12,LATAM AMERICA,NOVA,FORFAIT,EIKFIIDWEFQK2BO,13.99
Jennifer,Glover,TH97310,7193604,FORVEX GLOBAL,12,LATAM,NOVA,FORFAIT,NO_TS_LATAM,86.01
Tina,Blake,XO77061,4374697,FORVEX DIGITAL,12,EMEA EUROPE,PULSE,SUPPORT,C5DTAW66KFI0AQ3,9.52
Anthony,Barrett,RT31205,5788137,ETHOS DYNAMICS,12,CONT AFRICA,QUANTUM,SUPPORT,79XCV1AV146U0O9,9.52
Anthony,Barrett,RT31205,5788137,ETHOS DYNAMICS,12,NA,QUANTUM,SUPPORT,NO_TS_NA,90.48
Brian,Mccullough,ZM04647,3018613,FORVEX GROUP,12,LATAM AFRICA,ATLAS,REGIE,HSDRCBVVLGZJ90Y,7.44
Brian,Mccullough,ZM04647,3018613,FORVEX GROUP,12,MEA,ATLAS,REGIE,NO_TS_MEA,92.56
Erik,Skinner,VC34661,9889305,LUMEX DYNAMICS,12,EMEA ASIA,ATLAS,REGIE,F20KSIF8MKM22ME,14.29
Erik,Skinner,VC34661,9889305,LUMEX DYNAMICS,12,LATAM,ATLAS,REGIE,NO_TS_LATAM,85.71
Emily,Williams,TE44718,1122719,INOVA CONSULTING,12,APAC AMERICA,NOVA,REGIE,1X2DOQP77QPE2HU,7.74
Emily,Williams,TE44718,1122719,INOVA CONSULTING,12,LATAM,NOVA,REGIE,NO_TS_LATAM,92.26
Nicole,Lee,FP51046,4821957,FORVEX DYNAMICS,12,NA AMERICA,PHOENIX,SUPPORT,5IMHIQGO0FY1ZMR,12.2
Nicole,Lee,FP51046,4821957,FORVEX DYNAMICS,12,APAC,PHOENIX,SUPPORT,NO_TS_APAC,87.8
Natalie,Johns,IF50355,4081376,KESTRA GROUP,12,EMEA AMERICA,VERTEX,REGIE,4WYOGCDIUJ04WM5,9.52
Randall,Campbell,QL92248,2453160,JALVIK SOLUTIONS,12,EMEA OCEANIA,NOVA,RPS,HQZXQZB03BAPE22,13.1
Randall,Campbell,QL92248,2453160,JALVIK SOLUTIONS,12,LATAM,NOVA,RPS,NO_TS_LATAM,86.9
David,Humphrey,PG01153,7694469,ETHOS GLOBAL,12,NA OCEANIA,PULSE,SUPPORT,WV4AERPUR6NNM68,11.9
David,Humphrey,PG01153,7694469,ETHOS GLOBAL,12,MEA,PULSE,SUPPORT,NO_TS_MEA,88.1
Samantha,Schultz,ZL97084,5549247,HYRION GROUP,12,MEA OCEANIA,VERTEX,MAINTENANCE,5EU39KQI1SF91LP,11.9
Samantha,Schultz,ZL97084,5549247,HYRION GROUP,12,EMEA,VERTEX,MAINTENANCE,NO_TS_EMEA,88.1
Robert,Greene,UM78032,7867040,FORVEX GROUP,12,APAC AFRICA,PULSE,REGIE,2YUYH5HNJRELG3M,9.82
Karen,Wise,CX56787,5291221,ETHOS SYSTEMS,12,NA OCEANIA,QUANTUM,SUPPORT,W3TNPNHIC447USC,9.52
Karen,Wise,CX56787,5291221,ETHOS SYSTEMS,12,CONT,QUANTUM,SUPPORT,NO_TS_CONT,90.48
Cassidy,Calhoun,MT09324,8157292,HYRION GLOBAL,12,APAC AMERICA,VERTEX,REGIE,LP5QW0TR7K9SHLI,9.52
Cassidy,Calhoun,MT09324,8157292,HYRION GLOBAL,12,MEA,VERTEX,REGIE,NO_TS_MEA,90.48
Jamie,Barber,UJ48687,6390897,ETHOS TECH,12,APAC EUROPE,PHOENIX,REGIE,JCVSWHJTMGRUFHA,8.18
Jamie,Barber,UJ48687,6390897,ETHOS TECH,12,LATAM,PHOENIX,REGIE,NO_TS_LATAM,91.82
Sharon,Duran,RU21129,3166790,ETHOS GLOBAL,12,EMEA ASIA,NEXUS,FORFAIT,694J64TFWDVR10I,7.44
Sharon,Duran,RU21129,3166790,ETHOS GLOBAL,12,CONT,NEXUS,FORFAIT,NO_TS_CONT,92.56
Tara,Gibson,QZ80208,6516675,INOVA SYSTEMS,12,LATAM ASIA,PULSE,REGIE,GHFT3JI15XD4YXX,8.33
Shawn,Hernandez,KF21488,6616632,GOLZEN DYNAMICS,12,NA AFRICA,STELLAR,MAINTENANCE,1AUXZJZCAHHWV4N,7.14
Shawn,Hernandez,KF21488,6616632,GOLZEN DYNAMICS,12,EMEA,STELLAR,MAINTENANCE,NO_TS_EMEA,92.86
Rhonda,Schmitt,VC51164,9607077,HYRION VENTURES,12,MEA OCEANIA,STELLAR,RPS,FDHZXWGJPJM1QQV,9.52
Rhonda,Schmitt,VC51164,9607077,HYRION VENTURES,12,LATAM,STELLAR,RPS,NO_TS_LATAM,90.48
Brandy,Nelson,PF23160,4497631,ETHOS SOLUTIONS,12,MEA AFRICA,PULSE,SUPPORT,FLG4XDMI2VLZWCC,7.14
Brandy,Nelson,PF23160,4497631,ETHOS SOLUTIONS,12,EMEA,PULSE,SUPPORT,NO_TS_EMEA,92.86
Valerie,Wallace,KT09797,1188337,CENVEO DYNAMICS,12,APAC AFRICA,NOVA,SUPPORT,OYO6PWJVHSNDLUY,7.44
Diane,Hughes,PP59867,1168019,ALCOR CONSULTING,12,NA ASIA,VERTEX,FORFAIT,XHI52NKBGWNS0U7,9.52
Diane,Hughes,PP59867,1168019,ALCOR CONSULTING,12,CONT,VERTEX,FORFAIT,NO_TS_CONT,90.48
Cameron,Sweeney,MS49224,8985903,ETHOS VENTURES,12,LATAM MENA,PHOENIX,REGIE,NM1KDNBMIB3GSAR,11.31
Cameron,Sweeney,MS49224,8985903,ETHOS VENTURES,12,CONT,PHOENIX,REGIE,NO_TS_CONT,88.69
David,Martinez,YW85437,5267173,ALCOR CONSULTING,12,APAC MENA,NEXUS,FORFAIT,NZ3BU9WWFN7LCOZ,9.52
Zachary,Watts,RH84023,6946662,ETHOS TECH,12,APAC AMERICA,PULSE,REGIE,Z1O2UA9R5F15MB8,8.48
Zachary,Watts,RH84023,6946662,ETHOS TECH,12,CONT,PULSE,REGIE,NO_TS_CONT,91.52
Robert,Bailey,EU07304,8301704,ETHOS DIGITAL,12,NA OCEANIA,STELLAR,FORFAIT,KYYA6CEAGIDZDR8,10.71
Robert,Bailey,EU07304,8301704,ETHOS DIGITAL,12,APAC,STELLAR,FORFAIT,NO_TS_APAC,89.29
Angela,Villanueva,WV16769,7349836,JALVIK GROUP,12,APAC AFRICA,ORBIT,MAINTENANCE,DTYNBUVYMMHBLX6,8.33
Angela,Villanueva,WV16769,7349836,JALVIK GROUP,12,MEA,ORBIT,MAINTENANCE,NO_TS_MEA,91.67
Laurie,Davidson,TP44765,3862860,INOVA GROUP,12,EMEA MENA,QUANTUM,SUPPORT,PVOUVUBNS7LKNAF,10.71
Katelyn,Rivers,XE75401,6020355,DELVO GROUP,12,APAC AFRICA,VERTEX,REGIE,BUWJEVIO2XKVWNB,5.95
Heather,Compton,PR25018,3246097,FORVEX VENTURES,12,EMEA EUROPE,ATLAS,SUPPORT,Z5H2TP9ON02AM2U,9.52
Elizabeth,Franklin,CO23343,8383535,FORVEX TECH,12,EMEA AMERICA,NEXUS,MAINTENANCE,WOVA7SZNZXLVLLX,11.9
Elizabeth,Franklin,CO23343,8383535,FORVEX TECH,12,APAC,NEXUS,MAINTENANCE,NO_TS_APAC,88.1
Gregory,Armstrong,RQ79171,3981727,FORVEX SYSTEMS,12,MEA OCEANIA,ORBIT,REGIE,64HSWBX7D76UK6Y,8.33
Gregory,Armstrong,RQ79171,3981727,FORVEX SYSTEMS,12,MEA,ORBIT,REGIE,NO_TS_MEA,91.67
Michael,Lee,BL57043,6001304,DELVO GROUP,12,CONT AMERICA,STELLAR,RPS,DKYD9AYDV3VNDIY,7.74
Suzanne,Vargas,OL12176,6747216,FORVEX CONSULTING,12,NA AFRICA,ORBIT,REGIE,4M2RR32516T1FV5,11.9
Suzanne,Vargas,OL12176,6747216,FORVEX CONSULTING,12,LATAM,ORBIT,REGIE,NO_TS_LATAM,88.1
Alex,Mcmillan,FS55955,9855429,LUMEX SYSTEMS,12,LATAM EUROPE,VERTEX,FORFAIT,4DV9IU97CKYVK39,8.04
Dustin,Bradley,NL41045,1759081,GOLZEN DYNAMICS,12,APAC MENA,STELLAR,FORFAIT,J90A411K2AHQN9R,7.29
Ryan,Schroeder,OF93921,8608071,ETHOS DIGITAL,12,APAC AMERICA,QUANTUM,FORFAIT,96B0MOBK70BSWXR,9.52
Ryan,Schroeder,OF93921,8608071,ETHOS DIGITAL,12,NA,QUANTUM,FORFAIT,NO_TS_NA,90.48
Melissa,Hernandez,XW13790,3558954,LUMEX GLOBAL,12,MEA AMERICA,ATLAS,SUPPORT,WXNJVARXG1DRRSE,13.39
Melissa,Hernandez,XW13790,3558954,LUMEX GLOBAL,12,CONT,ATLAS,SUPPORT,NO_TS_CONT,86.61
Matthew,Davis,XD06365,1177946,CENVEO CONSULTING,12,EMEA OCEANIA,NEXUS,MAINTENANCE,0L0E7DRWRXVFAPL,9.52
Matthew,Davis,XD06365,1177946,CENVEO CONSULTING,12,MEA,NEXUS,MAINTENANCE,NO_TS_MEA,90.48
Sandra,Mendoza,CM74134,4940768,DELVO DYNAMICS,12,LATAM ASIA,STELLAR,RPS,Y91JOCIIAXRGJY5,8.33
Sandra,Mendoza,CM74134,4940768,DELVO DYNAMICS,12,EMEA,STELLAR,RPS,NO_TS_EMEA,91.67
Lori,Underwood,VZ48935,8098928,FORVEX GROUP,12,LATAM AFRICA,VERTEX,SUPPORT,Q47Y0XZ1XPMY1EV,11.9
Lori,Underwood,VZ48935,8098928,FORVEX GROUP,12,LATAM,VERTEX,SUPPORT,NO_TS_LATAM,88.1
Juan,Ortega,KD04192,9917515,ETHOS SYSTEMS,12,APAC AFRICA,PHOENIX,FORFAIT,Q2EDUKZZM0NHGAH,8.93
Juan,Ortega,KD04192,9917515,ETHOS SYSTEMS,12,EMEA,PHOENIX,FORFAIT,NO_TS_EMEA,91.07
Randy,Stewart,IP59442,1064534,DELVO DYNAMICS,12,LATAM OCEANIA,STELLAR,SUPPORT,E99AEIYFBOS5LOX,13.69
Randy,Stewart,IP59442,1064534,DELVO DYNAMICS,12,APAC,STELLAR,SUPPORT,NO_TS_APAC,86.31
April,Murphy,PV43942,9374654,GOLZEN SYSTEMS,12,APAC AMERICA,NEXUS,SUPPORT,FHOB3CKQ3EYJI1A,9.52
Wendy,Williams,PL32560,7777438,DELVO CONSULTING,12,APAC AFRICA,ORBIT,FORFAIT,2OFBVJ6B9M8EBXA,3.39
Wendy,Williams,PL32560,7777438,DELVO CONSULTING,12,CONT,ORBIT,FORFAIT,NO_TS_CONT,96.61
Raven,Woodward,BI28564,1037346,JALVIK CONSULTING,12,EMEA AMERICA,ORBIT,RPS,A4DOZBYM139XBTB,7.44
Susan,Herrera,OQ11570,5434274,HYRION SOLUTIONS,12,EMEA EUROPE,ATLAS,REGIE,IDU67NGG2B5UZ9W,9.52
Adam,Smith,YD67286,8266718,BRYTON CONSULTING,12,NA MENA,VERTEX,RPS,XSB3WALA5RHQ80I,11.9
Gabriel,Rodriguez,RE48732,8985349,JALVIK GROUP,12,CONT ASIA,ORBIT,MAINTENANCE,J2TTEL9FT2WMP1E,11.9
Gabriel,Rodriguez,RE48732,8985349,JALVIK GROUP,12,APAC,ORBIT,MAINTENANCE,NO_TS_APAC,88.1
Michelle,Smith,DD92317,8122774,ETHOS TECH,12,EMEA OCEANIA,PHOENIX,FORFAIT,4V6LW2FFXK919CG,5.95
Michelle,Smith,DD92317,8122774,ETHOS TECH,12,CONT,PHOENIX,FORFAIT,NO_TS_CONT,94.05
Justin,Casey,VV13230,6822774,JALVIK GLOBAL,12,LATAM AMERICA,PULSE,REGIE,1WV33CETS01L7OT,9.52
Justin,Casey,VV13230,6822774,JALVIK GLOBAL,12,APAC,PULSE,REGIE,NO_TS_APAC,90.48
Michael,Wheeler,PH15000,7262271,FORVEX DYNAMICS,12,APAC ASIA,NEXUS,REGIE,0CECOC2D6Q4HU91,11.9
Michael,Wheeler,PH15000,7262271,FORVEX DYNAMICS,12,EMEA,NEXUS,REGIE,NO_TS_EMEA,88.1
Anthony,Duncan,MH23952,7251709,BRYTON GLOBAL,12,LATAM AMERICA,NEXUS,FORFAIT,MVFAUAEAW5UOJ63,7.14
Robert,Martin,EH61809,6738466,FORVEX TECH,12,EMEA AMERICA,NOVA,REGIE,89CP252EKSAB4BK,16.67
Robert,Martin,EH61809,6738466,FORVEX TECH,12,MEA,NOVA,REGIE,NO_TS_MEA,83.33
Erica,Romero,CY76499,3549860,JALVIK DIGITAL,12,MEA EUROPE,QUANTUM,SUPPORT,ROP30JBE93SRU08,8.63
Cody,Potter,TM43826,7204855,ALCOR SOLUTIONS,12,EMEA EUROPE,NEXUS,REGIE,T774N3K1KNJUZBA,10.71
Cody,Potter,TM43826,7204855,ALCOR SOLUTIONS,12,CONT,NEXUS,REGIE,NO_TS_CONT,89.29
Carly,Mason,ZV77271,3775826,HYRION VENTURES,12,MEA MENA,NOVA,MAINTENANCE,NJM0PQI4KZH33V7,7.29
Carly,Mason,ZV77271,3775826,HYRION VENTURES,12,NA,NOVA,MAINTENANCE,NO_TS_NA,92.71
Kristine,Lambert,YO13404,2850848,INOVA GLOBAL,12,MEA OCEANIA,ORBIT,RPS,XKYM1IG2G0KTAMO,7.59
Kristine,Lambert,YO13404,2850848,INOVA GLOBAL,12,CONT,ORBIT,RPS,NO_TS_CONT,92.41
Donald,Valentine,WF96549,2424055,ALCOR CONSULTING,12,LATAM AFRICA,PHOENIX,REGIE,8BYIQTMEFXYJKXB,10.71
Donald,Valentine,WF96549,2424055,ALCOR CONSULTING,12,NA,PHOENIX,REGIE,NO_TS_NA,89.29
Tara,Wagner,PG99369,5441847,LUMEX DYNAMICS,12,CONT AFRICA,NOVA,FORFAIT,2L3YBHQADGJV020,9.52
Jacqueline,West,WZ42360,9567471,GOLZEN GROUP,12,APAC OCEANIA,QUANTUM,MAINTENANCE,Y5UED5ILLRXX5QK,9.52
Jacqueline,West,WZ42360,9567471,GOLZEN GROUP,12,EMEA,QUANTUM,MAINTENANCE,NO_TS_EMEA,90.48
Chelsey,Sanders,TP74513,6203078,GOLZEN GLOBAL,12,EMEA AFRICA,NOVA,FORFAIT,F1NJYPUH3LCAZSB,9.52
Valerie,Shelton,BH57700,3963394,JALVIK DIGITAL,12,CONT MENA,NOVA,RPS,GKW3WWG07IK8VYQ,8.04
Valerie,Shelton,BH57700,3963394,JALVIK DIGITAL,12,APAC,NOVA,RPS,NO_TS_APAC,91.96
Kenneth,Cook,YT92558,1038936,LUMEX CONSULTING,12,LATAM AFRICA,QUANTUM,SUPPORT,MBQQRIBDXCH8XNS,10.42
Kenneth,Cook,YT92558,1038936,LUMEX CONSULTING,12,CONT,QUANTUM,SUPPORT,NO_TS_CONT,89.58
Jeanette,Lopez,VB43448,2976073,KESTRA GLOBAL,12,MEA ASIA,VERTEX,REGIE,C4HUUO40YUVT6PN,9.97
Jeanette,Lopez,VB43448,2976073,KESTRA GLOBAL,12,LATAM,VERTEX,REGIE,NO_TS_LATAM,90.03
Evan,Gomez,GB59417,9988771,KESTRA CONSULTING,12,LATAM OCEANIA,VERTEX,SUPPORT,GC2H3RP3S047I42,9.52
April,Caldwell,QK72093,5442405,GOLZEN CONSULTING,12,EMEA OCEANIA,QUANTUM,FORFAIT,0CXW49VG4I6KVFW,6.25
April,Caldwell,QK72093,5442405,GOLZEN CONSULTING,12,APAC,QUANTUM,FORFAIT,NO_TS_APAC,93.75
Eric,Wade,OD73153,2696152,ALCOR TECH,12,MEA AMERICA,PHOENIX,MAINTENANCE,A0EWSLDULUJ8GDT,9.52
Eric,Wade,OD73153,2696152,ALCOR TECH,12,EMEA,PHOENIX,MAINTENANCE,NO_TS_EMEA,90.48
Russell,Watkins,XD25458,8445320,CENVEO GROUP,12,APAC AFRICA,PHOENIX,REGIE,SCGS84HHR0JRN7G,7.44
Russell,Watkins,XD25458,8445320,CENVEO GROUP,12,MEA,PHOENIX,REGIE,NO_TS_MEA,92.56
Jennifer,Burton,DR55325,4142691,FORVEX GROUP,12,LATAM AFRICA,NOVA,REGIE,B48JSWDR5UN63ET,10.42
Jennifer,Burton,DR55325,4142691,FORVEX GROUP,12,MEA,NOVA,REGIE,NO_TS_MEA,89.58
George,Thomas,AO66882,5724076,DELVO SYSTEMS,12,CONT EUROPE,STELLAR,MAINTENANCE,OYN7NMVZV59DR6D,11.9
George,Thomas,AO66882,5724076,DELVO SYSTEMS,12,MEA,STELLAR,MAINTENANCE,NO_TS_MEA,88.1
Andrew,French,OH27488,2434542,KESTRA DIGITAL,12,NA AFRICA,STELLAR,MAINTENANCE,SA38Y89NA6SGL0B,9.23
Susan,Guzman,WB33619,5707918,HYRION SYSTEMS,12,EMEA EUROPE,VERTEX,FORFAIT,DC88X9UCWCNF4YN,11.9
Andrew,Hunt,GP22103,9571914,GOLZEN VENTURES,12,NA EUROPE,VERTEX,MAINTENANCE,TMRF8AYBGDSCRH2,11.9
Wesley,Lopez,SG64299,7196784,CENVEO GLOBAL,12,LATAM OCEANIA,PHOENIX,FORFAIT,WPE3DSNMRNNNAD5,12.5
Wesley,Lopez,SG64299,7196784,CENVEO GLOBAL,12,APAC,PHOENIX,FORFAIT,NO_TS_APAC,87.5
Jeffrey,Owens,NU01557,8003375,CENVEO CONSULTING,12,MEA AMERICA,NOVA,REGIE,JOHPQ3B2SXE00J1,11.9
Jeffrey,Owens,NU01557,8003375,CENVEO CONSULTING,12,APAC,NOVA,REGIE,NO_TS_APAC,88.1
Joseph,Carter,CI72224,2059926,LUMEX DYNAMICS,12,APAC MENA,ATLAS,RPS,VADRGJ8HGM4EGJ8,9.52
Joseph,Carter,CI72224,2059926,LUMEX DYNAMICS,12,APAC,ATLAS,RPS,NO_TS_APAC,90.48
Johnny,Wade,AK00008,3580638,ETHOS VENTURES,12,APAC AMERICA,VERTEX,FORFAIT,6KAUGW6EEL64Q9Y,10.71
Johnny,Wade,AK00008,3580638,ETHOS VENTURES,12,LATAM,VERTEX,FORFAIT,NO_TS_LATAM,89.29
Christopher,Bond,TY40835,9520916,HYRION SOLUTIONS,12,LATAM AFRICA,PULSE,RPS,LTKYB3U1ZUA6HVS,11.9
Angela,Burch,YG07250,7691811,HYRION GROUP,12,MEA OCEANIA,STELLAR,REGIE,IEH3U8P84R443EV,6.55
Angela,Burch,YG07250,7691811,HYRION GROUP,12,APAC,STELLAR,REGIE,NO_TS_APAC,93.45
David,Gonzalez,JI03665,1377889,GOLZEN GLOBAL,12,CONT,STELLAR,REGIE,NO_TS_CONT,100.0
Jerome,Stark,NS33293,4290948,JALVIK DIGITAL,12,CONT AMERICA,PULSE,MAINTENANCE,Y72RA233DRGSW0X,8.33
Cheryl,Gray,IZ02385,3729144,FORVEX CONSULTING,12,LATAM AFRICA,NEXUS,SUPPORT,3Z0VNBPDZZZ9PRC,11.9
Michael,Green,RQ13340,7952639,JALVIK SOLUTIONS,12,CONT OCEANIA,NOVA,FORFAIT,XQ5A61MRHKZUCP7,9.52
Jonathan,Newman,RP43879,5697468,DELVO TECH,12,NA AFRICA,NOVA,RPS,VJLWM23XFG515AB,9.52
Jonathan,Newman,RP43879,5697468,DELVO TECH,12,NA,NOVA,RPS,NO_TS_NA,90.48
Erica,Green,OD98475,4396239,INOVA GLOBAL,12,CONT AFRICA,ORBIT,FORFAIT,FJZX9L6671XAE07,14.29
David,Kennedy,TQ44476,9511573,KESTRA CONSULTING,12,CONT,STELLAR,MAINTENANCE,NO_TS_CONT,100.0
Sarah,Adams,ND82900,3641751,ALCOR CONSULTING,12,LATAM EUROPE,QUANTUM,MAINTENANCE,DPS41TEZM0X697E,11.61
Sarah,Adams,ND82900,3641751,ALCOR CONSULTING,12,CONT,QUANTUM,MAINTENANCE,NO_TS_CONT,88.39
Brittney,Brown,GX96785,5813690,CENVEO GLOBAL,12,CONT EUROPE,STELLAR,FORFAIT,CR2PTJG395L6JNE,9.52
Brittney,Brown,GX96785,5813690,CENVEO GLOBAL,12,EMEA,STELLAR,FORFAIT,NO_TS_EMEA,90.48
Joshua,Olson,PG98072,1138231,BRYTON CONSULTING,12,NA AMERICA,ATLAS,MAINTENANCE,OTT1CE4XTUNCFA2,5.06
Joshua,Olson,PG98072,1138231,BRYTON CONSULTING,12,NA,ATLAS,MAINTENANCE,NO_TS_NA,94.94
Emily,Caldwell,GO19214,1185887,HYRION SOLUTIONS,12,CONT OCEANIA,STELLAR,REGIE,NGQA3SN3EAI0I7L,14.88
Emily,Caldwell,GO19214,1185887,HYRION SOLUTIONS,12,MEA,STELLAR,REGIE,NO_TS_MEA,85.12
Paul,Patterson,IX58047,5578272,DELVO TECH,12,NA AFRICA,ATLAS,MAINTENANCE,KODQLSDPC2VXEF1,8.33
Paul,Patterson,IX58047,5578272,DELVO TECH,12,LATAM,ATLAS,MAINTENANCE,NO_TS_LATAM,91.67
Charles,Porter,FX38454,7333777,ETHOS DIGITAL,12,MEA ASIA,ORBIT,REGIE,NZ4D8LZVEHRM5LF,12.2
Charles,Porter,FX38454,7333777,ETHOS DIGITAL,12,MEA,ORBIT,REGIE,NO_TS_MEA,87.8
James,Jones,LG90112,3161604,DELVO GLOBAL,12,NA AMERICA,ORBIT,MAINTENANCE,5VW7FR9HKD60499,9.52
Ariana,Jordan,XG86477,6754918,GOLZEN VENTURES,12,LATAM ASIA,PULSE,FORFAIT,AW8YXHSL4FC7D0X,8.04
Sean,Smith,HY01744,6210986,JALVIK TECH,12,NA AFRICA,ATLAS,MAINTENANCE,JIWF5DUMFLYFEG9,13.1
Mary,Patterson,JR65560,6520742,CENVEO DYNAMICS,12,CONT OCEANIA,PULSE,MAINTENANCE,5VUKSUHRJHL1KKB,9.52
Mary,Patterson,JR65560,6520742,CENVEO DYNAMICS,12,LATAM,PULSE,MAINTENANCE,NO_TS_LATAM,90.48
Julia,Thomas,KR42459,2399161,ALCOR CONSULTING,12,EMEA AFRICA,NEXUS,RPS,DA5Z06690WDR21Z,13.39
Patrick,Ward,TX77103,5699244,DELVO CONSULTING,12,LATAM ASIA,ORBIT,MAINTENANCE,HY9CQ4SC4MFKTQX,13.1
Joseph,Owens,RL87282,3437520,GOLZEN SOLUTIONS,12,MEA AFRICA,NOVA,FORFAIT,SE962D7XSX84LI9,10.71
Tiffany,Thomas,LL84617,6382455,BRYTON CONSULTING,12,LATAM ASIA,QUANTUM,REGIE,MB8EE473VFA1HGS,11.9
Tiffany,Thomas,LL84617,6382455,BRYTON CONSULTING,12,LATAM,QUANTUM,REGIE,NO_TS_LATAM,88.1
Brian,Duran,HL95797,4629426,CENVEO GLOBAL,12,LATAM MENA,QUANTUM,RPS,LBR1P3EP7W16SEV,12.2
Claudia,Meyer,AY81400,6448394,DELVO SYSTEMS,12,EMEA AMERICA,NOVA,MAINTENANCE,93ZFWN3ODCXP54T,14.29
Claudia,Meyer,AY81400,6448394,DELVO SYSTEMS,12,MEA,NOVA,MAINTENANCE,NO_TS_MEA,85.71
Gina,Browning,KU48609,7065791,GOLZEN GLOBAL,12,CONT AFRICA,NOVA,SUPPORT,HWF0VM4CY4B7WRX,12.2
Gina,Browning,KU48609,7065791,GOLZEN GLOBAL,12,APAC,NOVA,SUPPORT,NO_TS_APAC,87.8
Mary,Flores,QO39629,1652176,KESTRA GROUP,12,EMEA ASIA,VERTEX,FORFAIT,EE41TW4Q7PIO2MU,10.71
Mary,Flores,QO39629,1652176,KESTRA GROUP,12,CONT,VERTEX,FORFAIT,NO_TS_CONT,89.29
Heather,Pham,VL12985,2691486,BRYTON TECH,12,NA MENA,PULSE,MAINTENANCE,FN3DJF8QJQZSC78,10.71
Ruben,Griffith,OJ93210,5674822,DELVO VENTURES,12,NA ASIA,QUANTUM,FORFAIT,1YC7JLIHJQZK5JG,9.52
Ruben,Griffith,OJ93210,5674822,DELVO VENTURES,12,CONT,QUANTUM,FORFAIT,NO_TS_CONT,90.48
Cesar,Taylor,EP96802,2776917,ALCOR GLOBAL,12,APAC EUROPE,STELLAR,FORFAIT,YEC5Z2UMZ1I4K9S,16.67
William,Watson,KG09082,4991686,LUMEX SYSTEMS,12,NA AFRICA,PHOENIX,FORFAIT,VEFFAE90SSJEPQS,10.27
William,Watson,KG09082,4991686,LUMEX SYSTEMS,12,NA,PHOENIX,FORFAIT,NO_TS_NA,89.73
Angelica,Robinson,ON43706,4668043,DELVO SOLUTIONS,12,LATAM AMERICA,PHOENIX,MAINTENANCE,3Y0BNHRSMK8SYNA,14.29
Angelica,Robinson,ON43706,4668043,DELVO SOLUTIONS,12,LATAM,PHOENIX,MAINTENANCE,NO_TS_LATAM,85.71
Elizabeth,Davis,AQ94193,5676472,ALCOR GROUP,12,CONT AFRICA,QUANTUM,REGIE,P6EDI53LS66GGB0,9.23
Brian,May,YB15783,7264281,FORVEX TECH,12,LATAM ASIA,ATLAS,MAINTENANCE,MRGWQ5HH9D4J8HU,9.97
James,Perez,LG85665,9264518,FORVEX DIGITAL,12,CONT AFRICA,NOVA,SUPPORT,98FWR3TTEYWO2KS,9.52
James,Perez,LG85665,9264518,FORVEX DIGITAL,12,EMEA,NOVA,SUPPORT,NO_TS_EMEA,90.48
Amanda,Flores,UZ97729,4040735,FORVEX DYNAMICS,12,MEA OCEANIA,QUANTUM,REGIE,HMN0VR7JRBG6NIQ,9.52
Amanda,Flores,UZ97729,4040735,FORVEX DYNAMICS,12,EMEA,QUANTUM,REGIE,NO_TS_EMEA,90.48
Colleen,Thomas,UP61027,5397621,LUMEX SOLUTIONS,12,NA AFRICA,VERTEX,SUPPORT,MVKROYQCVBOFXH3,11.9
Colleen,Thomas,UP61027,5397621,LUMEX SOLUTIONS,12,EMEA,VERTEX,SUPPORT,NO_TS_EMEA,88.1
Barry,Campbell,ZH69193,9961832,BRYTON TECH,12,LATAM AMERICA,NEXUS,REGIE,M0IRRZUFBFSI41Y,10.57
Barry,Campbell,ZH69193,9961832,BRYTON TECH,12,APAC,NEXUS,REGIE,NO_TS_APAC,89.43
Richard,Clark,OM70259,5298387,LUMEX DYNAMICS,12,NA AMERICA,VERTEX,SUPPORT,74GVB5BTVKRVJUE,9.52
Richard,Clark,OM70259,5298387,LUMEX DYNAMICS,12,LATAM,VERTEX,SUPPORT,NO_TS_LATAM,90.48
Barbara,Anderson,EW70946,4884637,ETHOS DYNAMICS,12,APAC OCEANIA,NEXUS,REGIE,523SZEJA6NWH2GH,8.93
Bryan,Costa,IA77947,8335271,GOLZEN TECH,12,APAC MENA,PULSE,RPS,4YX12VIK6LT6OWZ,7.29
Bryan,Costa,IA77947,8335271,GOLZEN TECH,12,CONT,PULSE,RPS,NO_TS_CONT,92.71
Susan,Simon,AA29928,4802644,JALVIK TECH,12,NA OCEANIA,NOVA,MAINTENANCE,QK0ARH92MORB9QM,6.99
Jessica,Baker,JC41851,8811222,GOLZEN VENTURES,12,APAC AMERICA,ATLAS,RPS,9JTQG762MYVLKW5,12.5
Tara,Martinez,LP74169,9430866,ALCOR DYNAMICS,12,CONT ASIA,VERTEX,REGIE,S9W8HZMH3PE76RN,11.9
Amanda,Meadows,XT24909,5564520,HYRION DIGITAL,12,LATAM ASIA,VERTEX,SUPPORT,JVI4NT9872I0DJB,9.52
Amanda,Meadows,XT24909,5564520,HYRION DIGITAL,12,NA,VERTEX,SUPPORT,NO_TS_NA,90.48
Christopher,Cochran,SN13203,6979888,BRYTON DYNAMICS,12,CONT EUROPE,STELLAR,REGIE,MFU0RCDXDJQG4BI,8.33
Robin,Parker,YG33985,8550679,HYRION DIGITAL,12,APAC EUROPE,NEXUS,MAINTENANCE,5ENRIMTTV8KIVXM,11.9
Robin,Parker,YG33985,8550679,HYRION DIGITAL,12,CONT,NEXUS,MAINTENANCE,NO_TS_CONT,88.1
Hannah,Coleman,AF40208,8962679,LUMEX CONSULTING,12,EMEA OCEANIA,QUANTUM,REGIE,KS7RB4D254RES2E,11.9
Hannah,Coleman,AF40208,8962679,LUMEX CONSULTING,12,APAC,QUANTUM,REGIE,NO_TS_APAC,88.1
Billy,Hanson,EJ51618,3765352,JALVIK VENTURES,12,EMEA OCEANIA,ATLAS,MAINTENANCE,B2WRCG5TEW7U4N1,7.74
Billy,Hanson,EJ51618,3765352,JALVIK VENTURES,12,NA,ATLAS,MAINTENANCE,NO_TS_NA,92.26
Megan,Jones,OH07026,4929598,GOLZEN DYNAMICS,12,CONT OCEANIA,VERTEX,REGIE,2YRH8GUTU9R41T0,7.74
Megan,Jones,OH07026,4929598,GOLZEN DYNAMICS,12,LATAM,VERTEX,REGIE,NO_TS_LATAM,92.26
Jacqueline,Marshall,GH86793,8286189,INOVA VENTURES,12,EMEA EUROPE,NEXUS,RPS,P2D3K9IWQBA7L93,9.52
Andrea,Perez,PO66070,1975626,GOLZEN SOLUTIONS,12,NA EUROPE,QUANTUM,SUPPORT,MQ7GKC6VCPD1PJI,8.04
Andrea,Perez,PO66070,1975626,GOLZEN SOLUTIONS,12,NA,QUANTUM,SUPPORT,NO_TS_NA,91.96
James,Carroll,OW81654,4647417,HYRION GLOBAL,12,MEA AFRICA,ATLAS,FORFAIT,EBV5RUSFPG8U67F,11.9
James,Carroll,OW81654,4647417,HYRION GLOBAL,12,APAC,ATLAS,FORFAIT,NO_TS_APAC,88.1
Derek,Baldwin,CV39373,4357120,HYRION GLOBAL,12,NA AMERICA,PHOENIX,RPS,3LTEVIGX346JO0J,10.57
Derek,Baldwin,CV39373,4357120,HYRION GLOBAL,12,EMEA,PHOENIX,RPS,NO_TS_EMEA,89.43
Rachel,Bates,LN54921,6884797,FORVEX CONSULTING,12,LATAM AMERICA,PULSE,MAINTENANCE,7KV67RI1BYVF36B,14.29
Michael,Nixon,RM43852,5931633,DELVO GROUP,12,NA AMERICA,STELLAR,MAINTENANCE,KX3G06RBIMV8Q8I,10.16
Michael,Nixon,RM43852,5931633,DELVO GROUP,12,LATAM,STELLAR,MAINTENANCE,NO_TS_LATAM,89.84
Terry,Robinson,JD54992,7976272,CENVEO VENTURES,12,EMEA ASIA,QUANTUM,RPS,9JX48NUVZFNODIY,11.9
Terry,Robinson,JD54992,7976272,CENVEO VENTURES,12,EMEA,QUANTUM,RPS,NO_TS_EMEA,88.1
Molly,Ferguson,MS07023,5169130,CENVEO DYNAMICS,12,CONT MENA,VERTEX,FORFAIT,2OX9L2O1VGL1MMW,11.9
Molly,Ferguson,MS07023,5169130,CENVEO DYNAMICS,12,APAC,VERTEX,FORFAIT,NO_TS_APAC,88.1
Lisa,Stone,SQ20690,2754417,FORVEX VENTURES,12,LATAM AMERICA,QUANTUM,FORFAIT,3KJK2HRJYG4KWKH,9.52
Lisa,Stone,SQ20690,2754417,FORVEX VENTURES,12,EMEA,QUANTUM,FORFAIT,NO_TS_EMEA,90.48
William,Jones,YG10808,7061281,INOVA CONSULTING,12,LATAM ASIA,PHOENIX,REGIE,0LTDPGM75CMY6M1,11.9
William,Jones,YG10808,7061281,INOVA CONSULTING,12,APAC,PHOENIX,REGIE,NO_TS_APAC,88.1
Brandy,Estrada,LW29541,4313947,HYRION GROUP,12,MEA AMERICA,NEXUS,SUPPORT,6XTZ42JSTGRORGD,9.52
Chris,Ellis,US72013,4738319,JALVIK VENTURES,12,LATAM AFRICA,STELLAR,RPS,27IKN2JLOWCDUEX,10.12
Chris,Ellis,US72013,4738319,JALVIK VENTURES,12,NA,STELLAR,RPS,NO_TS_NA,89.88
Jeffrey,Powell,OX28854,7571152,GOLZEN SOLUTIONS,12,MEA MENA,ATLAS,REGIE,5F6J8NXJN03SFAK,7.74
Jeffrey,Powell,OX28854,7571152,GOLZEN SOLUTIONS,12,MEA,ATLAS,REGIE,NO_TS_MEA,92.26
Christopher,Hutchinson,QN48666,2949975,HYRION CONSULTING,12,EMEA OCEANIA,PULSE,RPS,3TWHDYFLJL32JOP,9.52
William,Johnson,LR29620,5987464,CENVEO GLOBAL,12,CONT EUROPE,QUANTUM,RPS,GO61ZO4575J3XNV,11.9
William,Johnson,LR29620,5987464,CENVEO GLOBAL,12,EMEA,QUANTUM,RPS,NO_TS_EMEA,88.1
Robert,Fox,QO06220,4336869,KESTRA VENTURES,12,EMEA AFRICA,ATLAS,FORFAIT,5JVWI6JDPS4SX4D,11.01
Tiffany,Kidd,KY87249,2751490,CENVEO GLOBAL,12,APAC OCEANIA,NEXUS,SUPPORT,AQS4Q08G46PU19R,11.9
Tiffany,Kidd,KY87249,2751490,CENVEO GLOBAL,12,APAC,NEXUS,SUPPORT,NO_TS_APAC,88.1
John,Cunningham,YK87055,5452740,GOLZEN SOLUTIONS,12,LATAM EUROPE,PHOENIX,FORFAIT,GA9J4CC69PDZHRJ,7.74
John,Gilbert,RI75773,9108722,GOLZEN VENTURES,12,APAC AMERICA,ATLAS,RPS,PBSUIXGONW5P6JC,11.9
John,Gilbert,RI75773,9108722,GOLZEN VENTURES,12,MEA,ATLAS,RPS,NO_TS_MEA,88.1
Lisa,Ray,WS08397,4910023,KESTRA DYNAMICS,12,EMEA ASIA,PHOENIX,SUPPORT,IM5C3TYSUVUYCXT,11.9
Alexander,Thompson,BQ58716,8293176,ETHOS GLOBAL,12,APAC AFRICA,VERTEX,SUPPORT,3MLGFIVQUVTVQSH,9.52
Alexander,Thompson,BQ58716,8293176,ETHOS GLOBAL,12,APAC,VERTEX,SUPPORT,NO_TS_APAC,90.48
Paul,Davis,VD17260,2215966,FORVEX SOLUTIONS,12,MEA AFRICA,QUANTUM,FORFAIT,IIGPU6SBMA3HPFE,11.9
Paul,Davis,VD17260,2215966,FORVEX SOLUTIONS,12,APAC,QUANTUM,FORFAIT,NO_TS_APAC,88.1
Maria,Martin,KU36807,4719907,JALVIK SOLUTIONS,12,MEA OCEANIA,NEXUS,FORFAIT,O6I35E4G6HQC8TW,14.29
Maria,Martin,KU36807,4719907,JALVIK SOLUTIONS,12,MEA,NEXUS,FORFAIT,NO_TS_MEA,85.71
Alisha,Robertson,IW52455,7842769,INOVA GLOBAL,12,APAC ASIA,NEXUS,MAINTENANCE,3H7RR591IL8PE5L,11.9
Alisha,Robertson,IW52455,7842769,INOVA GLOBAL,12,APAC,NEXUS,MAINTENANCE,NO_TS_APAC,88.1
Jon,Mcmahon,ZD63789,3242812,CENVEO SOLUTIONS,12,APAC AMERICA,STELLAR,MAINTENANCE,JVPA6LUHGCZJ4AO,12.2
Travis,Rodriguez,PQ91516,8963356,BRYTON SYSTEMS,12,APAC EUROPE,VERTEX,REGIE,M1NFG8RPP4EKQHT,9.52
Christopher,Martinez,MV72838,8905666,KESTRA VENTURES,12,NA AMERICA,ORBIT,MAINTENANCE,9440ZZU2JD6C4GP,9.52
Christopher,Martinez,MV72838,8905666,KESTRA VENTURES,12,APAC,ORBIT,MAINTENANCE,NO_TS_APAC,90.48
Stacy,Davis,MC53311,3867349,LUMEX GROUP,12,CONT MENA,QUANTUM,MAINTENANCE,B94R0H99H28Q8DC,9.82
Kenneth,Watson,IQ17023,2200427,GOLZEN GROUP,12,APAC OCEANIA,VERTEX,SUPPORT,EV0J370G8I6WRYC,9.52
Kenneth,Watson,IQ17023,2200427,GOLZEN GROUP,12,MEA,VERTEX,SUPPORT,NO_TS_MEA,90.48
Jennifer,Burnett,TK32305,4793212,ETHOS SOLUTIONS,12,CONT OCEANIA,ORBIT,MAINTENANCE,AZYKWQRGUKN996G,10.71
Abigail,Morrison,NY39098,3911006,JALVIK VENTURES,12,APAC MENA,VERTEX,RPS,EH6WPDG8CCATKBS,10.42
James,Johnson,PO14864,2667033,GOLZEN SOLUTIONS,12,MEA AFRICA,PULSE,MAINTENANCE,MY3GB76E7DUPJLM,9.52
Lauren,Wilson,WL84100,4176389,ALCOR DIGITAL,12,MEA EUROPE,NEXUS,MAINTENANCE,5QBO8NQ4Y6AYWHO,10.42
Kelly,Holden,KS73318,2286836,DELVO SOLUTIONS,12,APAC EUROPE,ATLAS,FORFAIT,S7IC84X8JMYSKRB,9.23
Kelly,Holden,KS73318,2286836,DELVO SOLUTIONS,12,MEA,ATLAS,FORFAIT,NO_TS_MEA,90.77
Nathan,Jackson,RY61175,4055942,HYRION DIGITAL,12,APAC ASIA,NEXUS,MAINTENANCE,ZRKZXURMKVGEQ7C,6.1
Nathan,Jackson,RY61175,4055942,HYRION DIGITAL,12,NA,NEXUS,MAINTENANCE,NO_TS_NA,93.9
Linda,Hooper,SN44370,5320518,ALCOR CONSULTING,12,NA OCEANIA,PULSE,REGIE,WNU2AIZI6NG6PWB,5.65
Rebecca,Barnett,RY20668,6302626,DELVO DIGITAL,12,NA EUROPE,PHOENIX,FORFAIT,VY399JU18OU9OW6,7.29
Thomas,Ross,GD26577,9293034,INOVA TECH,12,APAC MENA,QUANTUM,FORFAIT,UDL5NMZ02NRBXZP,9.52
Thomas,Ross,GD26577,9293034,INOVA TECH,12,MEA,QUANTUM,FORFAIT,NO_TS_MEA,90.48
Kelly,Montoya,BM87570,9410761,ETHOS GROUP,12,MEA ASIA,VERTEX,REGIE,GPNH895LOWXWVXH,6.55
Kelly,Montoya,BM87570,9410761,ETHOS GROUP,12,CONT,VERTEX,REGIE,NO_TS_CONT,93.45
Kevin,Davis,WW88186,4059155,INOVA GROUP,12,CONT AMERICA,STELLAR,REGIE,7JR9WH4I4KBGSCN,9.67
Kevin,Davis,WW88186,4059155,INOVA GROUP,12,MEA,STELLAR,REGIE,NO_TS_MEA,90.33
Gloria,Johns,ZT57948,2802576,ETHOS DYNAMICS,12,NA EUROPE,STELLAR,FORFAIT,K3M3IBWK5ZBE7D0,10.42
Janice,Smith,JR42516,7299487,CENVEO DYNAMICS,12,EMEA EUROPE,PULSE,FORFAIT,6IZ1679E7KLZUNP,9.52
Alexander,Cook,KG42271,2714839,ALCOR TECH,12,LATAM EUROPE,PHOENIX,MAINTENANCE,B4RJH1912ITL4WK,11.9
Alexander,Cook,KG42271,2714839,ALCOR TECH,12,LATAM,PHOENIX,MAINTENANCE,NO_TS_LATAM,88.1
Brandon,Washington,JV17291,7855988,INOVA CONSULTING,12,MEA OCEANIA,PULSE,SUPPORT,94O6C8O20NM0814,11.9
Brandon,Washington,JV17291,7855988,INOVA CONSULTING,12,EMEA,PULSE,SUPPORT,NO_TS_EMEA,88.1
Todd,Livingston,IC74066,9973814,ETHOS GROUP,12,NA EUROPE,NEXUS,SUPPORT,AZOEYFHB0TGM0YE,11.31
Todd,Livingston,IC74066,9973814,ETHOS GROUP,12,MEA,NEXUS,SUPPORT,NO_TS_MEA,88.69
Jimmy,Tanner,HM34467,8582815,LUMEX SYSTEMS,12,EMEA AFRICA,PHOENIX,REGIE,NZYMZC3T32V2HOS,9.52
Katelyn,Wells,HJ16738,7771900,INOVA CONSULTING,12,LATAM OCEANIA,PHOENIX,SUPPORT,DD7BO5OA043X3MZ,11.9
Katelyn,Wells,HJ16738,7771900,INOVA CONSULTING,12,CONT,PHOENIX,SUPPORT,NO_TS_CONT,88.1
Michael,Taylor,WF90696,6108174,GOLZEN DIGITAL,12,CONT OCEANIA,PHOENIX,RPS,9Z8FMFNNFC7L83M,8.33
Michael,Taylor,WF90696,6108174,GOLZEN DIGITAL,12,MEA,PHOENIX,RPS,NO_TS_MEA,91.67
Jeffery,Williams,UR42358,8839666,LUMEX VENTURES,12,NA EUROPE,QUANTUM,RPS,DW1XVN7JE4RBO1B,7.74
Gilbert,Rice,KE50294,5135525,FORVEX GROUP,12,EMEA OCEANIA,ATLAS,SUPPORT,S10LIJO6N4HH01J,7.74
Gilbert,Rice,KE50294,5135525,FORVEX GROUP,12,NA,ATLAS,SUPPORT,NO_TS_NA,92.26
John,Small,LD00390,4263119,GOLZEN TECH,12,CONT EUROPE,VERTEX,RPS,UN57KXLUYQ07GYR,10.71
Jenny,Perkins,TU89096,6176931,LUMEX DYNAMICS,12,CONT MENA,ATLAS,RPS,9QTJZP54D4SADT9,16.67
Jenny,Perkins,TU89096,6176931,LUMEX DYNAMICS,12,EMEA,ATLAS,RPS,NO_TS_EMEA,83.33
Andrea,Hampton,JO84925,8565563,HYRION DIGITAL,12,MEA AMERICA,NOVA,MAINTENANCE,7N4GL8046CLQEF0,12.5
Andrea,Hampton,JO84925,8565563,HYRION DIGITAL,12,CONT,NOVA,MAINTENANCE,NO_TS_CONT,87.5
Vincent,Davis,EX99135,6252645,CENVEO DYNAMICS,12,APAC MENA,PULSE,FORFAIT,T1GEUQ4O5CYLO4B,10.12
Vincent,Davis,EX99135,6252645,CENVEO DYNAMICS,12,EMEA,PULSE,FORFAIT,NO_TS_EMEA,89.88
Mario,Simmons,AE26947,9737632,ETHOS GROUP,12,LATAM OCEANIA,VERTEX,SUPPORT,DJIKQ1TWJJPHN79,11.9
Melanie,Page,XY54704,3013400,DELVO DIGITAL,12,NA AMERICA,NOVA,MAINTENANCE,PUZBE8TO3M14GJB,9.52
Melissa,Williams,UH22901,5256660,DELVO DYNAMICS,12,NA MENA,PULSE,MAINTENANCE,C2D7J0GMZ24IP5D,7.59
Melissa,Williams,UH22901,5256660,DELVO DYNAMICS,12,EMEA,PULSE,MAINTENANCE,NO_TS_EMEA,92.41
Jacqueline,Chen,FU09683,1214627,DELVO SOLUTIONS,12,LATAM OCEANIA,NEXUS,FORFAIT,6GNCDJX4FDVY4QT,14.29
Jacqueline,Chen,FU09683,1214627,DELVO SOLUTIONS,12,EMEA,NEXUS,FORFAIT,NO_TS_EMEA,85.71
Margaret,Wright,VC54873,6737091,KESTRA SYSTEMS,12,EMEA EUROPE,QUANTUM,REGIE,3IDFLHRGNHZHYJK,11.9
Joanna,Rogers,GE59748,6068722,ALCOR DYNAMICS,12,LATAM MENA,QUANTUM,RPS,FB3FUTZTK0Q3UMP,11.9
Joanna,Rogers,GE59748,6068722,ALCOR DYNAMICS,12,NA,QUANTUM,RPS,NO_TS_NA,88.1
Dylan,Sullivan,DM38690,3256782,BRYTON GROUP,12,LATAM AFRICA,PULSE,FORFAIT,IPZYFHR32U952UZ,9.52
Dylan,Sullivan,DM38690,3256782,BRYTON GROUP,12,CONT,PULSE,FORFAIT,NO_TS_CONT,90.48
Denise,Weaver,AS74191,7262464,HYRION SOLUTIONS,12,EMEA MENA,QUANTUM,FORFAIT,WCH70H75BEEJ1XU,10.71
Denise,Weaver,AS74191,7262464,HYRION SOLUTIONS,12,APAC,QUANTUM,FORFAIT,NO_TS_APAC,89.29
Elizabeth,Garrison,UU58214,2155475,CENVEO VENTURES,12,CONT AMERICA,PULSE,MAINTENANCE,YHZF3EDLEIZHX2B,8.33
Amanda,Robertson,JF82632,5922738,BRYTON CONSULTING,12,APAC EUROPE,STELLAR,SUPPORT,KEWG5WDTFDCM9RO,8.63
Amanda,Robertson,JF82632,5922738,BRYTON CONSULTING,12,NA,STELLAR,SUPPORT,NO_TS_NA,91.37
Renee,Davis,EC84509,6507433,CENVEO TECH,12,NA EUROPE,PHOENIX,RPS,BCMSJ4Q1TCH4OEU,8.33
Renee,Davis,EC84509,6507433,CENVEO TECH,12,CONT,PHOENIX,RPS,NO_TS_CONT,91.67
Nathaniel,Henderson,TO65751,2711264,FORVEX SYSTEMS,12,LATAM AMERICA,STELLAR,RPS,JUQJIULO8YTWMH1,10.42
Nathaniel,Henderson,TO65751,2711264,FORVEX SYSTEMS,12,LATAM,STELLAR,RPS,NO_TS_LATAM,89.58
Cheryl,Hester,VN84737,9418995,HYRION GLOBAL,12,CONT AFRICA,PHOENIX,FORFAIT,POPLYZY8FESGBE3,8.78
Tami,Blanchard,GE10468,7049057,ALCOR DIGITAL,12,CONT MENA,ORBIT,SUPPORT,8RROJDHL46QGKWG,10.71
Tami,Blanchard,GE10468,7049057,ALCOR DIGITAL,12,EMEA,ORBIT,SUPPORT,NO_TS_EMEA,89.29
Lisa,Dean,UN56065,4593924,ETHOS SOLUTIONS,12,NA MENA,VERTEX,REGIE,5GAENKDL1IW5HVO,10.12
Sabrina,Logan,XJ87844,3002179,CENVEO TECH,12,EMEA OCEANIA,ATLAS,SUPPORT,FLIWI06ZJFTS0K4,9.52
Sabrina,Logan,XJ87844,3002179,CENVEO TECH,12,LATAM,ATLAS,SUPPORT,NO_TS_LATAM,90.48
Logan,Owen,KS19382,7347273,ETHOS TECH,12,MEA MENA,PULSE,FORFAIT,5KXK7YZ7MHXMBSB,11.9
Logan,Owen,KS19382,7347273,ETHOS TECH,12,MEA,PULSE,FORFAIT,NO_TS_MEA,88.1
Greg,Goodman,FA50105,6689536,GOLZEN DYNAMICS,12,NA OCEANIA,STELLAR,FORFAIT,A2BADW3HBFUPR10,7.29
Greg,Goodman,FA50105,6689536,GOLZEN DYNAMICS,12,MEA,STELLAR,FORFAIT,NO_TS_MEA,92.71
Virginia,Stuart,QQ49471,8424902,LUMEX GROUP,12,CONT OCEANIA,QUANTUM,REGIE,5EDR99EHRJZGF56,11.9
Steven,Parker,RT01528,7946066,INOVA SYSTEMS,12,APAC AFRICA,ATLAS,REGIE,P32WZCHE4D2VPX4,10.71
Steven,Parker,RT01528,7946066,INOVA SYSTEMS,12,APAC,ATLAS,REGIE,NO_TS_APAC,89.29
Kathryn,Perry,FM45030,5434655,HYRION VENTURES,12,APAC AFRICA,NOVA,RPS,9C4TKCCI805MR44,8.78
Sherry,Ray,IW11920,1524537,GOLZEN SOLUTIONS,12,EMEA AFRICA,ATLAS,MAINTENANCE,OF7NWFQZ2S5TXFZ,8.33
Michael,Mendoza,IO10377,8947896,CENVEO VENTURES,12,LATAM AMERICA,VERTEX,SUPPORT,FELL0U2LE5Z4Z08,7.14
Nathaniel,Wise,BL66476,8352438,LUMEX VENTURES,12,NA ASIA,QUANTUM,MAINTENANCE,JNBL8F77JQW1UQE,11.9
Rebecca,Alexander,KK13484,5881013,ETHOS CONSULTING,12,MEA ASIA,VERTEX,FORFAIT,NAVBMNZHO31E84M,7.89
Juan,Burch,IX13980,1619034,GOLZEN DYNAMICS,12,CONT AMERICA,PULSE,FORFAIT,5S82XTPFQJU8BKA,10.71
Juan,Burch,IX13980,1619034,GOLZEN DYNAMICS,12,CONT,PULSE,FORFAIT,NO_TS_CONT,89.29
Jeremy,Wall,AR81904,9394803,LUMEX DIGITAL,12,NA AFRICA,QUANTUM,SUPPORT,6FP74A9PNMHL3AH,9.67
Olivia,Moore,GU64259,5849023,KESTRA VENTURES,12,LATAM OCEANIA,STELLAR,MAINTENANCE,XCHKOYCN8A2AAZF,9.82
Olivia,Moore,GU64259,5849023,KESTRA VENTURES,12,APAC,STELLAR,MAINTENANCE,NO_TS_APAC,90.18
Rodney,Miranda,CA61312,5313128,FORVEX VENTURES,12,CONT ASIA,NOVA,RPS,CBECL332UIWPH0N,11.9
Rodney,Miranda,CA61312,5313128,FORVEX VENTURES,12,LATAM,NOVA,RPS,NO_TS_LATAM,88.1
David,Anderson,TY18482,1143501,INOVA GROUP,12,CONT ASIA,ATLAS,RPS,9Q1H0F0VFKKP9NJ,7.14
David,Anderson,TY18482,1143501,INOVA GROUP,12,LATAM,ATLAS,RPS,NO_TS_LATAM,92.86
Tamara,Ross,ZF53100,5016636,INOVA CONSULTING,12,EMEA AFRICA,VERTEX,REGIE,Z0SSPD3CERVQOZ6,7.44
Tamara,Ross,ZF53100,5016636,INOVA CONSULTING,12,EMEA,VERTEX,REGIE,NO_TS_EMEA,92.56
Victoria,Edwards,TE90092,1772847,ETHOS TECH,12,EMEA AMERICA,NEXUS,FORFAIT,DHALZ17EZGR4MA2,9.52
Shelia,Stanley,TD33296,3975225,GOLZEN CONSULTING,12,NA AMERICA,STELLAR,FORFAIT,70QS2GZZLMBMZCB,5.95
Geoffrey,Rice,DJ02446,7930062,CENVEO DYNAMICS,12,NA AFRICA,NEXUS,SUPPORT,FOBYEYYEG4NU84W,12.35
Geoffrey,Rice,DJ02446,7930062,CENVEO DYNAMICS,12,MEA,NEXUS,SUPPORT,NO_TS_MEA,87.65
Jodi,Hart,XQ73684,5132344,ALCOR GROUP,12,NA EUROPE,PHOENIX,FORFAIT,4FY5JP0A08NXZM3,9.82
Brandon,Green,JG77538,2230656,KESTRA TECH,12,APAC EUROPE,ORBIT,FORFAIT,VYBG59D2OQF9RTX,6.25
Brandon,Green,JG77538,2230656,KESTRA TECH,12,NA,ORBIT,FORFAIT,NO_TS_NA,93.75
Eric,Perez,ZQ17522,4970803,GOLZEN GROUP,12,LATAM AFRICA,QUANTUM,FORFAIT,V4KOBS8UJLVBROM,9.08
Eric,Perez,ZQ17522,4970803,GOLZEN GROUP,12,APAC,QUANTUM,FORFAIT,NO_TS_APAC,90.92
Jonathan,Dominguez,UU46253,3213440,INOVA SOLUTIONS,12,NA MENA,ORBIT,FORFAIT,F5AAP66NX6SI4S1,10.71
Jonathan,Dominguez,UU46253,3213440,INOVA SOLUTIONS,12,APAC,ORBIT,FORFAIT,NO_TS_APAC,89.29
Robert,Miles,SU05632,2412418,BRYTON TECH,12,APAC AMERICA,ATLAS,SUPPORT,1BBK6M5LV4KEUCE,11.9
Timothy,Clayton,FS90675,2787258,BRYTON GROUP,12,CONT AMERICA,QUANTUM,REGIE,VBHV2GLFH24ON0S,10.71
Andrew,Brown,QR08285,1760839,CENVEO SOLUTIONS,12,LATAM AMERICA,NOVA,MAINTENANCE,7R4MZRI4TQ18XCY,14.29
Andrew,Brown,QR08285,1760839,CENVEO SOLUTIONS,12,MEA,NOVA,MAINTENANCE,NO_TS_MEA,85.71
Natasha,Frye,SO09879,5046096,BRYTON VENTURES,12,LATAM EUROPE,ORBIT,FORFAIT,JFIEBVB9N00DRME,8.93
Natasha,Frye,SO09879,5046096,BRYTON VENTURES,12,NA,ORBIT,FORFAIT,NO_TS_NA,91.07
Joshua,Ward,BJ62834,3528954,GOLZEN SOLUTIONS,12,MEA ASIA,PULSE,SUPPORT,1C0F15GY3DGUSQ8,11.9
Tracy,Martin,LC36952,9727079,GOLZEN CONSULTING,12,NA MENA,ORBIT,RPS,DB7BL65P8KZMC96,11.9
Tracy,Martin,LC36952,9727079,GOLZEN CONSULTING,12,LATAM,ORBIT,RPS,NO_TS_LATAM,88.1
Christopher,Cole,WX23076,1370785,HYRION DYNAMICS,12,APAC OCEANIA,QUANTUM,MAINTENANCE,CMW4CE19CWQ5L5F,10.42
Kyle,Jackson,PK50855,8867724,KESTRA CONSULTING,12,MEA MENA,STELLAR,REGIE,BIDJ6IP1R9BDGHX,12.5
Kyle,Jackson,PK50855,8867724,KESTRA CONSULTING,12,NA,STELLAR,REGIE,NO_TS_NA,87.5
Terri,Jacobs,YH52442,4125325,INOVA DYNAMICS,12,MEA AMERICA,PULSE,MAINTENANCE,Z2FZYWELK3ZQPGZ,9.82
Terri,Jacobs,YH52442,4125325,INOVA DYNAMICS,12,LATAM,PULSE,MAINTENANCE,NO_TS_LATAM,90.18
Adam,Thompson,UO30544,8044233,DELVO TECH,12,APAC ASIA,PULSE,FORFAIT,RGNUR4TXJJYG9T7,9.52
Adam,Thompson,UO30544,8044233,DELVO TECH,12,LATAM,PULSE,FORFAIT,NO_TS_LATAM,90.48
Michael,Curtis,VN45169,8562640,ETHOS VENTURES,12,MEA EUROPE,PULSE,SUPPORT,YITLN8D3AVJXJTH,9.67
Michael,Curtis,VN45169,8562640,ETHOS VENTURES,12,CONT,PULSE,SUPPORT,NO_TS_CONT,90.33
Shane,Olson,OO56408,2034019,JALVIK GROUP,12,CONT ASIA,STELLAR,RPS,UXK9WX64XFKNPG4,7.44
Shane,Olson,OO56408,2034019,JALVIK GROUP,12,NA,STELLAR,RPS,NO_TS_NA,92.56
Crystal,Steele,ZI57860,3932670,ETHOS DYNAMICS,12,NA ASIA,PHOENIX,SUPPORT,ETKCHSG0GYC4D9N,7.29
Michael,Anderson,AR55616,1217171,HYRION TECH,12,CONT EUROPE,QUANTUM,REGIE,19E03KLZL1LJVQU,9.52
Michael,Anderson,AR55616,1217171,HYRION TECH,12,APAC,QUANTUM,REGIE,NO_TS_APAC,90.48
David,Higgins,JZ38283,9395462,CENVEO VENTURES,12,LATAM AFRICA,ORBIT,RPS,SHJA88GUL9LWAP3,9.52
Stephen,Johnson,CB75387,4501674,ETHOS SYSTEMS,12,CONT ASIA,ATLAS,SUPPORT,NF2EYN80DCJJH1B,9.52
Kimberly,Davis,VR00873,6263502,GOLZEN CONSULTING,12,CONT ASIA,PHOENIX,REGIE,WUHW5VSC6C2M63C,11.61
Kimberly,Davis,VR00873,6263502,GOLZEN CONSULTING,12,EMEA,PHOENIX,REGIE,NO_TS_EMEA,88.39
Hannah,Salazar,HZ88403,7707540,BRYTON DIGITAL,12,APAC MENA,STELLAR,RPS,LLNQITR3OG5ASG6,9.23
Tammy,Smith,DL90226,7193178,ETHOS DYNAMICS,12,CONT EUROPE,QUANTUM,REGIE,0OOOO241MDUHHGD,14.29
Tammy,Smith,DL90226,7193178,ETHOS DYNAMICS,12,APAC,QUANTUM,REGIE,NO_TS_APAC,85.71
Robin,Wells,EB58808,4249900,FORVEX GLOBAL,12,NA AMERICA,VERTEX,RPS,MYSM327DQ3MOK6D,7.89
David,Taylor,YP77587,6370415,CENVEO DIGITAL,12,APAC AFRICA,PULSE,REGIE,TMC8UU4209TMRPG,9.67
Danielle,Chen,UA76334,7299397,CENVEO GLOBAL,12,EMEA ASIA,STELLAR,RPS,6JPF49GWWOPKUWR,6.25
Danielle,Chen,UA76334,7299397,CENVEO GLOBAL,12,LATAM,STELLAR,RPS,NO_TS_LATAM,93.75
Jeffrey,Ward,LN42993,5659571,HYRION SOLUTIONS,12,MEA MENA,ATLAS,MAINTENANCE,2QPNTBPHI7VY61U,16.96
Jeffrey,Ward,LN42993,5659571,HYRION SOLUTIONS,12,LATAM,ATLAS,MAINTENANCE,NO_TS_LATAM,83.04
Jonathan,Lewis,SA52287,2222884,JALVIK SOLUTIONS,12,LATAM ASIA,QUANTUM,REGIE,4IXMJD6GASM78VX,13.39
Jonathan,Lewis,SA52287,2222884,JALVIK SOLUTIONS,12,APAC,QUANTUM,REGIE,NO_TS_APAC,86.61
Linda,Hamilton,CH51523,7306040,GOLZEN VENTURES,12,LATAM MENA,NOVA,FORFAIT,8SJV6CP9ZI1WXQQ,12.5
Linda,Hamilton,CH51523,7306040,GOLZEN VENTURES,12,CONT,NOVA,FORFAIT,NO_TS_CONT,87.5
Crystal,Pruitt,JP58062,3196861,ALCOR TECH,12,LATAM EUROPE,VERTEX,RPS,7WGX62PLQTZCLTG,10.71
Crystal,Pruitt,JP58062,3196861,ALCOR TECH,12,EMEA,VERTEX,RPS,NO_TS_EMEA,89.29
Samantha,Bolton,VU55395,2633591,ALCOR DYNAMICS,12,APAC EUROPE,STELLAR,SUPPORT,XVMTF799IG318OS,11.9
Samantha,Bolton,VU55395,2633591,ALCOR DYNAMICS,12,CONT,STELLAR,SUPPORT,NO_TS_CONT,88.1
Michael,Smith,HI21971,3283832,HYRION DYNAMICS,12,EMEA AMERICA,QUANTUM,RPS,IMNAODYJNFEEIPO,10.71
Michael,Smith,HI21971,3283832,HYRION DYNAMICS,12,APAC,QUANTUM,RPS,NO_TS_APAC,89.29
Nathan,Cervantes,QN31804,4810701,LUMEX GLOBAL,12,LATAM OCEANIA,NOVA,MAINTENANCE,WA5JF7OASE3IVN2,4.81
Nathan,Cervantes,QN31804,4810701,LUMEX GLOBAL,12,NA,NOVA,MAINTENANCE,NO_TS_NA,95.19
Brian,Smith,HD13092,8789445,ETHOS VENTURES,12,LATAM MENA,ATLAS,SUPPORT,I2T1YOICWVEK0UZ,8.93
Brian,Smith,HD13092,8789445,ETHOS VENTURES,12,NA,ATLAS,SUPPORT,NO_TS_NA,91.07
Samantha,Kelly,IC26386,9017910,LUMEX SOLUTIONS,12,LATAM EUROPE,PHOENIX,RPS,HRYFHNCV3KCXXB3,11.9
Kirsten,Howard,SL10493,2403859,LUMEX SYSTEMS,12,NA ASIA,PHOENIX,REGIE,4DBO4A0XFSER9CF,10.42
Kirsten,Howard,SL10493,2403859,LUMEX SYSTEMS,12,EMEA,PHOENIX,REGIE,NO_TS_EMEA,89.58
Danielle,Blackwell,SC63484,6923846,CENVEO VENTURES,12,LATAM AMERICA,PHOENIX,MAINTENANCE,NPPZK2Z9C5S10AX,7.74
Danielle,Blackwell,SC63484,6923846,CENVEO VENTURES,12,APAC,PHOENIX,MAINTENANCE,NO_TS_APAC,92.26
Kristy,Perry,YB20222,6480665,CENVEO TECH,12,LATAM ASIA,PHOENIX,SUPPORT,MH5ZCJX0N0MZQ18,7.59
Kristy,Perry,YB20222,6480665,CENVEO TECH,12,APAC,PHOENIX,SUPPORT,NO_TS_APAC,92.41
Stacey,Conrad,WZ54616,7121022,FORVEX TECH,12,EMEA ASIA,ORBIT,MAINTENANCE,LJ7GSMRBCTQ8VKU,9.52
Stacey,Conrad,WZ54616,7121022,FORVEX TECH,12,LATAM,ORBIT,MAINTENANCE,NO_TS_LATAM,90.48
Kyle,Wright,SC88786,2858014,INOVA GLOBAL,12,APAC EUROPE,PHOENIX,MAINTENANCE,H3AQ5AI5COWJZ55,11.9
Lisa,Bean,HD40639,3429555,HYRION SYSTEMS,12,EMEA AMERICA,VERTEX,REGIE,6T5SMHEOEFHJFUN,12.65
Lisa,Bean,HD40639,3429555,HYRION SYSTEMS,12,EMEA,VERTEX,REGIE,NO_TS_EMEA,87.35
Donald,Walker,NO82953,6511916,DELVO GROUP,12,MEA AMERICA,STELLAR,MAINTENANCE,KE09FX4LH1C70RE,5.95
Dawn,Rojas,EX14189,5814744,LUMEX SOLUTIONS,12,CONT AFRICA,QUANTUM,MAINTENANCE,P57DHDA6T1HULVP,5.36
Dawn,Rojas,EX14189,5814744,LUMEX SOLUTIONS,12,NA,QUANTUM,MAINTENANCE,NO_TS_NA,94.64
Sarah,Alvarez,HO71490,3856558,DELVO SOLUTIONS,12,NA AFRICA,PHOENIX,SUPPORT,ZAHMQU4KAI58P8B,11.9
Sarah,Alvarez,HO71490,3856558,DELVO SOLUTIONS,12,MEA,PHOENIX,SUPPORT,NO_TS_MEA,88.1
Bonnie,Mitchell,MM08586,1714701,ETHOS VENTURES,12,EMEA AFRICA,PHOENIX,MAINTENANCE,6K2V6Z9QNKNO9VZ,11.9
Donald,Mitchell,IX23243,9657887,ETHOS DYNAMICS,12,EMEA MENA,VERTEX,RPS,Q94AF3ZSOQR00D6,11.9
Donald,Mitchell,IX23243,9657887,ETHOS DYNAMICS,12,EMEA,VERTEX,RPS,NO_TS_EMEA,88.1
Dwayne,Dixon,TP30415,3847348,DELVO GROUP,12,CONT MENA,NEXUS,MAINTENANCE,DG7S27QR0L75RCE,9.52
Dwayne,Dixon,TP30415,3847348,DELVO GROUP,12,MEA,NEXUS,MAINTENANCE,NO_TS_MEA,90.48
Heather,Flores,QI01293,9633689,ETHOS DYNAMICS,12,MEA MENA,ATLAS,SUPPORT,8O2AEIK3FUBHGOU,10.71
Jonathan,Cox,VP50674,1080420,HYRION TECH,12,CONT AMERICA,PULSE,RPS,W3PFMOD3M7JGN1I,6.55
James,Nelson,XU86566,8568234,CENVEO VENTURES,12,CONT EUROPE,NEXUS,RPS,VWEKT7LGXYVSGFS,11.9
James,Nelson,XU86566,8568234,CENVEO VENTURES,12,CONT,NEXUS,RPS,NO_TS_CONT,88.1
Christine,Martin,RX10108,6796681,ETHOS GLOBAL,12,CONT ASIA,STELLAR,SUPPORT,TWW1OFMLHZJQFWP,9.52
Christine,Martin,RX10108,6796681,ETHOS GLOBAL,12,EMEA,STELLAR,SUPPORT,NO_TS_EMEA,90.48
Troy,Bowers,VN60829,8108446,LUMEX DYNAMICS,12,EMEA OCEANIA,NEXUS,RPS,Z57JLUAGQLP2XTC,14.29
James,Richard,RC01687,7439549,FORVEX DIGITAL,12,EMEA EUROPE,PHOENIX,SUPPORT,U3N6Q0GZMF0KT7J,7.29
James,Richard,RC01687,7439549,FORVEX DIGITAL,12,NA,PHOENIX,SUPPORT,NO_TS_NA,92.71
Jessica,Bailey,CZ96554,5754659,BRYTON VENTURES,12,CONT AMERICA,PULSE,MAINTENANCE,A8X2J09Y3DOZPUE,6.25
Jessica,Bailey,CZ96554,5754659,BRYTON VENTURES,12,NA,PULSE,MAINTENANCE,NO_TS_NA,93.75
Steven,Blanchard,WC06915,3360983,ETHOS CONSULTING,12,APAC OCEANIA,ATLAS,FORFAIT,1KX4QPX03UPK9C7,12.5
Steven,Blanchard,WC06915,3360983,ETHOS CONSULTING,12,CONT,ATLAS,FORFAIT,NO_TS_CONT,87.5
Deanna,Dean,MD95041,9975528,BRYTON CONSULTING,12,EMEA EUROPE,PULSE,SUPPORT,9ZL5VZJQ4S74C7O,9.52
Deanna,Dean,MD95041,9975528,BRYTON CONSULTING,12,CONT,PULSE,SUPPORT,NO_TS_CONT,90.48
Alyssa,Ball,XP21288,4804914,BRYTON SOLUTIONS,12,MEA ASIA,PHOENIX,FORFAIT,DYTPU3TTGRGPD9X,10.71
Hector,Jacobson,DL77222,4787281,FORVEX GLOBAL,12,NA OCEANIA,NOVA,RPS,Y150BAOXY504IXC,8.04
Hector,Jacobson,DL77222,4787281,FORVEX GLOBAL,12,EMEA,NOVA,RPS,NO_TS_EMEA,91.96
Kimberly,Fisher,PS30680,4666283,BRYTON DYNAMICS,12,NA AMERICA,VERTEX,MAINTENANCE,MMW89WR919T3PNI,9.52
Kimberly,Fisher,PS30680,4666283,BRYTON DYNAMICS,12,CONT,VERTEX,MAINTENANCE,NO_TS_CONT,90.48
Victoria,Rodriguez,RA86123,9075381,FORVEX DIGITAL,12,APAC AFRICA,STELLAR,REGIE,VE9992U0RGO15DT,9.52
Ian,Ibarra,QZ03753,5921247,BRYTON SOLUTIONS,12,NA EUROPE,NEXUS,RPS,X2DD9IAF184ZT7B,10.71
Kathleen,Mendoza,IG40439,1030930,KESTRA CONSULTING,12,APAC AMERICA,ATLAS,REGIE,ET74KU8CUYOA8DH,11.9
Karen,Webb,FQ59441,1129099,INOVA DIGITAL,12,LATAM EUROPE,NEXUS,REGIE,JXV7JI9CM0ZBLXR,9.52
Karen,Webb,FQ59441,1129099,INOVA DIGITAL,12,CONT,NEXUS,REGIE,NO_TS_CONT,90.48
Angela,Terry,YR38806,7382594,LUMEX VENTURES,12,MEA AMERICA,NOVA,MAINTENANCE,NV9UQ7AH3CODV2P,9.52
Stephen,Parks,IN40873,1567929,LUMEX VENTURES,12,APAC ASIA,NEXUS,MAINTENANCE,K1A1B62V3H9W7KI,11.9
Kimberly,Smith,KT45534,2734206,CENVEO GROUP,12,CONT AFRICA,QUANTUM,FORFAIT,W8LXPXNCL4OZ5Z4,11.9
Kimberly,Smith,KT45534,2734206,CENVEO GROUP,12,NA,QUANTUM,FORFAIT,NO_TS_NA,88.1
Jeffrey,Riley,RA76786,8469013,GOLZEN DIGITAL,12,LATAM MENA,PHOENIX,MAINTENANCE,CVZIUAI4XIMWEPU,9.67
Jeffrey,Riley,RA76786,8469013,GOLZEN DIGITAL,12,EMEA,PHOENIX,MAINTENANCE,NO_TS_EMEA,90.33
James,Patterson,DF60535,3587236,ETHOS SYSTEMS,12,CONT MENA,PHOENIX,REGIE,KYZKY1C6WBEOUYR,7.44
Joseph,Griffin,ZW78334,4311385,INOVA GROUP,12,LATAM MENA,NEXUS,RPS,8TAAOQVECVWKY1X,9.52
Joseph,Griffin,ZW78334,4311385,INOVA GROUP,12,APAC,NEXUS,RPS,NO_TS_APAC,90.48
Chad,Flores,SI76846,1789734,DELVO GROUP,12,LATAM AFRICA,NOVA,RPS,5SO71VOOEZC3NJB,9.52
Chad,Flores,SI76846,1789734,DELVO GROUP,12,CONT,NOVA,RPS,NO_TS_CONT,90.48
Ryan,Watson,AH74150,8575094,LUMEX DIGITAL,12,LATAM,STELLAR,RPS,NO_TS_LATAM,100.0
Denise,Elliott,SO44241,1977427,ALCOR GROUP,12,APAC AMERICA,NOVA,FORFAIT,ZEH4GPX6A5D1U1P,14.29
Nathan,Berger,MD98989,9144377,ALCOR SYSTEMS,12,CONT OCEANIA,PHOENIX,REGIE,P2GOU2MDB8DDRLG,8.33
Joyce,Costa,NO78026,9710326,LUMEX SYSTEMS,12,APAC ASIA,ATLAS,MAINTENANCE,QAQ7LJDE00MMXGV,10.71
Joyce,Costa,NO78026,9710326,LUMEX SYSTEMS,12,EMEA,ATLAS,MAINTENANCE,NO_TS_EMEA,89.29
Jack,Tran,SA47763,2210155,FORVEX GROUP,12,LATAM AMERICA,ORBIT,MAINTENANCE,1PUZP23LYHURLVU,8.04
Jack,Tran,SA47763,2210155,FORVEX GROUP,12,CONT,ORBIT,MAINTENANCE,NO_TS_CONT,91.96
Tamara,Clark,JD99084,1568127,ETHOS DIGITAL,12,APAC OCEANIA,ATLAS,FORFAIT,8YYRHZLUL83QI3L,11.9
Rebecca,Martin,HX39015,7803250,ALCOR DIGITAL,12,LATAM OCEANIA,QUANTUM,SUPPORT,U3OT1EGPJQLDY9V,9.52
Rebecca,Martin,HX39015,7803250,ALCOR DIGITAL,12,APAC,QUANTUM,SUPPORT,NO_TS_APAC,90.48
Alejandra,Taylor,BE32135,1889082,LUMEX TECH,12,NA AMERICA,QUANTUM,FORFAIT,33EMKD606KSHT4E,4.69
Alejandra,Taylor,BE32135,1889082,LUMEX TECH,12,EMEA,QUANTUM,FORFAIT,NO_TS_EMEA,95.31
Nicole,Perry,GV00990,6127440,CENVEO SYSTEMS,12,APAC MENA,ORBIT,SUPPORT,LZG6LJ8XWE7K9AV,12.95
Taylor,Taylor,NA85613,1435858,GOLZEN GLOBAL,12,CONT AFRICA,PULSE,REGIE,B94BRSS9N203D9O,9.52
Taylor,Taylor,NA85613,1435858,GOLZEN GLOBAL,12,NA,PULSE,REGIE,NO_TS_NA,90.48
Jennifer,Davis,KE05148,4018909,GOLZEN GROUP,12,CONT MENA,PHOENIX,RPS,DCE1787BUJKX055,11.9
Jennifer,Davis,KE05148,4018909,GOLZEN GROUP,12,LATAM,PHOENIX,RPS,NO_TS_LATAM,88.1
Tiffany,Brown,RP91404,3988487,KESTRA GROUP,12,CONT AFRICA,ATLAS,RPS,PGIQCBCITL4LUSV,14.88
Rhonda,Dunn,MI84285,4521539,INOVA GLOBAL,12,NA AMERICA,VERTEX,FORFAIT,GO5TK8AL3P9CDA9,9.67
Rhonda,Dunn,MI84285,4521539,INOVA GLOBAL,12,NA,VERTEX,FORFAIT,NO_TS_NA,90.33
Christina,Cole,GJ78883,9512506,ETHOS DIGITAL,12,CONT OCEANIA,ORBIT,RPS,LAB5ZRW1UJOO7UT,7.44
Christina,Cole,GJ78883,9512506,ETHOS DIGITAL,12,CONT,ORBIT,RPS,NO_TS_CONT,92.56
Tracy,Spencer,MW28573,3880142,BRYTON SYSTEMS,12,CONT AFRICA,PULSE,MAINTENANCE,23KSWQS5A7ZUZKX,8.33
Tracy,Spencer,MW28573,3880142,BRYTON SYSTEMS,12,NA,PULSE,MAINTENANCE,NO_TS_NA,91.67
Chad,Brown,RT54180,5418384,FORVEX TECH,12,MEA EUROPE,PHOENIX,RPS,9RBB7S3IL5WM3SW,10.12
Chad,Brown,RT54180,5418384,FORVEX TECH,12,MEA,PHOENIX,RPS,NO_TS_MEA,89.88
Bethany,Meyer,UD78757,4665243,ALCOR DIGITAL,12,NA AFRICA,ORBIT,REGIE,L9510J916X5HUF7,8.33
Ronald,Melton,EQ42248,1493614,ETHOS SOLUTIONS,12,MEA MENA,PHOENIX,MAINTENANCE,VLDRA0CO4XIQP7P,11.9
William,Spence,LU31447,9973999,CENVEO CONSULTING,12,CONT MENA,STELLAR,MAINTENANCE,V7A1P8MCEUS8WG9,8.18
Richard,Cantrell,KG23094,1786894,DELVO TECH,12,CONT AFRICA,PULSE,SUPPORT,HYVHN9EAVUP1M13,12.5
Annette,Crawford,DJ74013,2439452,KESTRA VENTURES,12,APAC OCEANIA,STELLAR,REGIE,YR8ZD9TQKM502MF,12.5
Annette,Crawford,DJ74013,2439452,KESTRA VENTURES,12,CONT,STELLAR,REGIE,NO_TS_CONT,87.5
Mark,Arellano,JH21818,3933783,FORVEX VENTURES,12,CONT MENA,QUANTUM,REGIE,LLC6BAZ9OZHAG9K,11.18
Mark,Arellano,JH21818,3933783,FORVEX VENTURES,12,NA,QUANTUM,REGIE,NO_TS_NA,88.82
Mark,Miller,AG19869,7198964,ETHOS TECH,12,NA AMERICA,PHOENIX,MAINTENANCE,ESPO19XO5USHRHK,11.9
Mark,Miller,AG19869,7198964,ETHOS TECH,12,APAC,PHOENIX,MAINTENANCE,NO_TS_APAC,88.1
Denise,Ayers,ZR76939,9599626,INOVA GLOBAL,12,LATAM ASIA,NOVA,REGIE,990SCN035UZNH2W,10.71
Denise,Ayers,ZR76939,9599626,INOVA GLOBAL,12,NA,NOVA,REGIE,NO_TS_NA,89.29
Cory,Rodriguez,OC59224,6350767,GOLZEN VENTURES,12,MEA MENA,ATLAS,REGIE,TC2RZN0MDJ7SBMP,7.44
Cory,Rodriguez,OC59224,6350767,GOLZEN VENTURES,12,LATAM,ATLAS,REGIE,NO_TS_LATAM,92.56
Kelly,Brown,QW96003,6347827,BRYTON VENTURES,12,CONT AFRICA,QUANTUM,REGIE,C9G0XZZ79AUN638,11.01
Kelly,Brown,QW96003,6347827,BRYTON VENTURES,12,EMEA,QUANTUM,REGIE,NO_TS_EMEA,88.99
Adam,Ramsey,JQ63567,9457278,KESTRA SYSTEMS,12,APAC ASIA,STELLAR,RPS,HSW4YTOL82Y782U,11.61
Adam,Ramsey,JQ63567,9457278,KESTRA SYSTEMS,12,EMEA,STELLAR,RPS,NO_TS_EMEA,88.39
Jennifer,Mccoy,BC34411,1752079,JALVIK CONSULTING,12,LATAM MENA,NOVA,REGIE,CYBCZ6Y1SS49ZSJ,10.71
Chelsea,Mckinney,CI54712,1827051,ALCOR CONSULTING,12,EMEA EUROPE,PHOENIX,RPS,FEWPP56DA9C4MYQ,9.82
Chelsea,Mckinney,CI54712,1827051,ALCOR CONSULTING,12,CONT,PHOENIX,RPS,NO_TS_CONT,90.18
Michael,Vazquez,ST13078,6637985,INOVA TECH,12,APAC EUROPE,ATLAS,FORFAIT,F1DVBA1YE0H8VV5,8.33
Michael,Vazquez,ST13078,6637985,INOVA TECH,12,EMEA,ATLAS,FORFAIT,NO_TS_EMEA,91.67
Nancy,Contreras,VV75141,6844324,ALCOR DYNAMICS,12,LATAM AMERICA,QUANTUM,RPS,TMCBL86BBQOEQXB,9.97
Amanda,Moreno,JZ14237,1740739,ETHOS SYSTEMS,12,MEA OCEANIA,PULSE,SUPPORT,T4JK1SLGTCVAJE3,10.12
Amanda,Moreno,JZ14237,1740739,ETHOS SYSTEMS,12,LATAM,PULSE,SUPPORT,NO_TS_LATAM,89.88
Larry,Griffin,OS96944,8838528,KESTRA DYNAMICS,12,NA EUROPE,PULSE,FORFAIT,7803EC0SVLIIQ75,9.52
Larry,Griffin,OS96944,8838528,KESTRA DYNAMICS,12,EMEA,PULSE,FORFAIT,NO_TS_EMEA,90.48
Maria,Roberson,QN00798,1291708,ALCOR SYSTEMS,12,LATAM AMERICA,QUANTUM,RPS,XYUFRBK58HMA93A,6.7
Maria,Roberson,QN00798,1291708,ALCOR SYSTEMS,12,EMEA,QUANTUM,RPS,NO_TS_EMEA,93.3
Paul,Thomas,TQ16937,5082806,BRYTON SYSTEMS,12,CONT AFRICA,PULSE,FORFAIT,N87IH2B5OOWIM7U,16.96
Michael,Webster,OO80115,6296643,FORVEX DYNAMICS,12,CONT EUROPE,PHOENIX,FORFAIT,9BM67R7UM5F3Q8O,13.39
Carrie,Hanson,AB29345,3427492,HYRION GLOBAL,12,LATAM ASIA,NEXUS,MAINTENANCE,SBU6J1O52KA9YRN,9.52
Christopher,Conley,CV23871,9515516,GOLZEN TECH,12,LATAM OCEANIA,VERTEX,RPS,SI273NJ5BYQQ3FM,7.29
Christopher,Conley,CV23871,9515516,GOLZEN TECH,12,APAC,VERTEX,RPS,NO_TS_APAC,92.71
Brandy,Myers,WT12799,2188772,CENVEO GLOBAL,12,CONT ASIA,VERTEX,REGIE,ZEWX62C6YYFSHBQ,9.52
Brandy,Myers,WT12799,2188772,CENVEO GLOBAL,12,NA,VERTEX,REGIE,NO_TS_NA,90.48
Mackenzie,Williams,NG94610,3064036,ETHOS GROUP,12,LATAM EUROPE,QUANTUM,SUPPORT,7E2DV4FN28I85HY,7.74
Mackenzie,Williams,NG94610,3064036,ETHOS GROUP,12,APAC,QUANTUM,SUPPORT,NO_TS_APAC,92.26
Kenneth,Brown,CH50195,3351533,CENVEO GLOBAL,12,NA MENA,PULSE,SUPPORT,6GEDWOYOD3KEUGZ,7.14
Kenneth,Brown,CH50195,3351533,CENVEO GLOBAL,12,CONT,PULSE,SUPPORT,NO_TS_CONT,92.86
Richard,Crosby,JL59523,5577707,JALVIK GROUP,12,MEA EUROPE,ORBIT,SUPPORT,9MK0DWBITQPJKVV,9.52
Richard,Crosby,JL59523,5577707,JALVIK GROUP,12,MEA,ORBIT,SUPPORT,NO_TS_MEA,90.48
Shannon,Smith,VQ22777,8717918,ETHOS GROUP,12,NA OCEANIA,VERTEX,SUPPORT,A9C5J0GCBIM77IH,11.9
Matthew,Hernandez,HL13377,9492250,DELVO CONSULTING,12,APAC MENA,ORBIT,SUPPORT,MB92I2BN59CCVPL,7.29
Courtney,Soto,RZ52470,4282131,ETHOS CONSULTING,12,APAC EUROPE,STELLAR,SUPPORT,KUW8GB12LRZ99WJ,9.52
Jason,Crane,AY71708,7692236,BRYTON DIGITAL,12,LATAM MENA,ORBIT,RPS,JG93FGT0B9NBYHV,9.67
Jason,Crane,AY71708,7692236,BRYTON DIGITAL,12,EMEA,ORBIT,RPS,NO_TS_EMEA,90.33
Anthony,Dyer,VA34235,2325074,FORVEX TECH,12,EMEA AMERICA,ATLAS,REGIE,NSQSF1QNMGCS6V2,9.52
Anthony,Dyer,VA34235,2325074,FORVEX TECH,12,APAC,ATLAS,REGIE,NO_TS_APAC,90.48
Michelle,Wilson,HN50427,8148262,CENVEO DIGITAL,12,LATAM ASIA,ATLAS,RPS,J19IFF917CSI1LM,6.85
Michelle,Wilson,HN50427,8148262,CENVEO DIGITAL,12,APAC,ATLAS,RPS,NO_TS_APAC,93.15
Brooke,Fischer,LW96491,5767030,HYRION DIGITAL,12,MEA ASIA,STELLAR,SUPPORT,2OSAOWJGFONS75T,8.63
Brooke,Fischer,LW96491,5767030,HYRION DIGITAL,12,LATAM,STELLAR,SUPPORT,NO_TS_LATAM,91.37
Shelley,Black,FD71701,4550157,HYRION GROUP,12,NA AFRICA,PHOENIX,RPS,EMI6WFB0SG5DEDV,10.71
Shelley,Black,FD71701,4550157,HYRION GROUP,12,MEA,PHOENIX,RPS,NO_TS_MEA,89.29
Leah,Osborne,PU08285,8299595,ALCOR DIGITAL,12,APAC AMERICA,PULSE,FORFAIT,KT9G53JJNB8Z5LK,8.48
Lindsey,Thompson,LC42822,4648153,ETHOS SYSTEMS,12,NA AMERICA,NEXUS,MAINTENANCE,0TIDXJMOVL2MA94,6.4
Lindsey,Thompson,LC42822,4648153,ETHOS SYSTEMS,12,CONT,NEXUS,MAINTENANCE,NO_TS_CONT,93.6
Anthony,Chandler,AI85864,7416015,DELVO GROUP,12,MEA OCEANIA,VERTEX,MAINTENANCE,JU0A2Z82MSSGOA4,8.04
Anthony,Chandler,AI85864,7416015,DELVO GROUP,12,EMEA,VERTEX,MAINTENANCE,NO_TS_EMEA,91.96
Robert,Massey,NV03578,4490620,KESTRA DYNAMICS,12,CONT MENA,VERTEX,FORFAIT,B9WVE1RDOI0K5AQ,9.52
Robert,Massey,NV03578,4490620,KESTRA DYNAMICS,12,EMEA,VERTEX,FORFAIT,NO_TS_EMEA,90.48
Robert,Smith,QY17512,4574494,INOVA VENTURES,12,MEA EUROPE,ATLAS,REGIE,87O22IUEK89OAMS,9.82
Shawn,Kaufman,KO72395,1534672,FORVEX DIGITAL,12,LATAM MENA,ORBIT,FORFAIT,BHKHJD3ESTR0YVG,11.9
Danielle,Moore,HS72508,2345455,ALCOR SYSTEMS,12,LATAM MENA,ORBIT,MAINTENANCE,OBZNFUTZQQKZ5EQ,7.29
Andrew,Graham,XY88077,8811697,BRYTON DIGITAL,12,EMEA MENA,PHOENIX,SUPPORT,AVNEYSU36Z9J7JQ,5.51
Andrew,Graham,XY88077,8811697,BRYTON DIGITAL,12,MEA,PHOENIX,SUPPORT,NO_TS_MEA,94.49
William,Williams,HO53645,9363955,CENVEO DIGITAL,12,NA EUROPE,NOVA,FORFAIT,TGXEY91LT74NB2X,11.76
William,Williams,HO53645,9363955,CENVEO DIGITAL,12,NA,NOVA,FORFAIT,NO_TS_NA,88.24
Jennifer,Martinez,OC47280,7571304,CENVEO SYSTEMS,12,LATAM MENA,PHOENIX,MAINTENANCE,NFWJ9XJUI43628V,7.74
Linda,Gilmore,LW42495,2131752,ETHOS SOLUTIONS,12,LATAM EUROPE,NOVA,RPS,EK3RN0CLP3NHN0C,25.0
Andrew,George,HN37434,7931662,BRYTON SYSTEMS,12,CONT AMERICA,STELLAR,MAINTENANCE,X359BUZIU3DDIKN,10.42
Caitlin,Miller,GW02853,1219332,HYRION SOLUTIONS,12,EMEA AFRICA,STELLAR,REGIE,ZNT7I8A85B6FK8Y,9.52
Caitlin,Miller,GW02853,1219332,HYRION SOLUTIONS,12,CONT,STELLAR,REGIE,NO_TS_CONT,90.48
Jacqueline,Parker,VU07774,7684345,KESTRA TECH,12,EMEA MENA,VERTEX,RPS,2YYH4J3A1OWT3WQ,12.05
Bradley,Romero,TB17064,1839977,LUMEX GLOBAL,12,CONT EUROPE,PULSE,REGIE,1T6J83FXVT7TRU2,11.9
Kristin,Sullivan,PP34620,3999832,KESTRA DIGITAL,12,MEA AMERICA,PULSE,MAINTENANCE,C9ULEWA2DZRR6FI,9.52
David,Flores,YT11468,7866530,HYRION DIGITAL,12,MEA AFRICA,VERTEX,RPS,YFOXD6923Y5BR3N,9.52
David,Flores,YT11468,7866530,HYRION DIGITAL,12,NA,VERTEX,RPS,NO_TS_NA,90.48
Scott,Park,CJ18143,9271617,INOVA DYNAMICS,12,LATAM MENA,STELLAR,REGIE,O2B09D6Z07I9R8L,11.61
Scott,Park,CJ18143,9271617,INOVA DYNAMICS,12,LATAM,STELLAR,REGIE,NO_TS_LATAM,88.39
Lauren,Webb,ZU39574,4690466,LUMEX DIGITAL,12,NA ASIA,QUANTUM,REGIE,LVNVOBW1CG7ENI3,7.4
Lauren,Webb,ZU39574,4690466,LUMEX DIGITAL,12,CONT,QUANTUM,REGIE,NO_TS_CONT,92.6
Olivia,King,NR87679,5983849,INOVA SOLUTIONS,12,NA OCEANIA,NOVA,SUPPORT,V553VB87SSNZS0R,8.33
Thomas,Stewart,ZL98212,1480366,DELVO SOLUTIONS,12,CONT EUROPE,NEXUS,FORFAIT,970KZK0ZUHU3SZ6,9.52
Thomas,Stewart,ZL98212,1480366,DELVO SOLUTIONS,12,APAC,NEXUS,FORFAIT,NO_TS_APAC,90.48
Walter,Cook,MS45386,3984273,DELVO GROUP,12,LATAM EUROPE,VERTEX,SUPPORT,OYOWQEWKKF7MATY,8.78
Madison,Shepard,RJ45279,4363203,KESTRA SYSTEMS,12,CONT EUROPE,QUANTUM,SUPPORT,6DWZEAT8B63HZYK,9.52
Andrew,Taylor,UV82976,4393079,HYRION DYNAMICS,12,CONT ASIA,PHOENIX,MAINTENANCE,ZQGZGYV6L8UTMCB,13.1
Andrew,Taylor,UV82976,4393079,HYRION DYNAMICS,12,APAC,PHOENIX,MAINTENANCE,NO_TS_APAC,86.9
Amy,Sloan,AG60054,4095529,INOVA GLOBAL,12,LATAM OCEANIA,PULSE,SUPPORT,ZOO3G2J7053FB4U,13.39
Jessica,Landry,PC47020,3811207,JALVIK CONSULTING,12,EMEA EUROPE,PHOENIX,SUPPORT,ZHRA8YMXTTSRA6K,9.52
Jessica,Landry,PC47020,3811207,JALVIK CONSULTING,12,LATAM,PHOENIX,SUPPORT,NO_TS_LATAM,90.48
Jason,Swanson,UX56781,4878860,CENVEO DIGITAL,12,LATAM ASIA,QUANTUM,REGIE,7IIV2C2QY6ZUIEY,7.44
Jason,Swanson,UX56781,4878860,CENVEO DIGITAL,12,NA,QUANTUM,REGIE,NO_TS_NA,92.56
Teresa,Hamilton,AJ02824,9371789,FORVEX GLOBAL,12,APAC ASIA,QUANTUM,MAINTENANCE,QXS12WAU03DY4KD,7.44
Dustin,Mills,AK93568,8840740,ALCOR TECH,12,CONT OCEANIA,VERTEX,MAINTENANCE,09Z4GKUOSS71N6Y,12.5
Rhonda,Wilkins,SH85609,7438230,GOLZEN VENTURES,12,NA MENA,ATLAS,RPS,FIBWV2JKCUZ1IL3,10.71
Daniel,Rodriguez,RT49667,7087492,ETHOS VENTURES,12,NA MENA,ORBIT,SUPPORT,5ZNOS5YHEK9C43U,11.9
Edward,Stephens,WO22014,1038025,HYRION DYNAMICS,12,LATAM AFRICA,VERTEX,REGIE,6YW2WUVVV4SKNH0,8.33
Edward,Stephens,WO22014,1038025,HYRION DYNAMICS,12,APAC,VERTEX,REGIE,NO_TS_APAC,91.67
Rose,Palmer,UC02549,8995860,DELVO SYSTEMS,12,CONT EUROPE,ATLAS,FORFAIT,T5386W0L6A36AAP,9.52
Anthony,Thomas,BA48961,3228611,JALVIK DIGITAL,12,APAC OCEANIA,NEXUS,MAINTENANCE,YOO4SSOP0QWRO9E,11.31
Anthony,Thomas,BA48961,3228611,JALVIK DIGITAL,12,EMEA,NEXUS,MAINTENANCE,NO_TS_EMEA,88.69
Edward,Sanders,EG37006,3562633,ALCOR SOLUTIONS,12,NA EUROPE,PHOENIX,MAINTENANCE,PCO3DVIILSPYLVI,10.71
Jason,Barry,LB02894,2032585,DELVO DYNAMICS,12,MEA MENA,PULSE,FORFAIT,V1Z0M1RUP4DZLFR,11.9
Jason,Barry,LB02894,2032585,DELVO DYNAMICS,12,LATAM,PULSE,FORFAIT,NO_TS_LATAM,88.1
Joshua,Garcia,CT00664,2200348,LUMEX TECH,12,LATAM MENA,NEXUS,REGIE,NATLOOR42GCYAVQ,9.52
Joshua,Garcia,CT00664,2200348,LUMEX TECH,12,MEA,NEXUS,REGIE,NO_TS_MEA,90.48
Aaron,Pierce,YT48672,5603676,FORVEX GROUP,12,MEA AMERICA,PHOENIX,RPS,WHX0WEAOCEBX0EH,8.33
Aaron,Pierce,YT48672,5603676,FORVEX GROUP,12,EMEA,PHOENIX,RPS,NO_TS_EMEA,91.67
Melinda,Duncan,OH87282,3431501,ETHOS DIGITAL,12,APAC EUROPE,PULSE,MAINTENANCE,MLEDJNXIDE8M3JG,11.9
Melinda,Duncan,OH87282,3431501,ETHOS DIGITAL,12,EMEA,PULSE,MAINTENANCE,NO_TS_EMEA,88.1
Tyler,Hart,GB90116,6734011,HYRION VENTURES,12,EMEA MENA,ATLAS,RPS,GA0BXSLML8YLBQN,8.93
Tyler,Hart,GB90116,6734011,HYRION VENTURES,12,LATAM,ATLAS,RPS,NO_TS_LATAM,91.07
Jill,Meyers,ZH83366,3609953,CENVEO GLOBAL,12,APAC AMERICA,PHOENIX,FORFAIT,1EAGI7MA8SX7KZZ,9.52
Jill,Meyers,ZH83366,3609953,CENVEO GLOBAL,12,EMEA,PHOENIX,FORFAIT,NO_TS_EMEA,90.48
Donna,Hampton,BQ58869,9433408,LUMEX TECH,12,LATAM OCEANIA,NEXUS,SUPPORT,SPUW2HE4BUNYUOQ,8.04
Donna,Hampton,BQ58869,9433408,LUMEX TECH,12,CONT,NEXUS,SUPPORT,NO_TS_CONT,91.96
David,Morris,JG15138,1556693,ETHOS SYSTEMS,12,NA MENA,QUANTUM,SUPPORT,IKBSKGZ187CZMVV,9.52
Stacey,Lee,US19901,4093290,BRYTON TECH,12,NA ASIA,NEXUS,FORFAIT,H39TSKG7DV1HGR5,9.52
Stacey,Lee,US19901,4093290,BRYTON TECH,12,CONT,NEXUS,FORFAIT,NO_TS_CONT,90.48
Amber,Hunter,UZ97604,7958702,HYRION SOLUTIONS,12,NA AFRICA,ORBIT,RPS,ZIPWI08P4M541WL,11.76
Amber,Hunter,UZ97604,7958702,HYRION SOLUTIONS,12,EMEA,ORBIT,RPS,NO_TS_EMEA,88.24
William,Wilson,AQ65743,8258777,ETHOS SYSTEMS,12,APAC AFRICA,VERTEX,MAINTENANCE,4I8ZHJRJVY8GQUJ,13.99
William,Wilson,AQ65743,8258777,ETHOS SYSTEMS,12,APAC,VERTEX,MAINTENANCE,NO_TS_APAC,86.01
Jeffrey,Baker,HQ27798,4139180,ALCOR GLOBAL,12,CONT MENA,NOVA,RPS,UBL5WT0UQCTG902,8.63
Diane,Anderson,VK76529,2390274,ALCOR DIGITAL,12,NA ASIA,ORBIT,FORFAIT,29O8X0BAZFGGVSH,9.82
Diane,Anderson,VK76529,2390274,ALCOR DIGITAL,12,LATAM,ORBIT,FORFAIT,NO_TS_LATAM,90.18
Sara,Gates,DT05216,9246550,FORVEX VENTURES,12,EMEA EUROPE,QUANTUM,MAINTENANCE,TB81NLMHDA4VJTA,7.74
Sara,Gates,DT05216,9246550,FORVEX VENTURES,12,LATAM,QUANTUM,MAINTENANCE,NO_TS_LATAM,92.26
Jasmine,Brewer,RF26391,6785313,FORVEX GROUP,12,CONT AFRICA,VERTEX,RPS,SSK718UA2DN13YT,11.9
Richard,Smith,MK89465,3466091,KESTRA DYNAMICS,12,EMEA OCEANIA,STELLAR,RPS,P91U6NABEEHAW2I,9.23
Richard,Smith,MK89465,3466091,KESTRA DYNAMICS,12,EMEA,STELLAR,RPS,NO_TS_EMEA,90.77
Roger,King,IB43660,3705422,GOLZEN DIGITAL,12,APAC OCEANIA,ORBIT,FORFAIT,15CQGS264Q6ARPK,11.9
Roger,King,IB43660,3705422,GOLZEN DIGITAL,12,APAC,ORBIT,FORFAIT,NO_TS_APAC,88.1
Danielle,Cohen,ZP02173,5005849,FORVEX DYNAMICS,12,LATAM ASIA,PULSE,RPS,DW28OSPDVRQ2PPT,9.52
Danielle,Cohen,ZP02173,5005849,FORVEX DYNAMICS,12,NA,PULSE,RPS,NO_TS_NA,90.48
Jennifer,Gomez,FF42549,6757177,FORVEX TECH,12,MEA OCEANIA,STELLAR,FORFAIT,G3H0IVPVQXTMQBZ,8.63
Jennifer,Gomez,FF42549,6757177,FORVEX TECH,12,CONT,STELLAR,FORFAIT,NO_TS_CONT,91.37
Chelsea,Lynn,IJ10318,7433305,GOLZEN GROUP,12,MEA EUROPE,STELLAR,RPS,2IQFMUJIJ7JBHH4,10.71
Chelsea,Lynn,IJ10318,7433305,GOLZEN GROUP,12,EMEA,STELLAR,RPS,NO_TS_EMEA,89.29
Theresa,Chen,SJ34348,1371038,ETHOS GROUP,12,LATAM EUROPE,VERTEX,FORFAIT,B00QYKM7P6SYTDW,10.12
Theresa,Chen,SJ34348,1371038,ETHOS GROUP,12,EMEA,VERTEX,FORFAIT,NO_TS_EMEA,89.88
Alexa,Bridges,QH80708,3248769,JALVIK TECH,12,APAC MENA,ORBIT,REGIE,P1X567C036YRDDD,11.9
Christopher,Greene,KC33532,4512370,GOLZEN GLOBAL,12,APAC AMERICA,PULSE,RPS,NWLZECVJ380EMV6,9.67
Christopher,Greene,KC33532,4512370,GOLZEN GLOBAL,12,LATAM,PULSE,RPS,NO_TS_LATAM,90.33
Kenneth,Terry,BS76991,4559194,DELVO TECH,12,CONT AFRICA,VERTEX,FORFAIT,H43WVTLI79US1CH,11.9
Brooke,Kelly,AJ62498,8894612,ALCOR DIGITAL,12,CONT OCEANIA,NOVA,MAINTENANCE,0S05R2BZ1E451XD,10.12
Brooke,Kelly,AJ62498,8894612,ALCOR DIGITAL,12,CONT,NOVA,MAINTENANCE,NO_TS_CONT,89.88
Lisa,Newman,PM12908,3136931,DELVO SYSTEMS,12,EMEA AFRICA,NEXUS,REGIE,33XS5ZKS3FCMCG4,11.9
Lisa,Newman,PM12908,3136931,DELVO SYSTEMS,12,LATAM,NEXUS,REGIE,NO_TS_LATAM,88.1
Carrie,Green,PE39575,8105863,ETHOS CONSULTING,12,EMEA ASIA,PULSE,RPS,2JSAIPGX1LL71W3,11.9
Carrie,Green,PE39575,8105863,ETHOS CONSULTING,12,EMEA,PULSE,RPS,NO_TS_EMEA,88.1
Kyle,Mayo,WU88890,3080014,KESTRA CONSULTING,12,CONT ASIA,NOVA,MAINTENANCE,1V4NQ2VMDJL4TKZ,8.93
Kyle,Mayo,WU88890,3080014,KESTRA CONSULTING,12,APAC,NOVA,MAINTENANCE,NO_TS_APAC,91.07
Trevor,Ho,SZ52886,1978894,GOLZEN DYNAMICS,12,MEA AFRICA,QUANTUM,REGIE,XY9K70BTUCCJWHX,11.9
Trevor,Ho,SZ52886,1978894,GOLZEN DYNAMICS,12,MEA,QUANTUM,REGIE,NO_TS_MEA,88.1
Philip,Bryant,SV52945,7286489,CENVEO CONSULTING,12,NA EUROPE,STELLAR,REGIE,O2GSNU16DEIHD06,9.52
Justin,Flynn,PB78872,4730939,DELVO SOLUTIONS,12,EMEA MENA,STELLAR,RPS,C155Q58EW36496Q,7.44
Johnny,Leach,HS88189,6133266,CENVEO VENTURES,12,CONT MENA,PHOENIX,REGIE,S9HTQL25ZPREKGM,8.63
Johnny,Leach,HS88189,6133266,CENVEO VENTURES,12,APAC,PHOENIX,REGIE,NO_TS_APAC,91.37
Karen,Cline,XR76816,1728720,ALCOR TECH,12,NA MENA,NOVA,REGIE,Y6BR0CQ6UQL8OEN,4.76
Karen,Cline,XR76816,1728720,ALCOR TECH,12,EMEA,NOVA,REGIE,NO_TS_EMEA,95.24
Daniel,Young,RU53776,2021591,ETHOS GROUP,12,CONT AFRICA,PULSE,RPS,9UUTBUK8ICK7ARU,8.48
Daniel,Young,RU53776,2021591,ETHOS GROUP,12,MEA,PULSE,RPS,NO_TS_MEA,91.52
Andrea,Mills,JV17349,7295420,CENVEO GROUP,12,CONT OCEANIA,PULSE,REGIE,PUZEUZQFA1B6IWD,7.74
Andrea,Mills,JV17349,7295420,CENVEO GROUP,12,LATAM,PULSE,REGIE,NO_TS_LATAM,92.26
Monica,Sanders,VX92119,6263352,JALVIK GLOBAL,12,EMEA ASIA,NEXUS,FORFAIT,LLB7NMT4E8I57FC,7.29
Monica,Sanders,VX92119,6263352,JALVIK GLOBAL,12,MEA,NEXUS,FORFAIT,NO_TS_MEA,92.71
Dale,Richardson,DE65958,7897222,ALCOR DYNAMICS,12,NA MENA,NEXUS,REGIE,YCYWJZRMUWMJZ81,7.29
Dale,Richardson,DE65958,7897222,ALCOR DYNAMICS,12,LATAM,NEXUS,REGIE,NO_TS_LATAM,92.71
Kathleen,Bailey,IH95000,6006061,ETHOS DIGITAL,12,APAC EUROPE,ATLAS,MAINTENANCE,1QRZXELA1NUYHGN,8.93
Erica,Jones,EY59220,2870721,DELVO SOLUTIONS,12,EMEA MENA,ORBIT,REGIE,T71W9OMXHB5FIAO,11.9
Erica,Jones,EY59220,2870721,DELVO SOLUTIONS,12,CONT,ORBIT,REGIE,NO_TS_CONT,88.1
Deborah,Robinson,ID10173,3133119,CENVEO TECH,12,MEA AMERICA,PHOENIX,MAINTENANCE,1PAFWOZV9WSUWFQ,12.5
Joshua,Sims,QS44948,5117329,GOLZEN TECH,12,EMEA ASIA,STELLAR,FORFAIT,TX66DQCRAE9JAYI,11.31
Joshua,Sims,QS44948,5117329,GOLZEN TECH,12,NA,STELLAR,FORFAIT,NO_TS_NA,88.69
Isaiah,Edwards,MP25337,7272842,INOVA SYSTEMS,12,CONT MENA,PHOENIX,RPS,L5TAGS55SNU4U56,7.29
Isaiah,Edwards,MP25337,7272842,INOVA SYSTEMS,12,EMEA,PHOENIX,RPS,NO_TS_EMEA,92.71
Deborah,Fox,TS43130,4227867,ALCOR DYNAMICS,12,NA OCEANIA,STELLAR,REGIE,NECPMQAVBCCU755,9.62
Deborah,Fox,TS43130,4227867,ALCOR DYNAMICS,12,APAC,STELLAR,REGIE,NO_TS_APAC,90.38
Karen,Jones,RA14614,6216100,INOVA CONSULTING,12,LATAM ASIA,QUANTUM,RPS,H9VDXODWUMCAAWE,9.52
Karen,Jones,RA14614,6216100,INOVA CONSULTING,12,APAC,QUANTUM,RPS,NO_TS_APAC,90.48
Mason,Clayton,ZO63955,9014988,CENVEO CONSULTING,12,MEA MENA,PHOENIX,MAINTENANCE,1K3DGX0UBNTZ7VG,5.36
Jeffrey,Freeman,DV81257,2383210,JALVIK DIGITAL,12,CONT OCEANIA,NOVA,REGIE,N89154N17RWCBPV,11.9
Jeffrey,Freeman,DV81257,2383210,JALVIK DIGITAL,12,MEA,NOVA,REGIE,NO_TS_MEA,88.1
Thomas,Brown,KN74161,6746626,LUMEX SYSTEMS,12,CONT AFRICA,NOVA,MAINTENANCE,MANPL84KHXH5IGW,8.33
Thomas,Brown,KN74161,6746626,LUMEX SYSTEMS,12,LATAM,NOVA,MAINTENANCE,NO_TS_LATAM,91.67
Alex,Jones,RO32054,6282000,ETHOS DYNAMICS,12,CONT MENA,PHOENIX,MAINTENANCE,AENTD9BWMZC17AT,9.38
Jody,Lewis,HH93602,3563798,BRYTON SYSTEMS,12,NA AFRICA,PULSE,FORFAIT,YBLXUHJMXKYPN4R,7.29
Jody,Lewis,HH93602,3563798,BRYTON SYSTEMS,12,NA,PULSE,FORFAIT,NO_TS_NA,92.71
Erin,Casey,AL41829,6449818,DELVO DYNAMICS,12,LATAM OCEANIA,STELLAR,FORFAIT,NXR5QUG3GXLLBOU,10.12
Erin,Casey,AL41829,6449818,DELVO DYNAMICS,12,EMEA,STELLAR,FORFAIT,NO_TS_EMEA,89.88
Lisa,Pacheco,VH07648,2470358,LUMEX SYSTEMS,12,MEA MENA,QUANTUM,FORFAIT,8ENI0CW27X3I2PF,9.52
Virginia,George,VE70421,9376413,ETHOS GLOBAL,12,CONT MENA,STELLAR,REGIE,3Y705HUMAEI3GN7,9.23
Virginia,George,VE70421,9376413,ETHOS GLOBAL,12,CONT,STELLAR,REGIE,NO_TS_CONT,90.77
Steven,Rosario,NR79079,6041599,BRYTON SOLUTIONS,12,NA OCEANIA,STELLAR,SUPPORT,OKO9QL80JJT5X6M,11.9
Jeffrey,Cooper,ZG03819,1353804,BRYTON TECH,12,APAC AMERICA,NOVA,FORFAIT,BBWA4R109YD3JTH,7.44
Lisa,Hill,KE24091,1941888,FORVEX VENTURES,12,EMEA MENA,QUANTUM,SUPPORT,B0COD0C3XRL25OT,7.74
Lisa,Hill,KE24091,1941888,FORVEX VENTURES,12,MEA,QUANTUM,SUPPORT,NO_TS_MEA,92.26
Terri,Allen,PL40721,8926656,HYRION TECH,12,NA AMERICA,ATLAS,MAINTENANCE,H6DG2FVFMMYM7UE,11.16
Cheryl,Boyer,WF65501,9219866,ETHOS GROUP,12,MEA MENA,STELLAR,MAINTENANCE,CM25Q23RLG3P380,9.52
Robert,Scott,TM34258,7398990,BRYTON DYNAMICS,12,NA EUROPE,ATLAS,SUPPORT,MOF05RT7E4WVNJ5,8.93
Robert,Scott,TM34258,7398990,BRYTON DYNAMICS,12,LATAM,ATLAS,SUPPORT,NO_TS_LATAM,91.07
April,Garrett,HJ15576,8958212,GOLZEN TECH,12,MEA OCEANIA,PULSE,SUPPORT,XZK86WLKGXJQ986,11.9
April,Garrett,HJ15576,8958212,GOLZEN TECH,12,CONT,PULSE,SUPPORT,NO_TS_CONT,88.1
Stacey,Miller,CM03682,4041412,GOLZEN DIGITAL,12,APAC ASIA,ATLAS,REGIE,SRSMH3XOAI312RX,6.55
Matthew,Michael,GW84080,2163961,ETHOS SOLUTIONS,12,APAC AMERICA,STELLAR,MAINTENANCE,MY7YFN7AC5L79ZH,11.9
Matthew,Michael,GW84080,2163961,ETHOS SOLUTIONS,12,EMEA,STELLAR,MAINTENANCE,NO_TS_EMEA,88.1
Robert,Henry,FN79456,7807283,BRYTON GROUP,12,EMEA AMERICA,VERTEX,MAINTENANCE,GX4028ZU6QRELKH,11.01
Jeffery,Patterson,AZ41383,1795175,HYRION TECH,12,CONT AFRICA,STELLAR,RPS,4LA60Q750GDAEAH,7.14
Jeffery,Patterson,AZ41383,1795175,HYRION TECH,12,LATAM,STELLAR,RPS,NO_TS_LATAM,92.86
Mark,Martin,QZ46901,4135561,BRYTON CONSULTING,12,LATAM ASIA,PULSE,RPS,TC904UGQIDWRM2U,11.9
Mark,Martin,QZ46901,4135561,BRYTON CONSULTING,12,CONT,PULSE,RPS,NO_TS_CONT,88.1
Kayla,Allen,YB01046,3028456,ALCOR DYNAMICS,12,NA ASIA,STELLAR,RPS,0UUNP3SFNDKUTMT,12.5
Keith,Fuller,CB01101,5729934,FORVEX DIGITAL,12,EMEA EUROPE,NOVA,MAINTENANCE,PY4P6KIAHD3Z5XF,11.01
Keith,Fuller,CB01101,5729934,FORVEX DIGITAL,12,NA,NOVA,MAINTENANCE,NO_TS_NA,88.99
Hailey,Nixon,IK38725,3135371,GOLZEN VENTURES,12,CONT MENA,ORBIT,RPS,RU7WE169XTT31N0,11.9
Hailey,Nixon,IK38725,3135371,GOLZEN VENTURES,12,NA,ORBIT,RPS,NO_TS_NA,88.1
Matthew,Martinez,OU01332,8420756,FORVEX DIGITAL,12,MEA EUROPE,PHOENIX,RPS,PQMUCW0OTKTP4IO,13.46
Matthew,Martinez,OU01332,8420756,FORVEX DIGITAL,12,LATAM,PHOENIX,RPS,NO_TS_LATAM,86.54
Kyle,Turner,BB81696,9545983,ALCOR GROUP,12,MEA MENA,PHOENIX,RPS,T590BUQTDHE82YR,10.27
Kyle,Turner,BB81696,9545983,ALCOR GROUP,12,MEA,PHOENIX,RPS,NO_TS_MEA,89.73
Summer,Jordan,WG96098,8476386,KESTRA GROUP,12,MEA OCEANIA,PHOENIX,SUPPORT,70ACI3FLX2RX00G,9.82
Summer,Jordan,WG96098,8476386,KESTRA GROUP,12,NA,PHOENIX,SUPPORT,NO_TS_NA,90.18
Amy,Parker,NG40968,2059088,BRYTON CONSULTING,12,APAC ASIA,VERTEX,MAINTENANCE,7NABXO1I894AUCX,9.52
Amy,Parker,NG40968,2059088,BRYTON CONSULTING,12,LATAM,VERTEX,MAINTENANCE,NO_TS_LATAM,90.48
Christopher,Hanson,RN18317,7090823,CENVEO SOLUTIONS,12,APAC AFRICA,PHOENIX,MAINTENANCE,XVZX3JGCLYLNJS1,9.67
Christopher,Hanson,RN18317,7090823,CENVEO SOLUTIONS,12,CONT,PHOENIX,MAINTENANCE,NO_TS_CONT,90.33
Kathleen,Molina,YJ14550,7673339,INOVA GLOBAL,12,APAC MENA,ORBIT,MAINTENANCE,CGHYEBUIK1313QI,16.52
Kathleen,Molina,YJ14550,7673339,INOVA GLOBAL,12,NA,ORBIT,MAINTENANCE,NO_TS_NA,83.48
Jonathan,Carlson,YD86241,2912230,INOVA TECH,12,CONT OCEANIA,QUANTUM,REGIE,6VDC07KIZEGLXPJ,11.9
Jessica,Hernandez,YC86870,6659553,JALVIK VENTURES,12,EMEA AFRICA,STELLAR,REGIE,HG3TQ3RN3ZPUZ1R,11.9
Ethan,Perez,VX40989,9604375,DELVO SYSTEMS,12,EMEA ASIA,PULSE,REGIE,1Y50H7QY4ROGVEC,7.14
Brandi,Stanley,AD77328,2537503,ALCOR GLOBAL,12,NA EUROPE,PHOENIX,RPS,OJZ20DGQY5AC8QZ,7.89
Jacob,Hill,JP28025,4255725,LUMEX SOLUTIONS,12,NA AFRICA,PHOENIX,SUPPORT,560KBTRLR96LXDN,9.52
Jacob,Hill,JP28025,4255725,LUMEX SOLUTIONS,12,LATAM,PHOENIX,SUPPORT,NO_TS_LATAM,90.48
Fernando,White,ZP60900,3028576,KESTRA VENTURES,12,CONT AMERICA,PHOENIX,SUPPORT,7S78FCCY6SQHMHG,9.52
Fernando,White,ZP60900,3028576,KESTRA VENTURES,12,LATAM,PHOENIX,SUPPORT,NO_TS_LATAM,90.48
Charles,Manning,FZ56875,1591637,CENVEO CONSULTING,12,MEA EUROPE,PULSE,REGIE,WBOE3VDH3YMWZRU,7.29
Charles,Manning,FZ56875,1591637,CENVEO CONSULTING,12,NA,PULSE,REGIE,NO_TS_NA,92.71
Sarah,Taylor,RO38190,7518537,ETHOS DIGITAL,12,CONT ASIA,VERTEX,FORFAIT,3X0KOPCIO2DK6GR,12.35
Joyce,Williams,UH77991,2308326,DELVO CONSULTING,12,LATAM EUROPE,NEXUS,RPS,NMHP3254QFLBT77,11.9
Joyce,Williams,UH77991,2308326,DELVO CONSULTING,12,NA,NEXUS,RPS,NO_TS_NA,88.1
Richard,Bean,UH50024,1984621,CENVEO CONSULTING,12,MEA ASIA,PHOENIX,REGIE,4O2IJR0DCT1XHR2,7.74
Richard,Bean,UH50024,1984621,CENVEO CONSULTING,12,NA,PHOENIX,REGIE,NO_TS_NA,92.26
Daniel,Mack,YX46564,9371089,BRYTON TECH,12,MEA AFRICA,NEXUS,MAINTENANCE,YBORPJASVJ8TZ5K,9.52
Bryan,Hill,SS36578,7908762,DELVO SYSTEMS,12,NA AMERICA,PULSE,SUPPORT,MJUMXP3ZJXAAJM2,11.9
Bryan,Hill,SS36578,7908762,DELVO SYSTEMS,12,APAC,PULSE,SUPPORT,NO_TS_APAC,88.1
Jessica,Day,LV88684,7808182,LUMEX DIGITAL,12,NA EUROPE,PHOENIX,REGIE,8PAPHVYYSO414UP,9.67
Jessica,Day,LV88684,7808182,LUMEX DIGITAL,12,APAC,PHOENIX,REGIE,NO_TS_APAC,90.33
Brooke,Hartman,GB04154,5030292,KESTRA TECH,12,LATAM EUROPE,ATLAS,FORFAIT,OJHKJ9KJVO4QSC5,11.9
Brooke,Hartman,GB04154,5030292,KESTRA TECH,12,EMEA,ATLAS,FORFAIT,NO_TS_EMEA,88.1
John,Clay,UO55937,5428821,FORVEX VENTURES,12,EMEA AFRICA,ATLAS,SUPPORT,0UKKIB1SV76DYT4,4.76
John,Clay,UO55937,5428821,FORVEX VENTURES,12,CONT,ATLAS,SUPPORT,NO_TS_CONT,95.24
Ryan,Lee,BH75713,8644656,FORVEX VENTURES,12,EMEA AMERICA,PULSE,REGIE,H8ORFZP1PNYZFFF,11.9
Ryan,Lee,BH75713,8644656,FORVEX VENTURES,12,NA,PULSE,REGIE,NO_TS_NA,88.1
Monica,Chang,SW35845,7631235,CENVEO TECH,12,EMEA EUROPE,ORBIT,SUPPORT,DDAL28QHL889I1B,9.52
Misty,George,DE26314,7573199,INOVA SOLUTIONS,12,EMEA AFRICA,NOVA,RPS,92DKX4VS9JFMHKD,8.33
Misty,George,DE26314,7573199,INOVA SOLUTIONS,12,CONT,NOVA,RPS,NO_TS_CONT,91.67
Stanley,Tucker,EM16860,2842580,KESTRA GROUP,12,MEA MENA,QUANTUM,RPS,TJ6JOMIVK33JBRK,9.52
Stanley,Tucker,EM16860,2842580,KESTRA GROUP,12,MEA,QUANTUM,RPS,NO_TS_MEA,90.48
Timothy,Baker,PK79780,6985735,ALCOR GROUP,12,CONT EUROPE,PHOENIX,REGIE,KFY4OQTRVK7H7C9,11.9
Timothy,Baker,PK79780,6985735,ALCOR GROUP,12,APAC,PHOENIX,REGIE,NO_TS_APAC,88.1
Sarah,Clayton,GF35034,6692957,GOLZEN SYSTEMS,12,LATAM OCEANIA,PULSE,REGIE,NK5E7VSFDOYQXSP,7.59
Sarah,Clayton,GF35034,6692957,GOLZEN SYSTEMS,12,APAC,PULSE,REGIE,NO_TS_APAC,92.41
Tina,Price,ZV73560,1072270,HYRION SYSTEMS,12,LATAM EUROPE,NEXUS,FORFAIT,L2UID7ZCZY23U3Q,8.93
Tina,Price,ZV73560,1072270,HYRION SYSTEMS,12,LATAM,NEXUS,FORFAIT,NO_TS_LATAM,91.07
Lisa,Diaz,GA82273,1677844,DELVO GROUP,12,EMEA AMERICA,QUANTUM,RPS,EXCE8WK14S9U7DJ,10.71
Lisa,Diaz,GA82273,1677844,DELVO GROUP,12,APAC,QUANTUM,RPS,NO_TS_APAC,89.29
Mario,Thompson,RG55931,5146569,LUMEX SOLUTIONS,12,NA ASIA,STELLAR,FORFAIT,O77LDUKPI5F0SVI,9.52
Evelyn,Martin,PZ12280,9076870,LUMEX TECH,12,MEA,NEXUS,RPS,NO_TS_MEA,100.0
Sarah,Becker,NM68480,1957998,CENVEO TECH,12,CONT AFRICA,ATLAS,MAINTENANCE,7JFUTXMU9PXHP4V,11.9
Sarah,Becker,NM68480,1957998,CENVEO TECH,12,NA,ATLAS,MAINTENANCE,NO_TS_NA,88.1
Wanda,Cabrera,XP56123,9852647,ALCOR DYNAMICS,12,LATAM ASIA,VERTEX,FORFAIT,BT1OPPEA48CK01Q,3.72
Wanda,Cabrera,XP56123,9852647,ALCOR DYNAMICS,12,MEA,VERTEX,FORFAIT,NO_TS_MEA,96.28
Scott,Richardson,EO64940,3396009,ETHOS SYSTEMS,12,NA EUROPE,PULSE,RPS,TSOTYZS26OCLKI8,10.12
Scott,Richardson,EO64940,3396009,ETHOS SYSTEMS,12,MEA,PULSE,RPS,NO_TS_MEA,89.88
Robert,Parsons,NR25222,2481264,LUMEX VENTURES,12,APAC MENA,PHOENIX,FORFAIT,DE014R6B5ADVA87,9.52
Vanessa,Cabrera,QJ09211,9248569,ETHOS GLOBAL,12,MEA AMERICA,NOVA,SUPPORT,4ZZ1M95T42T7EM5,8.33
Vanessa,Cabrera,QJ09211,9248569,ETHOS GLOBAL,12,NA,NOVA,SUPPORT,NO_TS_NA,91.67
Lauren,Duncan,ES57556,2331723,KESTRA GLOBAL,12,LATAM OCEANIA,ORBIT,MAINTENANCE,IGDO0K2BABTN0AB,11.9
Cheryl,Wilson,RO34631,4582406,KESTRA SYSTEMS,12,MEA AFRICA,NOVA,FORFAIT,ZMUCP4V090ZOY0J,8.63
Dennis,Ward,LI82126,1328860,BRYTON SOLUTIONS,12,LATAM OCEANIA,VERTEX,FORFAIT,2A2S0ERXOPU0ZA8,12.5
Mark,Fisher,KX84076,5017273,LUMEX TECH,12,LATAM AMERICA,VERTEX,MAINTENANCE,BNCXLBDSJELHZMV,8.04
Mark,Fisher,KX84076,5017273,LUMEX TECH,12,EMEA,VERTEX,MAINTENANCE,NO_TS_EMEA,91.96
Shawn,Gibson,ST34885,6237804,BRYTON GLOBAL,12,EMEA AFRICA,ATLAS,RPS,XOXRQ3WSE0B8A44,7.44
Shawn,Gibson,ST34885,6237804,BRYTON GLOBAL,12,EMEA,ATLAS,RPS,NO_TS_EMEA,92.56
Tammy,Pugh,FB65552,3340580,FORVEX GROUP,12,NA ASIA,PHOENIX,FORFAIT,A9CBMY5DBAEO2ZX,10.71
Tammy,Pugh,FB65552,3340580,FORVEX GROUP,12,NA,PHOENIX,FORFAIT,NO_TS_NA,89.29
John,Jackson,TG97851,7685798,GOLZEN GLOBAL,12,NA OCEANIA,PULSE,MAINTENANCE,YZSC90CGWDBEXNQ,9.52
John,Jackson,TG97851,7685798,GOLZEN GLOBAL,12,NA,PULSE,MAINTENANCE,NO_TS_NA,90.48
Aaron,Taylor,QT71921,4953733,CENVEO DIGITAL,12,APAC AFRICA,STELLAR,REGIE,BF99P6KTOBC87V0,13.99
Aaron,Taylor,QT71921,4953733,CENVEO DIGITAL,12,CONT,STELLAR,REGIE,NO_TS_CONT,86.01
James,Little,BD72179,3661991,INOVA TECH,12,MEA AMERICA,PHOENIX,RPS,C1MWN8628SIPQX4,9.52
James,Little,BD72179,3661991,INOVA TECH,12,MEA,PHOENIX,RPS,NO_TS_MEA,90.48
Caitlin,Garza,CT31971,6663167,INOVA CONSULTING,12,MEA EUROPE,ATLAS,SUPPORT,CMV9HZZ9UIRG4QH,11.9
Manuel,Morris,UB11295,1141027,JALVIK TECH,12,NA EUROPE,STELLAR,SUPPORT,N2ZORF1FF277QJ2,11.9
Manuel,Morris,UB11295,1141027,JALVIK TECH,12,NA,STELLAR,SUPPORT,NO_TS_NA,88.1
Michael,Crosby,PV56957,9130791,LUMEX GLOBAL,12,EMEA EUROPE,STELLAR,RPS,J7ZKHGF6OO07YZR,13.1
Caitlin,Smith,OV11613,9238894,FORVEX SYSTEMS,12,APAC OCEANIA,NOVA,MAINTENANCE,RB3H15EYEV4X470,9.52
Caitlin,Smith,OV11613,9238894,FORVEX SYSTEMS,12,LATAM,NOVA,MAINTENANCE,NO_TS_LATAM,90.48
Christopher,Taylor,NE33513,5976553,KESTRA GLOBAL,12,NA OCEANIA,ORBIT,MAINTENANCE,HXNTYFGTIOY21FK,8.63
Christopher,Taylor,NE33513,5976553,KESTRA GLOBAL,12,CONT,ORBIT,MAINTENANCE,NO_TS_CONT,91.37
Lori,Townsend,NG73007,3499633,LUMEX SOLUTIONS,12,MEA EUROPE,PHOENIX,REGIE,ZO7YZJAVWQYBJVN,14.29
Lori,Townsend,NG73007,3499633,LUMEX SOLUTIONS,12,NA,PHOENIX,REGIE,NO_TS_NA,85.71
David,Houston,CR73492,2467582,ALCOR SYSTEMS,12,LATAM ASIA,VERTEX,RPS,QL8Y3NAW1E2GWAG,11.9
David,Houston,CR73492,2467582,ALCOR SYSTEMS,12,MEA,VERTEX,RPS,NO_TS_MEA,88.1
Adam,Garcia,SO19346,6223894,INOVA CONSULTING,12,CONT AFRICA,ORBIT,FORFAIT,ATUJESXGUBZBK17,9.82
Adam,Garcia,SO19346,6223894,INOVA CONSULTING,12,NA,ORBIT,FORFAIT,NO_TS_NA,90.18
Ashley,French,KQ89560,6136021,ETHOS SOLUTIONS,12,NA ASIA,NOVA,REGIE,VD3BGJSKEIO7MNA,7.44
Amy,Ramirez,LQ50071,7659349,CENVEO GROUP,12,LATAM EUROPE,PULSE,RPS,BP7PLDOSP430I2Z,9.52
Jonathan,Gray,CM89923,7537450,GOLZEN CONSULTING,12,MEA EUROPE,STELLAR,REGIE,2CR81K3ET4GYXES,9.52
Jonathan,Gray,CM89923,7537450,GOLZEN CONSULTING,12,APAC,STELLAR,REGIE,NO_TS_APAC,90.48
Tonya,Brady,KU27144,6809230,FORVEX SOLUTIONS,12,APAC MENA,ORBIT,FORFAIT,HBX2CF4OKOD8KF7,8.33
Tonya,Brady,KU27144,6809230,FORVEX SOLUTIONS,12,NA,ORBIT,FORFAIT,NO_TS_NA,91.67
James,Jackson,XB81547,9901523,JALVIK GLOBAL,12,APAC ASIA,QUANTUM,RPS,SGRRGMBIKMTWAYH,7.44
James,Jackson,XB81547,9901523,JALVIK GLOBAL,12,NA,QUANTUM,RPS,NO_TS_NA,92.56
Diane,Moore,EZ86261,9631425,HYRION DIGITAL,12,APAC MENA,STELLAR,REGIE,JIG9HDJGZ701BRJ,11.9
Judith,Williams,SR08270,4916188,FORVEX CONSULTING,12,EMEA OCEANIA,PHOENIX,REGIE,LCZGK0FFJVCIQRM,9.82
Maria,Sanders,XE53937,3600295,ETHOS SOLUTIONS,12,NA EUROPE,QUANTUM,RPS,V014WZNNQSRUHPJ,10.42
Maria,Sanders,XE53937,3600295,ETHOS SOLUTIONS,12,LATAM,QUANTUM,RPS,NO_TS_LATAM,89.58
Steven,Williams,HA79156,8261015,KESTRA DIGITAL,12,APAC ASIA,PULSE,RPS,SZBWBV2VRSVNTK5,9.52
Nicole,Gutierrez,XK46839,5001965,LUMEX TECH,12,MEA MENA,STELLAR,MAINTENANCE,P4E74HGIB87VZMA,8.33
Nicole,Gutierrez,XK46839,5001965,LUMEX TECH,12,EMEA,STELLAR,MAINTENANCE,NO_TS_EMEA,91.67
Sarah,Moyer,HX64045,7767547,DELVO SOLUTIONS,12,EMEA AMERICA,PULSE,RPS,9VZFA0VRHFEHUE9,9.52
Sarah,Moyer,HX64045,7767547,DELVO SOLUTIONS,12,CONT,PULSE,RPS,NO_TS_CONT,90.48
Kaylee,Travis,FB08105,5049504,ETHOS VENTURES,12,APAC ASIA,PULSE,REGIE,34ET71SXZXV5LER,9.52
Kaylee,Travis,FB08105,5049504,ETHOS VENTURES,12,NA,PULSE,REGIE,NO_TS_NA,90.48
Melissa,Sanchez,VR24726,9498722,ALCOR DYNAMICS,12,NA MENA,VERTEX,FORFAIT,CQBDPK5C5MV1705,13.84
Melissa,Sanchez,VR24726,9498722,ALCOR DYNAMICS,12,EMEA,VERTEX,FORFAIT,NO_TS_EMEA,86.16
Joshua,Gallegos,PI62630,2926003,INOVA GLOBAL,12,LATAM AMERICA,STELLAR,REGIE,PLSZYARO08Q1KHC,9.52
Christian,Palmer,WI92880,7959590,ETHOS CONSULTING,12,APAC MENA,NOVA,SUPPORT,63D33GSJNZAIQAD,7.14
Christian,Palmer,WI92880,7959590,ETHOS CONSULTING,12,LATAM,NOVA,SUPPORT,NO_TS_LATAM,92.86
Molly,Lane,IA02237,1790037,LUMEX DIGITAL,12,MEA EUROPE,PULSE,RPS,OI3GHHHUKB4X3T9,11.31
Molly,Lane,IA02237,1790037,LUMEX DIGITAL,12,CONT,PULSE,RPS,NO_TS_CONT,88.69
Brittney,Johnson,ZH82044,1480447,KESTRA SOLUTIONS,12,APAC AMERICA,ORBIT,REGIE,IRSE7AIKZQB2KZY,9.52
Lindsey,Foster,PN45098,7435689,GOLZEN GROUP,12,NA EUROPE,PULSE,RPS,ESJVT7UGB179EII,10.71
Megan,Carlson,UP70752,7830904,INOVA DYNAMICS,12,APAC OCEANIA,PULSE,SUPPORT,WMA91P258H2HZJN,7.29
Megan,Carlson,UP70752,7830904,INOVA DYNAMICS,12,CONT,PULSE,SUPPORT,NO_TS_CONT,92.71
Douglas,Holland,LF46124,8202760,FORVEX GROUP,12,NA EUROPE,QUANTUM,REGIE,ATSXYGMMUKAX5F9,6.85
Douglas,Holland,LF46124,8202760,FORVEX GROUP,12,MEA,QUANTUM,REGIE,NO_TS_MEA,93.15
Sandra,Gonzalez,PA18082,1985704,BRYTON DIGITAL,12,LATAM AFRICA,PHOENIX,FORFAIT,CPF4S6LZ0A22DBN,5.36
Sandra,Gonzalez,PA18082,1985704,BRYTON DIGITAL,12,APAC,PHOENIX,FORFAIT,NO_TS_APAC,94.64
Lisa,Ali,WP56449,4700084,FORVEX DYNAMICS,12,EMEA AMERICA,NOVA,REGIE,9H4H7QDACYGVWDQ,9.52
Lisa,Ali,WP56449,4700084,FORVEX DYNAMICS,12,MEA,NOVA,REGIE,NO_TS_MEA,90.48
Steven,Brennan,GN53221,7021890,ETHOS TECH,12,NA AFRICA,STELLAR,RPS,2XPX17M00MWVDK8,10.42
Joseph,Garcia,CM52647,9960139,INOVA TECH,12,LATAM OCEANIA,PHOENIX,MAINTENANCE,NDBO0VYDIR7GCEB,6.99
Joseph,Garcia,CM52647,9960139,INOVA TECH,12,CONT,PHOENIX,MAINTENANCE,NO_TS_CONT,93.01
James,Vaughn,DH15334,5709325,FORVEX VENTURES,12,NA AMERICA,NEXUS,SUPPORT,H0U26WE6PKRO1RS,11.9
James,Vaughn,DH15334,5709325,FORVEX VENTURES,12,MEA,NEXUS,SUPPORT,NO_TS_MEA,88.1
Michele,Foster,AJ93575,9287615,DELVO GROUP,12,LATAM AMERICA,VERTEX,MAINTENANCE,7D4SRJZMH01T1OB,11.9
Michele,Foster,AJ93575,9287615,DELVO GROUP,12,APAC,VERTEX,MAINTENANCE,NO_TS_APAC,88.1
Joan,Carter,PM59532,4009311,JALVIK VENTURES,12,EMEA AMERICA,NEXUS,FORFAIT,3XN7HW6FRCA800O,10.71
Joan,Carter,PM59532,4009311,JALVIK VENTURES,12,EMEA,NEXUS,FORFAIT,NO_TS_EMEA,89.29
Robin,Smith,EY53147,1296388,ETHOS DIGITAL,12,CONT ASIA,ORBIT,FORFAIT,QKBJO88OSGPVKWL,9.52
Robin,Smith,EY53147,1296388,ETHOS DIGITAL,12,MEA,ORBIT,FORFAIT,NO_TS_MEA,90.48
Judy,Hamilton,AT57624,6389832,BRYTON DYNAMICS,12,APAC AMERICA,ORBIT,RPS,8Z8LTF6V8XFR5L0,10.12
Judy,Hamilton,AT57624,6389832,BRYTON DYNAMICS,12,NA,ORBIT,RPS,NO_TS_NA,89.88
Kristen,Miller,VE53843,3084225,JALVIK DYNAMICS,12,APAC OCEANIA,ORBIT,REGIE,VDGWCT1MLE45BAB,9.82
Kristen,Miller,VE53843,3084225,JALVIK DYNAMICS,12,NA,ORBIT,REGIE,NO_TS_NA,90.18
Robert,Collins,SY17455,2815152,INOVA CONSULTING,12,APAC OCEANIA,PULSE,RPS,Z7Q56YHF4RW4SYC,9.52
Robert,Collins,SY17455,2815152,INOVA CONSULTING,12,EMEA,PULSE,RPS,NO_TS_EMEA,90.48
Brittany,White,DD81819,2794379,CENVEO CONSULTING,12,MEA EUROPE,VERTEX,REGIE,QUBF28YI34E84E5,6.1
Brittany,White,DD81819,2794379,CENVEO CONSULTING,12,APAC,VERTEX,REGIE,NO_TS_APAC,93.9
Kathryn,Campbell,MH77966,6784344,INOVA SYSTEMS,12,NA AMERICA,PHOENIX,MAINTENANCE,J62QCT4DP91KEKP,9.52
Kathryn,Campbell,MH77966,6784344,INOVA SYSTEMS,12,LATAM,PHOENIX,MAINTENANCE,NO_TS_LATAM,90.48
Rhonda,Garcia,RS42771,9964736,ETHOS VENTURES,12,EMEA EUROPE,ATLAS,MAINTENANCE,XJCHA3IECAQLOI5,9.52
Rhonda,Garcia,RS42771,9964736,ETHOS VENTURES,12,CONT,ATLAS,MAINTENANCE,NO_TS_CONT,90.48
Dana,Martin,FR76841,3144750,KESTRA SOLUTIONS,12,LATAM OCEANIA,NEXUS,REGIE,Q8E9LY4KGYPX994,7.14
Dana,Martin,FR76841,3144750,KESTRA SOLUTIONS,12,LATAM,NEXUS,REGIE,NO_TS_LATAM,92.86
Ashley,Lane,KV33914,7908685,BRYTON VENTURES,12,EMEA MENA,NOVA,FORFAIT,HN9QT9Y92MX4GYX,4.32
Bernard,Lopez,CZ95100,4791838,INOVA SYSTEMS,12,NA AMERICA,NOVA,REGIE,TD54L0UG4HEPJR0,14.29
Bernard,Lopez,CZ95100,4791838,INOVA SYSTEMS,12,MEA,NOVA,REGIE,NO_TS_MEA,85.71
Jennifer,Keller,HP18684,7350832,KESTRA CONSULTING,12,CONT AFRICA,VERTEX,REGIE,KDCAUQGKT9I80CP,11.9
Jennifer,Keller,HP18684,7350832,KESTRA CONSULTING,12,MEA,VERTEX,REGIE,NO_TS_MEA,88.1
Jared,Rodriguez,UA76399,1629700,GOLZEN DIGITAL,12,APAC MENA,ATLAS,RPS,EAHOSLRA0W0J0XA,11.9
Jared,Rodriguez,UA76399,1629700,GOLZEN DIGITAL,12,EMEA,ATLAS,RPS,NO_TS_EMEA,88.1
Peter,Smith,IZ22985,7358516,KESTRA DYNAMICS,12,LATAM ASIA,PULSE,RPS,2YOKEKXK7JSBRHK,9.52
Peter,Smith,IZ22985,7358516,KESTRA DYNAMICS,12,NA,PULSE,RPS,NO_TS_NA,90.48
Linda,Swanson,SG11951,4684257,CENVEO SOLUTIONS,12,NA OCEANIA,STELLAR,REGIE,EJBABTIW787VURR,8.33
Linda,Swanson,SG11951,4684257,CENVEO SOLUTIONS,12,APAC,STELLAR,REGIE,NO_TS_APAC,91.67
John,Church,SU80901,6500592,DELVO GLOBAL,12,NA,PULSE,SUPPORT,NO_TS_NA,100.0
April,Mcbride,TG10256,6304815,ALCOR SYSTEMS,12,CONT MENA,STELLAR,SUPPORT,EVO2AQYAO8TQSAG,8.93
April,Mcbride,TG10256,6304815,ALCOR SYSTEMS,12,EMEA,STELLAR,SUPPORT,NO_TS_EMEA,91.07
Ashley,Hancock,JV49822,5402526,DELVO DIGITAL,12,MEA MENA,ORBIT,FORFAIT,L4A2JJT6DUWBONP,9.82
Dana,Cooper,LO54198,8095870,ETHOS CONSULTING,12,EMEA AMERICA,VERTEX,MAINTENANCE,E1D5J1TV30NBX6W,9.82
Elizabeth,Bond,AN94554,3755817,GOLZEN GROUP,12,EMEA MENA,NOVA,FORFAIT,VIVVOR9J9KOTAK3,7.74
Virginia,Taylor,XK99251,2774586,ETHOS DYNAMICS,12,CONT AMERICA,ATLAS,SUPPORT,AB8GM2P2FK2TYZB,9.52
Virginia,Taylor,XK99251,2774586,ETHOS DYNAMICS,12,APAC,ATLAS,SUPPORT,NO_TS_APAC,90.48
Omar,Shaw,JF83903,3324448,FORVEX SOLUTIONS,12,CONT MENA,NOVA,RPS,45W4COLN0V76YC2,10.71
Omar,Shaw,JF83903,3324448,FORVEX SOLUTIONS,12,CONT,NOVA,RPS,NO_TS_CONT,89.29
David,Dixon,EI31990,6894411,ETHOS DYNAMICS,12,LATAM ASIA,ORBIT,REGIE,X7CW5XL9T4Y6USF,9.82
William,Mathis,RE93953,1666274,JALVIK DYNAMICS,12,NA MENA,ORBIT,RPS,2SAK692PBAFLQDA,9.52
William,Mathis,RE93953,1666274,JALVIK DYNAMICS,12,EMEA,ORBIT,RPS,NO_TS_EMEA,90.48
Katherine,Heath,NC15371,5159669,KESTRA SOLUTIONS,12,LATAM AFRICA,VERTEX,FORFAIT,TU6Z70SCEKTXKYI,11.9
James,Hicks,JT42973,9474474,JALVIK DIGITAL,12,MEA OCEANIA,QUANTUM,MAINTENANCE,AUZWMRGPK8UL70T,10.71
James,Hicks,JT42973,9474474,JALVIK DIGITAL,12,CONT,QUANTUM,MAINTENANCE,NO_TS_CONT,89.29
Albert,Brown,JO04745,5923532,JALVIK SOLUTIONS,12,NA EUROPE,PULSE,RPS,FIRAZMQR1SH048D,6.25
Albert,Brown,JO04745,5923532,JALVIK SOLUTIONS,12,EMEA,PULSE,RPS,NO_TS_EMEA,93.75
Vanessa,Pham,HS30851,5486527,ALCOR GROUP,12,LATAM OCEANIA,ATLAS,FORFAIT,PDANGX4NCIXVUJ0,9.52
Vanessa,Pham,HS30851,5486527,ALCOR GROUP,12,APAC,ATLAS,FORFAIT,NO_TS_APAC,90.48
Katherine,Holder,MB34757,2618727,LUMEX SOLUTIONS,12,MEA MENA,PHOENIX,MAINTENANCE,MSM6WPQILNQ0WIY,11.9
Amy,Valdez,PX92101,3507567,JALVIK VENTURES,12,APAC OCEANIA,NOVA,SUPPORT,ZLBWL0EF0NUFIMH,9.52
Amy,Valdez,PX92101,3507567,JALVIK VENTURES,12,NA,NOVA,SUPPORT,NO_TS_NA,90.48
Rodney,Willis,GL37607,7860849,INOVA DYNAMICS,12,APAC AFRICA,NEXUS,RPS,C60QK55PLGVULOD,9.52
Rodney,Willis,GL37607,7860849,INOVA DYNAMICS,12,EMEA,NEXUS,RPS,NO_TS_EMEA,90.48
Meghan,Wilson,TS63652,8041358,KESTRA GROUP,12,APAC ASIA,NOVA,RPS,IS3NXHTNQIX89BR,9.52
Anne,Jackson,QV33010,5366892,ETHOS GROUP,12,EMEA ASIA,ATLAS,RPS,2MM2QSUJ6NFW4YV,14.29
Anne,Jackson,QV33010,5366892,ETHOS GROUP,12,LATAM,ATLAS,RPS,NO_TS_LATAM,85.71
Robert,Santana,JF69619,3231286,LUMEX GROUP,12,MEA AMERICA,QUANTUM,SUPPORT,KWLBFZ1X98UJK15,9.52
Vincent,Lynn,ZL44384,8489989,JALVIK SOLUTIONS,12,EMEA AMERICA,ATLAS,MAINTENANCE,JH5YTWD3GTQ0UNH,10.12
Veronica,Cantrell,UL88386,9421534,BRYTON CONSULTING,12,APAC MENA,PULSE,RPS,25U57FT0QIV4Q1H,7.74
Veronica,Cantrell,UL88386,9421534,BRYTON CONSULTING,12,NA,PULSE,RPS,NO_TS_NA,92.26
Michelle,Davis,GO82737,7643056,HYRION DYNAMICS,12,NA ASIA,STELLAR,SUPPORT,JDT5P6AGAUIEVFU,11.01
Michelle,Davis,GO82737,7643056,HYRION DYNAMICS,12,MEA,STELLAR,SUPPORT,NO_TS_MEA,88.99
Gwendolyn,Morris,FV60267,6338507,LUMEX DIGITAL,12,EMEA AFRICA,VERTEX,FORFAIT,5S2G66SMT9TZ4QB,5.06
Gwendolyn,Morris,FV60267,6338507,LUMEX DIGITAL,12,MEA,VERTEX,FORFAIT,NO_TS_MEA,94.94
John,Thomas,JV89027,3666857,LUMEX VENTURES,12,LATAM MENA,VERTEX,MAINTENANCE,PA0K3D8SA4UFFLJ,9.52
John,Thomas,JV89027,3666857,LUMEX VENTURES,12,EMEA,VERTEX,MAINTENANCE,NO_TS_EMEA,90.48
Kara,Lewis,MD72470,5204347,HYRION CONSULTING,12,APAC AFRICA,PHOENIX,REGIE,J11INOD6CWS18RT,11.9
Karen,Wright,RD27487,1305006,CENVEO SYSTEMS,12,CONT AMERICA,PULSE,MAINTENANCE,UMHA3DA8DGR7VOW,11.61
Adrian,Buck,KC14420,6332933,GOLZEN SOLUTIONS,12,APAC EUROPE,NEXUS,RPS,SLJEMOXQ4KS4APU,0.78
Jason,Collins,VI77643,4361284,ALCOR CONSULTING,12,LATAM EUROPE,NOVA,SUPPORT,BZANHALQV48WP3G,10.27
Jason,Collins,VI77643,4361284,ALCOR CONSULTING,12,LATAM,NOVA,SUPPORT,NO_TS_LATAM,89.73
Frank,Craig,AE29051,6670799,ETHOS SYSTEMS,12,MEA EUROPE,PULSE,FORFAIT,65WOWJ5HLX4IOSW,9.82
Frank,Craig,AE29051,6670799,ETHOS SYSTEMS,12,APAC,PULSE,FORFAIT,NO_TS_APAC,90.18
Michael,Howard,ZL45635,2412555,INOVA DYNAMICS,12,MEA AMERICA,STELLAR,RPS,4P5VVP2SAF4U5TG,6.55
Michael,Howard,ZL45635,2412555,INOVA DYNAMICS,12,EMEA,STELLAR,RPS,NO_TS_EMEA,93.45
James,Wood,TM91682,5606725,HYRION VENTURES,12,LATAM MENA,NOVA,FORFAIT,G89L6NPK9TCH0Z9,11.9
James,Wood,TM91682,5606725,HYRION VENTURES,12,MEA,NOVA,FORFAIT,NO_TS_MEA,88.1
Leslie,Romero,TW26443,2597169,CENVEO GROUP,12,EMEA AMERICA,QUANTUM,FORFAIT,DG7FXNTXV9PRTYC,14.9
Leslie,Romero,TW26443,2597169,CENVEO GROUP,12,EMEA,QUANTUM,FORFAIT,NO_TS_EMEA,85.1
Christopher,Smith,JW64766,9350172,JALVIK SYSTEMS,12,CONT EUROPE,PHOENIX,RPS,76L6SWY2EQF9KI3,7.14
Christopher,Smith,JW64766,9350172,JALVIK SYSTEMS,12,APAC,PHOENIX,RPS,NO_TS_APAC,92.86
Benjamin,Brown,KY38339,4833629,BRYTON TECH,12,LATAM AFRICA,QUANTUM,FORFAIT,9XCNYBS0DIVDSFZ,10.42
Benjamin,Brown,KY38339,4833629,BRYTON TECH,12,NA,QUANTUM,FORFAIT,NO_TS_NA,89.58
Dave,Krueger,TI75038,6932842,DELVO VENTURES,12,CONT AFRICA,VERTEX,REGIE,P0ER3H7DW2OB5XI,50.0
Dave,Krueger,TI75038,6932842,DELVO VENTURES,12,MEA,VERTEX,REGIE,NO_TS_MEA,50.0
Kayla,Patton,FZ60017,7430076,KESTRA GLOBAL,12,CONT EUROPE,ATLAS,MAINTENANCE,Z4A5EJONCKM6GXD,10.42
Christopher,Schneider,KF71489,9170386,CENVEO VENTURES,12,MEA EUROPE,ORBIT,REGIE,MTSIXYOC8MILCDS,9.52
Christopher,Schneider,KF71489,9170386,CENVEO VENTURES,12,EMEA,ORBIT,REGIE,NO_TS_EMEA,90.48
Loretta,Wise,IB61593,7403068,ALCOR GLOBAL,12,CONT ASIA,ATLAS,FORFAIT,ERAZYMTXDP2R5BJ,10.12
Loretta,Wise,IB61593,7403068,ALCOR GLOBAL,12,LATAM,ATLAS,FORFAIT,NO_TS_LATAM,89.88
Billy,Barnett,XS11668,9281543,LUMEX GLOBAL,12,NA EUROPE,VERTEX,RPS,0LU3731NRY0RZJ6,11.9
Billy,Barnett,XS11668,9281543,LUMEX GLOBAL,12,NA,VERTEX,RPS,NO_TS_NA,88.1
Peter,Cisneros,LY03280,3998225,GOLZEN DYNAMICS,12,APAC ASIA,NEXUS,FORFAIT,YFJTEWFDE2EMNIN,11.9
Peter,Cisneros,LY03280,3998225,GOLZEN DYNAMICS,12,MEA,NEXUS,FORFAIT,NO_TS_MEA,88.1
James,Kim,RY26785,5055204,KESTRA CONSULTING,12,MEA AFRICA,VERTEX,FORFAIT,3G416ENDOAUOCZU,9.52
James,Kim,RY26785,5055204,KESTRA CONSULTING,12,NA,VERTEX,FORFAIT,NO_TS_NA,90.48
Heather,Cruz,PL46939,7919739,ALCOR SOLUTIONS,12,NA OCEANIA,ORBIT,REGIE,E4ZB3SVLPBV5VO3,12.65
Heather,Cruz,PL46939,7919739,ALCOR SOLUTIONS,12,APAC,ORBIT,REGIE,NO_TS_APAC,87.35
Samuel,Schroeder,EW75942,5463185,DELVO DYNAMICS,12,MEA AMERICA,NOVA,REGIE,PTL9ZN5WTFYQJ6S,11.9
Anthony,Gilmore,QA04738,6595973,CENVEO GROUP,12,APAC AFRICA,PULSE,SUPPORT,CHN12CHDSZCLVSX,9.52
Barbara,Hines,KE19669,9644927,LUMEX SYSTEMS,12,EMEA AFRICA,NOVA,SUPPORT,8POPY3ROVHXJLTF,8.78
Barbara,Hines,KE19669,9644927,LUMEX SYSTEMS,12,LATAM,NOVA,SUPPORT,NO_TS_LATAM,91.22
Joseph,Long,TS86300,9327148,FORVEX SOLUTIONS,12,MEA ASIA,NOVA,SUPPORT,EH04BSNH7VWB880,7.44
Joseph,Long,TS86300,9327148,FORVEX SOLUTIONS,12,EMEA,NOVA,SUPPORT,NO_TS_EMEA,92.56
Stephen,Mcbride,JX29788,2085087,DELVO GROUP,12,APAC MENA,STELLAR,MAINTENANCE,EZHH5CBBTJA15L3,8.93
Stephen,Mcbride,JX29788,2085087,DELVO GROUP,12,NA,STELLAR,MAINTENANCE,NO_TS_NA,91.07
Jeff,Lee,HV98802,3882220,LUMEX DIGITAL,12,APAC MENA,STELLAR,REGIE,QGZ9EFLS0TVUYXS,11.9
Jeff,Lee,HV98802,3882220,LUMEX DIGITAL,12,NA,STELLAR,REGIE,NO_TS_NA,88.1
Brenda,Miller,QW36271,1058785,DELVO SOLUTIONS,12,CONT AFRICA,STELLAR,REGIE,DSFGXWA7WW12XOC,11.9
Brenda,Miller,QW36271,1058785,DELVO SOLUTIONS,12,MEA,STELLAR,REGIE,NO_TS_MEA,88.1
Heather,Nelson,YM07069,6723309,CENVEO VENTURES,12,APAC EUROPE,ORBIT,REGIE,5EVN3ZBI7S796BN,5.31
Heather,Nelson,YM07069,6723309,CENVEO VENTURES,12,CONT,ORBIT,REGIE,NO_TS_CONT,94.69
Stephanie,Gonzalez,UB74773,8705734,CENVEO DIGITAL,12,EMEA EUROPE,PHOENIX,SUPPORT,229JSB6NEIJ4QYN,10.42
Susan,Wilkinson,OQ35765,1180387,GOLZEN GROUP,12,NA MENA,VERTEX,REGIE,HIVROQ3PBGC779I,8.41
Susan,Wilkinson,OQ35765,1180387,GOLZEN GROUP,12,NA,VERTEX,REGIE,NO_TS_NA,91.59
Ann,Mason,VR11481,6489201,CENVEO GROUP,12,MEA OCEANIA,ATLAS,SUPPORT,1850U57RKCOF9KN,8.33
Ann,Mason,VR11481,6489201,CENVEO GROUP,12,EMEA,ATLAS,SUPPORT,NO_TS_EMEA,91.67
Charlotte,Pace,XK07201,6304148,LUMEX VENTURES,12,EMEA EUROPE,PHOENIX,REGIE,155U15L0ONRTLCV,9.52
Charlotte,Pace,XK07201,6304148,LUMEX VENTURES,12,NA,PHOENIX,REGIE,NO_TS_NA,90.48
Sandra,Smith,MJ14642,6931295,GOLZEN DYNAMICS,12,CONT AMERICA,ATLAS,FORFAIT,8MN52E6843PVXF1,9.52
Sandra,Smith,MJ14642,6931295,GOLZEN DYNAMICS,12,CONT,ATLAS,FORFAIT,NO_TS_CONT,90.48
Heather,Davila,RK48589,5085480,HYRION GROUP,12,LATAM OCEANIA,ATLAS,SUPPORT,K26A0HT6LXVY6KK,7.44
Heather,Davila,RK48589,5085480,HYRION GROUP,12,MEA,ATLAS,SUPPORT,NO_TS_MEA,92.56
Lisa,Kaufman,CF11888,3137297,CENVEO SYSTEMS,12,EMEA ASIA,NEXUS,MAINTENANCE,UHM850NRKD2F6TX,8.04
Lisa,Kaufman,CF11888,3137297,CENVEO SYSTEMS,12,EMEA,NEXUS,MAINTENANCE,NO_TS_EMEA,91.96
Craig,Miller,AI00810,9486287,DELVO SYSTEMS,12,MEA AMERICA,QUANTUM,FORFAIT,6CF6K8RCAZWTBNO,7.44
Ashley,Torres,IY86883,1865395,ETHOS SYSTEMS,12,LATAM AMERICA,STELLAR,FORFAIT,DDB9MPY9LYL0CNI,9.52
Jeanette,Camacho,EU68430,2121083,HYRION VENTURES,12,MEA AMERICA,PHOENIX,SUPPORT,UV4OQBBK7W7KS9S,9.52
Donna,Fitzgerald,IU96509,3442917,JALVIK GROUP,12,MEA MENA,QUANTUM,RPS,GQJ22BI90PC474L,9.52
Donna,Fitzgerald,IU96509,3442917,JALVIK GROUP,12,MEA,QUANTUM,RPS,NO_TS_MEA,90.48
Sarah,Kennedy,QS24592,9288661,ALCOR GROUP,12,EMEA MENA,PULSE,SUPPORT,G7F1UFOJ5O997DR,10.42
Michael,Rogers,VN09483,3324668,KESTRA SOLUTIONS,12,EMEA OCEANIA,NEXUS,REGIE,K9BM99WCANLH5QK,9.52
Michael,Rogers,VN09483,3324668,KESTRA SOLUTIONS,12,MEA,NEXUS,REGIE,NO_TS_MEA,90.48
Jason,Evans,WK58356,3294073,DELVO DIGITAL,12,EMEA EUROPE,NOVA,SUPPORT,YJA7VW783KAGVEW,10.71
Jason,Evans,WK58356,3294073,DELVO DIGITAL,12,APAC,NOVA,SUPPORT,NO_TS_APAC,89.29
Tyler,Stewart,WY70417,1087873,HYRION DYNAMICS,12,NA OCEANIA,NEXUS,RPS,T37GKU6SYZJM8W8,14.29
Tyler,Stewart,WY70417,1087873,HYRION DYNAMICS,12,LATAM,NEXUS,RPS,NO_TS_LATAM,85.71
Kristina,Martin,IG82391,9479097,GOLZEN VENTURES,12,LATAM MENA,PHOENIX,FORFAIT,DY13A1B54INW7PV,11.9
Kristina,Martin,IG82391,9479097,GOLZEN VENTURES,12,EMEA,PHOENIX,FORFAIT,NO_TS_EMEA,88.1
Allison,Woods,UU42656,9192362,ETHOS VENTURES,12,LATAM OCEANIA,ATLAS,FORFAIT,JDCZD32GBE3BATP,10.12
Allison,Woods,UU42656,9192362,ETHOS VENTURES,12,CONT,ATLAS,FORFAIT,NO_TS_CONT,89.88
Samuel,Evans,HY69964,5188903,ETHOS GROUP,12,LATAM ASIA,ORBIT,SUPPORT,64ASHQPWV4NCFVX,12.05
Samuel,Evans,HY69964,5188903,ETHOS GROUP,12,EMEA,ORBIT,SUPPORT,NO_TS_EMEA,87.95
Pamela,Long,SV68580,6361451,BRYTON GROUP,12,CONT MENA,VERTEX,REGIE,N4DQKOPR15MJCXA,9.52
Pamela,Long,SV68580,6361451,BRYTON GROUP,12,LATAM,VERTEX,REGIE,NO_TS_LATAM,90.48
Gina,Montes,RP07986,7746075,INOVA GROUP,12,LATAM MENA,NEXUS,REGIE,9RAYZL4XSA2HJWR,10.12
Gina,Montes,RP07986,7746075,INOVA GROUP,12,MEA,NEXUS,REGIE,NO_TS_MEA,89.88
James,Wilson,EN47303,6221217,ALCOR DIGITAL,12,CONT ASIA,VERTEX,RPS,BMSG7PBEJXOG14O,9.52
James,Wilson,EN47303,6221217,ALCOR DIGITAL,12,APAC,VERTEX,RPS,NO_TS_APAC,90.48
Rebecca,Ramirez,RV61505,6107161,ALCOR DYNAMICS,12,EMEA EUROPE,QUANTUM,REGIE,E4CB1T1MXWCRPDC,8.33
Rebecca,Ramirez,RV61505,6107161,ALCOR DYNAMICS,12,MEA,QUANTUM,REGIE,NO_TS_MEA,91.67
Julie,Rush,QU76863,9231313,HYRION SOLUTIONS,12,APAC AMERICA,ATLAS,REGIE,G3K3CV535AY6UY7,6.25
Jeffrey,Combs,FD59927,1238680,FORVEX GROUP,12,MEA EUROPE,STELLAR,REGIE,46CEMI0W97PDGCP,11.9
Jeffrey,Combs,FD59927,1238680,FORVEX GROUP,12,MEA,STELLAR,REGIE,NO_TS_MEA,88.1
Ryan,Davenport,SY84206,5640549,FORVEX SYSTEMS,12,APAC MENA,VERTEX,SUPPORT,MH4H2WKA9GRZ0LV,11.46
Ryan,Davenport,SY84206,5640549,FORVEX SYSTEMS,12,LATAM,VERTEX,SUPPORT,NO_TS_LATAM,88.54
Cindy,Davis,KF08232,1249970,ETHOS GROUP,12,MEA AMERICA,PULSE,FORFAIT,6FE0Q2SD9BWA1K4,9.52
Linda,Hill,AE14820,7861083,INOVA SYSTEMS,12,MEA AMERICA,STELLAR,MAINTENANCE,TOZCFNWF4608AT1,14.29
Ryan,Phillips,IP40185,7385806,ETHOS VENTURES,12,EMEA EUROPE,PULSE,SUPPORT,4JXFM3C56D0O1LB,9.52
Ryan,Phillips,IP40185,7385806,ETHOS VENTURES,12,APAC,PULSE,SUPPORT,NO_TS_APAC,90.48
Richard,King,HZ95511,7811177,INOVA DYNAMICS,12,EMEA OCEANIA,QUANTUM,REGIE,E5E9E8C09CZYQ8X,12.05
Richard,King,HZ95511,7811177,INOVA DYNAMICS,12,CONT,QUANTUM,REGIE,NO_TS_CONT,87.95
Caleb,Johnson,UN46820,2826877,CENVEO SOLUTIONS,12,APAC MENA,NEXUS,SUPPORT,1FZ4WF0Y0IPJYQ2,11.9
Caleb,Johnson,UN46820,2826877,CENVEO SOLUTIONS,12,MEA,NEXUS,SUPPORT,NO_TS_MEA,88.1
Rose,Lewis,MK27266,6407996,DELVO SYSTEMS,12,EMEA OCEANIA,STELLAR,MAINTENANCE,ZL15LUS1YN2AMYG,10.71
Charles,Tran,SD17695,3473869,HYRION DYNAMICS,12,NA EUROPE,PHOENIX,FORFAIT,2CFZN2875GG41RH,10.86
Charles,Tran,SD17695,3473869,HYRION DYNAMICS,12,NA,PHOENIX,FORFAIT,NO_TS_NA,89.14
Joseph,Collins,ZW72319,7622825,BRYTON DYNAMICS,12,APAC OCEANIA,STELLAR,REGIE,FHX2XT8P6YJTT72,9.82
John,Brown,XD05245,9886916,BRYTON DYNAMICS,12,APAC MENA,VERTEX,FORFAIT,YX7E1RO1G8S6P7H,7.59
John,Brown,XD05245,9886916,BRYTON DYNAMICS,12,NA,VERTEX,FORFAIT,NO_TS_NA,92.41
Charles,Peters,AA83606,9834435,ETHOS GROUP,12,MEA ASIA,ATLAS,FORFAIT,Q7RGSK38VPNKOXB,11.9
Charles,Peters,AA83606,9834435,ETHOS GROUP,12,NA,ATLAS,FORFAIT,NO_TS_NA,88.1
Tina,Craig,GM77884,3675696,CENVEO GLOBAL,12,EMEA OCEANIA,PHOENIX,FORFAIT,MXXACC8FPUUI2UE,5.36
Tina,Craig,GM77884,3675696,CENVEO GLOBAL,12,LATAM,PHOENIX,FORFAIT,NO_TS_LATAM,94.64
Jorge,Simmons,NG03935,7836488,DELVO VENTURES,12,EMEA ASIA,PULSE,REGIE,97Z8QUVMW5UCM54,9.52
Jorge,Simmons,NG03935,7836488,DELVO VENTURES,12,NA,PULSE,REGIE,NO_TS_NA,90.48
Phillip,Holmes,KE67272,4062410,ALCOR SOLUTIONS,12,LATAM ASIA,ATLAS,MAINTENANCE,F36G3475L5ITYD7,9.52
Veronica,Smith,BO84047,4732530,GOLZEN SOLUTIONS,12,MEA AMERICA,STELLAR,REGIE,HE9DHY5OSCJ0Q5R,8.93
Veronica,Smith,BO84047,4732530,GOLZEN SOLUTIONS,12,CONT,STELLAR,REGIE,NO_TS_CONT,91.07
Brian,Walters,GA60917,5933396,JALVIK DYNAMICS,12,LATAM ASIA,ORBIT,REGIE,24Z6TE9JW8293B4,25.0
Angela,Russo,CZ55926,9128409,DELVO DYNAMICS,12,LATAM EUROPE,NEXUS,REGIE,FJ0PMBVKERGEUQW,7.44
Angela,Russo,CZ55926,9128409,DELVO DYNAMICS,12,MEA,NEXUS,REGIE,NO_TS_MEA,92.56
Rebecca,Gillespie,EU40911,6400095,ALCOR CONSULTING,12,EMEA MENA,PHOENIX,MAINTENANCE,ZUTDY1LVMH2CSAE,10.12
Rebecca,Gillespie,EU40911,6400095,ALCOR CONSULTING,12,EMEA,PHOENIX,MAINTENANCE,NO_TS_EMEA,89.88
Kelsey,Mccormick,MV61999,2994918,ETHOS DYNAMICS,12,LATAM MENA,STELLAR,MAINTENANCE,75J3BXI2KKW3ZJ9,8.33
Kelsey,Mccormick,MV61999,2994918,ETHOS DYNAMICS,12,APAC,STELLAR,MAINTENANCE,NO_TS_APAC,91.67
Stephen,Stevens,QA96845,4872581,DELVO VENTURES,12,MEA ASIA,STELLAR,REGIE,NTRZXGKQ3UD56DU,12.05
Stephen,Stevens,QA96845,4872581,DELVO VENTURES,12,CONT,STELLAR,REGIE,NO_TS_CONT,87.95
Pamela,Marsh,TO96844,8834532,FORVEX GROUP,12,CONT AMERICA,ORBIT,MAINTENANCE,LNNT09BDKGT8BCM,7.44
Jennifer,Wade,RK96259,5395980,JALVIK TECH,12,MEA MENA,STELLAR,SUPPORT,C0SAHZU1EZ0NQK6,11.9
Jennifer,Wade,RK96259,5395980,JALVIK TECH,12,APAC,STELLAR,SUPPORT,NO_TS_APAC,88.1
Elizabeth,Mckee,XG62222,9564860,KESTRA DIGITAL,12,MEA OCEANIA,NOVA,SUPPORT,CY99UCF4RJHARVT,8.33
Elizabeth,Mckee,XG62222,9564860,KESTRA DIGITAL,12,EMEA,NOVA,SUPPORT,NO_TS_EMEA,91.67
Amy,Blair,WF17931,7859956,CENVEO DIGITAL,12,LATAM AFRICA,STELLAR,MAINTENANCE,5JRBDUFP455VF5D,9.52
Amy,Blair,WF17931,7859956,CENVEO DIGITAL,12,CONT,STELLAR,MAINTENANCE,NO_TS_CONT,90.48
Nicole,Richardson,EY24628,6230183,CENVEO CONSULTING,12,LATAM OCEANIA,NOVA,REGIE,P8WDZ0X0EJ2X51V,10.71
Nicole,Richardson,EY24628,6230183,CENVEO CONSULTING,12,NA,NOVA,REGIE,NO_TS_NA,89.29
Seth,Garcia,BA23538,6500017,BRYTON CONSULTING,12,NA OCEANIA,STELLAR,REGIE,X7LTPIFK8CWJDHU,9.52
Seth,Garcia,BA23538,6500017,BRYTON CONSULTING,12,APAC,STELLAR,REGIE,NO_TS_APAC,90.48
Roy,Brown,NP63276,4690625,HYRION DIGITAL,12,APAC EUROPE,ORBIT,MAINTENANCE,OIZD6HCV9P9FPTM,6.25
Roy,Brown,NP63276,4690625,HYRION DIGITAL,12,CONT,ORBIT,MAINTENANCE,NO_TS_CONT,93.75
Sharon,Hoffman,RE65027,4943848,FORVEX TECH,12,MEA OCEANIA,VERTEX,MAINTENANCE,Y0NN6YU4Z5582V9,11.9
Meghan,Joseph,KN68203,7768819,JALVIK GLOBAL,12,EMEA AFRICA,NOVA,FORFAIT,AKLFE0QYOL7B3Q3,11.9
Meghan,Joseph,KN68203,7768819,JALVIK GLOBAL,12,EMEA,NOVA,FORFAIT,NO_TS_EMEA,88.1
Christian,Cook,EW92415,7877923,GOLZEN VENTURES,12,EMEA MENA,NOVA,FORFAIT,ACWMJPWCKT5421E,14.58
Christian,Cook,EW92415,7877923,GOLZEN VENTURES,12,EMEA,NOVA,FORFAIT,NO_TS_EMEA,85.42
Rita,Guzman,TP28010,7907746,GOLZEN SYSTEMS,12,MEA MENA,QUANTUM,FORFAIT,SQUNZGRXU3QKXO0,8.51
Cassandra,Harris,PS23690,9324027,HYRION SYSTEMS,12,LATAM AFRICA,NEXUS,RPS,QXEV77ZJGOZBVVE,9.52
Cassandra,Harris,PS23690,9324027,HYRION SYSTEMS,12,CONT,NEXUS,RPS,NO_TS_CONT,90.48
Jonathan,Rodriguez,WL55444,4245264,FORVEX CONSULTING,12,CONT ASIA,ATLAS,RPS,VUP6XAFEJ1HPPVD,9.67
Jonathan,Rodriguez,WL55444,4245264,FORVEX CONSULTING,12,CONT,ATLAS,RPS,NO_TS_CONT,90.33
Victoria,Suarez,YP73875,3940812,GOLZEN DYNAMICS,12,APAC AMERICA,PULSE,FORFAIT,G947E3HKCZEBXM6,14.29
Robert,Rhodes,SD12804,7211169,HYRION CONSULTING,12,MEA AMERICA,ATLAS,REGIE,6Y6VSXKSGJB9XSV,8.33
Robert,Rhodes,SD12804,7211169,HYRION CONSULTING,12,MEA,ATLAS,REGIE,NO_TS_MEA,91.67
Tammy,Rice,CS94472,7139117,DELVO SOLUTIONS,12,APAC ASIA,QUANTUM,SUPPORT,9P0X4OTEO8NPZIJ,9.52
Tammy,Rice,CS94472,7139117,DELVO SOLUTIONS,12,NA,QUANTUM,SUPPORT,NO_TS_NA,90.48
Maureen,Martinez,ZP68044,5631529,CENVEO TECH,12,EMEA MENA,STELLAR,RPS,LF9FUHPTKBQGF9H,14.29
Maureen,Martinez,ZP68044,5631529,CENVEO TECH,12,LATAM,STELLAR,RPS,NO_TS_LATAM,85.71
Robert,Steele,FR57774,5243800,JALVIK CONSULTING,12,EMEA AMERICA,NEXUS,FORFAIT,2KJQ6WIESI38MK7,11.9
Robert,Steele,FR57774,5243800,JALVIK CONSULTING,12,CONT,NEXUS,FORFAIT,NO_TS_CONT,88.1
Stanley,Carr,FI35002,5099440,BRYTON DYNAMICS,12,NA OCEANIA,ATLAS,RPS,1BF9NJHUL0LXLRD,6.4
Stanley,Carr,FI35002,5099440,BRYTON DYNAMICS,12,EMEA,ATLAS,RPS,NO_TS_EMEA,93.6
Billy,Ibarra,EU40943,1554553,ETHOS GROUP,12,MEA ASIA,PULSE,MAINTENANCE,4UB1KBRY7REUHF4,13.1
Ernest,Kim,JT11830,3456456,ETHOS DYNAMICS,12,NA OCEANIA,PULSE,FORFAIT,ETDSPKAG2E40NWP,9.52
Ernest,Kim,JT11830,3456456,ETHOS DYNAMICS,12,LATAM,PULSE,FORFAIT,NO_TS_LATAM,90.48
Susan,Brown,SW53636,5648080,GOLZEN CONSULTING,12,MEA ASIA,PHOENIX,RPS,5F8ZO0CVDYQJ4AP,8.33
Susan,Brown,SW53636,5648080,GOLZEN CONSULTING,12,LATAM,PHOENIX,RPS,NO_TS_LATAM,91.67
Philip,Richardson,WO89260,4732805,LUMEX GROUP,12,LATAM ASIA,NOVA,SUPPORT,VVFBBD3QEPWJNO6,9.82
Philip,Richardson,WO89260,4732805,LUMEX GROUP,12,CONT,NOVA,SUPPORT,NO_TS_CONT,90.18
Jon,Villa,HD71607,9015833,JALVIK DIGITAL,12,MEA AFRICA,NEXUS,SUPPORT,YGFUL99MZFHI719,11.9
Jon,Villa,HD71607,9015833,JALVIK DIGITAL,12,LATAM,NEXUS,SUPPORT,NO_TS_LATAM,88.1
Amy,Lynch,MG91220,5816514,ALCOR DYNAMICS,12,APAC ASIA,STELLAR,REGIE,CP13X93SPH0EJW5,9.52
Amy,Lynch,MG91220,5816514,ALCOR DYNAMICS,12,LATAM,STELLAR,REGIE,NO_TS_LATAM,90.48
Kevin,Spence,EM04910,9359968,FORVEX GROUP,12,MEA MENA,PULSE,RPS,O1HF7XHI8G6EVLY,10.27
Kevin,Spence,EM04910,9359968,FORVEX GROUP,12,MEA,PULSE,RPS,NO_TS_MEA,89.73
Timothy,Johnson,VM12022,5754779,GOLZEN VENTURES,12,CONT OCEANIA,STELLAR,REGIE,0MVBAENLEFK833O,9.52
Timothy,Johnson,VM12022,5754779,GOLZEN VENTURES,12,APAC,STELLAR,REGIE,NO_TS_APAC,90.48
Justin,Frazier,WU62233,4708465,DELVO DYNAMICS,12,LATAM EUROPE,NEXUS,SUPPORT,AHW2GMHD71EY5FI,8.93
Bailey,Graham,XY72618,7865921,INOVA SOLUTIONS,12,LATAM OCEANIA,NOVA,RPS,UW5K6IDZT5Q4GKY,9.52
Bailey,Graham,XY72618,7865921,INOVA SOLUTIONS,12,MEA,NOVA,RPS,NO_TS_MEA,90.48
Rebecca,Lawson,BA90328,8298532,HYRION GROUP,12,APAC ASIA,STELLAR,SUPPORT,KFD0E0GT1MVAF9B,9.82
Rebecca,Lawson,BA90328,8298532,HYRION GROUP,12,APAC,STELLAR,SUPPORT,NO_TS_APAC,90.18
Judith,Green,WP52996,3735903,ALCOR DYNAMICS,12,MEA OCEANIA,QUANTUM,RPS,ROQE3XHSZ5GUT7W,12.05
Judith,Green,WP52996,3735903,ALCOR DYNAMICS,12,LATAM,QUANTUM,RPS,NO_TS_LATAM,87.95
Rebecca,Cain,GM19129,2544456,BRYTON SOLUTIONS,12,LATAM EUROPE,QUANTUM,RPS,UPJN8NR7RS5KKDA,7.14
Rebecca,Cain,GM19129,2544456,BRYTON SOLUTIONS,12,APAC,QUANTUM,RPS,NO_TS_APAC,92.86
Molly,Bowers,LR80933,4388464,LUMEX DIGITAL,12,MEA ASIA,PULSE,FORFAIT,GDGQP5GMED3XN0W,9.52
Molly,Bowers,LR80933,4388464,LUMEX DIGITAL,12,NA,PULSE,FORFAIT,NO_TS_NA,90.48
Carrie,Anderson,HO11945,9604224,ALCOR SOLUTIONS,12,APAC EUROPE,ORBIT,REGIE,M703JB2S6SGL83Z,8.18
Richard,Melton,OW17145,8876690,JALVIK DYNAMICS,12,CONT ASIA,PULSE,FORFAIT,3WQ5P7CAKYC2M4D,11.9
Debra,Mcdonald,TR84430,6142655,LUMEX TECH,12,EMEA ASIA,PHOENIX,MAINTENANCE,ATWUELHWJCXM4AY,9.52
Sarah,Charles,HD84902,7535329,DELVO GROUP,12,LATAM AMERICA,VERTEX,SUPPORT,N0RRIPHZKEE1Z8U,9.52
Sarah,Charles,HD84902,7535329,DELVO GROUP,12,NA,VERTEX,SUPPORT,NO_TS_NA,90.48
Judy,Patterson,PX69780,1817321,ETHOS SOLUTIONS,12,APAC AFRICA,STELLAR,FORFAIT,MJQVIPR3UT4B0YL,8.04
Pam,Diaz,GD13304,5071541,ETHOS GLOBAL,12,EMEA ASIA,ORBIT,RPS,D2S77C21WIYXG9U,9.52
Crystal,Lewis,YR51956,1175227,ALCOR VENTURES,12,CONT MENA,STELLAR,SUPPORT,IDR49UIMASQOHXK,9.52
Adam,Scott,JU62655,4270241,LUMEX DYNAMICS,12,NA OCEANIA,PHOENIX,SUPPORT,62XXL91N19RV1QI,11.9
Adam,Scott,JU62655,4270241,LUMEX DYNAMICS,12,LATAM,PHOENIX,SUPPORT,NO_TS_LATAM,88.1
Sharon,Osborn,BI88587,8671925,DELVO GLOBAL,12,EMEA AFRICA,STELLAR,REGIE,JLJPOVMVT7EFGCG,10.71
Elizabeth,Parker,BM92751,1124719,CENVEO DYNAMICS,12,EMEA OCEANIA,ATLAS,FORFAIT,W3102T3LH3ZHDGR,8.04
Elizabeth,Parker,BM92751,1124719,CENVEO DYNAMICS,12,MEA,ATLAS,FORFAIT,NO_TS_MEA,91.96
Charlotte,Jones,CN10926,1806886,DELVO SOLUTIONS,12,MEA OCEANIA,QUANTUM,SUPPORT,5CXXYI0H7L7KO9U,9.52
Joshua,Duncan,RW62609,4662642,BRYTON SYSTEMS,12,MEA MENA,STELLAR,SUPPORT,1VSK4LIJC283EPL,6.1
Joshua,Duncan,RW62609,4662642,BRYTON SYSTEMS,12,EMEA,STELLAR,SUPPORT,NO_TS_EMEA,93.9
Janice,Vang,XM47857,7065100,FORVEX VENTURES,12,CONT EUROPE,PHOENIX,SUPPORT,RKZGNMNCIZ5T4P0,16.52
Janice,Vang,XM47857,7065100,FORVEX VENTURES,12,MEA,PHOENIX,SUPPORT,NO_TS_MEA,83.48
Kevin,Mendez,KA86749,9887213,KESTRA TECH,12,EMEA AMERICA,STELLAR,RPS,32Z46BMJESSEJ6L,9.52
Kevin,Mendez,KA86749,9887213,KESTRA TECH,12,MEA,STELLAR,RPS,NO_TS_MEA,90.48
Danielle,Brandt,ZH97429,8055184,CENVEO DIGITAL,12,LATAM AMERICA,VERTEX,FORFAIT,X29XVKRLXZWBWCF,14.29
Danielle,Brandt,ZH97429,8055184,CENVEO DIGITAL,12,APAC,VERTEX,FORFAIT,NO_TS_APAC,85.71
Jeffrey,Gomez,NY00698,2573613,INOVA GROUP,12,MEA AMERICA,ORBIT,REGIE,6H8QGW33DB3UFF8,12.2
Jeffrey,Gomez,NY00698,2573613,INOVA GROUP,12,APAC,ORBIT,REGIE,NO_TS_APAC,87.8
Paul,Tran,KK66178,8284364,CENVEO CONSULTING,12,MEA ASIA,VERTEX,MAINTENANCE,FOODM0JQ0B7MJBK,11.9
Paul,Tran,KK66178,8284364,CENVEO CONSULTING,12,LATAM,VERTEX,MAINTENANCE,NO_TS_LATAM,88.1
Pamela,Torres,ED89895,4636882,LUMEX CONSULTING,12,APAC AMERICA,STELLAR,MAINTENANCE,06XX4LM66AOOFSH,5.95
Carol,Wyatt,PZ98803,5365442,FORVEX TECH,12,APAC ASIA,ATLAS,FORFAIT,KKYU5GGVHXYMFC5,9.52
Carol,Wyatt,PZ98803,5365442,FORVEX TECH,12,NA,ATLAS,FORFAIT,NO_TS_NA,90.48
Michelle,Mccann,VK75788,9177966,ETHOS SYSTEMS,12,CONT AFRICA,PHOENIX,RPS,NUS5NYCN68E2OJO,11.9
Michael,Garza,GA76327,8562725,INOVA SYSTEMS,12,MEA OCEANIA,NOVA,MAINTENANCE,LSKY1K8NVFD61D1,11.9
Alexis,Parker,SN36536,5366346,INOVA DIGITAL,12,MEA ASIA,QUANTUM,FORFAIT,HAX76VFY62MZJX9,11.9
Elaine,Gibson,FN32649,7900345,LUMEX VENTURES,12,EMEA AFRICA,VERTEX,RPS,9MZN6K44PBTOEP3,9.52
Elaine,Gibson,FN32649,7900345,LUMEX VENTURES,12,APAC,VERTEX,RPS,NO_TS_APAC,90.48
David,Delgado,WX37005,7051022,DELVO GROUP,12,CONT OCEANIA,VERTEX,REGIE,G8A6UIARZO2BFGT,10.71
David,Delgado,WX37005,7051022,DELVO GROUP,12,LATAM,VERTEX,REGIE,NO_TS_LATAM,89.29
Kathleen,Johnson,VV15352,1102701,INOVA SOLUTIONS,12,EMEA AMERICA,STELLAR,SUPPORT,7DCDV84QVIVBS7C,7.74
Michael,Ramirez,UW25115,5973884,ALCOR CONSULTING,12,NA AFRICA,PHOENIX,RPS,0E3S83YDSX9E483,11.9
Walter,Gordon,GZ73370,6345241,INOVA DIGITAL,12,NA OCEANIA,PULSE,SUPPORT,88PYGXT21SACBJH,8.33
Brian,Everett,HE62500,1942644,FORVEX SOLUTIONS,12,APAC OCEANIA,NEXUS,MAINTENANCE,O0M04V84DW4AXBL,11.9
Lisa,Deleon,YN14169,9042556,KESTRA GLOBAL,12,APAC EUROPE,VERTEX,MAINTENANCE,H1F5WL0NZH9AI7V,14.29
Lisa,Deleon,YN14169,9042556,KESTRA GLOBAL,12,MEA,VERTEX,MAINTENANCE,NO_TS_MEA,85.71
Lee,Chambers,ZJ76146,6191969,BRYTON SYSTEMS,12,EMEA EUROPE,PHOENIX,RPS,J1Z31Q2OE1PBGT1,7.29
Jonathan,Rodriguez,LH91925,5943387,DELVO SOLUTIONS,12,NA OCEANIA,QUANTUM,REGIE,G3WWAC634E351BB,11.9
Mario,Wiggins,XS98344,2431246,KESTRA DIGITAL,12,EMEA MENA,QUANTUM,RPS,AKT054RXBZPO7ZD,4.17
Mario,Wiggins,XS98344,2431246,KESTRA DIGITAL,12,CONT,QUANTUM,RPS,NO_TS_CONT,95.83
Phillip,Butler,BU02623,7693116,ETHOS VENTURES,12,EMEA MENA,PULSE,SUPPORT,QVRJ14RPOE0FIOU,10.27
Phillip,Butler,BU02623,7693116,ETHOS VENTURES,12,EMEA,PULSE,SUPPORT,NO_TS_EMEA,89.73
Noah,Wright,AO37712,2610322,ALCOR TECH,12,EMEA OCEANIA,VERTEX,MAINTENANCE,KS630GXERRQIHGK,7.59
Noah,Wright,AO37712,2610322,ALCOR TECH,12,MEA,VERTEX,MAINTENANCE,NO_TS_MEA,92.41
Kelly,Zamora,RE82131,8405446,INOVA SOLUTIONS,12,LATAM AFRICA,PHOENIX,REGIE,CYZYIXA9KG0Q0EH,7.29
Kelly,Zamora,RE82131,8405446,INOVA SOLUTIONS,12,APAC,PHOENIX,REGIE,NO_TS_APAC,92.71
Kimberly,Reid,SW15236,3874661,HYRION DYNAMICS,12,APAC OCEANIA,QUANTUM,RPS,KH4AMI1XUT9KE0K,7.14
Kimberly,Reid,SW15236,3874661,HYRION DYNAMICS,12,NA,QUANTUM,RPS,NO_TS_NA,92.86
Kaitlyn,Williams,MZ08157,6294180,BRYTON SOLUTIONS,12,LATAM OCEANIA,STELLAR,MAINTENANCE,9YSXFDHPEMZ4EX4,10.71
Kaitlyn,Williams,MZ08157,6294180,BRYTON SOLUTIONS,12,MEA,STELLAR,MAINTENANCE,NO_TS_MEA,89.29
Joan,Kidd,VJ31923,9949358,JALVIK CONSULTING,12,EMEA EUROPE,STELLAR,REGIE,YCZ7ZBZE3TGU3XB,7.29
Joan,Kidd,VJ31923,9949358,JALVIK CONSULTING,12,APAC,STELLAR,REGIE,NO_TS_APAC,92.71
Sharon,Lopez,IG98806,9346506,HYRION GROUP,12,CONT MENA,STELLAR,MAINTENANCE,CPXK76P5USJDM9Q,7.74
Sharon,Lopez,IG98806,9346506,HYRION GROUP,12,APAC,STELLAR,MAINTENANCE,NO_TS_APAC,92.26
Kaitlin,Johnson,UZ44153,5568541,LUMEX SYSTEMS,12,LATAM OCEANIA,ORBIT,SUPPORT,PI9OW3N8WKC9TN2,8.33
Kaitlin,Johnson,UZ44153,5568541,LUMEX SYSTEMS,12,LATAM,ORBIT,SUPPORT,NO_TS_LATAM,91.67
Patricia,Wilcox,CL31390,2682709,JALVIK CONSULTING,12,APAC ASIA,PULSE,RPS,38O0CWMAGR7MQ60,9.82
Jessica,Moss,XS28469,7549926,FORVEX SOLUTIONS,12,NA MENA,ATLAS,RPS,DHKQ0RNQJOFG4UM,11.61
Daisy,Howard,ZT66617,4352524,KESTRA TECH,12,MEA EUROPE,PHOENIX,FORFAIT,NI0Q5QXE3CYM9NU,7.74
Daisy,Howard,ZT66617,4352524,KESTRA TECH,12,MEA,PHOENIX,FORFAIT,NO_TS_MEA,92.26
Mark,Johnson,SZ62301,4917175,DELVO DYNAMICS,12,MEA ASIA,NEXUS,SUPPORT,RVBS4VFSAG9ERN7,9.67
Mark,Johnson,SZ62301,4917175,DELVO DYNAMICS,12,LATAM,NEXUS,SUPPORT,NO_TS_LATAM,90.33
Jason,Davis,OB01322,9029636,KESTRA SYSTEMS,12,LATAM MENA,NEXUS,FORFAIT,29JW8140T6C0Q2B,12.2
Jason,Davis,OB01322,9029636,KESTRA SYSTEMS,12,APAC,NEXUS,FORFAIT,NO_TS_APAC,87.8
Jose,Frazier,YM38769,8763968,INOVA GROUP,12,MEA ASIA,ORBIT,FORFAIT,KE337402A3PHDR8,14.29
Jose,Frazier,YM38769,8763968,INOVA GROUP,12,NA,ORBIT,FORFAIT,NO_TS_NA,85.71
Jeff,Rodriguez,EY85443,5875361,GOLZEN DIGITAL,12,MEA ASIA,QUANTUM,MAINTENANCE,AP3TY3Y2TPEKO4W,11.9
Jeff,Rodriguez,EY85443,5875361,GOLZEN DIGITAL,12,EMEA,QUANTUM,MAINTENANCE,NO_TS_EMEA,88.1
Ryan,Fisher,RN63484,7113381,FORVEX DIGITAL,12,EMEA ASIA,PULSE,MAINTENANCE,34Q6LAMF6VL45P5,9.52
Ryan,Fisher,RN63484,7113381,FORVEX DIGITAL,12,LATAM,PULSE,MAINTENANCE,NO_TS_LATAM,90.48
James,Hernandez,GK94068,4989007,HYRION SOLUTIONS,12,CONT AMERICA,PHOENIX,RPS,CJGLLEQTKVJJ0NV,11.9
Derrick,Allison,FJ24930,4622088,ETHOS SYSTEMS,12,APAC AFRICA,ATLAS,MAINTENANCE,IKO6VIKAIVF67G0,11.9
Derrick,Allison,FJ24930,4622088,ETHOS SYSTEMS,12,EMEA,ATLAS,MAINTENANCE,NO_TS_EMEA,88.1
Martha,Lee,CV97083,3265691,LUMEX GROUP,12,CONT AMERICA,ORBIT,REGIE,DBFQ1Q4R0PMJDH5,10.12
Martha,Lee,CV97083,3265691,LUMEX GROUP,12,APAC,ORBIT,REGIE,NO_TS_APAC,89.88
Carrie,King,UF50294,2682225,ETHOS GLOBAL,12,EMEA EUROPE,ORBIT,REGIE,GVIDOAM57UMXQT5,5.21
Carrie,King,UF50294,2682225,ETHOS GLOBAL,12,APAC,ORBIT,REGIE,NO_TS_APAC,94.79
Patricia,Walls,YH70565,5037485,BRYTON CONSULTING,12,EMEA ASIA,QUANTUM,RPS,GGQH9PFBA12V6RA,7.74
Patricia,Walls,YH70565,5037485,BRYTON CONSULTING,12,NA,QUANTUM,RPS,NO_TS_NA,92.26
Samantha,Haynes,KD80455,8549926,HYRION SYSTEMS,12,MEA MENA,PULSE,MAINTENANCE,9PK5ZU85D2AONEM,9.52
Samantha,Haynes,KD80455,8549926,HYRION SYSTEMS,12,LATAM,PULSE,MAINTENANCE,NO_TS_LATAM,90.48
Mary,Campbell,DH03881,9446989,JALVIK SYSTEMS,12,CONT OCEANIA,ATLAS,RPS,V3P0U0ZRRFOW7V8,8.33
Mary,Campbell,DH03881,9446989,JALVIK SYSTEMS,12,EMEA,ATLAS,RPS,NO_TS_EMEA,91.67
Steven,Barry,WZ70989,6294540,LUMEX TECH,12,LATAM EUROPE,ATLAS,FORFAIT,0GDRAJV2SXT9CJL,6.55
Kelly,Mays,FA85428,1585767,ALCOR SYSTEMS,12,CONT AMERICA,QUANTUM,SUPPORT,4M7QA0VMRAQU83Q,11.9
Kelly,Mays,FA85428,1585767,ALCOR SYSTEMS,12,NA,QUANTUM,SUPPORT,NO_TS_NA,88.1
Brett,Steele,VW92662,4974021,JALVIK DYNAMICS,12,CONT MENA,QUANTUM,SUPPORT,AY65M3YJ44UKI4U,9.52
Brett,Steele,VW92662,4974021,JALVIK DYNAMICS,12,NA,QUANTUM,SUPPORT,NO_TS_NA,90.48
Susan,Terry,OW66681,4039588,KESTRA SOLUTIONS,12,EMEA EUROPE,NOVA,REGIE,LCQRTD2L408Q89W,10.71
Susan,Terry,OW66681,4039588,KESTRA SOLUTIONS,12,LATAM,NOVA,REGIE,NO_TS_LATAM,89.29
Christopher,Stephens,GT86099,1829352,ETHOS SYSTEMS,12,NA MENA,VERTEX,FORFAIT,MUO6B1F69XT4HD6,10.12
Christopher,Stephens,GT86099,1829352,ETHOS SYSTEMS,12,CONT,VERTEX,FORFAIT,NO_TS_CONT,89.88
Sonya,Pineda,KX06219,3081953,CENVEO GROUP,12,LATAM AFRICA,PHOENIX,REGIE,S883ET8QLMAXWC4,9.52
Sonya,Pineda,KX06219,3081953,CENVEO GROUP,12,EMEA,PHOENIX,REGIE,NO_TS_EMEA,90.48
Amanda,Carson,WV97907,7513808,CENVEO VENTURES,12,CONT MENA,STELLAR,FORFAIT,VM4A90XFC5EOBHH,10.71
Amanda,Carson,WV97907,7513808,CENVEO VENTURES,12,NA,STELLAR,FORFAIT,NO_TS_NA,89.29
Jonathan,Ortiz,AD72805,8715714,KESTRA DYNAMICS,12,EMEA EUROPE,QUANTUM,MAINTENANCE,PHBJF3F848S1J5G,11.9
Jonathan,Ortiz,AD72805,8715714,KESTRA DYNAMICS,12,APAC,QUANTUM,MAINTENANCE,NO_TS_APAC,88.1
Aaron,Taylor,JK60172,4622200,LUMEX GROUP,12,MEA MENA,PHOENIX,FORFAIT,4UKCXA5XKPSPKDF,11.11
Aaron,Taylor,JK60172,4622200,LUMEX GROUP,12,NA,PHOENIX,FORFAIT,NO_TS_NA,88.89
Dustin,Hendricks,AR67448,6378684,FORVEX DYNAMICS,12,EMEA OCEANIA,STELLAR,SUPPORT,Z78DTM7NHAI0W2H,11.9
John,Hill,PE53926,4503823,ETHOS DIGITAL,12,LATAM OCEANIA,PHOENIX,MAINTENANCE,DWJLUZJ9DKKZQ5L,9.52
John,Hill,PE53926,4503823,ETHOS DIGITAL,12,NA,PHOENIX,MAINTENANCE,NO_TS_NA,90.48
Andrew,Mills,ON31530,7088254,HYRION VENTURES,12,EMEA MENA,PHOENIX,RPS,0NNSZ1S378YKR0O,11.9
Heather,Young,AK59857,6952599,DELVO SOLUTIONS,12,CONT OCEANIA,NOVA,FORFAIT,0XAMU04RGDKTFBE,7.44
Heather,Young,AK59857,6952599,DELVO SOLUTIONS,12,LATAM,NOVA,FORFAIT,NO_TS_LATAM,92.56
Rodney,Smith,LB61516,3983907,GOLZEN CONSULTING,12,NA ASIA,ORBIT,REGIE,SRQ2LC6QZ8YFVDV,11.9
Michelle,Griffin,NQ19066,5846707,GOLZEN GROUP,12,MEA OCEANIA,STELLAR,FORFAIT,QWO3BQM68F0AUXO,13.1
Michelle,Griffin,NQ19066,5846707,GOLZEN GROUP,12,APAC,STELLAR,FORFAIT,NO_TS_APAC,86.9
Cassandra,Sampson,KP36675,6295785,ETHOS SYSTEMS,12,NA EUROPE,QUANTUM,SUPPORT,2W9PYKCM2W0V46F,9.52
Jonathan,Olson,GX55051,5708498,KESTRA SOLUTIONS,12,CONT ASIA,ATLAS,REGIE,VKZ8YO5ELQ0ZH3G,9.52
Benjamin,Wade,SS32510,6099921,GOLZEN SYSTEMS,12,MEA MENA,ORBIT,SUPPORT,WXZJ31X337T5Y83,9.52
Benjamin,Wade,SS32510,6099921,GOLZEN SYSTEMS,12,LATAM,ORBIT,SUPPORT,NO_TS_LATAM,90.48
Marvin,Nicholson,SR10088,1519489,ALCOR SOLUTIONS,12,NA AMERICA,PULSE,RPS,ALEAWMWJXJ5TJI8,7.29
Marvin,Nicholson,SR10088,1519489,ALCOR SOLUTIONS,12,LATAM,PULSE,RPS,NO_TS_LATAM,92.71
Gary,Shaw,YU52494,2524995,LUMEX SOLUTIONS,12,CONT MENA,NEXUS,REGIE,2AGHPZBMVWDS478,9.52
Gary,Shaw,YU52494,2524995,LUMEX SOLUTIONS,12,NA,NEXUS,REGIE,NO_TS_NA,90.48
Donna,Hubbard,DD98956,4483491,DELVO GROUP,12,EMEA EUROPE,QUANTUM,REGIE,F29Z5JS7DNWZRWV,10.12
Donna,Hubbard,DD98956,4483491,DELVO GROUP,12,MEA,QUANTUM,REGIE,NO_TS_MEA,89.88
Alejandro,Williams,LA77694,7355353,HYRION CONSULTING,12,LATAM AMERICA,STELLAR,RPS,X8XEIUTYKZ2E0RG,10.42
Alejandro,Williams,LA77694,7355353,HYRION CONSULTING,12,MEA,STELLAR,RPS,NO_TS_MEA,89.58
Gary,Harmon,CL17069,4133329,JALVIK SYSTEMS,12,LATAM OCEANIA,PULSE,SUPPORT,7SR83NKZ1QQG1SJ,5.95
Stacy,Cooper,LH89644,9391834,DELVO VENTURES,12,CONT AMERICA,QUANTUM,RPS,6IS4HG1A8JJNAC5,9.52
Holly,Smith,MV66735,7135048,HYRION DIGITAL,12,LATAM ASIA,NOVA,REGIE,X78SAR39WZLMRP5,9.52
Holly,Smith,MV66735,7135048,HYRION DIGITAL,12,LATAM,NOVA,REGIE,NO_TS_LATAM,90.48
William,Harris,VD94949,7987427,FORVEX GLOBAL,12,MEA OCEANIA,NEXUS,SUPPORT,V1YXAFDWL016ZU1,16.37
William,Harris,VD94949,7987427,FORVEX GLOBAL,12,EMEA,NEXUS,SUPPORT,NO_TS_EMEA,83.63
Amy,Holden,JU32837,1881470,GOLZEN GLOBAL,12,LATAM EUROPE,PULSE,MAINTENANCE,OEEGSHF01493QMS,13.69
Amy,Holden,JU32837,1881470,GOLZEN GLOBAL,12,CONT,PULSE,MAINTENANCE,NO_TS_CONT,86.31
Christian,Edwards,HL70948,5756546,ETHOS TECH,12,APAC AFRICA,NEXUS,SUPPORT,9UUMTOSIQS4E9IM,14.29
Christian,Edwards,HL70948,5756546,ETHOS TECH,12,CONT,NEXUS,SUPPORT,NO_TS_CONT,85.71
Kenneth,Gentry,XF09515,5835250,LUMEX SOLUTIONS,12,LATAM OCEANIA,PULSE,SUPPORT,L9VCHUG07T0EQ0Z,14.29
Susan,Nielsen,VI88577,9289669,LUMEX DIGITAL,12,EMEA ASIA,QUANTUM,FORFAIT,CV5C8GCK70JB1ED,7.44
Susan,Nielsen,VI88577,9289669,LUMEX DIGITAL,12,EMEA,QUANTUM,FORFAIT,NO_TS_EMEA,92.56
Lisa,Warner,ES12753,4429756,FORVEX VENTURES,12,LATAM ASIA,QUANTUM,MAINTENANCE,3FRCX1QG1RSBSHQ,10.12
Lisa,Warner,ES12753,4429756,FORVEX VENTURES,12,CONT,QUANTUM,MAINTENANCE,NO_TS_CONT,89.88
Patricia,Hickman,WY43965,1130309,INOVA DIGITAL,12,APAC OCEANIA,ORBIT,REGIE,RW41QKIOF8H03XN,10.12
John,Hall,ZN90553,6495198,INOVA DIGITAL,12,APAC MENA,PHOENIX,FORFAIT,GJT2OBBORNBIESV,12.5
John,Hall,ZN90553,6495198,INOVA DIGITAL,12,NA,PHOENIX,FORFAIT,NO_TS_NA,87.5
David,Fowler,IH55070,3893209,HYRION DYNAMICS,12,LATAM MENA,QUANTUM,FORFAIT,KKMTLBDE8HH3C35,9.52
Aaron,Edwards,VT30489,5030429,DELVO SYSTEMS,12,EMEA AMERICA,PULSE,REGIE,2Q3I4WO9L9IUE1J,9.52
Aaron,Edwards,VT30489,5030429,DELVO SYSTEMS,12,APAC,PULSE,REGIE,NO_TS_APAC,90.48
Cindy,Smith,FP63470,4219909,DELVO TECH,12,EMEA ASIA,PULSE,MAINTENANCE,MRIFJ94BFNR58FR,11.9
Kathy,Taylor,SV62238,8182274,CENVEO SYSTEMS,12,CONT EUROPE,NEXUS,MAINTENANCE,G4ADP0Y5GLZRKXI,6.55
Kathy,Taylor,SV62238,8182274,CENVEO SYSTEMS,12,LATAM,NEXUS,MAINTENANCE,NO_TS_LATAM,93.45
Joseph,Williams,UJ36090,7507752,HYRION DIGITAL,12,APAC AMERICA,PULSE,FORFAIT,93XG6YZNXXEJFR2,10.71
Joseph,Williams,UJ36090,7507752,HYRION DIGITAL,12,APAC,PULSE,FORFAIT,NO_TS_APAC,89.29
Kenneth,Flores,UM03913,6705224,CENVEO GROUP,12,NA AMERICA,PHOENIX,FORFAIT,44J269XFTDCIP5J,10.71
Timothy,Mckenzie,GR28585,5667487,DELVO GLOBAL,12,EMEA MENA,NEXUS,MAINTENANCE,B7O5QK8GCDT7NHQ,11.9
Timothy,Mckenzie,GR28585,5667487,DELVO GLOBAL,12,LATAM,NEXUS,MAINTENANCE,NO_TS_LATAM,88.1
Phyllis,Lloyd,GO83412,3101433,FORVEX GLOBAL,12,LATAM OCEANIA,VERTEX,RPS,S6CP6ULWX1VPDFP,9.82
Phyllis,Lloyd,GO83412,3101433,FORVEX GLOBAL,12,LATAM,VERTEX,RPS,NO_TS_LATAM,90.18
Matthew,Clark,GL60958,5669242,LUMEX DIGITAL,12,NA ASIA,PHOENIX,FORFAIT,W9BZNBULORWE78P,9.52
Matthew,Clark,GL60958,5669242,LUMEX DIGITAL,12,LATAM,PHOENIX,FORFAIT,NO_TS_LATAM,90.48
Amy,Parker,QU88061,1868445,ALCOR SYSTEMS,12,LATAM AMERICA,PHOENIX,RPS,72XPB8SIQC2STZD,11.9
Amy,Parker,QU88061,1868445,ALCOR SYSTEMS,12,CONT,PHOENIX,RPS,NO_TS_CONT,88.1
Richard,Francis,TG75965,1573641,DELVO SYSTEMS,12,NA OCEANIA,NEXUS,MAINTENANCE,UIHUK1AOAMV43HA,7.44
Richard,Francis,TG75965,1573641,DELVO SYSTEMS,12,APAC,NEXUS,MAINTENANCE,NO_TS_APAC,92.56
Austin,Avila,UE59235,1642661,GOLZEN GLOBAL,12,NA OCEANIA,PULSE,REGIE,H5GXHC39Y5A5F0M,9.52
Austin,Avila,UE59235,1642661,GOLZEN GLOBAL,12,EMEA,PULSE,REGIE,NO_TS_EMEA,90.48
Angela,Roman,AO49784,4920724,GOLZEN GROUP,12,APAC ASIA,NOVA,SUPPORT,EZZY03UXBPHB4JO,11.9
Karina,Fuller,FP99434,8644906,CENVEO DYNAMICS,12,LATAM MENA,QUANTUM,RPS,UDWDVVH8CEVKXHO,14.29
Jordan,Mcgrath,WA12979,5844317,INOVA TECH,12,MEA AMERICA,ATLAS,RPS,VRL7A17NPDRD02Q,11.31
Jordan,Mcgrath,WA12979,5844317,INOVA TECH,12,NA,ATLAS,RPS,NO_TS_NA,88.69
Ernest,Thompson,BW41024,7198743,GOLZEN SOLUTIONS,12,NA MENA,PHOENIX,RPS,MZFXFYJKIXIFWN5,10.57
Mathew,Martinez,IR51434,8906755,LUMEX DIGITAL,12,CONT AMERICA,ORBIT,MAINTENANCE,GSYTVISGQA04EA3,8.33
Bethany,Moreno,HD97847,3887309,LUMEX SYSTEMS,12,MEA OCEANIA,PHOENIX,SUPPORT,BIUQ3RYCEQ0QRAT,9.38
Tyler,Wilcox,WP81779,1122534,GOLZEN GROUP,12,APAC MENA,STELLAR,MAINTENANCE,BFR73RHQZYKRU3V,9.52
Tyler,Wilcox,WP81779,1122534,GOLZEN GROUP,12,MEA,STELLAR,MAINTENANCE,NO_TS_MEA,90.48
Rachel,Cook,XG23208,4494562,INOVA SOLUTIONS,12,MEA OCEANIA,ATLAS,SUPPORT,EH8W1MFWZMYTPHB,10.86
Rachel,Cook,XG23208,4494562,INOVA SOLUTIONS,12,APAC,ATLAS,SUPPORT,NO_TS_APAC,89.14
Jennifer,White,GW86725,5242731,GOLZEN SYSTEMS,12,NA OCEANIA,NEXUS,MAINTENANCE,80UV13JIC18P5XD,9.52
Jennifer,White,GW86725,5242731,GOLZEN SYSTEMS,12,LATAM,NEXUS,MAINTENANCE,NO_TS_LATAM,90.48
Allen,Gonzalez,VJ41327,3001295,FORVEX GLOBAL,12,MEA AFRICA,PHOENIX,SUPPORT,SSEEINF3GZS2XCA,9.82
Allen,Gonzalez,VJ41327,3001295,FORVEX GLOBAL,12,CONT,PHOENIX,SUPPORT,NO_TS_CONT,90.18
Isabel,Garcia,UF43144,1117531,DELVO DYNAMICS,12,MEA ASIA,PHOENIX,REGIE,BKZW8KDTLZ895VQ,9.52
Isabel,Garcia,UF43144,1117531,DELVO DYNAMICS,12,APAC,PHOENIX,REGIE,NO_TS_APAC,90.48
Donald,Singleton,RS15318,3914228,JALVIK DIGITAL,12,EMEA MENA,ATLAS,FORFAIT,V0BHV5WT7Z8ATN0,8.33
Donald,Singleton,RS15318,3914228,JALVIK DIGITAL,12,LATAM,ATLAS,FORFAIT,NO_TS_LATAM,91.67
Holly,Bird,LJ71956,5460125,FORVEX CONSULTING,12,LATAM AFRICA,ATLAS,REGIE,W4TNXU8JKKZMD41,11.9
Holly,Bird,LJ71956,5460125,FORVEX CONSULTING,12,MEA,ATLAS,REGIE,NO_TS_MEA,88.1
Heather,Russell,WL66069,3109389,BRYTON DIGITAL,12,CONT AMERICA,PULSE,RPS,ZH3XNY8QN25BI7K,9.52
Matthew,Carroll,NM55470,8722268,CENVEO SYSTEMS,12,EMEA EUROPE,NOVA,REGIE,QYNAWOQXP4X6HQE,10.42
Matthew,Carroll,NM55470,8722268,CENVEO SYSTEMS,12,APAC,NOVA,REGIE,NO_TS_APAC,89.58
Derek,Garrett,BU44452,4451643,GOLZEN CONSULTING,12,EMEA MENA,QUANTUM,REGIE,AYUYZ6KUYLJ9GXF,7.74
Derek,Garrett,BU44452,4451643,GOLZEN CONSULTING,12,CONT,QUANTUM,REGIE,NO_TS_CONT,92.26
Patricia,Garcia,ZQ97953,6034183,ETHOS DYNAMICS,12,CONT MENA,PULSE,MAINTENANCE,3EVDTK6O0OGY7DT,11.9
Patricia,Garcia,ZQ97953,6034183,ETHOS DYNAMICS,12,LATAM,PULSE,MAINTENANCE,NO_TS_LATAM,88.1
Brooke,Thomas,QM44211,5485925,JALVIK GLOBAL,12,EMEA AMERICA,PHOENIX,SUPPORT,XIJ0DV05XZ9BC9G,9.52
Gregory,Castillo,CN57658,7448591,JALVIK DYNAMICS,12,NA OCEANIA,PHOENIX,FORFAIT,S0AGQPQHWH2LAM3,11.9
Travis,Parks,MF57357,8224100,LUMEX CONSULTING,12,CONT AMERICA,PHOENIX,REGIE,8JPEQFJ6EEB9ZG0,9.23
Travis,Parks,MF57357,8224100,LUMEX CONSULTING,12,APAC,PHOENIX,REGIE,NO_TS_APAC,90.77
Bobby,Taylor,ZL27647,4371103,BRYTON CONSULTING,12,CONT ASIA,VERTEX,MAINTENANCE,NSVHWWPQZFXJR8T,8.63
Bobby,Taylor,ZL27647,4371103,BRYTON CONSULTING,12,NA,VERTEX,MAINTENANCE,NO_TS_NA,91.37
Kimberly,Rasmussen,WJ93144,3599240,GOLZEN CONSULTING,12,CONT MENA,STELLAR,SUPPORT,4RSSAPJ0FH4TKUP,8.04
Kimberly,Rasmussen,WJ93144,3599240,GOLZEN CONSULTING,12,LATAM,STELLAR,SUPPORT,NO_TS_LATAM,91.96
Paula,Moss,HQ49826,9470628,INOVA GROUP,12,MEA AFRICA,NEXUS,MAINTENANCE,J9IW24L6YUED32L,6.55
Paula,Moss,HQ49826,9470628,INOVA GROUP,12,APAC,NEXUS,MAINTENANCE,NO_TS_APAC,93.45
Alvin,Le,RT68968,9713856,DELVO GLOBAL,12,MEA MENA,ATLAS,RPS,17OAXBGXDWK4A45,8.63
Joseph,Smith,FE44117,9603544,HYRION CONSULTING,12,NA AFRICA,STELLAR,MAINTENANCE,K8D3UXHMO1VGSFZ,10.42
Joseph,Smith,FE44117,9603544,HYRION CONSULTING,12,MEA,STELLAR,MAINTENANCE,NO_TS_MEA,89.58
Kim,Leach,BP29377,5773761,LUMEX GLOBAL,12,MEA EUROPE,QUANTUM,RPS,BS6ZJV32UV47AYU,13.69
Erin,Adams,TF78888,1448809,ALCOR GLOBAL,12,EMEA AMERICA,QUANTUM,SUPPORT,V7TV4JFR4A1TW93,7.74
Erin,Adams,TF78888,1448809,ALCOR GLOBAL,12,NA,QUANTUM,SUPPORT,NO_TS_NA,92.26
Michael,Mckinney,CX69450,9368200,LUMEX DYNAMICS,12,MEA AFRICA,PULSE,REGIE,LCVHJWKS6DD5XUX,11.46
Michael,Mckinney,CX69450,9368200,LUMEX DYNAMICS,12,LATAM,PULSE,REGIE,NO_TS_LATAM,88.54
Laura,Potter,IV34102,5038691,BRYTON DIGITAL,12,MEA ASIA,NOVA,REGIE,BPJXPOQRHH11SBP,9.52
Laura,Potter,IV34102,5038691,BRYTON DIGITAL,12,NA,NOVA,REGIE,NO_TS_NA,90.48
Katie,Lee,TW23589,7308875,HYRION GLOBAL,12,MEA AMERICA,PHOENIX,SUPPORT,L59O02IH98T2N53,10.42
Wayne,Donaldson,OT61927,9115141,ETHOS CONSULTING,12,CONT AMERICA,PHOENIX,MAINTENANCE,FSB7HXVG7BN8XKI,10.12
Melissa,Kim,QQ16299,9558072,HYRION VENTURES,12,NA AFRICA,STELLAR,SUPPORT,8TEPULHQCY0KR8C,10.71
Jade,Blackburn,FJ61975,7182317,LUMEX VENTURES,12,LATAM MENA,PHOENIX,MAINTENANCE,6UJJT1CZDBHFG4T,9.52
Laura,Carlson,VM78405,8714025,JALVIK SYSTEMS,12,CONT EUROPE,QUANTUM,FORFAIT,XX2MJUFWMV3J5JC,9.52
Eileen,Wilson,GG18145,8983808,FORVEX SOLUTIONS,12,LATAM OCEANIA,QUANTUM,SUPPORT,XE6DPKNEPCX65T0,8.93
Eileen,Wilson,GG18145,8983808,FORVEX SOLUTIONS,12,MEA,QUANTUM,SUPPORT,NO_TS_MEA,91.07
Juan,Schroeder,GM34070,6511071,CENVEO GROUP,12,MEA EUROPE,PHOENIX,RPS,O6GA04C7J24674Y,12.2
Juan,Schroeder,GM34070,6511071,CENVEO GROUP,12,MEA,PHOENIX,RPS,NO_TS_MEA,87.8
Jessica,Vargas,KB64777,3256256,FORVEX DYNAMICS,12,MEA ASIA,VERTEX,FORFAIT,AXHBAPWKOAV0AB7,11.9
Jessica,Vargas,KB64777,3256256,FORVEX DYNAMICS,12,NA,VERTEX,FORFAIT,NO_TS_NA,88.1
Courtney,Sanford,EW49291,4854531,HYRION CONSULTING,12,EMEA OCEANIA,VERTEX,MAINTENANCE,5OJKADWYOEGFKG6,14.29
Courtney,Sanford,EW49291,4854531,HYRION CONSULTING,12,LATAM,VERTEX,MAINTENANCE,NO_TS_LATAM,85.71
Xavier,Brown,VL15443,6540283,JALVIK GLOBAL,12,APAC AMERICA,STELLAR,MAINTENANCE,ADR16DMZ8GURRHH,11.9
Xavier,Brown,VL15443,6540283,JALVIK GLOBAL,12,APAC,STELLAR,MAINTENANCE,NO_TS_APAC,88.1
Anthony,Cook,ZA56920,4133808,FORVEX VENTURES,12,MEA AFRICA,PULSE,REGIE,CJISCSBLNPI2G0F,8.48
Thomas,Bowen,LQ31002,7611426,BRYTON DYNAMICS,12,APAC OCEANIA,ORBIT,MAINTENANCE,MP59ENZLA84SGVO,11.9
Thomas,Bowen,LQ31002,7611426,BRYTON DYNAMICS,12,NA,ORBIT,MAINTENANCE,NO_TS_NA,88.1
Lindsay,Ochoa,UG17969,4485981,KESTRA TECH,12,APAC EUROPE,VERTEX,RPS,SEQSPLFBB9UD63L,11.9
Lindsay,Ochoa,UG17969,4485981,KESTRA TECH,12,CONT,VERTEX,RPS,NO_TS_CONT,88.1
Tiffany,Hansen,WD57764,7161508,BRYTON DYNAMICS,12,APAC AFRICA,ORBIT,MAINTENANCE,2NNLLCCMGZ63ZZY,10.12
Craig,Rollins,VS57278,1761241,ETHOS GLOBAL,12,MEA OCEANIA,NOVA,SUPPORT,L1IBY2Z6OWE0XOC,9.52
Valerie,Dunn,CF17334,2064878,KESTRA GLOBAL,12,EMEA EUROPE,ATLAS,SUPPORT,ZB4CX4Y7YJCKNDT,11.9
Mario,Johnson,UH30351,3021971,DELVO GROUP,12,LATAM AMERICA,ATLAS,SUPPORT,CMD1YC5DST0XF5U,8.48
Mario,Johnson,UH30351,3021971,DELVO GROUP,12,LATAM,ATLAS,SUPPORT,NO_TS_LATAM,91.52
Amy,Bradley,SE61004,5502209,KESTRA SOLUTIONS,12,MEA AMERICA,ATLAS,MAINTENANCE,TYS0PKTO5CRFFM8,7.44
Amy,Bradley,SE61004,5502209,KESTRA SOLUTIONS,12,APAC,ATLAS,MAINTENANCE,NO_TS_APAC,92.56
Kelsey,Chavez,WY55996,8880306,JALVIK DIGITAL,12,NA MENA,PHOENIX,SUPPORT,71W02AUC8I4UJDZ,8.33
Kelsey,Chavez,WY55996,8880306,JALVIK DIGITAL,12,CONT,PHOENIX,SUPPORT,NO_TS_CONT,91.67
James,Tran,YF19695,8362990,BRYTON SYSTEMS,12,NA AMERICA,PULSE,FORFAIT,VJ60JG2Y77T0CTM,12.5
James,Tran,YF19695,8362990,BRYTON SYSTEMS,12,EMEA,PULSE,FORFAIT,NO_TS_EMEA,87.5
Ashley,Hansen,VX51512,8848509,BRYTON SOLUTIONS,12,MEA MENA,PHOENIX,MAINTENANCE,0JYMHBR1ZC2SW2C,7.29
Ashley,Hansen,VX51512,8848509,BRYTON SOLUTIONS,12,MEA,PHOENIX,MAINTENANCE,NO_TS_MEA,92.71
Anna,Kelly,WH53541,8962892,HYRION DIGITAL,12,MEA EUROPE,PHOENIX,RPS,ZA37ZG15M33SBXR,8.33
Barbara,Friedman,FQ73902,5734148,ALCOR TECH,12,CONT AMERICA,STELLAR,MAINTENANCE,7NGZGLNBY7UQTMP,11.9
David,Ross,ST96886,5892581,INOVA DIGITAL,12,APAC OCEANIA,QUANTUM,REGIE,1PANW3V9VKC7J0R,10.71
David,Ross,ST96886,5892581,INOVA DIGITAL,12,APAC,QUANTUM,REGIE,NO_TS_APAC,89.29
Shannon,Craig,GH83507,3597353,CENVEO CONSULTING,12,LATAM AMERICA,NOVA,RPS,S7J9XLGA3O50PUY,7.74
Shannon,Craig,GH83507,3597353,CENVEO CONSULTING,12,CONT,NOVA,RPS,NO_TS_CONT,92.26
Pamela,Gross,IN40686,9695248,KESTRA SYSTEMS,12,NA ASIA,VERTEX,MAINTENANCE,YADWXKH2HJL38SH,9.52
Holly,Sanders,PJ87703,6752036,ETHOS VENTURES,12,EMEA EUROPE,ATLAS,SUPPORT,P0Q1MQ6B1PO13PI,12.5
Matthew,Roberts,IX57270,8268577,INOVA CONSULTING,12,APAC MENA,NEXUS,FORFAIT,VJFLSU86AD17AUV,7.74
Matthew,Roberts,IX57270,8268577,INOVA CONSULTING,12,EMEA,NEXUS,FORFAIT,NO_TS_EMEA,92.26
David,Wagner,EK45461,4563148,LUMEX TECH,12,MEA EUROPE,ATLAS,FORFAIT,X6R9C3DXW0ZL64A,8.04
David,Wagner,EK45461,4563148,LUMEX TECH,12,MEA,ATLAS,FORFAIT,NO_TS_MEA,91.96
Catherine,Houston,LM27697,7085809,HYRION CONSULTING,12,LATAM AMERICA,VERTEX,REGIE,HU562MN2GOJIQIR,9.52
Catherine,Houston,LM27697,7085809,HYRION CONSULTING,12,LATAM,VERTEX,REGIE,NO_TS_LATAM,90.48
William,Allen,RQ21496,2200368,ETHOS GROUP,12,EMEA EUROPE,NEXUS,MAINTENANCE,0884DK9XSK8O98T,8.04
William,Allen,RQ21496,2200368,ETHOS GROUP,12,LATAM,NEXUS,MAINTENANCE,NO_TS_LATAM,91.96
Ashley,Martin,DW76274,2336538,LUMEX SOLUTIONS,12,NA OCEANIA,STELLAR,RPS,QEB14WO0478WFHU,11.9
Ashley,Martin,DW76274,2336538,LUMEX SOLUTIONS,12,CONT,STELLAR,RPS,NO_TS_CONT,88.1
Brandon,Martinez,YL95162,2201968,JALVIK SOLUTIONS,12,APAC AMERICA,ORBIT,SUPPORT,J0P2X0F1M5Q6QUB,9.52
Catherine,Stewart,WM65056,5780431,DELVO GLOBAL,12,APAC AMERICA,ORBIT,MAINTENANCE,EL2DMU32L832MM7,10.86
Catherine,Stewart,WM65056,5780431,DELVO GLOBAL,12,MEA,ORBIT,MAINTENANCE,NO_TS_MEA,89.14
Ethan,Maxwell,PP92774,3261184,GOLZEN TECH,12,CONT AFRICA,PULSE,REGIE,5FM27BDVQZSLTR4,9.52
Ethan,Maxwell,PP92774,3261184,GOLZEN TECH,12,LATAM,PULSE,REGIE,NO_TS_LATAM,90.48
Elizabeth,Mclaughlin,CU77263,3808499,INOVA GLOBAL,12,MEA AFRICA,ORBIT,FORFAIT,Y240WYAB28J5FC4,7.14
Elizabeth,Mclaughlin,CU77263,3808499,INOVA GLOBAL,12,LATAM,ORBIT,FORFAIT,NO_TS_LATAM,92.86
Amanda,Goodman,FT89343,1198241,FORVEX TECH,12,CONT ASIA,NOVA,REGIE,5BIAKE6EIDTBB0S,12.8
Ashley,Hernandez,NO41277,1361798,HYRION DYNAMICS,12,EMEA MENA,QUANTUM,MAINTENANCE,EY7YMDE39DYBSB6,14.29
Gabriela,Garcia,EM73167,4550682,ETHOS GROUP,12,LATAM MENA,QUANTUM,REGIE,3HIUH0JVZ1RKAP3,10.12
Gabriela,Garcia,EM73167,4550682,ETHOS GROUP,12,EMEA,QUANTUM,REGIE,NO_TS_EMEA,89.88
David,Foster,VB38375,8470825,DELVO DIGITAL,12,APAC OCEANIA,PHOENIX,SUPPORT,QP40ECJ9HWE7LVX,8.33
Lindsey,Garza,AY87933,2550721,CENVEO GROUP,12,NA OCEANIA,STELLAR,FORFAIT,C3LXZCZGQ1VQSWD,9.52
Jennifer,Davis,XW23682,8038184,GOLZEN DIGITAL,12,NA MENA,PULSE,SUPPORT,MB6M37O0YKQ4BB0,9.52
Jennifer,Davis,XW23682,8038184,GOLZEN DIGITAL,12,LATAM,PULSE,SUPPORT,NO_TS_LATAM,90.48
James,Lucero,PJ01476,3892253,JALVIK GLOBAL,12,EMEA ASIA,ORBIT,RPS,CL9VK55PL94XE7O,16.67
Daniel,Mcdaniel,FA81967,3672483,GOLZEN TECH,12,APAC EUROPE,PULSE,FORFAIT,QB2EB5HSEVVZNU2,9.52
Eric,Pace,MA75688,1718103,KESTRA SYSTEMS,12,APAC AMERICA,VERTEX,RPS,9BMPI48FHESSOJJ,9.52
Alexander,Castillo,NT36301,9886474,GOLZEN TECH,12,MEA ASIA,QUANTUM,REGIE,D7PYK6E75IYBWKX,9.52
Alexander,Castillo,NT36301,9886474,GOLZEN TECH,12,NA,QUANTUM,REGIE,NO_TS_NA,90.48
Michele,Gonzalez,CU90265,1332556,FORVEX GROUP,12,LATAM ASIA,NOVA,SUPPORT,2R5P95ZKID60TY5,9.52
Ronald,Phillips,BM72320,2210720,KESTRA DIGITAL,12,LATAM EUROPE,PHOENIX,MAINTENANCE,JYOVOJERR8UY8D2,9.52
Ronald,Phillips,BM72320,2210720,KESTRA DIGITAL,12,NA,PHOENIX,MAINTENANCE,NO_TS_NA,90.48
Karen,Manning,SU29327,6393796,JALVIK SYSTEMS,12,CONT AFRICA,PHOENIX,FORFAIT,XZ3DVPETN5Q4KYN,9.52
Karen,Manning,SU29327,6393796,JALVIK SYSTEMS,12,LATAM,PHOENIX,FORFAIT,NO_TS_LATAM,90.48
Robert,Williams,ID86165,9736721,CENVEO DIGITAL,12,LATAM AMERICA,NEXUS,RPS,G2O6XBFPTWXN3N2,8.33
Robert,Williams,ID86165,9736721,CENVEO DIGITAL,12,MEA,NEXUS,RPS,NO_TS_MEA,91.67
Timothy,Williams,SU19932,9185147,DELVO TECH,12,CONT EUROPE,NEXUS,RPS,KEPB7E7O2OYBJQM,10.12
Timothy,Williams,SU19932,9185147,DELVO TECH,12,MEA,NEXUS,RPS,NO_TS_MEA,89.88
Daniel,King,XY62070,8668547,KESTRA TECH,12,APAC MENA,PULSE,SUPPORT,IFOVF4MG92F2CNZ,9.52
Daniel,King,XY62070,8668547,KESTRA TECH,12,APAC,PULSE,SUPPORT,NO_TS_APAC,90.48
Mary,Dillon,IL47542,7880795,BRYTON DYNAMICS,12,LATAM EUROPE,QUANTUM,SUPPORT,XYW5ASAY6DS9D2M,6.85
Kristen,Porter,SH46221,1076471,FORVEX DIGITAL,12,NA ASIA,PHOENIX,FORFAIT,4P6IUTYKLFGC9TA,11.9
Kristen,Porter,SH46221,1076471,FORVEX DIGITAL,12,CONT,PHOENIX,FORFAIT,NO_TS_CONT,88.1
Morgan,Bailey,VL20099,8058664,INOVA GLOBAL,12,CONT ASIA,NEXUS,MAINTENANCE,UQH0AJ3XFJ7JY22,14.29
Morgan,Bailey,VL20099,8058664,INOVA GLOBAL,12,CONT,NEXUS,MAINTENANCE,NO_TS_CONT,85.71
Heidi,Jones,TE21752,8071288,CENVEO SOLUTIONS,12,MEA AMERICA,ATLAS,MAINTENANCE,GZHP7MZTR64ZZ3N,9.82
Kevin,White,LU78701,5446522,LUMEX SYSTEMS,12,NA AMERICA,ATLAS,RPS,FNBZDF7ZJ2K3KHD,10.42
Kevin,White,LU78701,5446522,LUMEX SYSTEMS,12,CONT,ATLAS,RPS,NO_TS_CONT,89.58
Matthew,Ali,FJ69042,9993942,BRYTON CONSULTING,12,CONT AMERICA,VERTEX,RPS,JYESQT9ZDUK6N0W,11.61
Matthew,Ali,FJ69042,9993942,BRYTON CONSULTING,12,APAC,VERTEX,RPS,NO_TS_APAC,88.39
Jason,Miller,NV89340,9223056,KESTRA GLOBAL,12,NA OCEANIA,VERTEX,MAINTENANCE,ZY6RK4FKVDSZF81,12.5
Jason,Miller,NV89340,9223056,KESTRA GLOBAL,12,CONT,VERTEX,MAINTENANCE,NO_TS_CONT,87.5
David,Ball,HF95606,6319502,FORVEX CONSULTING,12,MEA ASIA,STELLAR,REGIE,GURADQWOTTOBD0G,14.29
Alexandra,Fleming,QB30444,9766643,JALVIK CONSULTING,12,MEA EUROPE,ATLAS,RPS,KQENSOFX9PFPDMN,9.52
Alexandra,Fleming,QB30444,9766643,JALVIK CONSULTING,12,LATAM,ATLAS,RPS,NO_TS_LATAM,90.48
Leslie,Walter,GA58543,5681614,HYRION CONSULTING,12,EMEA AFRICA,VERTEX,FORFAIT,7D1ZKUEYNYUB2OG,9.52
Leslie,Walter,GA58543,5681614,HYRION CONSULTING,12,MEA,VERTEX,FORFAIT,NO_TS_MEA,90.48
Julian,Conrad,FL88532,8017760,CENVEO CONSULTING,12,NA AMERICA,VERTEX,MAINTENANCE,A4BUP4W70GAAYAV,22.66
Cody,Watkins,FR86559,3812737,INOVA GROUP,12,NA OCEANIA,PHOENIX,MAINTENANCE,J5LO1Z1ZQXY0UXM,6.55
Cody,Watkins,FR86559,3812737,INOVA GROUP,12,EMEA,PHOENIX,MAINTENANCE,NO_TS_EMEA,93.45
Brooke,Bell,EV98926,2336250,BRYTON TECH,12,NA ASIA,ATLAS,RPS,MKWBAE6IBP46A65,10.12
Brooke,Bell,EV98926,2336250,BRYTON TECH,12,NA,ATLAS,RPS,NO_TS_NA,89.88
Amber,Heath,QE62731,3548665,JALVIK TECH,12,LATAM AFRICA,QUANTUM,REGIE,DI5B5T3P14BE1TK,11.9
Amber,Heath,QE62731,3548665,JALVIK TECH,12,LATAM,QUANTUM,REGIE,NO_TS_LATAM,88.1
Elizabeth,Hawkins,KY14022,1371791,BRYTON VENTURES,12,MEA EUROPE,VERTEX,MAINTENANCE,Z39T6FB6KJ7WL1B,16.37
Elizabeth,Hawkins,KY14022,1371791,BRYTON VENTURES,12,APAC,VERTEX,MAINTENANCE,NO_TS_APAC,83.63
Mark,Wheeler,CK34182,5082357,BRYTON SYSTEMS,12,LATAM AMERICA,QUANTUM,RPS,5D8EXX8DH3JJOKQ,8.33
Dylan,Campbell,CX45529,3400596,JALVIK TECH,12,NA ASIA,VERTEX,SUPPORT,PXLJ09Q4XJ87391,9.52
David,Lucas,IL90344,4227290,JALVIK SYSTEMS,12,LATAM AFRICA,ORBIT,REGIE,50XOGVGLYJQGXI5,9.52
Vanessa,Webster,QY32518,9667549,KESTRA SYSTEMS,12,MEA MENA,VERTEX,REGIE,E8RI2U8GXTM9WUY,11.9
Vanessa,Webster,QY32518,9667549,KESTRA SYSTEMS,12,EMEA,VERTEX,REGIE,NO_TS_EMEA,88.1
Kirsten,Clark,NH61851,3628268,DELVO DYNAMICS,12,EMEA AMERICA,ATLAS,MAINTENANCE,FMQRYVKRHB9P6V4,9.52
Colleen,Taylor,WJ83738,6928385,ALCOR GROUP,12,NA ASIA,QUANTUM,FORFAIT,LYETCP4OYXRT9RC,10.71
Colleen,Taylor,WJ83738,6928385,ALCOR GROUP,12,MEA,QUANTUM,FORFAIT,NO_TS_MEA,89.29
Brandon,Macias,EP37383,7356384,LUMEX DYNAMICS,12,MEA ASIA,STELLAR,FORFAIT,HT426CQLHDMQCX1,8.93
Brandon,Macias,EP37383,7356384,LUMEX DYNAMICS,12,LATAM,STELLAR,FORFAIT,NO_TS_LATAM,91.07
Sarah,Stevens,OD73471,9684695,ETHOS TECH,12,LATAM MENA,PHOENIX,REGIE,ANU60F808SFSW0N,11.9
Sarah,Stevens,OD73471,9684695,ETHOS TECH,12,LATAM,PHOENIX,REGIE,NO_TS_LATAM,88.1
Jacqueline,Terrell,KY02051,1868519,LUMEX SOLUTIONS,12,APAC AMERICA,ATLAS,FORFAIT,BLM4KUM6OGFEHXS,7.14
Jacqueline,Terrell,KY02051,1868519,LUMEX SOLUTIONS,12,APAC,ATLAS,FORFAIT,NO_TS_APAC,92.86
Matthew,Morris,EA27601,2815485,JALVIK TECH,12,NA ASIA,VERTEX,SUPPORT,B2WAV32QOJ1Z7E8,8.04
Matthew,Morris,EA27601,2815485,JALVIK TECH,12,LATAM,VERTEX,SUPPORT,NO_TS_LATAM,91.96
Whitney,Wagner,SI01527,1229813,ETHOS CONSULTING,12,MEA OCEANIA,ORBIT,FORFAIT,S4X3EMEFD02NPYE,14.29
Whitney,Wagner,SI01527,1229813,ETHOS CONSULTING,12,LATAM,ORBIT,FORFAIT,NO_TS_LATAM,85.71
Jeff,Crawford,WU73631,3213139,DELVO GROUP,12,APAC AFRICA,VERTEX,REGIE,ZFXVDEOS3JS0EAU,7.74
Joanna,Gutierrez,LO92343,9180627,BRYTON GLOBAL,12,LATAM MENA,PHOENIX,RPS,PMXOL5E3BBDS9JT,7.44
Joanna,Gutierrez,LO92343,9180627,BRYTON GLOBAL,12,CONT,PHOENIX,RPS,NO_TS_CONT,92.56
Jonathan,Nguyen,WD20552,8055785,KESTRA GLOBAL,12,APAC AFRICA,NEXUS,REGIE,TSIDLC965I1HOPC,13.69
Jonathan,Nguyen,WD20552,8055785,KESTRA GLOBAL,12,NA,NEXUS,REGIE,NO_TS_NA,86.31
Brian,Hicks,XG96136,2425234,ETHOS TECH,12,MEA MENA,VERTEX,MAINTENANCE,TDQSEOUT3LNAOWX,11.9
Alyssa,Nelson,II88274,3782781,FORVEX DYNAMICS,12,APAC MENA,VERTEX,FORFAIT,8N08UMFHCWYW18K,9.67
Alyssa,Nelson,II88274,3782781,FORVEX DYNAMICS,12,MEA,VERTEX,FORFAIT,NO_TS_MEA,90.33
Peter,Shaw,MF38198,9469594,CENVEO DIGITAL,12,NA EUROPE,PULSE,FORFAIT,6P677BYNKHRGPYG,10.42
Peter,Shaw,MF38198,9469594,CENVEO DIGITAL,12,MEA,PULSE,FORFAIT,NO_TS_MEA,89.58
Sarah,Stewart,MU06020,1958617,GOLZEN GROUP,12,APAC ASIA,PHOENIX,RPS,91S2E95L7LTZT23,9.56
Sarah,Stewart,MU06020,1958617,GOLZEN GROUP,12,LATAM,PHOENIX,RPS,NO_TS_LATAM,90.44
Dan,Taylor,HI13734,2973143,INOVA SOLUTIONS,12,MEA ASIA,NEXUS,FORFAIT,53PCCOIOZRNO7O7,7.14
Dan,Taylor,HI13734,2973143,INOVA SOLUTIONS,12,LATAM,NEXUS,FORFAIT,NO_TS_LATAM,92.86
James,Patrick,MJ84200,3168984,GOLZEN DIGITAL,12,EMEA OCEANIA,ATLAS,FORFAIT,HN37B9TKUH3JAZN,12.05
James,Patrick,MJ84200,3168984,GOLZEN DIGITAL,12,MEA,ATLAS,FORFAIT,NO_TS_MEA,87.95
Kimberly,Hill,MK73034,7454955,HYRION TECH,12,EMEA EUROPE,NOVA,SUPPORT,4AQ9T5I0YV0S1G3,9.52
Kimberly,Hill,MK73034,7454955,HYRION TECH,12,CONT,NOVA,SUPPORT,NO_TS_CONT,90.48
David,Fox,XY02499,5159312,HYRION DIGITAL,12,MEA AMERICA,ATLAS,REGIE,QCFDGV0B6YZOL19,9.52
David,Fox,XY02499,5159312,HYRION DIGITAL,12,APAC,ATLAS,REGIE,NO_TS_APAC,90.48
Patricia,Webster,MB90741,6219430,CENVEO TECH,12,CONT OCEANIA,NOVA,RPS,QKR6UFL1I3UBMWO,5.8
Patricia,Webster,MB90741,6219430,CENVEO TECH,12,LATAM,NOVA,RPS,NO_TS_LATAM,94.2
Matthew,Liu,QM81162,7439286,HYRION GROUP,12,CONT AFRICA,ATLAS,REGIE,MHJX4P8TTPQGZ4Y,9.11
Matthew,Liu,QM81162,7439286,HYRION GROUP,12,NA,ATLAS,REGIE,NO_TS_NA,90.89
Allison,Smith,RW61358,5268634,DELVO VENTURES,12,APAC AFRICA,VERTEX,MAINTENANCE,PXIHWYJCTX1BHPH,9.52
Allison,Smith,RW61358,5268634,DELVO VENTURES,12,MEA,VERTEX,MAINTENANCE,NO_TS_MEA,90.48
Michelle,Stephens,ZL87356,3066757,FORVEX VENTURES,12,LATAM OCEANIA,STELLAR,SUPPORT,M2JR7R7Q8UP7HSK,9.52
Lisa,Griffin,NK49130,6149320,GOLZEN SOLUTIONS,12,LATAM AMERICA,PHOENIX,MAINTENANCE,FL197SYG6W9KG3T,7.74
Sarah,Galloway,KT27060,8194074,HYRION GROUP,12,LATAM ASIA,NOVA,MAINTENANCE,94LUZZNEQMFG8OK,12.8
Omar,Horn,DY04971,6951504,CENVEO TECH,12,CONT ASIA,NEXUS,MAINTENANCE,QNO366283V3KT9X,5.65
Omar,Horn,DY04971,6951504,CENVEO TECH,12,LATAM,NEXUS,MAINTENANCE,NO_TS_LATAM,94.35
Jamie,Burnett,TN32791,8095261,KESTRA GROUP,12,MEA AFRICA,ATLAS,REGIE,KAFEQKNQQPXBYLC,5.06
Jamie,Burnett,TN32791,8095261,KESTRA GROUP,12,CONT,ATLAS,REGIE,NO_TS_CONT,94.94
Manuel,Stephens,AU03201,1975857,BRYTON GLOBAL,12,LATAM EUROPE,STELLAR,FORFAIT,YW7K0JX0KS3UM7O,8.93
Manuel,Stephens,AU03201,1975857,BRYTON GLOBAL,12,LATAM,STELLAR,FORFAIT,NO_TS_LATAM,91.07
Jennifer,Johnson,SY60374,6771455,DELVO SYSTEMS,12,MEA AFRICA,QUANTUM,MAINTENANCE,PJLE3DDCDUPJQ8B,9.52
Jennifer,Johnson,SY60374,6771455,DELVO SYSTEMS,12,APAC,QUANTUM,MAINTENANCE,NO_TS_APAC,90.48
Benjamin,Collier,CG63519,1636184,INOVA SYSTEMS,12,APAC AFRICA,ORBIT,RPS,MQTV3GJEYBUVCJ7,8.33
Benjamin,Collier,CG63519,1636184,INOVA SYSTEMS,12,EMEA,ORBIT,RPS,NO_TS_EMEA,91.67
Brent,Ruiz,ZL50068,3002722,JALVIK SOLUTIONS,12,LATAM ASIA,ATLAS,FORFAIT,Y0RXU96OZXXHECA,12.5
Brent,Ruiz,ZL50068,3002722,JALVIK SOLUTIONS,12,EMEA,ATLAS,FORFAIT,NO_TS_EMEA,87.5
Leonard,Jones,VP51390,4632063,HYRION GLOBAL,12,APAC AMERICA,PHOENIX,SUPPORT,3P0TA1V9I4CT6NQ,12.5
Erin,Medina,CV43251,9330361,GOLZEN TECH,12,LATAM AFRICA,PHOENIX,SUPPORT,1AV79V9F7UUAYRC,6.1
Jay,Boyer,ES06864,4017616,CENVEO GROUP,12,NA ASIA,PULSE,REGIE,E3GZV2SFWGJQO0E,11.61
Jeffrey,Gallagher,YG86778,6086647,ETHOS TECH,12,MEA ASIA,PULSE,SUPPORT,O4G91SMS815J0XZ,11.9
Jeffrey,Gallagher,YG86778,6086647,ETHOS TECH,12,MEA,PULSE,SUPPORT,NO_TS_MEA,88.1
Alexandra,Grant,XN19956,1455796,ALCOR SOLUTIONS,12,NA ASIA,STELLAR,MAINTENANCE,QNZ5I35VOBRK0ZA,9.52
Alexandra,Grant,XN19956,1455796,ALCOR SOLUTIONS,12,EMEA,STELLAR,MAINTENANCE,NO_TS_EMEA,90.48
Joseph,Carey,NP94930,3828332,FORVEX GROUP,12,CONT AFRICA,PULSE,SUPPORT,S6LW5G1T9FG7I2S,9.82
Joseph,Carey,NP94930,3828332,FORVEX GROUP,12,CONT,PULSE,SUPPORT,NO_TS_CONT,90.18
Manuel,Roberts,HI49704,5728392,DELVO GLOBAL,12,EMEA AFRICA,QUANTUM,MAINTENANCE,Z6R5GHGEOG6K989,9.82
Daniel,Brown,NC11049,5746542,ALCOR CONSULTING,12,LATAM OCEANIA,NEXUS,SUPPORT,MFFMEC2T1LF5EC7,14.58
Daniel,Brown,NC11049,5746542,ALCOR CONSULTING,12,LATAM,NEXUS,SUPPORT,NO_TS_LATAM,85.42
David,Hammond,ZJ27187,6717822,FORVEX GROUP,12,LATAM OCEANIA,QUANTUM,FORFAIT,FBBR25MHP88VMVI,9.52
David,Hammond,ZJ27187,6717822,FORVEX GROUP,12,APAC,QUANTUM,FORFAIT,NO_TS_APAC,90.48
Eileen,Dominguez,VM61542,4205299,HYRION SOLUTIONS,12,LATAM AFRICA,NOVA,FORFAIT,JZDL367BAHQMYSP,9.52
Eileen,Dominguez,VM61542,4205299,HYRION SOLUTIONS,12,LATAM,NOVA,FORFAIT,NO_TS_LATAM,90.48
Beth,Hayes,IE83259,1380328,INOVA VENTURES,12,APAC AFRICA,ATLAS,REGIE,DY3XDTJASJEUJN7,8.48
Beth,Hayes,IE83259,1380328,INOVA VENTURES,12,LATAM,ATLAS,REGIE,NO_TS_LATAM,91.52
Jennifer,Allen,WE22454,5983190,INOVA SYSTEMS,12,APAC AMERICA,PULSE,SUPPORT,2GSHT9JH2WGZIJP,7.14
Jennifer,Allen,WE22454,5983190,INOVA SYSTEMS,12,CONT,PULSE,SUPPORT,NO_TS_CONT,92.86
Keith,Garcia,UY13577,9290369,INOVA SOLUTIONS,12,LATAM EUROPE,ORBIT,RPS,GEGEW9MZFFIODKY,7.14
Leah,Salas,MW34641,3957945,JALVIK DYNAMICS,12,CONT MENA,QUANTUM,MAINTENANCE,OUNZPGB9P8DGKII,9.52
Leah,Salas,MW34641,3957945,JALVIK DYNAMICS,12,LATAM,QUANTUM,MAINTENANCE,NO_TS_LATAM,90.48
Jeff,Camacho,KB69515,2650051,LUMEX DIGITAL,12,APAC MENA,ORBIT,RPS,2NHR7H646HKQTKA,7.14
Jeff,Camacho,KB69515,2650051,LUMEX DIGITAL,12,MEA,ORBIT,RPS,NO_TS_MEA,92.86
William,Pearson,FB27731,4813650,JALVIK TECH,12,CONT ASIA,STELLAR,MAINTENANCE,AHZX3GSVL4XP3EC,7.74
William,Pearson,FB27731,4813650,JALVIK TECH,12,APAC,STELLAR,MAINTENANCE,NO_TS_APAC,92.26
Nicholas,James,TF58350,8583207,GOLZEN DIGITAL,12,LATAM EUROPE,STELLAR,SUPPORT,VWMXH9EOEWO7N7M,9.52
Donald,Brown,JE47337,5572305,BRYTON VENTURES,12,CONT MENA,VERTEX,RPS,LVLTWUN60ZOMT8G,9.52
Rebecca,Levine,WG87469,9749476,KESTRA DYNAMICS,12,APAC MENA,VERTEX,REGIE,VVDAH37VEJM1J20,11.9
Kelly,Newman,JP99572,3426591,ALCOR SOLUTIONS,12,LATAM AFRICA,QUANTUM,MAINTENANCE,L4NNSLJXC1UGTEI,10.12
Jessica,Warren,SJ28719,4946472,ALCOR GROUP,12,LATAM ASIA,ORBIT,MAINTENANCE,5M4EVUGUXAAJMJO,11.9
Jessica,Warren,SJ28719,4946472,ALCOR GROUP,12,CONT,ORBIT,MAINTENANCE,NO_TS_CONT,88.1
Lisa,Casey,PB00616,7603296,JALVIK TECH,12,EMEA ASIA,PHOENIX,REGIE,ENC077RXBATQTO5,10.71
Lisa,Casey,PB00616,7603296,JALVIK TECH,12,CONT,PHOENIX,REGIE,NO_TS_CONT,89.29
Kelly,Bishop,XG18676,7888998,LUMEX SYSTEMS,12,EMEA AMERICA,STELLAR,SUPPORT,3IFKQU8BFL1QRVS,8.33
Kenneth,Wells,LF62089,2388262,DELVO CONSULTING,12,CONT OCEANIA,STELLAR,REGIE,2U7Z6DG1HPS892F,5.51
Kenneth,Wells,LF62089,2388262,DELVO CONSULTING,12,NA,STELLAR,REGIE,NO_TS_NA,94.49
Lucas,Moreno,DO76771,5723878,HYRION DIGITAL,12,MEA AFRICA,STELLAR,SUPPORT,9JQE7DZV5BWHEYM,9.52
Stephen,Todd,WC57476,8203555,KESTRA CONSULTING,12,APAC OCEANIA,STELLAR,MAINTENANCE,NISAR6BGPMYFAK2,9.23
Michael,Adams,RE72748,5952521,LUMEX DYNAMICS,12,NA OCEANIA,ATLAS,RPS,QNUTS5QJLQOVTJX,10.42
Michael,Adams,RE72748,5952521,LUMEX DYNAMICS,12,EMEA,ATLAS,RPS,NO_TS_EMEA,89.58
Pamela,Hill,MX37851,2528866,DELVO VENTURES,12,NA OCEANIA,NEXUS,FORFAIT,ISZRA6MLL6UUGVT,11.9
Brittany,Hughes,GC71162,2612555,JALVIK VENTURES,12,APAC AFRICA,STELLAR,RPS,2U7P7RUL4569WU1,9.82
Brittany,Hughes,GC71162,2612555,JALVIK VENTURES,12,MEA,STELLAR,RPS,NO_TS_MEA,90.18
Billy,Robinson,XW82038,4439718,LUMEX DIGITAL,12,APAC OCEANIA,NOVA,FORFAIT,WCU74ZADP8192DX,12.35
Billy,Robinson,XW82038,4439718,LUMEX DIGITAL,12,EMEA,NOVA,FORFAIT,NO_TS_EMEA,87.65
Tina,Moran,PM88852,2034868,INOVA GLOBAL,12,APAC OCEANIA,STELLAR,FORFAIT,G25P5REIFXQ2E1V,9.52
Tina,Moran,PM88852,2034868,INOVA GLOBAL,12,MEA,STELLAR,FORFAIT,NO_TS_MEA,90.48
Misty,Hill,LZ25766,4518390,FORVEX DIGITAL,12,EMEA OCEANIA,PHOENIX,RPS,K4HKBK06PLI0MIX,10.12
Misty,Hill,LZ25766,4518390,FORVEX DIGITAL,12,NA,PHOENIX,RPS,NO_TS_NA,89.88
David,Banks,CM99167,9329601,ALCOR TECH,12,CONT OCEANIA,PHOENIX,MAINTENANCE,EEZHI6Y43PPW5GX,7.44
David,Banks,CM99167,9329601,ALCOR TECH,12,LATAM,PHOENIX,MAINTENANCE,NO_TS_LATAM,92.56
Sara,Cox,CS61265,5272108,HYRION SOLUTIONS,12,CONT AMERICA,PULSE,REGIE,8G65JYXGPSX8JRZ,12.5
Sara,Cox,CS61265,5272108,HYRION SOLUTIONS,12,CONT,PULSE,REGIE,NO_TS_CONT,87.5
Christina,Ortega,IC59035,8666819,JALVIK VENTURES,12,CONT AMERICA,ORBIT,RPS,CP3P4EUCPGQZVF2,20.0
Christina,Ortega,IC59035,8666819,JALVIK VENTURES,12,NA,ORBIT,RPS,NO_TS_NA,80.0
Troy,Moore,ZV22638,9230339,LUMEX CONSULTING,12,EMEA AFRICA,STELLAR,FORFAIT,NDZSRO60I56BQI4,6.25
Cody,Taylor,CV43212,8257602,BRYTON DIGITAL,12,NA AMERICA,QUANTUM,SUPPORT,JL0PMWS5EO2YKY3,10.71
Matthew,Esparza,HU59419,3942073,KESTRA GLOBAL,12,EMEA MENA,PHOENIX,MAINTENANCE,PFOWODWKH10H1MZ,10.12
Alicia,Mccarthy,OT15228,5611763,ETHOS TECH,12,MEA EUROPE,NOVA,RPS,LEW7XHJ6TSFSVE4,9.52
Sabrina,Black,SL32475,6665203,FORVEX GROUP,12,CONT AMERICA,PHOENIX,MAINTENANCE,QV7C67PKQAS93O3,9.52
Sabrina,Black,SL32475,6665203,FORVEX GROUP,12,CONT,PHOENIX,MAINTENANCE,NO_TS_CONT,90.48
Richard,Hill,HX73516,1052004,CENVEO CONSULTING,12,CONT EUROPE,NEXUS,REGIE,998FCAC1S03HQ5T,7.89
Hector,Williams,KX38742,1988816,CENVEO SYSTEMS,12,LATAM OCEANIA,NEXUS,SUPPORT,LNADFUHUHTZCAT6,9.52
Bryce,Bowman,EL98998,3776379,CENVEO SYSTEMS,12,NA EUROPE,PHOENIX,REGIE,9Z3I8NI2TPUUH4H,11.9
Bryce,Bowman,EL98998,3776379,CENVEO SYSTEMS,12,MEA,PHOENIX,REGIE,NO_TS_MEA,88.1
Alex,Brown,PB53131,6823367,ALCOR VENTURES,12,EMEA ASIA,PHOENIX,RPS,ZXCAZOY8LNMAVOG,8.18
Alex,Brown,PB53131,6823367,ALCOR VENTURES,12,EMEA,PHOENIX,RPS,NO_TS_EMEA,91.82
Daniel,Bush,TY03574,7540304,BRYTON DIGITAL,12,CONT AFRICA,PULSE,SUPPORT,SSAB7JZFWN8FKME,16.67
Jonathan,Herring,XQ37803,4611090,HYRION DIGITAL,12,CONT OCEANIA,STELLAR,MAINTENANCE,T52ZS9S87VMYOD8,9.52
Jonathan,Herring,XQ37803,4611090,HYRION DIGITAL,12,EMEA,STELLAR,MAINTENANCE,NO_TS_EMEA,90.48
Jacob,Pham,ZG40337,6789580,INOVA TECH,12,APAC MENA,VERTEX,MAINTENANCE,7YAX00JEPQQ3TMQ,9.52
Jacob,Pham,ZG40337,6789580,INOVA TECH,12,LATAM,VERTEX,MAINTENANCE,NO_TS_LATAM,90.48
Stephanie,Henson,YX78970,1928065,CENVEO SYSTEMS,12,MEA EUROPE,QUANTUM,SUPPORT,LR5YYISGDLRVB48,11.9
Stephanie,Henson,YX78970,1928065,CENVEO SYSTEMS,12,NA,QUANTUM,SUPPORT,NO_TS_NA,88.1
Paul,Hamilton,TJ92403,8584895,ETHOS SYSTEMS,12,NA AMERICA,PHOENIX,FORFAIT,Y0FEVK2WI8IKRW2,11.9
Joseph,Smith,AQ67956,6063466,INOVA CONSULTING,12,LATAM OCEANIA,QUANTUM,SUPPORT,443RNK51GUOYI9A,13.1
Joseph,Smith,AQ67956,6063466,INOVA CONSULTING,12,LATAM,QUANTUM,SUPPORT,NO_TS_LATAM,86.9
Francisco,Barron,AZ81085,9100036,HYRION CONSULTING,12,MEA AFRICA,ORBIT,SUPPORT,LIQ4I2MTRIW37D8,11.9
Francisco,Barron,AZ81085,9100036,HYRION CONSULTING,12,EMEA,ORBIT,SUPPORT,NO_TS_EMEA,88.1
Christopher,Obrien,PI67750,2417213,CENVEO SYSTEMS,12,LATAM OCEANIA,QUANTUM,REGIE,8KF3BF2VMCW9IMX,7.74
Christopher,Obrien,PI67750,2417213,CENVEO SYSTEMS,12,APAC,QUANTUM,REGIE,NO_TS_APAC,92.26
David,Proctor,NW56604,2828420,INOVA GROUP,12,MEA OCEANIA,ATLAS,FORFAIT,MZ391J22DSAKHNJ,6.4
David,Proctor,NW56604,2828420,INOVA GROUP,12,MEA,ATLAS,FORFAIT,NO_TS_MEA,93.6
Stephanie,Martin,FW36625,5500433,DELVO SOLUTIONS,12,APAC OCEANIA,PHOENIX,MAINTENANCE,TCC2PNBRO3N5OLJ,13.1
Sherry,Fitzgerald,BX86205,2124826,FORVEX DYNAMICS,12,NA AMERICA,STELLAR,RPS,IVXEHI09KK06976,9.52
Sherry,Fitzgerald,BX86205,2124826,FORVEX DYNAMICS,12,APAC,STELLAR,RPS,NO_TS_APAC,90.48
Sandra,Garza,JR54342,9668949,ETHOS CONSULTING,12,NA ASIA,PHOENIX,RPS,KU4QQ53WTA4V6KH,8.33
Sandra,Garza,JR54342,9668949,ETHOS CONSULTING,12,APAC,PHOENIX,RPS,NO_TS_APAC,91.67
James,Moore,QF10809,5701523,ETHOS VENTURES,12,APAC EUROPE,PULSE,RPS,6XY0FZVPIU34VK4,9.52
James,Moore,QF10809,5701523,ETHOS VENTURES,12,EMEA,PULSE,RPS,NO_TS_EMEA,90.48
Mark,Holmes,BD50405,3321383,KESTRA DYNAMICS,12,EMEA OCEANIA,ORBIT,REGIE,D3V71G89R1APF8A,9.82
Melissa,Tran,BE64574,1816386,GOLZEN SYSTEMS,12,CONT EUROPE,STELLAR,MAINTENANCE,J4ET73B91DJN9EV,7.74
Melissa,Tran,BE64574,1816386,GOLZEN SYSTEMS,12,MEA,STELLAR,MAINTENANCE,NO_TS_MEA,92.26
Kenneth,Walker,ZD95661,3355268,CENVEO SYSTEMS,12,MEA ASIA,ORBIT,RPS,3OG869OMX7G7U8V,8.33
Omar,Willis,ET31359,1481077,ALCOR CONSULTING,12,EMEA AMERICA,VERTEX,MAINTENANCE,3QOK858D65T3GKW,11.9
Omar,Willis,ET31359,1481077,ALCOR CONSULTING,12,LATAM,VERTEX,MAINTENANCE,NO_TS_LATAM,88.1
Maria,Jordan,IF30035,4126211,ALCOR CONSULTING,12,CONT OCEANIA,QUANTUM,SUPPORT,883AE7L3YHU634I,3.42
Juan,Bruce,JS27749,6130595,INOVA SYSTEMS,12,NA EUROPE,PULSE,MAINTENANCE,JG00C31PLM7665C,9.52
Juan,Bruce,JS27749,6130595,INOVA SYSTEMS,12,CONT,PULSE,MAINTENANCE,NO_TS_CONT,90.48
Daniel,Clark,HG47488,1928999,LUMEX GROUP,12,APAC OCEANIA,ATLAS,RPS,ZGSW4KUX4BHCMEC,8.93
Daniel,Clark,HG47488,1928999,LUMEX GROUP,12,CONT,ATLAS,RPS,NO_TS_CONT,91.07
Bailey,Rodgers,SL03957,6000550,JALVIK DIGITAL,12,APAC EUROPE,NEXUS,MAINTENANCE,3090U8NUKEZJ7ZE,6.4
Bailey,Rodgers,SL03957,6000550,JALVIK DIGITAL,12,CONT,NEXUS,MAINTENANCE,NO_TS_CONT,93.6
Janice,Ferguson,IJ18535,6275867,FORVEX DYNAMICS,12,LATAM AMERICA,ORBIT,REGIE,PTEX34GS5P62257,9.52
Janice,Ferguson,IJ18535,6275867,FORVEX DYNAMICS,12,MEA,ORBIT,REGIE,NO_TS_MEA,90.48
Ian,Haynes,CB19706,4797840,ETHOS TECH,12,LATAM AMERICA,PHOENIX,SUPPORT,KLCVAZIZ5VZVJXM,8.33
Ian,Haynes,CB19706,4797840,ETHOS TECH,12,APAC,PHOENIX,SUPPORT,NO_TS_APAC,91.67
Emily,Thomas,GD56592,8540654,ETHOS GLOBAL,12,LATAM OCEANIA,NEXUS,SUPPORT,C4M2URLJURESR3G,11.9
Emily,Thomas,GD56592,8540654,ETHOS GLOBAL,12,NA,NEXUS,SUPPORT,NO_TS_NA,88.1
Robert,Nguyen,RW59074,5579406,INOVA SOLUTIONS,12,CONT MENA,ATLAS,RPS,Y7FF0LFCEV16869,14.29
Robert,Nguyen,RW59074,5579406,INOVA SOLUTIONS,12,LATAM,ATLAS,RPS,NO_TS_LATAM,85.71
Jeffery,Lewis,TA69424,6632681,GOLZEN GROUP,12,CONT ASIA,NEXUS,SUPPORT,APD2C9K2TV0YBFL,8.33
Seth,Davis,QK36053,7885526,HYRION GLOBAL,12,LATAM AMERICA,ATLAS,REGIE,OU64P9UKICYSO6B,11.9
Christopher,Fernandez,AK09685,1011559,CENVEO SOLUTIONS,12,EMEA OCEANIA,STELLAR,FORFAIT,Y6F4AXLUC9G19GQ,11.9
Christopher,Fernandez,AK09685,1011559,CENVEO SOLUTIONS,12,EMEA,STELLAR,FORFAIT,NO_TS_EMEA,88.1
Thomas,Lee,IW74314,1539639,INOVA SOLUTIONS,12,CONT ASIA,QUANTUM,MAINTENANCE,6Z2HVKN2KP7BH28,9.52
Thomas,Lee,IW74314,1539639,INOVA SOLUTIONS,12,EMEA,QUANTUM,MAINTENANCE,NO_TS_EMEA,90.48
Brian,Baker,YO93963,8838840,HYRION DYNAMICS,12,EMEA AFRICA,ATLAS,RPS,N5WAL4LNYA1193O,12.2
Brian,Baker,YO93963,8838840,HYRION DYNAMICS,12,LATAM,ATLAS,RPS,NO_TS_LATAM,87.8
Christopher,Martinez,YV28289,6550268,JALVIK DIGITAL,12,APAC MENA,NEXUS,REGIE,35M9J93JFSPP9W5,9.52
Christopher,Martinez,YV28289,6550268,JALVIK DIGITAL,12,NA,NEXUS,REGIE,NO_TS_NA,90.48
Jennifer,Ruiz,UC81406,2203997,INOVA DYNAMICS,12,EMEA ASIA,NEXUS,RPS,Q7ZI44GJYQFW8W8,9.52
Jennifer,Ruiz,UC81406,2203997,INOVA DYNAMICS,12,CONT,NEXUS,RPS,NO_TS_CONT,90.48
Lisa,Collier,DU00607,5515764,LUMEX TECH,12,CONT EUROPE,PULSE,MAINTENANCE,HO79W9G1AMTUBA8,9.52
Lisa,Collier,DU00607,5515764,LUMEX TECH,12,APAC,PULSE,MAINTENANCE,NO_TS_APAC,90.48
Doris,Jennings,JU36253,4251487,DELVO DIGITAL,12,MEA AMERICA,QUANTUM,FORFAIT,WRYYB4SEF0VTGCD,7.44
Ashley,Palmer,PC18176,6217802,INOVA SOLUTIONS,12,LATAM ASIA,PHOENIX,FORFAIT,SUYBN7BQDJGI4P8,10.71
Ashley,Palmer,PC18176,6217802,INOVA SOLUTIONS,12,APAC,PHOENIX,FORFAIT,NO_TS_APAC,89.29
Nicole,Gutierrez,CI50518,9269743,KESTRA SYSTEMS,12,APAC ASIA,PHOENIX,MAINTENANCE,NCAA71PQU7355OO,9.67
Nicole,Gutierrez,CI50518,9269743,KESTRA SYSTEMS,12,NA,PHOENIX,MAINTENANCE,NO_TS_NA,90.33
Lisa,Glass,BJ23300,9042664,ETHOS SYSTEMS,12,APAC AMERICA,PHOENIX,SUPPORT,420FXHX0WP6TOQ0,11.61
Lisa,Glass,BJ23300,9042664,ETHOS SYSTEMS,12,CONT,PHOENIX,SUPPORT,NO_TS_CONT,88.39
Jennifer,Carlson,BE08415,7116878,JALVIK CONSULTING,12,LATAM OCEANIA,VERTEX,REGIE,RUHQ22WV6ETZCT0,8.33
Jennifer,Carlson,BE08415,7116878,JALVIK CONSULTING,12,LATAM,VERTEX,REGIE,NO_TS_LATAM,91.67
Emily,Wilson,HH57787,1164147,JALVIK GLOBAL,12,APAC MENA,QUANTUM,RPS,PYO3PDJX2Y1MGQ6,10.53
Emily,Wilson,HH57787,1164147,JALVIK GLOBAL,12,NA,QUANTUM,RPS,NO_TS_NA,89.47
Kendra,Franklin,QN35485,4477258,JALVIK SOLUTIONS,12,MEA AMERICA,NOVA,SUPPORT,9D1MQJMYYWQO49T,7.29
Mark,Miller,UR80371,1915208,ALCOR DIGITAL,12,APAC OCEANIA,PULSE,RPS,T4TJTKZQ734QQXH,9.82
Mark,Miller,UR80371,1915208,ALCOR DIGITAL,12,EMEA,PULSE,RPS,NO_TS_EMEA,90.18
Leonard,Hubbard,YF76988,4070458,INOVA GLOBAL,12,NA EUROPE,NOVA,SUPPORT,TQRWBZF1EKJBROK,9.52
Leonard,Hubbard,YF76988,4070458,INOVA GLOBAL,12,CONT,NOVA,SUPPORT,NO_TS_CONT,90.48
Robert,Brooks,QK48026,5130025,ETHOS GROUP,12,EMEA ASIA,PULSE,REGIE,0J09U9ETO7SBOQC,14.29
Robert,Brooks,QK48026,5130025,ETHOS GROUP,12,APAC,PULSE,REGIE,NO_TS_APAC,85.71
Barbara,Contreras,IN45351,8065047,FORVEX SOLUTIONS,12,LATAM EUROPE,PHOENIX,REGIE,NQSVFZGUFFMK19F,9.52
Barbara,Contreras,IN45351,8065047,FORVEX SOLUTIONS,12,NA,PHOENIX,REGIE,NO_TS_NA,90.48
Judith,Spencer,AX05649,6612939,BRYTON CONSULTING,12,LATAM ASIA,PULSE,MAINTENANCE,Z9RPKDHDZWXX8S2,8.33
Judith,Spencer,AX05649,6612939,BRYTON CONSULTING,12,EMEA,PULSE,MAINTENANCE,NO_TS_EMEA,91.67
Edward,Castillo,FH23001,8167514,HYRION DIGITAL,12,MEA OCEANIA,STELLAR,FORFAIT,KW2BVCVBRP7UBU0,8.63
Edward,Castillo,FH23001,8167514,HYRION DIGITAL,12,MEA,STELLAR,FORFAIT,NO_TS_MEA,91.37
Allison,Hurley,XA29783,4888452,FORVEX GLOBAL,12,NA MENA,PULSE,RPS,XGWEX3DBKIUWG7S,8.63
Allison,Hurley,XA29783,4888452,FORVEX GLOBAL,12,MEA,PULSE,RPS,NO_TS_MEA,91.37
Jason,Larson,PR22459,4347396,GOLZEN GROUP,12,MEA EUROPE,ATLAS,REGIE,LHM3LTD7QXSLBYF,10.71
Jason,Larson,PR22459,4347396,GOLZEN GROUP,12,NA,ATLAS,REGIE,NO_TS_NA,89.29
Thomas,Baker,JJ57291,8105946,DELVO TECH,12,CONT AFRICA,STELLAR,SUPPORT,RBPHRL4IOY4C1Y5,9.52
Deborah,Jackson,HR45607,1067151,ALCOR GLOBAL,12,CONT ASIA,NOVA,REGIE,9BJ3PMC9M7F2AVL,11.9
Deborah,Jackson,HR45607,1067151,ALCOR GLOBAL,12,CONT,NOVA,REGIE,NO_TS_CONT,88.1
Samantha,Lynch,NG93262,2778929,ETHOS GROUP,12,APAC OCEANIA,PULSE,REGIE,0K59LE30H40BZQH,7.29
Samantha,Lynch,NG93262,2778929,ETHOS GROUP,12,MEA,PULSE,REGIE,NO_TS_MEA,92.71
Jason,Alexander,VA68627,6013648,JALVIK SOLUTIONS,12,NA OCEANIA,NEXUS,MAINTENANCE,VBMI82PJJS05SUC,9.52
Jason,Alexander,VA68627,6013648,JALVIK SOLUTIONS,12,MEA,NEXUS,MAINTENANCE,NO_TS_MEA,90.48
Catherine,Munoz,BX69517,2787983,INOVA GROUP,12,MEA ASIA,NOVA,MAINTENANCE,Y1CX2PRHG181D07,9.52
Catherine,Munoz,BX69517,2787983,INOVA GROUP,12,NA,NOVA,MAINTENANCE,NO_TS_NA,90.48
Joshua,Clark,NN69369,4942079,KESTRA VENTURES,12,LATAM AFRICA,PHOENIX,MAINTENANCE,HG50JPR8FEJ74UR,10.0
Joshua,Clark,NN69369,4942079,KESTRA VENTURES,12,APAC,PHOENIX,MAINTENANCE,NO_TS_APAC,90.0
Brenda,Morales,SI06212,9339881,DELVO VENTURES,12,NA EUROPE,ORBIT,SUPPORT,OUVYLMZJACX7RJ1,7.29
Sarah,Flowers,IQ43656,7405728,CENVEO DYNAMICS,12,CONT OCEANIA,ORBIT,SUPPORT,6B9NIBTW9U3181M,9.52
Sarah,Flowers,IQ43656,7405728,CENVEO DYNAMICS,12,LATAM,ORBIT,SUPPORT,NO_TS_LATAM,90.48
Mary,Lopez,ZG46379,9939543,HYRION GROUP,12,CONT AFRICA,PHOENIX,RPS,PA4XPBYINB52JG8,9.52
Mary,Lopez,ZG46379,9939543,HYRION GROUP,12,CONT,PHOENIX,RPS,NO_TS_CONT,90.48
Katherine,Moore,LI66430,3320962,GOLZEN CONSULTING,12,EMEA EUROPE,VERTEX,MAINTENANCE,BVGL1WQ7MN5J0J8,6.99
Katherine,Moore,LI66430,3320962,GOLZEN CONSULTING,12,APAC,VERTEX,MAINTENANCE,NO_TS_APAC,93.01
Daniel,Gonzales,KG56761,6388861,JALVIK CONSULTING,12,APAC EUROPE,ORBIT,MAINTENANCE,M58M50SK9K8S0LD,8.78
Amy,Mills,LD27399,5631319,JALVIK GLOBAL,12,MEA EUROPE,PHOENIX,REGIE,7TR904MKXXHAZ0B,14.29
Amy,Mills,LD27399,5631319,JALVIK GLOBAL,12,MEA,PHOENIX,REGIE,NO_TS_MEA,85.71
Joshua,Nguyen,ZQ15069,2688829,ALCOR GROUP,12,CONT AMERICA,PHOENIX,FORFAIT,6ZLL9NK2GF7V37A,11.31
Christopher,Lewis,ZF02714,2987076,HYRION DYNAMICS,12,LATAM AMERICA,ATLAS,REGIE,67W2VBM4N7JV0AM,8.33
Rachel,Chan,UF21848,1246142,FORVEX VENTURES,12,EMEA EUROPE,PHOENIX,RPS,BRUUHECTN1TRR6S,12.5
Kevin,Short,YP55019,6567942,INOVA VENTURES,12,LATAM MENA,PULSE,SUPPORT,PWOA4KRW9VUXKYQ,9.23
Kevin,Short,YP55019,6567942,INOVA VENTURES,12,LATAM,PULSE,SUPPORT,NO_TS_LATAM,90.77
Tammy,Hernandez,QA61184,2992405,LUMEX TECH,12,APAC ASIA,PULSE,MAINTENANCE,DFS3TQOEKUYRZKV,9.52
Tammy,Hernandez,QA61184,2992405,LUMEX TECH,12,MEA,PULSE,MAINTENANCE,NO_TS_MEA,90.48
Dorothy,Anderson,RE71544,4815499,ETHOS GLOBAL,12,MEA AFRICA,QUANTUM,MAINTENANCE,5WUT8HOIEP83HAK,9.52
Dorothy,Anderson,RE71544,4815499,ETHOS GLOBAL,12,LATAM,QUANTUM,MAINTENANCE,NO_TS_LATAM,90.48
Nicole,Warner,YZ09223,6389812,HYRION DIGITAL,12,NA AMERICA,PHOENIX,REGIE,28VXXF4418VJGY1,8.33
Kathryn,Spencer,UL59195,8714342,CENVEO GROUP,12,EMEA AMERICA,ORBIT,RPS,NHNUSF2WX7LX24T,9.82
Kathryn,Spencer,UL59195,8714342,CENVEO GROUP,12,LATAM,ORBIT,RPS,NO_TS_LATAM,90.18
Lisa,Williams,LX25988,6412673,GOLZEN VENTURES,12,CONT MENA,NOVA,FORFAIT,HIPC9YDW931XQZV,11.9
Lisa,Williams,LX25988,6412673,GOLZEN VENTURES,12,CONT,NOVA,FORFAIT,NO_TS_CONT,88.1
David,Lee,SE86218,3596371,JALVIK TECH,12,APAC AFRICA,NEXUS,REGIE,2ENF69Q7GA9FDTQ,6.55
David,Lee,SE86218,3596371,JALVIK TECH,12,NA,NEXUS,REGIE,NO_TS_NA,93.45
Ryan,Shields,RP50573,5161373,BRYTON SYSTEMS,12,MEA MENA,PHOENIX,FORFAIT,CHOZ2U2HT8GPING,8.33
Ryan,Shields,RP50573,5161373,BRYTON SYSTEMS,12,EMEA,PHOENIX,FORFAIT,NO_TS_EMEA,91.67
Alan,Shields,VH66235,4198601,CENVEO GROUP,12,CONT EUROPE,STELLAR,SUPPORT,B48ME8FX088TOSJ,9.38
Alan,Shields,VH66235,4198601,CENVEO GROUP,12,MEA,STELLAR,SUPPORT,NO_TS_MEA,90.63
Vicki,Brown,WP50519,1366539,CENVEO DIGITAL,12,MEA ASIA,ATLAS,REGIE,YLIOZESSBQOFKUA,10.42
Vicki,Brown,WP50519,1366539,CENVEO DIGITAL,12,CONT,ATLAS,REGIE,NO_TS_CONT,89.58
Noah,Powell,CC53861,2205714,ETHOS GROUP,12,LATAM OCEANIA,NEXUS,RPS,8VRT8ENCHM3DC5L,9.52
Noah,Powell,CC53861,2205714,ETHOS GROUP,12,EMEA,NEXUS,RPS,NO_TS_EMEA,90.48
Dennis,Thomas,HP96702,4282379,GOLZEN DYNAMICS,12,LATAM OCEANIA,STELLAR,REGIE,R95UZR6T0YYK40P,7.74
Dennis,Thomas,HP96702,4282379,GOLZEN DYNAMICS,12,EMEA,STELLAR,REGIE,NO_TS_EMEA,92.26
Kenneth,Spencer,WL26744,5598076,ALCOR SOLUTIONS,12,LATAM OCEANIA,QUANTUM,RPS,TKDT0ANPMZKGKGT,5.76
Kenneth,Spencer,WL26744,5598076,ALCOR SOLUTIONS,12,EMEA,QUANTUM,RPS,NO_TS_EMEA,94.24
Zachary,Ramos,UM51477,1704557,HYRION CONSULTING,12,EMEA ASIA,VERTEX,MAINTENANCE,WR8E88S93Z1MDGG,9.08
Zachary,Ramos,UM51477,1704557,HYRION CONSULTING,12,APAC,VERTEX,MAINTENANCE,NO_TS_APAC,90.92
Jessica,Rodriguez,BX74043,5977677,LUMEX DYNAMICS,12,EMEA MENA,STELLAR,MAINTENANCE,QMUJVKLOLURCGD1,8.48
Anna,Chambers,JY74639,8117146,ALCOR DIGITAL,12,NA ASIA,STELLAR,SUPPORT,V22BCEUKAAVLMCT,8.93
Anna,Chambers,JY74639,8117146,ALCOR DIGITAL,12,EMEA,STELLAR,SUPPORT,NO_TS_EMEA,91.07
Jennifer,Melendez,VZ75282,4238489,GOLZEN GLOBAL,12,EMEA OCEANIA,ORBIT,MAINTENANCE,UW7LQ67CBGPF5PA,9.52
Jennifer,Melendez,VZ75282,4238489,GOLZEN GLOBAL,12,MEA,ORBIT,MAINTENANCE,NO_TS_MEA,90.48
Michael,Lynch,VH67536,4151455,FORVEX DIGITAL,12,LATAM AMERICA,STELLAR,REGIE,Y5AM47KT906Y1M3,10.71
Michael,Lynch,VH67536,4151455,FORVEX DIGITAL,12,EMEA,STELLAR,REGIE,NO_TS_EMEA,89.29
Mary,Davidson,LR26021,5246644,DELVO TECH,12,CONT EUROPE,PULSE,SUPPORT,W6DUJUTU5O1XULT,9.52
Mary,Davidson,LR26021,5246644,DELVO TECH,12,APAC,PULSE,SUPPORT,NO_TS_APAC,90.48
William,Green,PL74709,4221039,BRYTON DIGITAL,12,EMEA AMERICA,VERTEX,FORFAIT,I6NJAEW6M4ADWN9,5.51
William,Green,PL74709,4221039,BRYTON DIGITAL,12,CONT,VERTEX,FORFAIT,NO_TS_CONT,94.49
Rachel,Williams,BF90070,4416688,ETHOS TECH,12,LATAM OCEANIA,ORBIT,MAINTENANCE,9ASWT5WPNW51RWP,9.52
Jeremiah,Mckenzie,GB01790,9415296,ALCOR CONSULTING,12,CONT OCEANIA,QUANTUM,SUPPORT,5HXDW74B79ES7M5,11.9
Jeremiah,Mckenzie,GB01790,9415296,ALCOR CONSULTING,12,NA,QUANTUM,SUPPORT,NO_TS_NA,88.1
Nancy,Mendoza,SH17569,8751546,BRYTON CONSULTING,12,NA AFRICA,ORBIT,REGIE,N7O6GSF14WM7YY2,7.74
Nancy,Mendoza,SH17569,8751546,BRYTON CONSULTING,12,CONT,ORBIT,REGIE,NO_TS_CONT,92.26
Kyle,Jacobs,NM02804,5641469,KESTRA DIGITAL,12,MEA EUROPE,PHOENIX,RPS,FWE0JECW7IY95LT,11.9
Kyle,Jacobs,NM02804,5641469,KESTRA DIGITAL,12,LATAM,PHOENIX,RPS,NO_TS_LATAM,88.1
Christy,Day,LK27133,6085719,LUMEX SOLUTIONS,12,LATAM OCEANIA,ORBIT,MAINTENANCE,WSW5UGRX1BZ8K9Q,14.29
Christy,Day,LK27133,6085719,LUMEX SOLUTIONS,12,MEA,ORBIT,MAINTENANCE,NO_TS_MEA,85.71
Steven,Parks,EK41715,5068646,JALVIK GLOBAL,12,MEA ASIA,STELLAR,RPS,VYXNPMMJ1H3A2ZQ,8.33
Steven,Parks,EK41715,5068646,JALVIK GLOBAL,12,NA,STELLAR,RPS,NO_TS_NA,91.67
Jonathan,Evans,EO72368,3601545,BRYTON GLOBAL,12,MEA AMERICA,NOVA,SUPPORT,I2NZND0EN05ZRLV,9.52
Jonathan,Evans,EO72368,3601545,BRYTON GLOBAL,12,EMEA,NOVA,SUPPORT,NO_TS_EMEA,90.48
Robert,Johnson,YE48607,5885448,GOLZEN DIGITAL,12,CONT EUROPE,STELLAR,FORFAIT,QLHMDLSNOXBURJG,9.52
Shane,Leach,FO93952,9688434,INOVA GLOBAL,12,LATAM AFRICA,PHOENIX,MAINTENANCE,WUGVQ77E4H3HBCE,9.52
Shane,Leach,FO93952,9688434,INOVA GLOBAL,12,NA,PHOENIX,MAINTENANCE,NO_TS_NA,90.48
Ashley,Wu,HN15004,7341885,GOLZEN CONSULTING,12,MEA ASIA,STELLAR,FORFAIT,5PHIU3SR2R4SLM5,11.9
Ashley,Wu,HN15004,7341885,GOLZEN CONSULTING,12,MEA,STELLAR,FORFAIT,NO_TS_MEA,88.1
Kristie,Campbell,AN09301,1700995,HYRION VENTURES,12,LATAM AFRICA,PULSE,REGIE,VMWWXR7X29TEFBX,7.44
Kristie,Campbell,AN09301,1700995,HYRION VENTURES,12,NA,PULSE,REGIE,NO_TS_NA,92.56
Andrew,Gallagher,RZ14769,6113416,ALCOR DIGITAL,12,EMEA OCEANIA,ATLAS,MAINTENANCE,A105LD46L2HF9JU,7.29
Danielle,Prince,TQ24372,6980322,INOVA GROUP,12,MEA AFRICA,STELLAR,MAINTENANCE,V9BKJAYYRX86VGH,11.9
Danielle,Prince,TQ24372,6980322,INOVA GROUP,12,APAC,STELLAR,MAINTENANCE,NO_TS_APAC,88.1
Karen,Perez,ZM92822,7311417,GOLZEN SOLUTIONS,12,LATAM AFRICA,VERTEX,FORFAIT,OUI1OPXMXHMCMV6,7.74
Samantha,Roberts,SU84301,3533517,DELVO GLOBAL,12,EMEA OCEANIA,STELLAR,FORFAIT,HDZNTJA0E0VH3CV,8.63
Kelly,White,NR67693,9144544,CENVEO VENTURES,12,NA MENA,ORBIT,SUPPORT,OO76KWB47NUUDYI,10.71
Kelly,White,NR67693,9144544,CENVEO VENTURES,12,NA,ORBIT,SUPPORT,NO_TS_NA,89.29
James,King,CY59595,8100897,DELVO DYNAMICS,12,CONT MENA,PHOENIX,SUPPORT,7HKRBRMR3RNBT77,7.29
James,King,CY59595,8100897,DELVO DYNAMICS,12,CONT,PHOENIX,SUPPORT,NO_TS_CONT,92.71
Lisa,Robertson,XD12595,1511734,LUMEX DYNAMICS,12,EMEA AFRICA,NEXUS,MAINTENANCE,7NQ1XD6II70IKO4,9.52
Lisa,Robertson,XD12595,1511734,LUMEX DYNAMICS,12,CONT,NEXUS,MAINTENANCE,NO_TS_CONT,90.48
Carl,Huber,SH92831,7189162,FORVEX DYNAMICS,12,APAC AMERICA,ATLAS,RPS,A9LWHZGOGZVC3RE,7.74
Timothy,Lin,LG73162,1263638,ETHOS GLOBAL,12,CONT AFRICA,PHOENIX,RPS,OMM10MR7IJC043X,8.93
Timothy,Lin,LG73162,1263638,ETHOS GLOBAL,12,CONT,PHOENIX,RPS,NO_TS_CONT,91.07
Terri,Ponce,UC86263,3143884,GOLZEN CONSULTING,12,CONT EUROPE,NOVA,FORFAIT,3ZPUOF2F42VCIFD,10.42
Terri,Ponce,UC86263,3143884,GOLZEN CONSULTING,12,LATAM,NOVA,FORFAIT,NO_TS_LATAM,89.58
Stephanie,Vargas,SJ23843,9719767,HYRION SOLUTIONS,12,LATAM MENA,VERTEX,REGIE,GV0RCUFXCU8Y5C2,12.05
Stephanie,Vargas,SJ23843,9719767,HYRION SOLUTIONS,12,NA,VERTEX,REGIE,NO_TS_NA,87.95
Douglas,Owens,TU84766,2495308,ALCOR DIGITAL,12,MEA EUROPE,ORBIT,FORFAIT,QDMIPKK7YQ02KK4,14.29
Linda,Miller,MQ43651,5501517,DELVO DYNAMICS,12,MEA OCEANIA,PHOENIX,REGIE,O3MWAU3SM1T8Z6Q,10.71
Linda,Miller,MQ43651,5501517,DELVO DYNAMICS,12,CONT,PHOENIX,REGIE,NO_TS_CONT,89.29
Philip,Burton,MU81156,9071462,BRYTON SOLUTIONS,12,APAC EUROPE,NOVA,MAINTENANCE,8X7NY7SVFYGFCVY,10.12
Philip,Burton,MU81156,9071462,BRYTON SOLUTIONS,12,NA,NOVA,MAINTENANCE,NO_TS_NA,89.88
Debra,Dorsey,GJ27768,7794780,ALCOR DYNAMICS,12,LATAM EUROPE,PULSE,SUPPORT,ZENT1KTZQCUI7FP,16.67
Debra,Dorsey,GJ27768,7794780,ALCOR DYNAMICS,12,APAC,PULSE,SUPPORT,NO_TS_APAC,83.33
Ann,James,VX03788,8215566,ALCOR VENTURES,12,APAC AFRICA,PULSE,SUPPORT,4Y8SY1I65WC7SW4,5.06
Ann,James,VX03788,8215566,ALCOR VENTURES,12,CONT,PULSE,SUPPORT,NO_TS_CONT,94.94
Antonio,Cruz,DU00692,6103456,CENVEO SOLUTIONS,12,MEA OCEANIA,ORBIT,RPS,FQU4H72T1MPIOXC,9.82
Brianna,Wang,UK07017,4451859,ETHOS SYSTEMS,12,CONT AMERICA,PULSE,FORFAIT,ROUI6J34PTRUGVP,14.29
Brianna,Wang,UK07017,4451859,ETHOS SYSTEMS,12,NA,PULSE,FORFAIT,NO_TS_NA,85.71
Taylor,Delacruz,BS88330,7452314,KESTRA SOLUTIONS,12,LATAM OCEANIA,QUANTUM,FORFAIT,VVKKRJG1QIPVKDF,7.89
Taylor,Delacruz,BS88330,7452314,KESTRA SOLUTIONS,12,MEA,QUANTUM,FORFAIT,NO_TS_MEA,92.11
James,Leblanc,RR26721,8684745,CENVEO GROUP,12,NA AFRICA,QUANTUM,RPS,8DWGXD7ZUL5ALSN,9.52
Sara,Torres,IZ82081,3995243,ALCOR TECH,12,APAC AFRICA,QUANTUM,MAINTENANCE,SDG8YOZ4JBY1QSE,9.52
Sara,Torres,IZ82081,3995243,ALCOR TECH,12,MEA,QUANTUM,MAINTENANCE,NO_TS_MEA,90.48
Christopher,Thomas,UM56329,5166898,INOVA TECH,12,CONT MENA,NOVA,FORFAIT,JKO99HO4NKYHJHP,9.67
Christopher,Thomas,UM56329,5166898,INOVA TECH,12,MEA,NOVA,FORFAIT,NO_TS_MEA,90.33
Jennifer,Jackson,JL89989,6181630,HYRION GLOBAL,12,CONT AMERICA,QUANTUM,MAINTENANCE,CEG8PBHUS84FD53,8.48
Brian,Allen,OS51592,1751884,ETHOS SOLUTIONS,12,MEA AFRICA,ORBIT,REGIE,LERLGJ5IR5V79NE,13.1
Brian,Allen,OS51592,1751884,ETHOS SOLUTIONS,12,CONT,ORBIT,REGIE,NO_TS_CONT,86.9
Richard,Santana,AN47645,5807081,KESTRA SYSTEMS,12,MEA AFRICA,ATLAS,SUPPORT,Q7XC6UKA67EXLOB,12.2
Richard,Santana,AN47645,5807081,KESTRA SYSTEMS,12,LATAM,ATLAS,SUPPORT,NO_TS_LATAM,87.8
Rodney,Mason,PG80278,3957164,BRYTON SYSTEMS,12,CONT OCEANIA,NOVA,FORFAIT,EO76N1V55ULPEIR,13.1
Rodney,Mason,PG80278,3957164,BRYTON SYSTEMS,12,EMEA,NOVA,FORFAIT,NO_TS_EMEA,86.9
Michele,Davis,GN43231,2748046,HYRION CONSULTING,12,LATAM MENA,QUANTUM,SUPPORT,4692RCQU7KU0C21,9.82
Courtney,Wilson,PE45613,1288146,GOLZEN SOLUTIONS,12,MEA AFRICA,NOVA,RPS,EQCQV3KOU9LYKDK,14.58
Courtney,Wilson,PE45613,1288146,GOLZEN SOLUTIONS,12,CONT,NOVA,RPS,NO_TS_CONT,85.42
Alison,Dunn,KK19908,2569003,FORVEX DIGITAL,12,MEA MENA,PHOENIX,MAINTENANCE,CGBL96H94ASNQNG,7.29
Alison,Dunn,KK19908,2569003,FORVEX DIGITAL,12,NA,PHOENIX,MAINTENANCE,NO_TS_NA,92.71
Margaret,Sanchez,JZ37030,4474696,DELVO DYNAMICS,12,CONT EUROPE,ATLAS,RPS,DUC4J9CYW18ECCU,13.69
Robert,Hubbard,CJ52718,2749171,FORVEX GLOBAL,12,MEA EUROPE,PULSE,SUPPORT,KQQ35H57BBR82DO,7.44
Robert,Hubbard,CJ52718,2749171,FORVEX GLOBAL,12,NA,PULSE,SUPPORT,NO_TS_NA,92.56
Derek,Mcgee,OL90979,4150576,GOLZEN DIGITAL,12,CONT AMERICA,PULSE,MAINTENANCE,1JIXX5CTVGHNYGO,9.82
Derek,Mcgee,OL90979,4150576,GOLZEN DIGITAL,12,EMEA,PULSE,MAINTENANCE,NO_TS_EMEA,90.18
Steven,Phillips,DU13988,8469946,JALVIK DYNAMICS,12,LATAM ASIA,QUANTUM,FORFAIT,H1D4FYF4LSWP8VO,6.77
Steven,Phillips,DU13988,8469946,JALVIK DYNAMICS,12,APAC,QUANTUM,FORFAIT,NO_TS_APAC,93.23
Rachel,Garza,XL75729,7701560,JALVIK CONSULTING,12,EMEA OCEANIA,ATLAS,MAINTENANCE,NQYMX8165EBHLNM,11.9
Rachel,Garza,XL75729,7701560,JALVIK CONSULTING,12,NA,ATLAS,MAINTENANCE,NO_TS_NA,88.1
James,Walker,UI41937,6181954,GOLZEN CONSULTING,12,EMEA OCEANIA,PULSE,MAINTENANCE,ICS3YO464MKXBG3,10.42
James,Walker,UI41937,6181954,GOLZEN CONSULTING,12,CONT,PULSE,MAINTENANCE,NO_TS_CONT,89.58
Alyssa,Ramos,HI59154,8639854,LUMEX SOLUTIONS,12,LATAM AFRICA,VERTEX,SUPPORT,0GM4V94E1AWRGIN,11.9
Alyssa,Ramos,HI59154,8639854,LUMEX SOLUTIONS,12,MEA,VERTEX,SUPPORT,NO_TS_MEA,88.1
Jose,Burch,XW64199,7128299,HYRION SOLUTIONS,12,CONT AMERICA,ORBIT,FORFAIT,MX3I6BXNSLZBLX6,10.42
Hunter,Gray,ID89938,3119180,LUMEX GLOBAL,12,LATAM OCEANIA,QUANTUM,FORFAIT,S7UC5QA0L3YQ1LX,11.9
Hunter,Gray,ID89938,3119180,LUMEX GLOBAL,12,LATAM,QUANTUM,FORFAIT,NO_TS_LATAM,88.1
Megan,Miller,EU11771,1153637,KESTRA VENTURES,12,CONT MENA,PHOENIX,SUPPORT,S8P1XNYM2D5KO9W,11.9
Dawn,Romero,ZN90650,6536215,HYRION GROUP,12,CONT EUROPE,STELLAR,REGIE,LGLGL797R4I7NZA,11.9
Tina,Anderson,TY75188,6930269,DELVO GLOBAL,12,LATAM AFRICA,PHOENIX,MAINTENANCE,J826TRLJBBCS3XB,11.9
Tina,Anderson,TY75188,6930269,DELVO GLOBAL,12,MEA,PHOENIX,MAINTENANCE,NO_TS_MEA,88.1
Christian,Houston,VL69479,7068666,LUMEX SOLUTIONS,12,MEA AMERICA,NOVA,SUPPORT,9HVFDMOKF8HF5HN,12.5
Ashley,Ball,IB15398,9262359,DELVO DIGITAL,12,LATAM AFRICA,NEXUS,RPS,N2LFV21HSGQLLPX,7.74
Ashley,Ball,IB15398,9262359,DELVO DIGITAL,12,NA,NEXUS,RPS,NO_TS_NA,92.26
Bernard,Rocha,WQ64505,9950988,GOLZEN DYNAMICS,12,MEA AMERICA,QUANTUM,REGIE,83QQLDPEMEGM4PQ,7.44
Ashley,Long,LF26334,7314518,JALVIK CONSULTING,12,MEA MENA,NEXUS,MAINTENANCE,QSKINYC7I7MMY37,11.31
Jason,Williams,LR46450,4849792,FORVEX GROUP,12,MEA EUROPE,PULSE,REGIE,WV3I6GLIRH5MSCK,12.95
Kelsey,Miller,CB13760,6260018,DELVO TECH,12,LATAM EUROPE,NEXUS,FORFAIT,0TQY9R56CY03QWS,9.52
Kelsey,Miller,CB13760,6260018,DELVO TECH,12,EMEA,NEXUS,FORFAIT,NO_TS_EMEA,90.48
Martin,Lowery,XW12943,8490242,INOVA SOLUTIONS,12,CONT EUROPE,VERTEX,REGIE,RHNE7B32RU1AH88,11.9
Troy,Arias,LV25626,1161469,ETHOS CONSULTING,12,EMEA EUROPE,QUANTUM,FORFAIT,Y36L61CQ3AR0ITM,8.93
Troy,Arias,LV25626,1161469,ETHOS CONSULTING,12,APAC,QUANTUM,FORFAIT,NO_TS_APAC,91.07
Dawn,Walker,LA46454,7916007,GOLZEN SYSTEMS,12,EMEA EUROPE,VERTEX,FORFAIT,3JU10H5SPBGVVKM,7.14
Dawn,Walker,LA46454,7916007,GOLZEN SYSTEMS,12,EMEA,VERTEX,FORFAIT,NO_TS_EMEA,92.86
Alexandria,Anderson,WS91111,3044089,KESTRA GROUP,12,LATAM MENA,NOVA,MAINTENANCE,ZKJFY4G216FQE58,11.9
Daniel,Jackson,XJ37026,4265852,JALVIK TECH,12,LATAM MENA,QUANTUM,FORFAIT,9CJTLBARH4PXVD3,8.33
Daniel,Jackson,XJ37026,4265852,JALVIK TECH,12,NA,QUANTUM,FORFAIT,NO_TS_NA,91.67
Bailey,Stevens,LT15637,5715835,GOLZEN SOLUTIONS,12,MEA AMERICA,ATLAS,SUPPORT,GDIKFT4TVNSLZ99,8.04
Bailey,Stevens,LT15637,5715835,GOLZEN SOLUTIONS,12,MEA,ATLAS,SUPPORT,NO_TS_MEA,91.96
Randy,Torres,XZ34330,9521285,CENVEO CONSULTING,12,APAC ASIA,ORBIT,SUPPORT,9OOUFAJTJWTEVFE,9.52
Randy,Torres,XZ34330,9521285,CENVEO CONSULTING,12,EMEA,ORBIT,SUPPORT,NO_TS_EMEA,90.48
Derrick,Oconnor,WE57274,4205809,BRYTON GLOBAL,12,NA AFRICA,ATLAS,MAINTENANCE,M6ZHSZFC5LLO5FG,9.52
Derrick,Oconnor,WE57274,4205809,BRYTON GLOBAL,12,MEA,ATLAS,MAINTENANCE,NO_TS_MEA,90.48
Danielle,Stanley,ZM17589,9155170,INOVA DYNAMICS,12,LATAM AFRICA,VERTEX,REGIE,R1J35FQAF3RDRN6,9.52
Danielle,Stanley,ZM17589,9155170,INOVA DYNAMICS,12,EMEA,VERTEX,REGIE,NO_TS_EMEA,90.48
Steven,Sullivan,LS61261,9397406,FORVEX GROUP,12,NA AFRICA,PHOENIX,FORFAIT,WM4AV9YWZOWNWY1,11.9
Steven,Sullivan,LS61261,9397406,FORVEX GROUP,12,MEA,PHOENIX,FORFAIT,NO_TS_MEA,88.1
Vanessa,Sanchez,AQ03216,7402037,GOLZEN GLOBAL,12,NA ASIA,QUANTUM,MAINTENANCE,Y4190Q0CAGFZUXN,10.71
Vanessa,Sanchez,AQ03216,7402037,GOLZEN GLOBAL,12,CONT,QUANTUM,MAINTENANCE,NO_TS_CONT,89.29
Edward,Duke,QT12539,8467589,GOLZEN TECH,12,APAC AMERICA,NOVA,REGIE,SKTNVJYVZ7GKA0A,11.9
Edward,Duke,QT12539,8467589,GOLZEN TECH,12,CONT,NOVA,REGIE,NO_TS_CONT,88.1
Karen,Peters,BO57042,9784638,CENVEO VENTURES,12,CONT AFRICA,VERTEX,SUPPORT,CXN4AC7B61VH08Q,13.1
Karen,Peters,BO57042,9784638,CENVEO VENTURES,12,CONT,VERTEX,SUPPORT,NO_TS_CONT,86.9
Joshua,Hughes,YL47556,5314170,KESTRA SYSTEMS,12,LATAM OCEANIA,NEXUS,RPS,37FZFNHJPS4Z6CV,9.82
Joshua,Hughes,YL47556,5314170,KESTRA SYSTEMS,12,LATAM,NEXUS,RPS,NO_TS_LATAM,90.18
Jon,Neal,FQ73802,2922414,GOLZEN DIGITAL,12,NA AMERICA,PHOENIX,SUPPORT,H54M7N68QCNIA5B,11.9
Jon,Neal,FQ73802,2922414,GOLZEN DIGITAL,12,APAC,PHOENIX,SUPPORT,NO_TS_APAC,88.1
Kimberly,Horne,DJ79473,2957379,INOVA SYSTEMS,12,MEA AMERICA,PULSE,FORFAIT,9B34COMJWA31VC8,9.52
Kimberly,Horne,DJ79473,2957379,INOVA SYSTEMS,12,MEA,PULSE,FORFAIT,NO_TS_MEA,90.48
Gina,Ramos,WA54759,5910123,ETHOS TECH,12,APAC AFRICA,VERTEX,MAINTENANCE,KYGJTI6Q76M0Y4X,9.52
Shane,Gonzalez,MN97762,1030909,BRYTON GLOBAL,12,NA AMERICA,ATLAS,RPS,BUDEU05M0A9UA5O,8.04
Shane,Gonzalez,MN97762,1030909,BRYTON GLOBAL,12,NA,ATLAS,RPS,NO_TS_NA,91.96
Melissa,Sanchez,PS28212,3587496,KESTRA DYNAMICS,12,MEA MENA,PULSE,REGIE,9MTEGVTCN56ZBJ4,10.71
Melissa,Sanchez,PS28212,3587496,KESTRA DYNAMICS,12,LATAM,PULSE,REGIE,NO_TS_LATAM,89.29
Andrea,Anderson,QH81825,7041651,INOVA VENTURES,12,MEA ASIA,VERTEX,REGIE,1HSSCVT13WII2B6,11.9
Andrea,Anderson,QH81825,7041651,INOVA VENTURES,12,MEA,VERTEX,REGIE,NO_TS_MEA,88.1
Richard,Mckee,DM28799,3903259,GOLZEN CONSULTING,12,APAC EUROPE,STELLAR,REGIE,OPHR2S3C1KAIHL2,9.82
Jacqueline,Williams,QL73474,7687822,ALCOR DYNAMICS,12,EMEA EUROPE,NOVA,FORFAIT,3IYUZ7CTFB6K5MS,9.52
Jacqueline,Williams,QL73474,7687822,ALCOR DYNAMICS,12,MEA,NOVA,FORFAIT,NO_TS_MEA,90.48
Patrick,Bartlett,UR55331,7168600,GOLZEN SYSTEMS,12,LATAM EUROPE,ATLAS,SUPPORT,MCJJRPN6VU4FQOL,11.9
Patrick,Bartlett,UR55331,7168600,GOLZEN SYSTEMS,12,EMEA,ATLAS,SUPPORT,NO_TS_EMEA,88.1
Elizabeth,Cook,QF45447,9900420,ETHOS GROUP,12,EMEA ASIA,STELLAR,SUPPORT,2W40724XDHCN54F,8.63
Elizabeth,Cook,QF45447,9900420,ETHOS GROUP,12,NA,STELLAR,SUPPORT,NO_TS_NA,91.37
Lori,Butler,SU59317,6716060,HYRION VENTURES,12,NA MENA,PHOENIX,SUPPORT,T99GZRQGUNYWTZ1,7.14
Lori,Butler,SU59317,6716060,HYRION VENTURES,12,NA,PHOENIX,SUPPORT,NO_TS_NA,92.86
Tina,Young,MV77328,4711562,KESTRA CONSULTING,12,APAC AFRICA,QUANTUM,MAINTENANCE,FOGX12V8H57P4R0,5.95
Tina,Young,MV77328,4711562,KESTRA CONSULTING,12,EMEA,QUANTUM,MAINTENANCE,NO_TS_EMEA,94.05
James,Alexander,WZ38730,5873744,CENVEO CONSULTING,12,NA OCEANIA,NOVA,RPS,5R3TX9JLQ22HTE5,11.9
James,Alexander,WZ38730,5873744,CENVEO CONSULTING,12,MEA,NOVA,RPS,NO_TS_MEA,88.1
Sean,Campos,EU38082,7523651,ALCOR GLOBAL,12,MEA AFRICA,STELLAR,SUPPORT,HG13YMKOHF85GYB,7.29
Sean,Campos,EU38082,7523651,ALCOR GLOBAL,12,MEA,STELLAR,SUPPORT,NO_TS_MEA,92.71
Melissa,Perez,VZ57361,8637367,BRYTON DYNAMICS,12,MEA MENA,PULSE,SUPPORT,D7JYG0F0RVRRQST,7.74
Melissa,Perez,VZ57361,8637367,BRYTON DYNAMICS,12,EMEA,PULSE,SUPPORT,NO_TS_EMEA,92.26
Martin,Williams,JV89224,6347664,FORVEX GROUP,12,EMEA MENA,PULSE,RPS,R2MC0FCCXHYP4QC,11.9
Martin,Williams,JV89224,6347664,FORVEX GROUP,12,APAC,PULSE,RPS,NO_TS_APAC,88.1
Lorraine,Patterson,PC50337,9967496,CENVEO DYNAMICS,12,EMEA ASIA,STELLAR,SUPPORT,NU952MSKMHLP3AD,7.29
Lorraine,Patterson,PC50337,9967496,CENVEO DYNAMICS,12,MEA,STELLAR,SUPPORT,NO_TS_MEA,92.71
Lauren,Soto,GK40084,6618345,LUMEX DYNAMICS,12,EMEA OCEANIA,STELLAR,MAINTENANCE,Y6ERLFIAZLRMKN0,9.52
Lauren,Soto,GK40084,6618345,LUMEX DYNAMICS,12,NA,STELLAR,MAINTENANCE,NO_TS_NA,90.48
Jason,Andrews,GV63194,7580705,GOLZEN DYNAMICS,12,APAC AFRICA,STELLAR,FORFAIT,ZY4RDTE5HZS6Y6D,9.52
Jason,Andrews,GV63194,7580705,GOLZEN DYNAMICS,12,NA,STELLAR,FORFAIT,NO_TS_NA,90.48
Brian,Becker,JE79900,1328797,GOLZEN CONSULTING,12,LATAM OCEANIA,NEXUS,SUPPORT,J20A3CAKJ4KC4S9,9.52
Brian,Becker,JE79900,1328797,GOLZEN CONSULTING,12,LATAM,NEXUS,SUPPORT,NO_TS_LATAM,90.48
Katie,Horn,KN40991,8179656,KESTRA GLOBAL,12,LATAM EUROPE,NEXUS,SUPPORT,KPJOATCNTH1JFA8,9.52
Katie,Horn,KN40991,8179656,KESTRA GLOBAL,12,EMEA,NEXUS,SUPPORT,NO_TS_EMEA,90.48
Stephanie,Marshall,DF82011,9332598,DELVO DYNAMICS,12,EMEA MENA,ATLAS,FORFAIT,VEAYRNKRA9Z5NJA,10.12
Jacqueline,Patel,EY54237,9956177,LUMEX DYNAMICS,12,MEA MENA,ORBIT,FORFAIT,3ELP8Q1WIXDBNQB,12.05
Jacqueline,Patel,EY54237,9956177,LUMEX DYNAMICS,12,MEA,ORBIT,FORFAIT,NO_TS_MEA,87.95
Timothy,Anderson,WB01637,9089362,BRYTON TECH,12,EMEA MENA,STELLAR,SUPPORT,PHFNR32L6M8F68R,8.33
Timothy,Anderson,WB01637,9089362,BRYTON TECH,12,APAC,STELLAR,SUPPORT,NO_TS_APAC,91.67
Jennifer,Brown,YP08631,9194518,JALVIK VENTURES,12,APAC MENA,NEXUS,REGIE,AI2F6N7LEP6B1BH,9.97
Justin,Morgan,EX53651,1055888,ETHOS CONSULTING,12,APAC AFRICA,QUANTUM,REGIE,QTV5JL800R05J47,10.71
Richard,Bauer,FM90273,9128740,GOLZEN DIGITAL,12,EMEA OCEANIA,STELLAR,SUPPORT,6TNG08E5OWCDJJ8,7.44
Richard,Bauer,FM90273,9128740,GOLZEN DIGITAL,12,MEA,STELLAR,SUPPORT,NO_TS_MEA,92.56
Anthony,Hernandez,EY29291,4148591,BRYTON SOLUTIONS,12,CONT MENA,VERTEX,FORFAIT,OSZ6L3QP9P8YUNH,7.74
Tina,West,DL93519,6185903,INOVA DIGITAL,12,APAC ASIA,PULSE,FORFAIT,WVIQG3J7D1R4MW8,5.8
Adrian,Potts,GA45134,9420515,HYRION TECH,12,CONT MENA,STELLAR,FORFAIT,BM6YGXLLR6YK7DJ,7.29
Fred,Mitchell,ZW68421,3904234,CENVEO SYSTEMS,12,LATAM ASIA,ORBIT,REGIE,EX5S08YEXNXBFZX,8.04
Fred,Mitchell,ZW68421,3904234,CENVEO SYSTEMS,12,MEA,ORBIT,REGIE,NO_TS_MEA,91.96
Tammy,Arias,GR23704,5004060,ETHOS DIGITAL,12,MEA ASIA,STELLAR,SUPPORT,MPYRY3GE3D6J4LI,6.1
Tammy,Arias,GR23704,5004060,ETHOS DIGITAL,12,CONT,STELLAR,SUPPORT,NO_TS_CONT,93.9
Luis,Wright,GY15071,5649139,CENVEO DIGITAL,12,APAC AMERICA,NEXUS,FORFAIT,97TO43NVY3OE904,8.33
Luis,Wright,GY15071,5649139,CENVEO DIGITAL,12,NA,NEXUS,FORFAIT,NO_TS_NA,91.67
Miguel,Palmer,GO35761,3000776,ETHOS SOLUTIONS,12,LATAM MENA,PHOENIX,SUPPORT,KFZ7CBBQDZ9W93Q,11.9
Denise,Anthony,QW70364,7602194,INOVA DIGITAL,12,LATAM AMERICA,ORBIT,MAINTENANCE,BD5YRWTD6P22EOV,8.33
Denise,Anthony,QW70364,7602194,INOVA DIGITAL,12,EMEA,ORBIT,MAINTENANCE,NO_TS_EMEA,91.67
Riley,Lester,NU76604,7244845,GOLZEN GROUP,12,MEA AMERICA,ORBIT,FORFAIT,ZUMSBFX8CEHA9KD,9.52
Riley,Lester,NU76604,7244845,GOLZEN GROUP,12,APAC,ORBIT,FORFAIT,NO_TS_APAC,90.48
Mark,Reese,RY58130,4650162,BRYTON GROUP,12,CONT AFRICA,PHOENIX,FORFAIT,ZNRWZ28R3GOVOFR,11.31
Mark,Reese,RY58130,4650162,BRYTON GROUP,12,CONT,PHOENIX,FORFAIT,NO_TS_CONT,88.69
Andrew,Massey,ZF13388,5917021,CENVEO CONSULTING,12,NA AFRICA,ORBIT,RPS,ZA3KBA15GKLLR87,9.52
Holly,Hines,AJ10176,7903641,BRYTON GROUP,12,LATAM AMERICA,NOVA,FORFAIT,JM5TOIRYHV5DUSH,9.52
Holly,Hines,AJ10176,7903641,BRYTON GROUP,12,CONT,NOVA,FORFAIT,NO_TS_CONT,90.48
Hannah,Howell,WR72693,6371639,KESTRA DIGITAL,12,APAC AFRICA,PHOENIX,RPS,KWFOI5TUBB79NIV,8.33
Hannah,Howell,WR72693,6371639,KESTRA DIGITAL,12,MEA,PHOENIX,RPS,NO_TS_MEA,91.67
Michael,Stephens,CA52217,4947272,GOLZEN DYNAMICS,12,APAC AMERICA,ORBIT,REGIE,6ELV0OXNDX17Z32,9.67
Michael,Stephens,CA52217,4947272,GOLZEN DYNAMICS,12,CONT,ORBIT,REGIE,NO_TS_CONT,90.33
Jose,Knapp,KW43654,2233913,BRYTON SYSTEMS,12,MEA MENA,PULSE,REGIE,EF4S3B3M1ZTLGSW,14.58
Jose,Knapp,KW43654,2233913,BRYTON SYSTEMS,12,LATAM,PULSE,REGIE,NO_TS_LATAM,85.42
Danielle,Logan,AR75874,1391898,FORVEX SYSTEMS,12,NA EUROPE,STELLAR,MAINTENANCE,VBL9M12WJXTDWUE,14.29
Danielle,Logan,AR75874,1391898,FORVEX SYSTEMS,12,APAC,STELLAR,MAINTENANCE,NO_TS_APAC,85.71
Joseph,Bennett,IF00163,6346376,HYRION DYNAMICS,12,NA AMERICA,ATLAS,MAINTENANCE,DX0JHKCX6QBZTQE,10.27
Joseph,Bennett,IF00163,6346376,HYRION DYNAMICS,12,NA,ATLAS,MAINTENANCE,NO_TS_NA,89.73
Monica,Harmon,UQ73882,8884003,LUMEX SYSTEMS,12,NA AMERICA,NOVA,FORFAIT,I8EO6JQQLHT12EL,6.25
Monica,Harmon,UQ73882,8884003,LUMEX SYSTEMS,12,NA,NOVA,FORFAIT,NO_TS_NA,93.75
Christina,Goodman,WR29874,2384336,DELVO DIGITAL,12,MEA MENA,ORBIT,MAINTENANCE,8Q9RH6EQHGYQSV8,11.9
Kristy,Gutierrez,QH23033,8621524,GOLZEN CONSULTING,12,MEA AFRICA,PULSE,FORFAIT,VES03E3YSE0A66O,9.52
Kristy,Gutierrez,QH23033,8621524,GOLZEN CONSULTING,12,CONT,PULSE,FORFAIT,NO_TS_CONT,90.48
Amanda,Gillespie,YE30522,6927327,JALVIK GROUP,12,MEA OCEANIA,ORBIT,FORFAIT,4CE8W13MMW494KO,3.13
Andrew,Ruiz,GD69971,6129142,BRYTON TECH,12,CONT ASIA,PULSE,REGIE,ZOA8JVKTDC2T1O1,11.9
Andrew,Ruiz,GD69971,6129142,BRYTON TECH,12,APAC,PULSE,REGIE,NO_TS_APAC,88.1
John,Chapman,TC35989,7967052,HYRION GLOBAL,12,CONT EUROPE,VERTEX,SUPPORT,A030UXUZ2OG8ZI3,9.52
John,Chapman,TC35989,7967052,HYRION GLOBAL,12,MEA,VERTEX,SUPPORT,NO_TS_MEA,90.48
Amy,Fernandez,YJ01554,8444155,LUMEX DIGITAL,12,LATAM MENA,ORBIT,RPS,C8ZQ3LOJXEH6A3N,6.25
Amy,Fernandez,YJ01554,8444155,LUMEX DIGITAL,12,EMEA,ORBIT,RPS,NO_TS_EMEA,93.75
John,Schmidt,LH95549,3091143,ETHOS DIGITAL,12,CONT EUROPE,STELLAR,MAINTENANCE,X5RCBRRQS0VMYBQ,9.82
John,Schmidt,LH95549,3091143,ETHOS DIGITAL,12,APAC,STELLAR,MAINTENANCE,NO_TS_APAC,90.18
Julie,Potts,QM01161,5352389,GOLZEN GLOBAL,12,MEA MENA,VERTEX,SUPPORT,AR7G01P0QYJCQMK,8.33
Julie,Potts,QM01161,5352389,GOLZEN GLOBAL,12,CONT,VERTEX,SUPPORT,NO_TS_CONT,91.67
Sarah,Petty,FW97492,4029246,DELVO SYSTEMS,12,EMEA AMERICA,ORBIT,RPS,R2WMXKZIU1HDKA0,14.29
Sarah,Petty,FW97492,4029246,DELVO SYSTEMS,12,LATAM,ORBIT,RPS,NO_TS_LATAM,85.71
Ernest,Murphy,XQ18552,4613528,GOLZEN TECH,12,LATAM EUROPE,PULSE,FORFAIT,TMT0EML1QF6Y1TU,7.44
Ernest,Murphy,XQ18552,4613528,GOLZEN TECH,12,CONT,PULSE,FORFAIT,NO_TS_CONT,92.56
Randall,Villarreal,QT29311,2735089,FORVEX DYNAMICS,12,CONT OCEANIA,ORBIT,MAINTENANCE,NNG1AM7XEIPV9FL,11.9
Amy,Bernard,CG82538,5531377,JALVIK DYNAMICS,12,NA AMERICA,PHOENIX,SUPPORT,KQ2SDSLZ3B4X109,9.52
Amy,Bernard,CG82538,5531377,JALVIK DYNAMICS,12,CONT,PHOENIX,SUPPORT,NO_TS_CONT,90.48
Danielle,Delgado,QH79499,5245815,BRYTON DIGITAL,12,MEA EUROPE,PHOENIX,SUPPORT,SCHAFXNTETYJMTM,10.71
Danielle,Delgado,QH79499,5245815,BRYTON DIGITAL,12,LATAM,PHOENIX,SUPPORT,NO_TS_LATAM,89.29
Meagan,Allen,ZT17715,5047007,KESTRA SYSTEMS,12,LATAM OCEANIA,PULSE,FORFAIT,I53SE9EWFQ1335U,10.71
Meagan,Allen,ZT17715,5047007,KESTRA SYSTEMS,12,NA,PULSE,FORFAIT,NO_TS_NA,89.29
Chad,Tucker,DK77349,2545437,DELVO TECH,12,NA EUROPE,STELLAR,FORFAIT,9RCEQ3N68EMVAOT,7.74
Dana,Oconnor,TL19548,1587038,DELVO SOLUTIONS,12,CONT MENA,PHOENIX,MAINTENANCE,0Y9XZFT01THY1O3,12.05
David,Morris,QM34956,6968634,JALVIK TECH,12,APAC OCEANIA,NOVA,SUPPORT,KJIS4MHEIJYLI3P,5.06
David,Morris,QM34956,6968634,JALVIK TECH,12,NA,NOVA,SUPPORT,NO_TS_NA,94.94
Robert,Brown,RR79268,1576219,ALCOR GROUP,12,NA ASIA,NOVA,MAINTENANCE,4OGU9O9DL9KVIM3,5.21
Robert,Brown,RR79268,1576219,ALCOR GROUP,12,EMEA,NOVA,MAINTENANCE,NO_TS_EMEA,94.79
Carrie,Mcmillan,PZ60195,3692066,ALCOR VENTURES,12,CONT MENA,NEXUS,SUPPORT,231M7J1Y5ALZQQ1,9.52
Karen,Jones,LG17081,8400918,INOVA GROUP,12,APAC ASIA,STELLAR,REGIE,2AWWI3VAYPFMDWZ,9.52
Karen,Jones,LG17081,8400918,INOVA GROUP,12,MEA,STELLAR,REGIE,NO_TS_MEA,90.48
Luke,Calderon,HB13617,2683612,CENVEO GLOBAL,12,EMEA EUROPE,PULSE,REGIE,PXS7UB19BUREMYI,9.67
Paul,Snyder,ZT16408,6904689,LUMEX SOLUTIONS,12,EMEA OCEANIA,ATLAS,SUPPORT,XJY5ZZ4NTJD5EDV,9.52
Paul,Snyder,ZT16408,6904689,LUMEX SOLUTIONS,12,MEA,ATLAS,SUPPORT,NO_TS_MEA,90.48
Jose,Crawford,QR57952,3733652,BRYTON DIGITAL,12,NA EUROPE,ATLAS,MAINTENANCE,EQ9UZF3JE5HVQ1R,9.82
Jose,Crawford,QR57952,3733652,BRYTON DIGITAL,12,LATAM,ATLAS,MAINTENANCE,NO_TS_LATAM,90.18
Dillon,Thomas,AU60756,4951007,CENVEO DYNAMICS,12,CONT MENA,PULSE,FORFAIT,NSOYHSCWS5Q97Z1,11.16
Alexis,Conley,PM13118,1778291,GOLZEN SYSTEMS,12,NA MENA,NEXUS,REGIE,NWA1IS5XNL2YE66,11.9
Alexis,Conley,PM13118,1778291,GOLZEN SYSTEMS,12,MEA,NEXUS,REGIE,NO_TS_MEA,88.1
Kenneth,Wright,VI21407,5387405,KESTRA SOLUTIONS,12,NA AFRICA,PHOENIX,MAINTENANCE,U6XYC0Y4G2M5Y4H,9.52
Sharon,Harris,RA98408,5803851,GOLZEN GROUP,12,MEA MENA,QUANTUM,MAINTENANCE,ZJUHX46W8I5DBSY,7.74
Sharon,Harris,RA98408,5803851,GOLZEN GROUP,12,APAC,QUANTUM,MAINTENANCE,NO_TS_APAC,92.26
Gregory,Simon,XP53623,9724714,INOVA GROUP,12,MEA AFRICA,VERTEX,FORFAIT,5PGLQZXYS99CFFH,9.52
Eric,Hendrix,AO30470,2251962,BRYTON GROUP,12,APAC OCEANIA,NOVA,REGIE,SJY36NFQMMJHCHR,9.64
Eric,Hendrix,AO30470,2251962,BRYTON GROUP,12,APAC,NOVA,REGIE,NO_TS_APAC,90.36
Erin,Howard,MB21296,3478814,FORVEX GLOBAL,12,EMEA OCEANIA,NEXUS,RPS,RP484BNPWB53F4E,7.14
Christopher,Mercado,AK83656,3616123,LUMEX CONSULTING,12,LATAM AFRICA,PHOENIX,MAINTENANCE,ODDCXOHCB4ZROX9,5.06
Christopher,Mercado,AK83656,3616123,LUMEX CONSULTING,12,EMEA,PHOENIX,MAINTENANCE,NO_TS_EMEA,94.94
Timothy,Adams,JF31298,4863770,CENVEO DIGITAL,12,NA AMERICA,VERTEX,MAINTENANCE,Q53XSBCC1EC9QRR,10.12
Timothy,Adams,JF31298,4863770,CENVEO DIGITAL,12,LATAM,VERTEX,MAINTENANCE,NO_TS_LATAM,89.88
Donald,Bryant,ET73099,8481560,INOVA DIGITAL,12,CONT OCEANIA,ORBIT,RPS,C98OG2WLTBQAPQF,10.36
Donald,Bryant,ET73099,8481560,INOVA DIGITAL,12,MEA,ORBIT,RPS,NO_TS_MEA,89.64
Patricia,Morrow,IN96997,8761738,HYRION VENTURES,12,MEA ASIA,PHOENIX,FORFAIT,P8PNJD9J0XXSA28,13.1
Deanna,Peterson,ZF03954,4240439,HYRION TECH,12,APAC EUROPE,PULSE,REGIE,1ANGC9K7Z6RY6DY,14.29
Deanna,Peterson,ZF03954,4240439,HYRION TECH,12,LATAM,PULSE,REGIE,NO_TS_LATAM,85.71
Erin,Ortiz,PJ06419,6894512,INOVA DIGITAL,12,APAC OCEANIA,ATLAS,RPS,EPVE69KMDIK7G9W,9.52
Erin,Ortiz,PJ06419,6894512,INOVA DIGITAL,12,APAC,ATLAS,RPS,NO_TS_APAC,90.48
Christy,Liu,BS82222,1163751,LUMEX GROUP,12,LATAM AMERICA,NOVA,FORFAIT,3AXQFWZY36GB9GS,8.63
Julie,Leonard,LA82055,1757448,GOLZEN DIGITAL,12,EMEA OCEANIA,VERTEX,FORFAIT,Z4ZZVYXAMLC9QUS,10.71
Julie,Leonard,LA82055,1757448,GOLZEN DIGITAL,12,MEA,VERTEX,FORFAIT,NO_TS_MEA,89.29
Erica,Parker,TS41218,3454134,DELVO SYSTEMS,12,LATAM EUROPE,ORBIT,MAINTENANCE,Z1W5A0FLPEQ73G2,11.9
Erica,Parker,TS41218,3454134,DELVO SYSTEMS,12,APAC,ORBIT,MAINTENANCE,NO_TS_APAC,88.1
Rebecca,Moore,WE90627,3139186,JALVIK GLOBAL,12,LATAM ASIA,STELLAR,FORFAIT,VHCP6IWPW2MB3OR,9.52
Joseph,Cox,FJ39338,3942330,FORVEX TECH,12,APAC ASIA,QUANTUM,REGIE,NOQVVQZ7M2WODZN,9.52
Christina,Fowler,SP86510,1694651,DELVO TECH,12,NA ASIA,NEXUS,MAINTENANCE,ARL4IUHAD6R0KKK,10.12
Christina,Fowler,SP86510,1694651,DELVO TECH,12,EMEA,NEXUS,MAINTENANCE,NO_TS_EMEA,89.88
Kelly,White,WB31439,6221547,ETHOS TECH,12,LATAM AMERICA,PHOENIX,SUPPORT,GZS1H1853E1YOQM,9.52
Kelly,White,WB31439,6221547,ETHOS TECH,12,EMEA,PHOENIX,SUPPORT,NO_TS_EMEA,90.48
Mark,Foster,YJ30013,4438661,KESTRA GLOBAL,12,CONT AMERICA,STELLAR,RPS,XLDW6VOIE3SER36,9.52
Mark,Foster,YJ30013,4438661,KESTRA GLOBAL,12,APAC,STELLAR,RPS,NO_TS_APAC,90.48
Amy,Austin,RM19760,1811494,KESTRA CONSULTING,12,LATAM MENA,STELLAR,RPS,0MLELKTASRML2KP,0.52
Amy,Austin,RM19760,1811494,KESTRA CONSULTING,12,CONT,STELLAR,RPS,NO_TS_CONT,99.48
Robert,Bates,GU47371,6391543,DELVO SOLUTIONS,12,LATAM ASIA,NOVA,REGIE,6KY8AXFLH61SA7S,11.9
Robert,Bates,GU47371,6391543,DELVO SOLUTIONS,12,EMEA,NOVA,REGIE,NO_TS_EMEA,88.1
Diane,Sawyer,PZ53070,5995264,CENVEO GLOBAL,12,MEA AFRICA,PHOENIX,FORFAIT,S8WMBSXKRDM5P97,9.52
Jonathan,Smith,WO64172,4309252,ALCOR TECH,12,LATAM MENA,ATLAS,SUPPORT,HTFU3SFFLVI169F,10.42
Aaron,Lamb,YC55542,8527016,LUMEX GLOBAL,12,NA ASIA,PHOENIX,REGIE,5U3XHV5LZP8MQGL,9.67
Sarah,Soto,OB55019,8046558,CENVEO GLOBAL,12,CONT AMERICA,NOVA,FORFAIT,6JNDLTLBFF69NTD,11.9
Sarah,Soto,OB55019,8046558,CENVEO GLOBAL,12,CONT,NOVA,FORFAIT,NO_TS_CONT,88.1
Manuel,Ingram,WW98748,7555090,ETHOS SYSTEMS,12,CONT EUROPE,PULSE,SUPPORT,NFXJ02HD36UCPNU,9.67
Sandra,Maldonado,XG84238,3355070,ALCOR GROUP,12,MEA AMERICA,VERTEX,SUPPORT,GRS0FL2B7AV498B,11.9
Sandra,Maldonado,XG84238,3355070,ALCOR GROUP,12,APAC,VERTEX,SUPPORT,NO_TS_APAC,88.1
Lynn,Lee,PT39988,5620099,DELVO DIGITAL,12,NA AFRICA,ATLAS,FORFAIT,48ZPQFDKENUKT54,7.14
Lynn,Lee,PT39988,5620099,DELVO DIGITAL,12,APAC,ATLAS,FORFAIT,NO_TS_APAC,92.86
Kelly,Heath,HS61325,2864672,GOLZEN VENTURES,12,MEA AFRICA,ATLAS,FORFAIT,5UFCJ0P9F4CLOR5,10.71
Kelly,Heath,HS61325,2864672,GOLZEN VENTURES,12,MEA,ATLAS,FORFAIT,NO_TS_MEA,89.29
Sarah,Hamilton,VV60814,1686568,FORVEX VENTURES,12,LATAM MENA,ORBIT,FORFAIT,NDGGTM6HCVQVJQ3,7.14
Sarah,Hamilton,VV60814,1686568,FORVEX VENTURES,12,LATAM,ORBIT,FORFAIT,NO_TS_LATAM,92.86
Douglas,Lopez,CP37650,9595866,GOLZEN GROUP,12,CONT AMERICA,PHOENIX,FORFAIT,4D3VXRJ5MBAUBZD,9.52
Stephanie,Taylor,CN50333,1450050,ALCOR CONSULTING,12,CONT AMERICA,VERTEX,RPS,QGXNCZI44K9MX78,9.52
Stephanie,Taylor,CN50333,1450050,ALCOR CONSULTING,12,CONT,VERTEX,RPS,NO_TS_CONT,90.48
Sherry,Smith,BY90378,2543094,ALCOR SOLUTIONS,12,LATAM ASIA,ATLAS,RPS,R9Z6Y2RYT6PL9K2,14.29
Sherry,Smith,BY90378,2543094,ALCOR SOLUTIONS,12,CONT,ATLAS,RPS,NO_TS_CONT,85.71
Rebecca,Pratt,VQ66693,6368008,ETHOS GROUP,12,MEA ASIA,NOVA,FORFAIT,MOS2WWTO79LX9A5,9.52
Bridget,Vasquez,OV51502,9133639,INOVA SYSTEMS,12,EMEA AFRICA,PULSE,REGIE,QB23850LV442E2F,11.9
Carla,West,NH96419,7168852,GOLZEN GLOBAL,12,MEA ASIA,PHOENIX,RPS,6OSNVCP2EWK2FGE,10.42
Carla,West,NH96419,7168852,GOLZEN GLOBAL,12,CONT,PHOENIX,RPS,NO_TS_CONT,89.58
James,Zimmerman,HK64067,1227346,DELVO VENTURES,12,CONT AMERICA,PULSE,MAINTENANCE,J8ORZFA50UZ9US6,9.67
James,Zimmerman,HK64067,1227346,DELVO VENTURES,12,APAC,PULSE,MAINTENANCE,NO_TS_APAC,90.33
Pamela,Serrano,VZ88509,7974807,GOLZEN SOLUTIONS,12,EMEA AMERICA,STELLAR,FORFAIT,MD2QMCMG3263YP8,6.1
Robin,Jensen,FQ28435,5899551,CENVEO SOLUTIONS,12,MEA AFRICA,QUANTUM,FORFAIT,TXHIU5S95FCZL8L,9.52
Robin,Jensen,FQ28435,5899551,CENVEO SOLUTIONS,12,LATAM,QUANTUM,FORFAIT,NO_TS_LATAM,90.48
Linda,Smith,IB71532,6894052,CENVEO DIGITAL,12,MEA MENA,PHOENIX,RPS,EPXJEJ17NTPIRTJ,11.9
Linda,Smith,IB71532,6894052,CENVEO DIGITAL,12,APAC,PHOENIX,RPS,NO_TS_APAC,88.1
James,Pitts,IY75578,1990589,DELVO DIGITAL,12,EMEA OCEANIA,PULSE,SUPPORT,A2IO6KTXUP2IE5B,8.63
James,Pitts,IY75578,1990589,DELVO DIGITAL,12,APAC,PULSE,SUPPORT,NO_TS_APAC,91.37
Connor,Parks,YA56156,3362250,ETHOS GROUP,12,APAC EUROPE,ORBIT,MAINTENANCE,0SH8FTMENCLGCPE,9.52
Connor,Parks,YA56156,3362250,ETHOS GROUP,12,NA,ORBIT,MAINTENANCE,NO_TS_NA,90.48
Michelle,Bishop,HK12876,9278294,LUMEX DYNAMICS,12,NA MENA,NOVA,SUPPORT,YJ4QH9W34TCCJVQ,9.52
Michelle,Bishop,HK12876,9278294,LUMEX DYNAMICS,12,EMEA,NOVA,SUPPORT,NO_TS_EMEA,90.48
Erin,Li,CU06840,3254038,HYRION DIGITAL,12,MEA AFRICA,ATLAS,REGIE,7886HUONAUCEA4O,9.52
Erin,Li,CU06840,3254038,HYRION DIGITAL,12,MEA,ATLAS,REGIE,NO_TS_MEA,90.48
Carolyn,Haas,UY61316,7002421,GOLZEN TECH,12,NA EUROPE,VERTEX,RPS,BM9ZMCDKZBCIDJT,11.9
Carolyn,Haas,UY61316,7002421,GOLZEN TECH,12,CONT,VERTEX,RPS,NO_TS_CONT,88.1
Alicia,Lester,IV27023,4405713,JALVIK DYNAMICS,12,EMEA ASIA,PULSE,MAINTENANCE,T7V3G9BAZFZX0PH,14.29
Alicia,Lester,IV27023,4405713,JALVIK DYNAMICS,12,LATAM,PULSE,MAINTENANCE,NO_TS_LATAM,85.71
Sara,Moore,VA81596,2678731,FORVEX CONSULTING,12,LATAM ASIA,ATLAS,RPS,VW56E8LKQ02QEZW,9.52
Sara,Moore,VA81596,2678731,FORVEX CONSULTING,12,APAC,ATLAS,RPS,NO_TS_APAC,90.48
Anthony,Morgan,PJ51850,9042630,ETHOS VENTURES,12,CONT MENA,QUANTUM,REGIE,VJ7SLP6G9L1NOWL,8.93
Anthony,Morgan,PJ51850,9042630,ETHOS VENTURES,12,CONT,QUANTUM,REGIE,NO_TS_CONT,91.07
John,Johnson,SM95402,5708138,DELVO DIGITAL,12,NA AFRICA,PULSE,MAINTENANCE,Z4PLTB8RSBOTBYN,11.9
David,Silva,TD85551,9224345,GOLZEN VENTURES,12,EMEA OCEANIA,NEXUS,SUPPORT,UL0XZRIG4ZFE0FR,7.44
Pamela,Noble,SZ86389,2399402,GOLZEN DIGITAL,12,LATAM AFRICA,PHOENIX,FORFAIT,VXEHBRPCD004V11,11.9
Rachel,Hernandez,HS36342,3250334,CENVEO SYSTEMS,12,LATAM MENA,NOVA,SUPPORT,11YTFK8GFYP4T47,14.29
Rebecca,Short,UL42374,6636956,KESTRA SOLUTIONS,12,LATAM AFRICA,ORBIT,MAINTENANCE,9MHW87A8JKYNNVU,9.52
Joshua,Ramirez,WA57010,7892722,ALCOR TECH,12,NA OCEANIA,PULSE,RPS,AD9YA9BEAIZNE0I,11.9
Joshua,Ramirez,WA57010,7892722,ALCOR TECH,12,EMEA,PULSE,RPS,NO_TS_EMEA,88.1
Carmen,Brown,KY53793,5783084,KESTRA TECH,12,EMEA OCEANIA,VERTEX,REGIE,E8KD13L8TI44UBB,11.9
Christopher,Church,IO04175,8122850,INOVA CONSULTING,12,CONT ASIA,VERTEX,MAINTENANCE,UL30IRKYSPYL8RO,7.14
Kaitlin,Baker,JG17935,1734781,ALCOR DIGITAL,12,MEA MENA,PULSE,FORFAIT,F44V40W43F786VJ,6.85
Kaitlin,Baker,JG17935,1734781,ALCOR DIGITAL,12,LATAM,PULSE,FORFAIT,NO_TS_LATAM,93.15
Anthony,Munoz,NN58616,8303879,ALCOR GROUP,12,LATAM AFRICA,NOVA,REGIE,M1DCPZOCYHQ0YBR,9.23
Erica,Hammond,VF61423,1946552,ALCOR CONSULTING,12,LATAM EUROPE,ORBIT,RPS,UVSF3O75EKY0GKB,10.71
James,Wiggins,WK30607,1790981,LUMEX VENTURES,12,MEA MENA,PULSE,MAINTENANCE,I24C51K2PNVCMH6,11.9
Danielle,Reyes,EZ39646,9813298,ALCOR GLOBAL,12,EMEA OCEANIA,QUANTUM,RPS,V3KETC7EMQQFF7O,5.65
Danielle,Reyes,EZ39646,9813298,ALCOR GLOBAL,12,EMEA,QUANTUM,RPS,NO_TS_EMEA,94.35
Nathaniel,Simmons,WP36299,2140148,CENVEO SYSTEMS,12,LATAM EUROPE,QUANTUM,FORFAIT,SYMT7QVQ60EOHKQ,11.9
Nathaniel,Simmons,WP36299,2140148,CENVEO SYSTEMS,12,MEA,QUANTUM,FORFAIT,NO_TS_MEA,88.1
Jeffery,Golden,KR90479,4929068,GOLZEN VENTURES,12,APAC OCEANIA,NOVA,RPS,QC616M3SM4IOQF0,9.82
Jeffery,Golden,KR90479,4929068,GOLZEN VENTURES,12,MEA,NOVA,RPS,NO_TS_MEA,90.18
Martin,Ruiz,XR83693,3208896,DELVO GLOBAL,12,MEA MENA,NEXUS,SUPPORT,D6863UVES90IXVX,11.9
Martin,Ruiz,XR83693,3208896,DELVO GLOBAL,12,MEA,NEXUS,SUPPORT,NO_TS_MEA,88.1
Amy,Smith,LT44443,9627946,CENVEO GLOBAL,12,NA MENA,PHOENIX,SUPPORT,2YXR37H8MN9Q7KU,11.01
Amy,Smith,LT44443,9627946,CENVEO GLOBAL,12,CONT,PHOENIX,SUPPORT,NO_TS_CONT,88.99
Felicia,Mcclure,LK40426,5171016,ALCOR DIGITAL,12,MEA OCEANIA,PHOENIX,RPS,1318FDZ94HATLRF,7.44
Felicia,Mcclure,LK40426,5171016,ALCOR DIGITAL,12,LATAM,PHOENIX,RPS,NO_TS_LATAM,92.56
Veronica,Chandler,AU88416,2923637,ALCOR SYSTEMS,12,CONT OCEANIA,VERTEX,REGIE,1E3UP8HVG0U1O2R,9.52
Melanie,Shields,AU65778,8475584,LUMEX SYSTEMS,12,APAC ASIA,NOVA,REGIE,429LZJCWPOUQRUH,7.14
Melanie,Shields,AU65778,8475584,LUMEX SYSTEMS,12,NA,NOVA,REGIE,NO_TS_NA,92.86
Kelly,Davis,WE41833,9860153,INOVA DYNAMICS,12,LATAM OCEANIA,QUANTUM,MAINTENANCE,7AIZPYACHX45N95,6.85
Kelly,Davis,WE41833,9860153,INOVA DYNAMICS,12,MEA,QUANTUM,MAINTENANCE,NO_TS_MEA,93.15
Danielle,Gonzalez,AY86399,1767756,CENVEO VENTURES,12,EMEA AMERICA,PULSE,FORFAIT,4VMBZTHIPWR7YP7,9.52
Anne,Davis,OP62904,3314859,INOVA GROUP,12,APAC MENA,STELLAR,RPS,45V5DFIDLS7IUT2,11.31
Jonathan,Weaver,YD63073,9625229,INOVA CONSULTING,12,NA ASIA,VERTEX,REGIE,VEX21HR6BN8K0VE,10.12
Jonathan,Weaver,YD63073,9625229,INOVA CONSULTING,12,LATAM,VERTEX,REGIE,NO_TS_LATAM,89.88
Scott,Garcia,QY11063,5890736,JALVIK TECH,12,LATAM MENA,PULSE,REGIE,2S5HSQPHFTRAQGM,13.1
Scott,Garcia,QY11063,5890736,JALVIK TECH,12,NA,PULSE,REGIE,NO_TS_NA,86.9
Kimberly,Rosario,ML23590,3447970,JALVIK TECH,12,MEA AMERICA,PULSE,RPS,SR9LQBB4AYDDU4Z,8.93
Brandon,Harper,CL69790,2950956,INOVA SOLUTIONS,12,LATAM MENA,ATLAS,RPS,FJUOC01LVEGCMQ7,9.52
Brandon,Harper,CL69790,2950956,INOVA SOLUTIONS,12,CONT,ATLAS,RPS,NO_TS_CONT,90.48
Emily,Levy,ET66141,5198584,LUMEX SOLUTIONS,12,NA AFRICA,NEXUS,REGIE,GJ687VEI6FJMSCN,9.52
Emily,Levy,ET66141,5198584,LUMEX SOLUTIONS,12,CONT,NEXUS,REGIE,NO_TS_CONT,90.48
Christopher,Johnson,FP37325,2791828,INOVA VENTURES,12,EMEA AFRICA,ORBIT,SUPPORT,H99UB85REIQT1Y4,14.58
Angela,Shannon,TF14115,1887206,JALVIK TECH,12,MEA AMERICA,NEXUS,FORFAIT,VZUGB5T9P9P3Q7F,8.63
Ashley,Wang,WN20547,5057813,CENVEO DIGITAL,12,NA AFRICA,ATLAS,MAINTENANCE,W79LPICP1JFIIH3,8.93
Shelby,Neal,IZ30913,1785555,JALVIK VENTURES,12,MEA AFRICA,VERTEX,REGIE,LBBTQB1GMOWW7ZJ,8.63
Shelby,Neal,IZ30913,1785555,JALVIK VENTURES,12,NA,VERTEX,REGIE,NO_TS_NA,91.37
Jonathan,Beltran,ZX38085,3627974,DELVO TECH,12,LATAM EUROPE,STELLAR,REGIE,KQDA8YUP2D13INU,9.52
Jonathan,Beltran,ZX38085,3627974,DELVO TECH,12,CONT,STELLAR,REGIE,NO_TS_CONT,90.48
Amber,Pena,AO31399,9204704,KESTRA DYNAMICS,12,CONT EUROPE,ATLAS,REGIE,73FXI5XDST8ZYP9,11.9
Luke,Gardner,ZY65052,5321115,ETHOS VENTURES,12,NA ASIA,VERTEX,FORFAIT,YPSISSEN4KG2345,7.29
Luke,Gardner,ZY65052,5321115,ETHOS VENTURES,12,APAC,VERTEX,FORFAIT,NO_TS_APAC,92.71
Kevin,Odom,EO19875,4208602,CENVEO VENTURES,12,LATAM AFRICA,STELLAR,FORFAIT,2U7NUYO2SN28VN1,11.9
Kevin,Odom,EO19875,4208602,CENVEO VENTURES,12,CONT,STELLAR,FORFAIT,NO_TS_CONT,88.1
Derrick,Tran,DQ19678,1805344,INOVA GROUP,12,APAC AMERICA,STELLAR,MAINTENANCE,DTCPJYPD2IRRPK5,9.52
Derrick,Tran,DQ19678,1805344,INOVA GROUP,12,MEA,STELLAR,MAINTENANCE,NO_TS_MEA,90.48
Michelle,Howell,HU83270,3743786,FORVEX CONSULTING,12,MEA OCEANIA,PULSE,FORFAIT,BO6A0290PUERG4C,8.48
Michelle,Howell,HU83270,3743786,FORVEX CONSULTING,12,CONT,PULSE,FORFAIT,NO_TS_CONT,91.52
Denise,Leon,RQ11903,6513534,FORVEX SOLUTIONS,12,APAC AMERICA,QUANTUM,MAINTENANCE,OORNKLETB7MTPXM,10.12
Marvin,Ashley,NT17349,6026664,KESTRA SOLUTIONS,12,APAC AFRICA,ATLAS,FORFAIT,W1IE7SSOGCK2HD7,8.33
Marvin,Ashley,NT17349,6026664,KESTRA SOLUTIONS,12,LATAM,ATLAS,FORFAIT,NO_TS_LATAM,91.67
Ryan,Schmidt,JG25070,1621273,LUMEX SYSTEMS,12,NA OCEANIA,STELLAR,FORFAIT,55ED96TWFYOXLRA,7.74
Ryan,Schmidt,JG25070,1621273,LUMEX SYSTEMS,12,MEA,STELLAR,FORFAIT,NO_TS_MEA,92.26
Erica,Murphy,SX56637,9754937,KESTRA TECH,12,EMEA EUROPE,NEXUS,SUPPORT,SC4CGK3HAO9O8NJ,11.31
Andrew,Butler,OA52074,2672575,HYRION GROUP,12,EMEA EUROPE,NEXUS,FORFAIT,LJH5PW5XSEXX92Z,11.61
Ashley,Russell,OO09651,9795077,FORVEX SYSTEMS,12,EMEA AMERICA,NOVA,RPS,RJ8TLLQ9H75UWAP,11.9
Ashley,Russell,OO09651,9795077,FORVEX SYSTEMS,12,CONT,NOVA,RPS,NO_TS_CONT,88.1
Peggy,Brown,AV77109,4993339,FORVEX DIGITAL,12,CONT MENA,STELLAR,RPS,DHZIWAL52EH7TG4,9.67
Peggy,Brown,AV77109,4993339,FORVEX DIGITAL,12,MEA,STELLAR,RPS,NO_TS_MEA,90.33
Jonathan,Rodgers,IU11863,2937600,JALVIK SOLUTIONS,12,LATAM AMERICA,PHOENIX,MAINTENANCE,LRA3FY8G7SSLNSX,10.71
Jonathan,Rodgers,IU11863,2937600,JALVIK SOLUTIONS,12,APAC,PHOENIX,MAINTENANCE,NO_TS_APAC,89.29
Amy,Young,LH64559,6065388,INOVA CONSULTING,12,EMEA AFRICA,NEXUS,MAINTENANCE,X62RD9W36DP25ON,8.93
Amy,Young,LH64559,6065388,INOVA CONSULTING,12,MEA,NEXUS,MAINTENANCE,NO_TS_MEA,91.07
Ronald,Guerra,ZH18844,4910724,HYRION CONSULTING,12,EMEA OCEANIA,NOVA,MAINTENANCE,3C9NS0310PJHEZD,13.24
James,Alvarez,IC80359,2931289,GOLZEN SOLUTIONS,12,EMEA AMERICA,QUANTUM,SUPPORT,KJU5NXGNI03RAUN,9.52
Scott,Grant,BJ34367,1195241,INOVA GROUP,12,NA ASIA,PULSE,RPS,SUK6SG0BY7FJ8TV,9.11
Scott,Grant,BJ34367,1195241,INOVA GROUP,12,LATAM,PULSE,RPS,NO_TS_LATAM,90.89
Stephanie,Sharp,DQ05071,7365648,FORVEX GLOBAL,12,CONT AMERICA,ORBIT,REGIE,UZAE60CLRKX62N8,9.52
Stephanie,Sharp,DQ05071,7365648,FORVEX GLOBAL,12,EMEA,ORBIT,REGIE,NO_TS_EMEA,90.48
Kimberly,Parker,SF65057,8497913,DELVO SOLUTIONS,12,MEA ASIA,PULSE,MAINTENANCE,XTKSGJTCRUBNE1U,8.33
Andrew,Patel,LD30639,5594256,INOVA DYNAMICS,12,APAC EUROPE,STELLAR,RPS,JYHUCXCQG8GXRIG,16.67
Andrew,Patel,LD30639,5594256,INOVA DYNAMICS,12,CONT,STELLAR,RPS,NO_TS_CONT,83.33
Michael,Washington,KF80731,2633794,CENVEO CONSULTING,12,CONT AMERICA,ORBIT,RPS,XX8YK2DAJOJL2A4,8.33
Jason,Taylor,DT19500,5513893,DELVO DIGITAL,12,APAC OCEANIA,NEXUS,FORFAIT,SJE8CIFYAZQJCGZ,10.71
Kaitlin,Mclean,ON32601,2676993,JALVIK SYSTEMS,12,APAC OCEANIA,PHOENIX,FORFAIT,P8FHA9UMPRUW8BT,7.29
Kaitlin,Mclean,ON32601,2676993,JALVIK SYSTEMS,12,CONT,PHOENIX,FORFAIT,NO_TS_CONT,92.71
Frank,Colon,OY69172,4458443,ETHOS GROUP,12,EMEA EUROPE,STELLAR,FORFAIT,S52LN157CNMEZ26,11.9
Frank,Colon,OY69172,4458443,ETHOS GROUP,12,APAC,STELLAR,FORFAIT,NO_TS_APAC,88.1
Patrick,Velez,OK18884,1967174,FORVEX SYSTEMS,12,APAC MENA,NOVA,RPS,OWNIYDOTFHS0FOD,11.9
Linda,Duran,FQ75013,3258906,KESTRA SYSTEMS,12,NA EUROPE,STELLAR,RPS,DMSILWIBTTO8EV6,10.42
Linda,Duran,FQ75013,3258906,KESTRA SYSTEMS,12,NA,STELLAR,RPS,NO_TS_NA,89.58
Jennifer,Brooks,OX24014,5224408,ALCOR DYNAMICS,12,APAC EUROPE,ORBIT,FORFAIT,E6MSAN8NTDWKIO9,9.52
Zachary,Brady,QZ40260,2820606,ALCOR DIGITAL,12,APAC EUROPE,ATLAS,RPS,RYMNN1F448OUG0U,10.42
Zachary,Brady,QZ40260,2820606,ALCOR DIGITAL,12,CONT,ATLAS,RPS,NO_TS_CONT,89.58
Stacy,Clark,QC51797,9711669,CENVEO DIGITAL,12,CONT ASIA,NOVA,RPS,EYZZ7SYNUSA25XA,8.33
Alexander,Alexander,WA59497,7058575,BRYTON GROUP,12,APAC AFRICA,NEXUS,MAINTENANCE,GS38HJH4RUO2F3H,9.23
Alexander,Alexander,WA59497,7058575,BRYTON GROUP,12,LATAM,NEXUS,MAINTENANCE,NO_TS_LATAM,90.77
Raymond,Bond,AX45199,8876272,INOVA VENTURES,12,EMEA ASIA,STELLAR,SUPPORT,HRHXL7ZAJ6KK3MU,10.42
Raymond,Bond,AX45199,8876272,INOVA VENTURES,12,MEA,STELLAR,SUPPORT,NO_TS_MEA,89.58
Brian,Morse,DN89292,1987411,ETHOS TECH,12,LATAM AMERICA,ATLAS,RPS,6SLOZ8RV9PC9LNW,9.52
Debbie,Zimmerman,CE33347,5289389,BRYTON GLOBAL,12,CONT ASIA,VERTEX,SUPPORT,1B05698FOEGCOBN,9.52
Debbie,Zimmerman,CE33347,5289389,BRYTON GLOBAL,12,NA,VERTEX,SUPPORT,NO_TS_NA,90.48
David,Parks,JO12836,4277956,LUMEX CONSULTING,12,MEA OCEANIA,QUANTUM,FORFAIT,5XDQ2P86ONXHEMR,8.63
Albert,Smith,DH93192,1375155,KESTRA GROUP,12,EMEA OCEANIA,QUANTUM,FORFAIT,UDV9AKPR01HVO6B,8.33
Margaret,Black,ZH36697,6862007,INOVA DYNAMICS,12,NA EUROPE,STELLAR,RPS,N6E5RZUTRFCW18U,14.88
Margaret,Black,ZH36697,6862007,INOVA DYNAMICS,12,NA,STELLAR,RPS,NO_TS_NA,85.12
Susan,Leon,IZ05914,2577186,ALCOR DYNAMICS,12,LATAM AFRICA,ORBIT,MAINTENANCE,TFBUQZIBJP6FBCW,11.31
Colton,Jacobs,CN73051,1978927,ETHOS DIGITAL,12,LATAM OCEANIA,VERTEX,SUPPORT,YE6Y3KTR83DJK9O,11.9
Colton,Jacobs,CN73051,1978927,ETHOS DIGITAL,12,MEA,VERTEX,SUPPORT,NO_TS_MEA,88.1
Bruce,Kelley,HX23015,2508565,ALCOR GROUP,12,MEA AMERICA,ORBIT,SUPPORT,P0RAV5Y5IGQTMVY,6.25
Bruce,Kelley,HX23015,2508565,ALCOR GROUP,12,CONT,ORBIT,SUPPORT,NO_TS_CONT,93.75
Jonathan,Welch,LJ80239,3377618,KESTRA SOLUTIONS,12,MEA OCEANIA,NOVA,FORFAIT,8BS83AEB72VL900,7.29
Jonathan,Welch,LJ80239,3377618,KESTRA SOLUTIONS,12,NA,NOVA,FORFAIT,NO_TS_NA,92.71
Jennifer,Martin,DG11020,5924096,KESTRA SYSTEMS,12,MEA MENA,PULSE,MAINTENANCE,5J5CGL8D7EPBGFV,8.33
Jennifer,Martin,DG11020,5924096,KESTRA SYSTEMS,12,MEA,PULSE,MAINTENANCE,NO_TS_MEA,91.67
Sara,Watson,KK91310,5312270,INOVA CONSULTING,12,CONT EUROPE,NOVA,MAINTENANCE,ZF4JC7VAW2DHZWI,7.14
Sara,Watson,KK91310,5312270,INOVA CONSULTING,12,APAC,NOVA,MAINTENANCE,NO_TS_APAC,92.86
Kathy,Jimenez,SP06532,6261864,INOVA TECH,12,EMEA AFRICA,NOVA,SUPPORT,M5JE9NFSKYQSG87,14.29
Kathy,Jimenez,SP06532,6261864,INOVA TECH,12,LATAM,NOVA,SUPPORT,NO_TS_LATAM,85.71
Robert,Decker,YN91860,7409159,ALCOR TECH,12,NA ASIA,ORBIT,REGIE,G7RPH8YLK7D38MP,11.9
Robert,Decker,YN91860,7409159,ALCOR TECH,12,CONT,ORBIT,REGIE,NO_TS_CONT,88.1
Wesley,Jones,KM03242,1030590,INOVA GLOBAL,12,LATAM OCEANIA,PHOENIX,FORFAIT,AW098SG2J91TQVD,8.33
Wesley,Jones,KM03242,1030590,INOVA GLOBAL,12,EMEA,PHOENIX,FORFAIT,NO_TS_EMEA,91.67
Carrie,Wilson,VY98633,1323987,LUMEX GROUP,12,MEA ASIA,PHOENIX,REGIE,9797VUMX011VJ81,7.74
Carrie,Wilson,VY98633,1323987,LUMEX GROUP,12,CONT,PHOENIX,REGIE,NO_TS_CONT,92.26
Anna,Weaver,QH88975,9899483,FORVEX SOLUTIONS,12,EMEA MENA,STELLAR,MAINTENANCE,VCRWNX0TMPGB4SP,9.82
Anna,Weaver,QH88975,9899483,FORVEX SOLUTIONS,12,NA,STELLAR,MAINTENANCE,NO_TS_NA,90.18
Dawn,Escobar,TN85540,6412497,ETHOS DIGITAL,12,APAC MENA,NOVA,RPS,AUTKYCOW9YKT31C,9.52
Dave,Black,TC87241,5908761,KESTRA TECH,12,MEA AFRICA,NEXUS,SUPPORT,2WONFGXBDIL7BH2,6.25
Dave,Black,TC87241,5908761,KESTRA TECH,12,LATAM,NEXUS,SUPPORT,NO_TS_LATAM,93.75
Sharon,Watson,WA58190,4272503,INOVA VENTURES,12,LATAM EUROPE,ATLAS,REGIE,371DHWLOXH6NFNJ,7.44
Sharon,Watson,WA58190,4272503,INOVA VENTURES,12,MEA,ATLAS,REGIE,NO_TS_MEA,92.56
Robert,Henry,HO71920,1594935,HYRION GROUP,12,CONT AMERICA,NOVA,MAINTENANCE,S5KM8LP06YVCIGD,9.56
John,Yang,MV42539,4206154,LUMEX GROUP,12,EMEA OCEANIA,STELLAR,FORFAIT,A6OK5OB3RIMGJ5J,11.9
John,Yang,MV42539,4206154,LUMEX GROUP,12,EMEA,STELLAR,FORFAIT,NO_TS_EMEA,88.1
Teresa,Gallagher,EU40677,1831543,LUMEX SYSTEMS,12,EMEA EUROPE,NOVA,SUPPORT,15INQ2RGK8E73MW,9.52
Teresa,Gallagher,EU40677,1831543,LUMEX SYSTEMS,12,NA,NOVA,SUPPORT,NO_TS_NA,90.48
Mark,Bautista,MD17913,3547508,GOLZEN SYSTEMS,12,APAC OCEANIA,VERTEX,MAINTENANCE,3ZBV9GWW7S9SMAL,10.12
Casey,Melton,VM80533,1155136,DELVO TECH,12,LATAM MENA,ORBIT,FORFAIT,W9H9XSZM9S03FI1,5.95
William,Wilkerson,YH94787,4686156,JALVIK CONSULTING,12,LATAM OCEANIA,VERTEX,SUPPORT,V4W0LTUZ7V89XV9,9.52
William,Wilkerson,YH94787,4686156,JALVIK CONSULTING,12,APAC,VERTEX,SUPPORT,NO_TS_APAC,90.48
Claudia,Doyle,NT30356,4785162,JALVIK CONSULTING,12,APAC OCEANIA,PHOENIX,REGIE,XES2KOCEAA1019J,9.52
Claudia,Doyle,NT30356,4785162,JALVIK CONSULTING,12,EMEA,PHOENIX,REGIE,NO_TS_EMEA,90.48
Derek,Bennett,UI91740,6508921,BRYTON SOLUTIONS,12,LATAM MENA,ATLAS,FORFAIT,8JPHA9JUH9NDWX5,8.33
Mary,Hernandez,CH09510,7934681,GOLZEN TECH,12,NA OCEANIA,ORBIT,REGIE,TZ4FFNJTY1GY6MV,10.12
Tiffany,Burgess,QL25904,8407916,LUMEX DYNAMICS,12,APAC OCEANIA,NOVA,SUPPORT,55PTQ68K16Q7U71,7.59
Martha,Ferguson,SH66817,5510954,FORVEX GLOBAL,12,LATAM,NEXUS,FORFAIT,NO_TS_LATAM,100.0
Colleen,Johnson,PZ48771,1933543,LUMEX SYSTEMS,12,NA AFRICA,ORBIT,RPS,1Z0MBDVL55Z3B3C,10.42
Colleen,Johnson,PZ48771,1933543,LUMEX SYSTEMS,12,EMEA,ORBIT,RPS,NO_TS_EMEA,89.58
Erika,Lawrence,ZN64494,5634088,ETHOS GROUP,12,MEA AFRICA,NOVA,FORFAIT,8XW5QMQ2KERZ4S7,16.67
Erika,Lawrence,ZN64494,5634088,ETHOS GROUP,12,NA,NOVA,FORFAIT,NO_TS_NA,83.33
Jeffrey,Mccoy,UW40924,5917006,ETHOS DIGITAL,12,NA OCEANIA,PULSE,MAINTENANCE,G96D8FPII6KRJCT,8.33
Jeffrey,Mccoy,UW40924,5917006,ETHOS DIGITAL,12,MEA,PULSE,MAINTENANCE,NO_TS_MEA,91.67
Jose,Wall,YK52792,4046817,CENVEO GLOBAL,12,APAC EUROPE,NEXUS,FORFAIT,C1SDES5M58X7RD3,11.9
Melissa,Young,SN61339,8597203,ETHOS GROUP,12,MEA ASIA,ORBIT,FORFAIT,SSXIZ1EJ9LWSMCG,11.9
Melissa,Young,SN61339,8597203,ETHOS GROUP,12,APAC,ORBIT,FORFAIT,NO_TS_APAC,88.1
William,Wheeler,SO78863,5623090,LUMEX TECH,12,MEA ASIA,STELLAR,REGIE,8HK0Y59UGZJVAJK,9.52
Melissa,Lopez,CX44378,6843832,GOLZEN GLOBAL,12,APAC OCEANIA,VERTEX,FORFAIT,7NECDRKAEUDZAIE,9.52
Melissa,Lopez,CX44378,6843832,GOLZEN GLOBAL,12,LATAM,VERTEX,FORFAIT,NO_TS_LATAM,90.48
Carol,Martinez,FO18811,4435188,DELVO DIGITAL,12,APAC EUROPE,ORBIT,MAINTENANCE,WJZWYJO37VWK1Y5,11.9
Carol,Martinez,FO18811,4435188,DELVO DIGITAL,12,NA,ORBIT,MAINTENANCE,NO_TS_NA,88.1
Lisa,Tate,ZT84209,8692593,JALVIK VENTURES,12,APAC MENA,NEXUS,RPS,2S5K96X31BI8YS0,7.44
Jeff,Ochoa,XK66733,8744312,FORVEX SYSTEMS,12,LATAM AFRICA,ATLAS,REGIE,D03A8ETE38AXWBM,14.29
Jeff,Ochoa,XK66733,8744312,FORVEX SYSTEMS,12,APAC,ATLAS,REGIE,NO_TS_APAC,85.71
Douglas,Collins,BT55923,8948334,JALVIK VENTURES,12,CONT ASIA,ATLAS,RPS,7XYOTBQC0EN3TUV,9.52
Paul,Bennett,DM77844,1650701,HYRION SOLUTIONS,12,LATAM MENA,NEXUS,FORFAIT,GERIC5PVA5GJ5XZ,10.71
Paul,Bennett,DM77844,1650701,HYRION SOLUTIONS,12,EMEA,NEXUS,FORFAIT,NO_TS_EMEA,89.29
Joy,Jones,QW58988,8304778,BRYTON CONSULTING,12,CONT AFRICA,VERTEX,REGIE,JFUAHK4ULNOZLKU,8.93
Joy,Jones,QW58988,8304778,BRYTON CONSULTING,12,NA,VERTEX,REGIE,NO_TS_NA,91.07
Ricky,Howe,DL12241,2605791,LUMEX CONSULTING,12,APAC EUROPE,PULSE,REGIE,EIDDRBQ83FJGF7G,9.82
Vincent,Noble,SB02665,7359182,BRYTON GLOBAL,12,APAC AMERICA,STELLAR,RPS,9PULDJ9I4JRPRBJ,11.9
Vincent,Noble,SB02665,7359182,BRYTON GLOBAL,12,CONT,STELLAR,RPS,NO_TS_CONT,88.1
Amy,Kelly,CW03199,6067029,CENVEO SYSTEMS,12,CONT AMERICA,NOVA,MAINTENANCE,FW26T2K6F1Y48D7,9.52
Penny,White,YA57714,5542255,INOVA SOLUTIONS,12,NA EUROPE,STELLAR,REGIE,W7G38ZN3M1HODK5,6.25
Penny,White,YA57714,5542255,INOVA SOLUTIONS,12,MEA,STELLAR,REGIE,NO_TS_MEA,93.75
Sandy,Gibson,LO00013,1732841,BRYTON SOLUTIONS,12,CONT ASIA,NOVA,REGIE,K0M3HUJHSTZ6SVZ,11.9
Sandy,Gibson,LO00013,1732841,BRYTON SOLUTIONS,12,EMEA,NOVA,REGIE,NO_TS_EMEA,88.1
Christopher,Gonzalez,QX94002,5118996,BRYTON GROUP,12,APAC EUROPE,QUANTUM,REGIE,WFCBUINGKYA4T66,7.59
Christopher,Gonzalez,QX94002,5118996,BRYTON GROUP,12,EMEA,QUANTUM,REGIE,NO_TS_EMEA,92.41
Shawn,Sanchez,SF43683,3229274,ETHOS DIGITAL,12,APAC AMERICA,NEXUS,REGIE,X2IG97J612GCT6D,9.82
Shawn,Sanchez,SF43683,3229274,ETHOS DIGITAL,12,LATAM,NEXUS,REGIE,NO_TS_LATAM,90.18
Jesse,Randall,FP24076,4352093,CENVEO SOLUTIONS,12,CONT OCEANIA,ORBIT,FORFAIT,P563LPGZU8KXHU4,7.14
Brian,Price,LI28224,6618035,DELVO CONSULTING,12,NA AFRICA,QUANTUM,RPS,Z9UUQTM09SG2ANV,7.59
Brian,Price,LI28224,6618035,DELVO CONSULTING,12,CONT,QUANTUM,RPS,NO_TS_CONT,92.41
Brooke,Murphy,QO25816,1652892,JALVIK DIGITAL,12,CONT AMERICA,NOVA,FORFAIT,N6AENIKJ881MN1A,9.52
Brooke,Murphy,QO25816,1652892,JALVIK DIGITAL,12,CONT,NOVA,FORFAIT,NO_TS_CONT,90.48
Keith,Torres,HX42193,7737052,ALCOR TECH,12,EMEA AMERICA,ORBIT,RPS,TK9YL27DTG4EQXZ,9.52
Keith,Torres,HX42193,7737052,ALCOR TECH,12,MEA,ORBIT,RPS,NO_TS_MEA,90.48
Daniel,Moore,JK48207,2782469,FORVEX GROUP,12,NA AMERICA,NOVA,RPS,32B8IYHHXM8M0GA,7.14
Daniel,Moore,JK48207,2782469,FORVEX GROUP,12,LATAM,NOVA,RPS,NO_TS_LATAM,92.86
Joshua,Hill,MA13231,8587464,DELVO GROUP,12,MEA OCEANIA,PULSE,RPS,ZZ5VUIBAQRSOMUB,13.84
Crystal,Fritz,ZR87751,3522016,HYRION DIGITAL,12,MEA AFRICA,NEXUS,MAINTENANCE,2EY9365S2V2HNZB,9.67
Crystal,Fritz,ZR87751,3522016,HYRION DIGITAL,12,EMEA,NEXUS,MAINTENANCE,NO_TS_EMEA,90.33
Derrick,Ray,IW21712,4446508,DELVO TECH,12,LATAM AMERICA,ORBIT,SUPPORT,6EM8HS10JOP6XQX,4.61
Timothy,Martin,YT20864,4084382,DELVO GROUP,12,MEA AFRICA,ATLAS,FORFAIT,XGITI922M5LJ18P,11.9
Timothy,Martin,YT20864,4084382,DELVO GROUP,12,LATAM,ATLAS,FORFAIT,NO_TS_LATAM,88.1
Cory,Lowery,ZE47452,3126292,KESTRA SOLUTIONS,12,APAC MENA,PULSE,RPS,TKYH1U9AG5IJTU8,9.62
Cory,Lowery,ZE47452,3126292,KESTRA SOLUTIONS,12,NA,PULSE,RPS,NO_TS_NA,90.38
Jennifer,Knapp,DC83888,1145886,INOVA TECH,12,CONT ASIA,NOVA,RPS,TO4BASQLSF96UEF,9.52
Daniel,Walker,VT00869,9278048,ETHOS GLOBAL,12,LATAM ASIA,PULSE,MAINTENANCE,O30VVCBZH3VGYRF,7.44
Ruth,Reed,GR55908,7090956,ETHOS TECH,12,MEA MENA,PULSE,RPS,7JDOSP7XNI7J4UE,11.9
Ruth,Reed,GR55908,7090956,ETHOS TECH,12,MEA,PULSE,RPS,NO_TS_MEA,88.1
Kelsey,Wilson,DO92231,9780479,HYRION DIGITAL,12,MEA ASIA,ORBIT,MAINTENANCE,ZQ3W67E4XCRGM0Q,11.9
Christina,Gonzalez,YP45500,9181134,ALCOR DYNAMICS,12,LATAM OCEANIA,ORBIT,MAINTENANCE,3YADQKRJ3J7EQDH,9.52
Christina,Gonzalez,YP45500,9181134,ALCOR DYNAMICS,12,CONT,ORBIT,MAINTENANCE,NO_TS_CONT,90.48
Pamela,Nicholson,YG48618,9240804,KESTRA DIGITAL,12,NA ASIA,ORBIT,SUPPORT,X9LW7MZ96Q2K8LO,8.48
Pamela,Nicholson,YG48618,9240804,KESTRA DIGITAL,12,NA,ORBIT,SUPPORT,NO_TS_NA,91.52
Allison,Copeland,IV53083,8529951,ALCOR VENTURES,12,MEA AMERICA,PHOENIX,REGIE,LAEMG4MAOP8HIK5,11.9
Sarah,Rose,QE28147,1359309,ETHOS GROUP,12,CONT AFRICA,PULSE,MAINTENANCE,AWWB5SC4PBYP3RY,7.74
Sarah,Rose,QE28147,1359309,ETHOS GROUP,12,NA,PULSE,MAINTENANCE,NO_TS_NA,92.26
Heather,Nichols,JT91572,9276298,DELVO GROUP,12,CONT OCEANIA,STELLAR,MAINTENANCE,DH3GRPKDN6ALAF6,10.71
Erik,Bray,TG73530,4713593,FORVEX SOLUTIONS,12,APAC EUROPE,ATLAS,RPS,AIDZXQCTBQ9K5KS,8.33
Erik,Bray,TG73530,4713593,FORVEX SOLUTIONS,12,EMEA,ATLAS,RPS,NO_TS_EMEA,91.67
Michelle,Bell,RX95567,7028581,JALVIK SOLUTIONS,12,CONT AFRICA,PULSE,FORFAIT,W1ATGRG4DYQ2FAA,8.93
Michelle,Bell,RX95567,7028581,JALVIK SOLUTIONS,12,APAC,PULSE,FORFAIT,NO_TS_APAC,91.07
Peter,Cabrera,GB06491,1593378,GOLZEN DIGITAL,12,LATAM ASIA,QUANTUM,FORFAIT,36AQEPPF4ZZLPM1,11.9
Peter,Cabrera,GB06491,1593378,GOLZEN DIGITAL,12,APAC,QUANTUM,FORFAIT,NO_TS_APAC,88.1
Sandra,Miller,XK66777,2049349,GOLZEN DIGITAL,12,MEA EUROPE,PHOENIX,RPS,D1UVF2GATFEC2CT,11.9
Sandra,Miller,XK66777,2049349,GOLZEN DIGITAL,12,NA,PHOENIX,RPS,NO_TS_NA,88.1
Malik,Black,VA67635,7094187,BRYTON SOLUTIONS,12,EMEA ASIA,STELLAR,RPS,ZLPDHUR8RWH56P4,8.48
Malik,Black,VA67635,7094187,BRYTON SOLUTIONS,12,EMEA,STELLAR,RPS,NO_TS_EMEA,91.52
Wayne,Kramer,WQ81370,4674064,LUMEX SOLUTIONS,12,EMEA AMERICA,NOVA,REGIE,Q6CE8GLX8TU0VI2,8.33
Ebony,Armstrong,HY40608,5161931,FORVEX SOLUTIONS,12,EMEA AFRICA,ORBIT,REGIE,RM64HTDNQFM11RK,4.69
Ebony,Armstrong,HY40608,5161931,FORVEX SOLUTIONS,12,EMEA,ORBIT,REGIE,NO_TS_EMEA,95.31
Brian,Stevenson,RA56787,9668762,JALVIK DYNAMICS,12,NA AFRICA,QUANTUM,REGIE,YGSEOD9B9NX4JBC,11.9
Brian,Stevenson,RA56787,9668762,JALVIK DYNAMICS,12,NA,QUANTUM,REGIE,NO_TS_NA,88.1
Jessica,Perry,HR64609,4586978,FORVEX CONSULTING,12,CONT OCEANIA,NOVA,MAINTENANCE,ATPW2KSBX007R1W,10.12
Jessica,Perry,HR64609,4586978,FORVEX CONSULTING,12,LATAM,NOVA,MAINTENANCE,NO_TS_LATAM,89.88
John,Flores,WO95590,5281918,ALCOR GROUP,12,LATAM AMERICA,ORBIT,FORFAIT,CD6F64F53D0S3TZ,5.06
John,Flores,WO95590,5281918,ALCOR GROUP,12,CONT,ORBIT,FORFAIT,NO_TS_CONT,94.94
Christian,Arnold,GG74176,6227521,CENVEO TECH,12,NA OCEANIA,NEXUS,MAINTENANCE,196KYYU19RQ9QYN,8.33
Christian,Arnold,GG74176,6227521,CENVEO TECH,12,NA,NEXUS,MAINTENANCE,NO_TS_NA,91.67
Jessica,Scott,LB99965,3946245,FORVEX DIGITAL,12,EMEA MENA,STELLAR,MAINTENANCE,WTM266BU4NC697S,9.52
Janice,Lewis,ZX83502,9286106,ETHOS GLOBAL,12,EMEA AFRICA,NEXUS,FORFAIT,HBM7HLVSISY8R0K,13.39
Janice,Lewis,ZX83502,9286106,ETHOS GLOBAL,12,MEA,NEXUS,FORFAIT,NO_TS_MEA,86.61
Patrick,Campbell,SQ52676,6546557,GOLZEN GROUP,12,LATAM AFRICA,STELLAR,RPS,2C5I2JNQFYCE32F,5.36
David,Hensley,AJ61648,4758599,BRYTON SYSTEMS,12,EMEA EUROPE,STELLAR,SUPPORT,ZBCICN2LWTNX11V,14.06
Timothy,Smith,HQ01665,9410332,LUMEX SYSTEMS,12,NA AMERICA,PULSE,SUPPORT,MXRSG3YUWSANUAK,13.24
Timothy,Smith,HQ01665,9410332,LUMEX SYSTEMS,12,MEA,PULSE,SUPPORT,NO_TS_MEA,86.76
Laura,Marquez,QR32393,4197897,CENVEO TECH,12,MEA ASIA,NOVA,REGIE,N4ULJYMMQDYLT2H,11.01
Laura,Marquez,QR32393,4197897,CENVEO TECH,12,LATAM,NOVA,REGIE,NO_TS_LATAM,88.99
Joseph,Brock,TT46947,6624548,BRYTON GROUP,12,CONT ASIA,ATLAS,SUPPORT,IRX22V8LWCF8VWD,9.52
Joseph,Brock,TT46947,6624548,BRYTON GROUP,12,CONT,ATLAS,SUPPORT,NO_TS_CONT,90.48
Alan,Fisher,RB02380,7033580,HYRION SYSTEMS,12,EMEA AFRICA,NEXUS,REGIE,2F2S97532FJ37F3,9.52
Stephanie,Maldonado,RA97284,9774312,ETHOS TECH,12,CONT AFRICA,PULSE,REGIE,QQE85HLUIJSOPR6,14.29
Elizabeth,Martinez,LT81414,2466579,BRYTON GROUP,12,APAC AMERICA,ORBIT,RPS,UWMFXRJ0U28N7YC,11.9
David,York,UD71729,7031601,HYRION DYNAMICS,12,EMEA AMERICA,QUANTUM,MAINTENANCE,UBFB65EADNFSHR3,8.33
Pamela,Alvarado,TT32304,8828189,INOVA TECH,12,CONT EUROPE,NEXUS,FORFAIT,SP70P1AEH0UYOJC,8.63
Pamela,Alvarado,TT32304,8828189,INOVA TECH,12,CONT,NEXUS,FORFAIT,NO_TS_CONT,91.37
Jennifer,Ellis,OV90741,7043853,CENVEO DIGITAL,12,MEA MENA,STELLAR,REGIE,YBH37YMS84DNZUI,9.52
Jennifer,Ellis,OV90741,7043853,CENVEO DIGITAL,12,MEA,STELLAR,REGIE,NO_TS_MEA,90.48
Andrew,Baxter,VW43485,7094696,LUMEX VENTURES,12,NA MENA,QUANTUM,FORFAIT,NGAGMBZXJG7WPCD,9.52
Andrew,Baxter,VW43485,7094696,LUMEX VENTURES,12,EMEA,QUANTUM,FORFAIT,NO_TS_EMEA,90.48
Kelly,Phillips,CM14046,1895152,JALVIK GROUP,12,LATAM AFRICA,STELLAR,MAINTENANCE,4JOUCUZ651WIWVS,9.23
Derek,Mason,DW77735,9788700,FORVEX CONSULTING,12,EMEA ASIA,NEXUS,RPS,MCSY45U9RHNYPPI,9.52
Joseph,Schaefer,UI45368,2132414,FORVEX SOLUTIONS,12,CONT AMERICA,PHOENIX,REGIE,W39WSZLOGDVBB6W,9.52
Joseph,Schaefer,UI45368,2132414,FORVEX SOLUTIONS,12,CONT,PHOENIX,REGIE,NO_TS_CONT,90.48
Scott,Cooley,ZY04059,6823087,CENVEO DYNAMICS,12,NA MENA,QUANTUM,RPS,1N58BBTERNCE0BA,7.44
Scott,Cooley,ZY04059,6823087,CENVEO DYNAMICS,12,NA,QUANTUM,RPS,NO_TS_NA,92.56
Shawn,Riley,GG87471,8758976,BRYTON SOLUTIONS,12,MEA AMERICA,ORBIT,MAINTENANCE,DBC2KB6EA0FE045,11.46
Shawn,Riley,GG87471,8758976,BRYTON SOLUTIONS,12,EMEA,ORBIT,MAINTENANCE,NO_TS_EMEA,88.54
Timothy,Walker,FZ74101,1220721,FORVEX GROUP,12,APAC AFRICA,NEXUS,REGIE,DITCKBPMJB84HVC,9.52
Timothy,Walker,FZ74101,1220721,FORVEX GROUP,12,CONT,NEXUS,REGIE,NO_TS_CONT,90.48
Timothy,Vazquez,NY29309,1193392,DELVO SYSTEMS,12,NA MENA,ATLAS,FORFAIT,13XD8F7NCERPHEW,8.63
Timothy,Vazquez,NY29309,1193392,DELVO SYSTEMS,12,EMEA,ATLAS,FORFAIT,NO_TS_EMEA,91.37
Joseph,Gutierrez,WC82247,7134021,CENVEO GROUP,12,CONT MENA,ATLAS,REGIE,SPZ2X4EBZ1BPCQT,5.36
Joseph,Gutierrez,WC82247,7134021,CENVEO GROUP,12,APAC,ATLAS,REGIE,NO_TS_APAC,94.64
Joseph,Greer,IN51100,9462706,ALCOR CONSULTING,12,MEA MENA,ATLAS,REGIE,8CM6OHNEHQ1R110,13.69
Joseph,Greer,IN51100,9462706,ALCOR CONSULTING,12,CONT,ATLAS,REGIE,NO_TS_CONT,86.31
Angelica,Robles,MB23744,5889206,KESTRA DYNAMICS,12,MEA ASIA,QUANTUM,RPS,8GHCBVTEO0KOIMP,11.9
Angelica,Robles,MB23744,5889206,KESTRA DYNAMICS,12,APAC,QUANTUM,RPS,NO_TS_APAC,88.1
Jamie,Santiago,RY09055,7730201,ETHOS DYNAMICS,12,NA ASIA,PHOENIX,REGIE,SIBRDIJ79X6Y1VG,11.9
Jamie,Santiago,RY09055,7730201,ETHOS DYNAMICS,12,APAC,PHOENIX,REGIE,NO_TS_APAC,88.1
Holly,Harrington,NE70101,9526446,DELVO GLOBAL,12,APAC ASIA,NEXUS,FORFAIT,7CSG207B9KDO3TO,14.29
Holly,Harrington,NE70101,9526446,DELVO GLOBAL,12,LATAM,NEXUS,FORFAIT,NO_TS_LATAM,85.71
Sandra,Scott,LS22018,6603346,CENVEO GLOBAL,12,EMEA AMERICA,PHOENIX,RPS,KNY7J1B2HBAMD6T,11.9
Sandra,Scott,LS22018,6603346,CENVEO GLOBAL,12,APAC,PHOENIX,RPS,NO_TS_APAC,88.1
Elizabeth,Clark,KX82663,2255587,DELVO VENTURES,12,MEA AMERICA,ATLAS,REGIE,OGSLYVCM9UJR2EE,9.82
Elizabeth,Clark,KX82663,2255587,DELVO VENTURES,12,EMEA,ATLAS,REGIE,NO_TS_EMEA,90.18
Monica,Benson,HG86837,3641288,INOVA TECH,12,MEA OCEANIA,PHOENIX,REGIE,HOF7E3N8D4V95N4,7.74
Monica,Benson,HG86837,3641288,INOVA TECH,12,NA,PHOENIX,REGIE,NO_TS_NA,92.26
Alexandra,Mullen,PW23980,9643277,FORVEX SYSTEMS,12,CONT AMERICA,ATLAS,FORFAIT,OBCGWFHRX80EUSL,11.9
Rachel,Conrad,XL25517,5487564,BRYTON SYSTEMS,12,MEA ASIA,STELLAR,RPS,83CBKYXLKKBH4PB,9.52
Patrick,Kim,AT31343,8197942,KESTRA TECH,12,CONT EUROPE,ORBIT,REGIE,33JVDIYZEUR50L2,9.52
Patrick,Kim,AT31343,8197942,KESTRA TECH,12,CONT,ORBIT,REGIE,NO_TS_CONT,90.48
Katherine,Rogers,LQ61157,1368421,HYRION TECH,12,EMEA AMERICA,NOVA,REGIE,YCZ16IW90ACV6ZB,9.52
Katherine,Rogers,LQ61157,1368421,HYRION TECH,12,APAC,NOVA,REGIE,NO_TS_APAC,90.48
Frank,Bailey,ZK07553,2268041,FORVEX DYNAMICS,12,MEA ASIA,STELLAR,REGIE,PLGXR66UM876ZVK,9.82
Frank,Bailey,ZK07553,2268041,FORVEX DYNAMICS,12,APAC,STELLAR,REGIE,NO_TS_APAC,90.18
Joshua,Dixon,WN76907,4722079,INOVA SOLUTIONS,12,APAC OCEANIA,ATLAS,REGIE,QBITNHM69NL3683,9.52
Joshua,Dixon,WN76907,4722079,INOVA SOLUTIONS,12,APAC,ATLAS,REGIE,NO_TS_APAC,90.48
Robert,Washington,FH83082,6508866,JALVIK SYSTEMS,12,CONT EUROPE,STELLAR,REGIE,CSIXL5L5F86ZUBA,13.69
Robert,Washington,FH83082,6508866,JALVIK SYSTEMS,12,APAC,STELLAR,REGIE,NO_TS_APAC,86.31
Karen,Kelly,RT25908,7894630,DELVO SYSTEMS,12,EMEA EUROPE,ORBIT,REGIE,EJYHFDVKRGJLALQ,11.9
Karen,Kelly,RT25908,7894630,DELVO SYSTEMS,12,EMEA,ORBIT,REGIE,NO_TS_EMEA,88.1
Sherri,Reese,CX32429,6035376,JALVIK DYNAMICS,12,EMEA AMERICA,QUANTUM,MAINTENANCE,WPMWDHS1L2NM5VL,10.42
Sherri,Reese,CX32429,6035376,JALVIK DYNAMICS,12,APAC,QUANTUM,MAINTENANCE,NO_TS_APAC,89.58
Timothy,Weaver,HP42896,3879237,GOLZEN SOLUTIONS,12,LATAM MENA,PULSE,REGIE,6PRW6AO4IIKQHJX,8.93
Bradley,Branch,SY66753,5850224,CENVEO GLOBAL,12,NA OCEANIA,NEXUS,SUPPORT,SW2SS2MP2BZHPC9,11.9
Bradley,Branch,SY66753,5850224,CENVEO GLOBAL,12,LATAM,NEXUS,SUPPORT,NO_TS_LATAM,88.1
Steven,Gonzalez,AO19729,3771358,FORVEX GROUP,12,APAC ASIA,VERTEX,MAINTENANCE,ZOOKOI10PERV66A,9.52
Steven,Gonzalez,AO19729,3771358,FORVEX GROUP,12,CONT,VERTEX,MAINTENANCE,NO_TS_CONT,90.48
Kristin,Adams,NY32946,8490181,GOLZEN CONSULTING,12,APAC EUROPE,ORBIT,REGIE,YG6LOS92UNGF0RD,10.12
Kristin,Adams,NY32946,8490181,GOLZEN CONSULTING,12,NA,ORBIT,REGIE,NO_TS_NA,89.88
Kathryn,Richardson,MQ77281,5752632,KESTRA CONSULTING,12,MEA AMERICA,STELLAR,FORFAIT,JD0PXILBSOL9YMV,8.33
Kathryn,Richardson,MQ77281,5752632,KESTRA CONSULTING,12,MEA,STELLAR,FORFAIT,NO_TS_MEA,91.67
Mark,Morgan,MB23775,7310432,DELVO CONSULTING,12,MEA AFRICA,QUANTUM,SUPPORT,H666O7UGP577E6Z,9.38
Mark,Morgan,MB23775,7310432,DELVO CONSULTING,12,NA,QUANTUM,SUPPORT,NO_TS_NA,90.63
James,Cunningham,CA28222,2658407,CENVEO GLOBAL,12,LATAM AFRICA,STELLAR,REGIE,IUJATQW235QUAYD,8.33
Samantha,Lee,BF61464,8418047,INOVA TECH,12,MEA AFRICA,QUANTUM,REGIE,O6O4Q2X0N82EPLB,10.71
Samantha,Lee,BF61464,8418047,INOVA TECH,12,NA,QUANTUM,REGIE,NO_TS_NA,89.29
James,Sawyer,HG25893,8712644,CENVEO GROUP,12,EMEA AFRICA,PHOENIX,SUPPORT,ZXA5QAOMXJHI313,7.74
James,Sawyer,HG25893,8712644,CENVEO GROUP,12,LATAM,PHOENIX,SUPPORT,NO_TS_LATAM,92.26
Tyler,Howard,YJ80674,6102438,FORVEX GROUP,12,LATAM EUROPE,STELLAR,FORFAIT,28N6U5MNN7G0SCI,9.52
Tyler,Howard,YJ80674,6102438,FORVEX GROUP,12,EMEA,STELLAR,FORFAIT,NO_TS_EMEA,90.48
Matthew,Rodriguez,OF77373,2052459,ALCOR SYSTEMS,12,MEA AMERICA,VERTEX,FORFAIT,RO9DW4YRWYJQWV6,8.48
Matthew,Walker,VG59870,9356152,CENVEO DYNAMICS,12,CONT AMERICA,STELLAR,MAINTENANCE,ET98MSOPODF55OP,7.44
Emily,Peters,IL09009,8947085,JALVIK GLOBAL,12,LATAM AMERICA,VERTEX,MAINTENANCE,XIXZYDZMUA2C6SR,10.12
Emily,Peters,IL09009,8947085,JALVIK GLOBAL,12,LATAM,VERTEX,MAINTENANCE,NO_TS_LATAM,89.88
Laurie,Delgado,TT19439,3894465,ETHOS VENTURES,12,CONT AFRICA,QUANTUM,RPS,E0O9UXNR015H3QJ,9.52
Laurie,Delgado,TT19439,3894465,ETHOS VENTURES,12,NA,QUANTUM,RPS,NO_TS_NA,90.48
Dan,Riley,SB26586,6819601,HYRION VENTURES,12,LATAM MENA,NOVA,SUPPORT,7WXE5GNQS9IKV18,5.65
Dan,Riley,SB26586,6819601,HYRION VENTURES,12,CONT,NOVA,SUPPORT,NO_TS_CONT,94.35
Jenna,Morales,AR51724,3856523,KESTRA TECH,12,APAC AFRICA,VERTEX,MAINTENANCE,M67UX9S42ZEY0YZ,10.71
Jenna,Morales,AR51724,3856523,KESTRA TECH,12,EMEA,VERTEX,MAINTENANCE,NO_TS_EMEA,89.29
Dennis,Galvan,XO70541,5345290,DELVO DIGITAL,12,EMEA AMERICA,NOVA,REGIE,4UUM03GOJF9HMMA,9.52
Christina,Ingram,IR85017,4247310,JALVIK DYNAMICS,12,LATAM AFRICA,QUANTUM,FORFAIT,XKNK9GB80RI9JA9,8.93
Christina,Ingram,IR85017,4247310,JALVIK DYNAMICS,12,APAC,QUANTUM,FORFAIT,NO_TS_APAC,91.07
Lisa,Logan,QG12731,9109904,JALVIK DIGITAL,12,NA AMERICA,ATLAS,REGIE,HBOA4Y1Y8GRPBLQ,9.52
Christian,Robinson,HP52228,8754278,CENVEO TECH,12,NA MENA,NOVA,REGIE,VSJFD53LC7KTKVL,7.59
Christian,Robinson,HP52228,8754278,CENVEO TECH,12,LATAM,NOVA,REGIE,NO_TS_LATAM,92.41
Kimberly,Patton,XO34888,8821320,HYRION TECH,12,EMEA MENA,NEXUS,RPS,XOD4V5KQX7IT5ET,7.44
Kimberly,Patton,XO34888,8821320,HYRION TECH,12,MEA,NEXUS,RPS,NO_TS_MEA,92.56
Lindsey,Osborne,IS64272,7221359,HYRION TECH,12,MEA EUROPE,NOVA,FORFAIT,4J1I7PPP88XF7GE,8.33
Stacy,Randolph,KD98784,7113310,HYRION DYNAMICS,12,EMEA MENA,STELLAR,FORFAIT,8BSW948XQQQ783G,9.52
Stacy,Randolph,KD98784,7113310,HYRION DYNAMICS,12,LATAM,STELLAR,FORFAIT,NO_TS_LATAM,90.48
Rebecca,Gilbert,ZO31775,9240917,ETHOS TECH,12,NA AFRICA,STELLAR,RPS,ATPUP2IJQ5SAEIW,7.14
Rebecca,Gilbert,ZO31775,9240917,ETHOS TECH,12,LATAM,STELLAR,RPS,NO_TS_LATAM,92.86
Donald,Rhodes,MP52691,8306517,JALVIK SYSTEMS,12,MEA EUROPE,ORBIT,REGIE,N1V91X4OY2N2NDM,11.01
Mary,Scott,LX29429,4934719,HYRION DYNAMICS,12,EMEA AMERICA,STELLAR,MAINTENANCE,ZODZEWNPY12I6G9,11.9
Lori,Miller,KE07348,6681499,CENVEO VENTURES,12,EMEA EUROPE,STELLAR,MAINTENANCE,C7RIRRZDEYIZEM0,9.82
Lori,Miller,KE07348,6681499,CENVEO VENTURES,12,CONT,STELLAR,MAINTENANCE,NO_TS_CONT,90.18
Raymond,Henderson,QW75504,7497612,KESTRA VENTURES,12,LATAM AFRICA,PULSE,FORFAIT,7NQM4SCJKRIB0N9,6.25
Raymond,Henderson,QW75504,7497612,KESTRA VENTURES,12,NA,PULSE,FORFAIT,NO_TS_NA,93.75
Danielle,Short,GW47366,4513055,JALVIK DIGITAL,12,CONT AMERICA,NEXUS,SUPPORT,25U9LN8BR7ULRYK,14.29
Danielle,Short,GW47366,4513055,JALVIK DIGITAL,12,LATAM,NEXUS,SUPPORT,NO_TS_LATAM,85.71
Craig,Vaughn,YK27708,3402215,INOVA GLOBAL,12,EMEA ASIA,PHOENIX,FORFAIT,OYO2W6M31XFXY44,9.52
Craig,Vaughn,YK27708,3402215,INOVA GLOBAL,12,CONT,PHOENIX,FORFAIT,NO_TS_CONT,90.48
Devin,Mann,IA70831,3970982,ALCOR DYNAMICS,12,APAC MENA,NOVA,FORFAIT,8TOW5S4ZN2AYLGV,8.93
Devin,Mann,IA70831,3970982,ALCOR DYNAMICS,12,LATAM,NOVA,FORFAIT,NO_TS_LATAM,91.07
Carlos,Jacobs,IN65717,2763242,GOLZEN TECH,12,MEA MENA,VERTEX,FORFAIT,YNH19GBHF5VJ9W0,8.04
Christopher,Robinson,EK20366,7914011,FORVEX VENTURES,12,NA EUROPE,NOVA,FORFAIT,JR84F52JUXJSO23,9.52
Christopher,Robinson,EK20366,7914011,FORVEX VENTURES,12,NA,NOVA,FORFAIT,NO_TS_NA,90.48
Amy,Gutierrez,PV17103,9683104,CENVEO GROUP,12,CONT ASIA,NEXUS,RPS,V34DLVC8T32YL3O,7.44
Amy,Gutierrez,PV17103,9683104,CENVEO GROUP,12,CONT,NEXUS,RPS,NO_TS_CONT,92.56
Felicia,Browning,WU20903,2404444,KESTRA TECH,12,MEA MENA,PHOENIX,REGIE,ZO7IBPDC9KGMKDE,10.12
Felicia,Browning,WU20903,2404444,KESTRA TECH,12,LATAM,PHOENIX,REGIE,NO_TS_LATAM,89.88
Earl,Ford,RJ36719,4982734,ETHOS DYNAMICS,12,APAC OCEANIA,NOVA,FORFAIT,DUA3YX1TM4UES6N,11.9
Earl,Ford,RJ36719,4982734,ETHOS DYNAMICS,12,APAC,NOVA,FORFAIT,NO_TS_APAC,88.1
Maria,Pierce,ZO42453,3336772,HYRION SYSTEMS,12,LATAM MENA,ORBIT,REGIE,DLD8ZWCB7F8L0CG,9.52
Maria,Pierce,ZO42453,3336772,HYRION SYSTEMS,12,EMEA,ORBIT,REGIE,NO_TS_EMEA,90.48
Scott,Garza,LL42067,8583634,LUMEX VENTURES,12,NA ASIA,NOVA,MAINTENANCE,IXL8ZQV4Y7EUTLL,14.58
Scott,Garza,LL42067,8583634,LUMEX VENTURES,12,APAC,NOVA,MAINTENANCE,NO_TS_APAC,85.42
Dana,Clark,UQ17604,1564699,LUMEX DYNAMICS,12,APAC MENA,ORBIT,RPS,5YTWPCRFLTU5LYZ,11.31
Dana,Clark,UQ17604,1564699,LUMEX DYNAMICS,12,APAC,ORBIT,RPS,NO_TS_APAC,88.69
Anthony,Burns,SZ13522,5846162,HYRION SOLUTIONS,12,CONT EUROPE,NOVA,SUPPORT,JVNN551QQ9F781R,6.55
Anthony,Burns,SZ13522,5846162,HYRION SOLUTIONS,12,NA,NOVA,SUPPORT,NO_TS_NA,93.45
David,Hughes,DN96487,2180777,KESTRA VENTURES,12,APAC OCEANIA,VERTEX,SUPPORT,X2NZBEG3S3RXVNR,9.52
Cathy,Mcmillan,WX01212,1108502,KESTRA SYSTEMS,12,MEA OCEANIA,QUANTUM,SUPPORT,WARNRMHQNJFMBMQ,9.52
Cathy,Mcmillan,WX01212,1108502,KESTRA SYSTEMS,12,EMEA,QUANTUM,SUPPORT,NO_TS_EMEA,90.48
Sheena,Davis,ZH54424,4790130,GOLZEN DIGITAL,12,EMEA EUROPE,NEXUS,FORFAIT,29V6N3SGUPUS2VX,5.95
Victor,Morgan,BM07943,5580646,BRYTON CONSULTING,12,NA AFRICA,VERTEX,FORFAIT,08RKQP2RWQPHUKJ,11.9
Victor,Morgan,BM07943,5580646,BRYTON CONSULTING,12,LATAM,VERTEX,FORFAIT,NO_TS_LATAM,88.1
Kim,Fleming,ZZ99547,5156416,ALCOR SOLUTIONS,12,CONT OCEANIA,PHOENIX,FORFAIT,LH39O9GP9Z52O3Y,7.44
Willie,Butler,ET86658,6786328,LUMEX SOLUTIONS,12,APAC MENA,PHOENIX,SUPPORT,04WN6R9BWWGSQKN,7.74
Willie,Butler,ET86658,6786328,LUMEX SOLUTIONS,12,NA,PHOENIX,SUPPORT,NO_TS_NA,92.26
Barbara,Johnston,QN09502,6929314,ALCOR TECH,12,MEA AFRICA,QUANTUM,RPS,TX99B8UUL1K6BFS,10.71
Barbara,Johnston,QN09502,6929314,ALCOR TECH,12,CONT,QUANTUM,RPS,NO_TS_CONT,89.29
Devin,Gomez,JP25568,2973121,BRYTON GLOBAL,12,CONT MENA,STELLAR,RPS,MT7B63NCB9KVU9K,10.71
Devin,Gomez,JP25568,2973121,BRYTON GLOBAL,12,LATAM,STELLAR,RPS,NO_TS_LATAM,89.29
Martha,Davis,JC89087,8126564,ALCOR CONSULTING,12,APAC AMERICA,ATLAS,FORFAIT,NFWBP8JDR2VZ6IW,9.52
Martha,Davis,JC89087,8126564,ALCOR CONSULTING,12,NA,ATLAS,FORFAIT,NO_TS_NA,90.48
Angela,Carroll,LH84989,2779341,GOLZEN VENTURES,12,CONT OCEANIA,STELLAR,FORFAIT,IJOXR63I5HNIQDY,8.33
Angela,Carroll,LH84989,2779341,GOLZEN VENTURES,12,CONT,STELLAR,FORFAIT,NO_TS_CONT,91.67
Lindsay,Walters,TO49349,1339673,LUMEX GLOBAL,12,MEA OCEANIA,NOVA,MAINTENANCE,HO01832WGUSHOQQ,8.33
Duane,Merritt,EL72524,9423296,DELVO TECH,12,NA AFRICA,NEXUS,RPS,55HSHFSI7LC7KGC,7.29
Melissa,Chavez,VY79569,7902813,ALCOR DIGITAL,12,LATAM AFRICA,PULSE,MAINTENANCE,DIY8XEDP8SMD1Q7,9.52
Melissa,Chavez,VY79569,7902813,ALCOR DIGITAL,12,APAC,PULSE,MAINTENANCE,NO_TS_APAC,90.48
Jerry,Estes,TB78457,5408135,BRYTON SOLUTIONS,12,EMEA AFRICA,PHOENIX,MAINTENANCE,VHQMM1KCA2G0WOO,9.52
Jerry,Estes,TB78457,5408135,BRYTON SOLUTIONS,12,NA,PHOENIX,MAINTENANCE,NO_TS_NA,90.48
Todd,Greer,UJ49664,7464042,CENVEO GROUP,12,APAC ASIA,NOVA,RPS,W86QVEYBKW1NCBA,7.29
Michelle,Hanna,RC55916,8347204,JALVIK SYSTEMS,12,LATAM ASIA,STELLAR,RPS,6A5HEKOISRHTWNC,8.33
Jonathon,Gordon,MD66953,8240256,GOLZEN SYSTEMS,12,MEA EUROPE,PHOENIX,RPS,LKOR98HTHYA9G0A,11.9
Jonathon,Gordon,MD66953,8240256,GOLZEN SYSTEMS,12,APAC,PHOENIX,RPS,NO_TS_APAC,88.1
Vanessa,Patterson,GL40767,8499184,GOLZEN CONSULTING,12,EMEA ASIA,NOVA,SUPPORT,409V37Y9X276QJM,7.44
Vanessa,Patterson,GL40767,8499184,GOLZEN CONSULTING,12,EMEA,NOVA,SUPPORT,NO_TS_EMEA,92.56
Karina,Atkins,UD27586,8652869,JALVIK SOLUTIONS,12,MEA AFRICA,QUANTUM,RPS,8Q7YHD98VPTKEEL,11.31
Jay,Hayes,AA18052,8372182,DELVO CONSULTING,12,APAC OCEANIA,ATLAS,SUPPORT,X26JJHAO1XJVJDQ,11.9
Jay,Hayes,AA18052,8372182,DELVO CONSULTING,12,APAC,ATLAS,SUPPORT,NO_TS_APAC,88.1
Tiffany,Hess,HN73558,3431469,FORVEX GLOBAL,12,CONT EUROPE,ORBIT,REGIE,UUDR36FENWXDW7O,11.9
Tiffany,Hess,HN73558,3431469,FORVEX GLOBAL,12,NA,ORBIT,REGIE,NO_TS_NA,88.1
Gabriella,Smith,EW68228,2680077,LUMEX SYSTEMS,12,MEA AMERICA,ORBIT,REGIE,X8AXP35FF3PTYJD,8.33
Gabriella,Smith,EW68228,2680077,LUMEX SYSTEMS,12,MEA,ORBIT,REGIE,NO_TS_MEA,91.67
Amy,Walters,NO62941,7983727,DELVO GROUP,12,APAC EUROPE,NOVA,SUPPORT,4MHH7BFVTNSCVQL,7.29
Amy,Walters,NO62941,7983727,DELVO GROUP,12,APAC,NOVA,SUPPORT,NO_TS_APAC,92.71
Christine,Mason,NH16032,3079234,KESTRA VENTURES,12,MEA MENA,ATLAS,SUPPORT,ONX1V5BG41FK7R7,11.9
Christine,Mason,NH16032,3079234,KESTRA VENTURES,12,MEA,ATLAS,SUPPORT,NO_TS_MEA,88.1
Matthew,Bradley,QY18414,9168714,LUMEX SOLUTIONS,12,APAC AMERICA,PULSE,SUPPORT,I11O765AGK925WX,9.52
Matthew,Bradley,QY18414,9168714,LUMEX SOLUTIONS,12,APAC,PULSE,SUPPORT,NO_TS_APAC,90.48
Martha,Norton,MS78676,4415842,INOVA GROUP,12,MEA MENA,ORBIT,SUPPORT,3791BM5LM85PNK5,9.52
Martha,Norton,MS78676,4415842,INOVA GROUP,12,MEA,ORBIT,SUPPORT,NO_TS_MEA,90.48
Kathleen,Harris,LZ61640,4598411,LUMEX SOLUTIONS,12,APAC MENA,VERTEX,RPS,LQ5FBRY09B6QVV3,11.9
Kathleen,Harris,LZ61640,4598411,LUMEX SOLUTIONS,12,MEA,VERTEX,RPS,NO_TS_MEA,88.1
Aaron,Smith,IY97070,8123551,JALVIK GLOBAL,12,EMEA ASIA,VERTEX,REGIE,Z95TNJJUG1OFD52,11.9
Aaron,Smith,IY97070,8123551,JALVIK GLOBAL,12,EMEA,VERTEX,REGIE,NO_TS_EMEA,88.1
David,Robertson,JY17579,2635188,GOLZEN GLOBAL,12,NA EUROPE,NOVA,REGIE,FI2V1BQD9CROBC7,7.14
David,Robertson,JY17579,2635188,GOLZEN GLOBAL,12,NA,NOVA,REGIE,NO_TS_NA,92.86
Steven,West,IN83564,7798772,INOVA SOLUTIONS,12,APAC ASIA,QUANTUM,FORFAIT,TONI277M0K9SS3H,11.9
Kevin,Garcia,LO36006,9804779,LUMEX VENTURES,12,APAC AFRICA,VERTEX,REGIE,5U5WZXNT8HQN73Y,8.33
Andrew,Freeman,PV48247,7112721,HYRION VENTURES,12,NA AMERICA,PHOENIX,MAINTENANCE,MWRNVIRKV090A6R,11.01
Andrew,Freeman,PV48247,7112721,HYRION VENTURES,12,LATAM,PHOENIX,MAINTENANCE,NO_TS_LATAM,88.99
Bridget,Klein,QC70895,2480113,ALCOR SYSTEMS,12,MEA AFRICA,ATLAS,MAINTENANCE,5OIA6Q6J003Z4YM,8.93
Darrell,Jackson,ZT65006,5995777,FORVEX SOLUTIONS,12,NA AMERICA,PHOENIX,FORFAIT,FHSWDRKJJX1NOYY,10.71
Lauren,Williamson,FC41322,8637629,HYRION SOLUTIONS,12,LATAM AMERICA,VERTEX,FORFAIT,4TS830AKDUG0J8R,11.9
Lauren,Williamson,FC41322,8637629,HYRION SOLUTIONS,12,NA,VERTEX,FORFAIT,NO_TS_NA,88.1
Jennifer,Alvarez,JW13516,2952418,FORVEX DYNAMICS,12,NA MENA,STELLAR,MAINTENANCE,GLCAWOPSOPRF8CV,9.52
Jennifer,Alvarez,JW13516,2952418,FORVEX DYNAMICS,12,NA,STELLAR,MAINTENANCE,NO_TS_NA,90.48
Christopher,Haney,UP08324,4399196,CENVEO CONSULTING,12,APAC ASIA,PULSE,REGIE,64DI356FFJAL6RB,7.89
Tracey,Clark,WV99119,1426205,INOVA DYNAMICS,12,LATAM AFRICA,ORBIT,REGIE,HCYFQX7O42BGOY5,7.74
Tracey,Clark,WV99119,1426205,INOVA DYNAMICS,12,CONT,ORBIT,REGIE,NO_TS_CONT,92.26
Holly,Williams,LE93641,1794478,LUMEX CONSULTING,12,EMEA AMERICA,PULSE,SUPPORT,ZW15026CUGS76QJ,10.71
Holly,Williams,LE93641,1794478,LUMEX CONSULTING,12,APAC,PULSE,SUPPORT,NO_TS_APAC,89.29
William,Elliott,QZ64244,6533273,JALVIK GROUP,12,EMEA OCEANIA,ATLAS,SUPPORT,4G7F25H57AET3PF,11.9
William,Elliott,QZ64244,6533273,JALVIK GROUP,12,APAC,ATLAS,SUPPORT,NO_TS_APAC,88.1
Jason,Roy,QV62766,3926866,DELVO TECH,12,NA MENA,PHOENIX,RPS,IAC950V5YM4BAF1,9.38
Jason,Roy,QV62766,3926866,DELVO TECH,12,EMEA,PHOENIX,RPS,NO_TS_EMEA,90.63
Deanna,Wiggins,JY29560,9694832,GOLZEN SYSTEMS,12,CONT AMERICA,QUANTUM,MAINTENANCE,A535ILCF392QNDU,9.52
Deanna,Wiggins,JY29560,9694832,GOLZEN SYSTEMS,12,EMEA,QUANTUM,MAINTENANCE,NO_TS_EMEA,90.48
Amy,Barr,RF36385,4172547,GOLZEN SOLUTIONS,12,EMEA OCEANIA,NEXUS,RPS,YY1DR73MLM2LYRB,14.14
James,Davis,AN03476,4455643,INOVA CONSULTING,12,APAC AMERICA,STELLAR,RPS,TEP9TPJQRLIA6VC,11.9
James,Davis,AN03476,4455643,INOVA CONSULTING,12,CONT,STELLAR,RPS,NO_TS_CONT,88.1
Alyssa,Munoz,BI63416,8950005,GOLZEN DYNAMICS,12,NA AMERICA,ATLAS,REGIE,V6PFX0CA64P2OT9,7.44
Alyssa,Munoz,BI63416,8950005,GOLZEN DYNAMICS,12,LATAM,ATLAS,REGIE,NO_TS_LATAM,92.56
Kristi,Fox,CF50979,5380384,ALCOR GLOBAL,12,APAC OCEANIA,ATLAS,MAINTENANCE,VV0DT3KRBT4CLPU,9.82
Kristi,Fox,CF50979,5380384,ALCOR GLOBAL,12,APAC,ATLAS,MAINTENANCE,NO_TS_APAC,90.18
Jennifer,Marshall,KS43162,3604018,LUMEX TECH,12,APAC ASIA,PHOENIX,RPS,XT3B18CD0P7IWY3,7.29
Jennifer,Marshall,KS43162,3604018,LUMEX TECH,12,NA,PHOENIX,RPS,NO_TS_NA,92.71
Natalie,Reed,HG61572,7231262,JALVIK GLOBAL,12,NA EUROPE,ORBIT,RPS,DRTTNAV4THYAKAU,8.63
Natalie,Reed,HG61572,7231262,JALVIK GLOBAL,12,LATAM,ORBIT,RPS,NO_TS_LATAM,91.37
Rodney,Roman,TI85556,4250767,LUMEX SOLUTIONS,12,CONT MENA,VERTEX,SUPPORT,8M8F58KDBUNDWI4,10.16
Rodney,Roman,TI85556,4250767,LUMEX SOLUTIONS,12,EMEA,VERTEX,SUPPORT,NO_TS_EMEA,89.84
Eric,Hess,PH76732,7958555,DELVO DYNAMICS,12,LATAM MENA,QUANTUM,MAINTENANCE,KFVKPUF5UB0VFFQ,9.52
Eric,Hess,PH76732,7958555,DELVO DYNAMICS,12,LATAM,QUANTUM,MAINTENANCE,NO_TS_LATAM,90.48
Rebecca,Davis,QJ93984,6061863,CENVEO DYNAMICS,12,LATAM ASIA,QUANTUM,SUPPORT,FJZDIA4ATJPJ9X6,7.89
Rebecca,Davis,QJ93984,6061863,CENVEO DYNAMICS,12,LATAM,QUANTUM,SUPPORT,NO_TS_LATAM,92.11
Amanda,Olson,GQ94458,8269216,HYRION CONSULTING,12,MEA AFRICA,STELLAR,RPS,1XF5P9CRVYYH7W2,9.52
Amanda,Olson,GQ94458,8269216,HYRION CONSULTING,12,EMEA,STELLAR,RPS,NO_TS_EMEA,90.48
Alexis,Mcdonald,IT85115,2555657,ALCOR SYSTEMS,12,EMEA OCEANIA,STELLAR,RPS,YKIASA2L1W7ERJB,9.52
Alexis,Mcdonald,IT85115,2555657,ALCOR SYSTEMS,12,APAC,STELLAR,RPS,NO_TS_APAC,90.48
Tonya,Young,DP61856,9620531,BRYTON DYNAMICS,12,MEA MENA,NOVA,MAINTENANCE,KKCPA0IROKX3E19,9.52
Tonya,Young,DP61856,9620531,BRYTON DYNAMICS,12,LATAM,NOVA,MAINTENANCE,NO_TS_LATAM,90.48
Timothy,Ortiz,KE93025,9148692,JALVIK DIGITAL,12,EMEA AFRICA,QUANTUM,MAINTENANCE,9A02TZDFC85BAQW,9.52
Timothy,Ortiz,KE93025,9148692,JALVIK DIGITAL,12,LATAM,QUANTUM,MAINTENANCE,NO_TS_LATAM,90.48
Dennis,Patel,EL95254,5933588,FORVEX SYSTEMS,12,LATAM ASIA,PULSE,SUPPORT,LFXTAQ7ZWE0FTGP,8.33
Dennis,Patel,EL95254,5933588,FORVEX SYSTEMS,12,EMEA,PULSE,SUPPORT,NO_TS_EMEA,91.67
Brian,Johnson,AK15649,2310690,CENVEO VENTURES,12,NA AMERICA,NEXUS,REGIE,3P8NTO57SDONLNU,9.82
Maria,Morales,NL17916,8972113,ALCOR CONSULTING,12,APAC OCEANIA,STELLAR,FORFAIT,375SCE0BP4L4LDD,11.9
Maria,Morales,NL17916,8972113,ALCOR CONSULTING,12,MEA,STELLAR,FORFAIT,NO_TS_MEA,88.1
Jennifer,Atkins,ZK00053,3829290,KESTRA GROUP,12,MEA ASIA,NOVA,SUPPORT,3VWBLSWD4XVCP4X,7.74
Jennifer,Atkins,ZK00053,3829290,KESTRA GROUP,12,MEA,NOVA,SUPPORT,NO_TS_MEA,92.26
Yvette,Bowen,XN71079,3441819,KESTRA VENTURES,12,LATAM EUROPE,ORBIT,RPS,NIIN2O2M10Z6O06,9.52
Henry,Bowman,AQ42426,2301239,HYRION GROUP,12,LATAM AMERICA,NEXUS,RPS,0PG3DUOMF0T0RFJ,9.52
Henry,Bowman,AQ42426,2301239,HYRION GROUP,12,MEA,NEXUS,RPS,NO_TS_MEA,90.48
Daniel,Vargas,AC42002,9611323,CENVEO SYSTEMS,12,MEA EUROPE,NEXUS,REGIE,EZOIDCULBFK1FOF,7.14
Daniel,Vargas,AC42002,9611323,CENVEO SYSTEMS,12,MEA,NEXUS,REGIE,NO_TS_MEA,92.86
Alice,Brady,RQ87057,7465895,JALVIK CONSULTING,12,MEA MENA,NEXUS,MAINTENANCE,U14UITWRAOHUG1Q,14.29
Lisa,Fuentes,UI82057,5971183,CENVEO VENTURES,12,MEA AFRICA,PHOENIX,MAINTENANCE,RKK7EFIKVXYO8PX,8.18
Lisa,Fuentes,UI82057,5971183,CENVEO VENTURES,12,CONT,PHOENIX,MAINTENANCE,NO_TS_CONT,91.82
Michael,Vaughn,KM95380,5837887,ALCOR VENTURES,12,EMEA ASIA,STELLAR,MAINTENANCE,AUM7E8IL8OWO0GZ,10.71
Donald,Atkins,FF13512,2777091,HYRION GROUP,12,APAC OCEANIA,PULSE,RPS,K5IEE38Y5L2276O,11.9
Donald,Atkins,FF13512,2777091,HYRION GROUP,12,APAC,PULSE,RPS,NO_TS_APAC,88.1
Eric,Yoder,AF83846,7523648,ETHOS CONSULTING,12,MEA OCEANIA,NOVA,SUPPORT,VURUZ7XIB5U1WJK,7.44
Eric,Yoder,AF83846,7523648,ETHOS CONSULTING,12,CONT,NOVA,SUPPORT,NO_TS_CONT,92.56
Stephanie,Collins,OA30759,9169763,FORVEX TECH,12,CONT ASIA,VERTEX,MAINTENANCE,M2DD97Q88LU6G6Q,9.52
Stephanie,Collins,OA30759,9169763,FORVEX TECH,12,LATAM,VERTEX,MAINTENANCE,NO_TS_LATAM,90.48
Sonia,Keller,DY32387,8222366,CENVEO SYSTEMS,12,NA AMERICA,QUANTUM,SUPPORT,092VHOQFLWIC7NQ,10.12
Sonia,Keller,DY32387,8222366,CENVEO SYSTEMS,12,APAC,QUANTUM,SUPPORT,NO_TS_APAC,89.88
Thomas,Lawson,RV84721,1212791,ETHOS GLOBAL,12,APAC MENA,STELLAR,REGIE,A2LH7AXTQZQMU7Q,11.9
Thomas,Lawson,RV84721,1212791,ETHOS GLOBAL,12,APAC,STELLAR,REGIE,NO_TS_APAC,88.1
Robert,Gibson,YB54843,7312808,ALCOR GLOBAL,12,CONT AMERICA,VERTEX,REGIE,HD1MWI06AESCJXJ,5.92
Dominic,Wheeler,OS39901,5267953,LUMEX SOLUTIONS,12,NA AMERICA,QUANTUM,SUPPORT,RXC4MLS9HH1CVVD,9.52
Amanda,Scott,ZC53271,9695772,BRYTON SYSTEMS,12,CONT OCEANIA,PULSE,FORFAIT,ORFOYOR7AVT5RWJ,9.52
Amanda,Scott,ZC53271,9695772,BRYTON SYSTEMS,12,NA,PULSE,FORFAIT,NO_TS_NA,90.48
Kimberly,Hill,AK81100,3243615,GOLZEN GLOBAL,12,APAC OCEANIA,STELLAR,RPS,P1YG4G8OHDSF6YJ,9.52
Kimberly,Hill,AK81100,3243615,GOLZEN GLOBAL,12,MEA,STELLAR,RPS,NO_TS_MEA,90.48
Kristen,Holland,UW49240,6002190,ALCOR SYSTEMS,12,NA EUROPE,STELLAR,MAINTENANCE,8V3RW0JY2FDEOLW,9.52
Kristen,Holland,UW49240,6002190,ALCOR SYSTEMS,12,LATAM,STELLAR,MAINTENANCE,NO_TS_LATAM,90.48
Shannon,Hudson,TK02079,6804674,GOLZEN SYSTEMS,12,CONT AMERICA,ORBIT,MAINTENANCE,4W8DUYD1QWMVXFX,25.0
Albert,Long,ZQ64358,6062846,LUMEX SYSTEMS,12,MEA AMERICA,ORBIT,MAINTENANCE,FR1JF3HQK0F1TV6,9.52
Albert,Long,ZQ64358,6062846,LUMEX SYSTEMS,12,LATAM,ORBIT,MAINTENANCE,NO_TS_LATAM,90.48
Kelly,Marquez,UN47619,9923628,INOVA VENTURES,12,CONT EUROPE,STELLAR,FORFAIT,NFRW8NCY0BPNO5R,11.9
Kelly,Marquez,UN47619,9923628,INOVA VENTURES,12,NA,STELLAR,FORFAIT,NO_TS_NA,88.1
Douglas,Norton,BM28073,5090470,ETHOS GLOBAL,12,MEA AFRICA,ORBIT,SUPPORT,6FN41Q06D4EPOFD,13.69
Douglas,Norton,BM28073,5090470,ETHOS GLOBAL,12,MEA,ORBIT,SUPPORT,NO_TS_MEA,86.31
Amanda,Thomas,HV06373,4641431,INOVA DIGITAL,12,LATAM,PHOENIX,FORFAIT,NO_TS_LATAM,100.0
Dawn,Oliver,ZK01576,8443354,CENVEO TECH,12,MEA AMERICA,PHOENIX,MAINTENANCE,FOMEZ24DKR6YKLZ,8.93
Dawn,Oliver,ZK01576,8443354,CENVEO TECH,12,CONT,PHOENIX,MAINTENANCE,NO_TS_CONT,91.07
Mark,Ryan,VC73688,6375880,ALCOR GLOBAL,12,LATAM OCEANIA,STELLAR,RPS,39FKA2LRMEILBHK,11.9
Sheena,Webb,NY12540,4184479,LUMEX SOLUTIONS,12,CONT ASIA,STELLAR,REGIE,9Y9OZOXBSKIVDOS,6.25
Sheena,Webb,NY12540,4184479,LUMEX SOLUTIONS,12,MEA,STELLAR,REGIE,NO_TS_MEA,93.75
Jon,Jones,NO96317,6228141,CENVEO SYSTEMS,12,EMEA ASIA,QUANTUM,REGIE,J63TFBUU84DTEPE,10.12
Lee,Taylor,GW27033,1301292,CENVEO VENTURES,12,NA MENA,PULSE,FORFAIT,NNGWTOOZR7D8NA7,7.29
Lee,Taylor,GW27033,1301292,CENVEO VENTURES,12,EMEA,PULSE,FORFAIT,NO_TS_EMEA,92.71
Daniel,Stevens,CR27152,8738393,ALCOR VENTURES,12,LATAM AMERICA,STELLAR,RPS,LIUAPB16NQJ1NPU,8.33
Daniel,Stevens,CR27152,8738393,ALCOR VENTURES,12,CONT,STELLAR,RPS,NO_TS_CONT,91.67
Daniel,Munoz,UD96996,4972488,JALVIK SYSTEMS,12,NA EUROPE,NEXUS,SUPPORT,AOKGH4AQKN41UZA,10.71
Lynn,Holloway,CT33276,8889179,CENVEO TECH,12,APAC ASIA,NEXUS,REGIE,W1BSMUZKBSV7Z4Z,6.7
Christine,Saunders,UB42692,1642938,FORVEX GLOBAL,12,EMEA OCEANIA,PHOENIX,MAINTENANCE,533TLFAL1TMHLYK,8.04
Christine,Saunders,UB42692,1642938,FORVEX GLOBAL,12,MEA,PHOENIX,MAINTENANCE,NO_TS_MEA,91.96
Katherine,Gregory,IH37583,1124289,FORVEX VENTURES,12,MEA AMERICA,STELLAR,FORFAIT,6UUOWEPECXNQPXU,10.71
Francisco,Miller,AG64143,7531104,FORVEX GLOBAL,12,APAC AMERICA,VERTEX,RPS,9Y6JQPWO8MWA9MV,11.9
Francisco,Miller,AG64143,7531104,FORVEX GLOBAL,12,APAC,VERTEX,RPS,NO_TS_APAC,88.1
Leonard,Richardson,TS92514,9016961,HYRION VENTURES,12,NA MENA,PHOENIX,RPS,3DTXD3OZ0LKUOEY,11.9
Leonard,Richardson,TS92514,9016961,HYRION VENTURES,12,NA,PHOENIX,RPS,NO_TS_NA,88.1
Charles,Day,OY05891,3652427,INOVA SYSTEMS,12,MEA AFRICA,PHOENIX,RPS,B2LKE0N9R3XZIJL,9.82
David,Matthews,EB72635,5854636,GOLZEN GROUP,12,APAC EUROPE,VERTEX,FORFAIT,PJ1QLADU8BY38C5,11.9
David,Matthews,EB72635,5854636,GOLZEN GROUP,12,NA,VERTEX,FORFAIT,NO_TS_NA,88.1
Barbara,Mckinney,WY91762,5334287,ETHOS SOLUTIONS,12,APAC AMERICA,STELLAR,SUPPORT,R5QRGSRTJB73F5K,9.52
Barbara,Mckinney,WY91762,5334287,ETHOS SOLUTIONS,12,CONT,STELLAR,SUPPORT,NO_TS_CONT,90.48
Sara,Benitez,FC28165,1928065,ETHOS GROUP,12,CONT AFRICA,VERTEX,MAINTENANCE,EPHMUVBWT7NI899,7.29
Sara,Benitez,FC28165,1928065,ETHOS GROUP,12,EMEA,VERTEX,MAINTENANCE,NO_TS_EMEA,92.71
Craig,Cunningham,UP37031,7805598,LUMEX GLOBAL,12,CONT OCEANIA,PULSE,REGIE,2OCZOSULJSBI37P,6.55
Craig,Cunningham,UP37031,7805598,LUMEX GLOBAL,12,CONT,PULSE,REGIE,NO_TS_CONT,93.45
Karen,Velazquez,RI25119,1405144,ALCOR DYNAMICS,12,CONT MENA,ATLAS,SUPPORT,FFVSYN3IOG28I7S,9.52
Sharon,Roberts,GU65076,5037250,KESTRA SYSTEMS,12,CONT OCEANIA,ORBIT,MAINTENANCE,UHUNWQNZMOU5A9J,9.82
Sharon,Roberts,GU65076,5037250,KESTRA SYSTEMS,12,CONT,ORBIT,MAINTENANCE,NO_TS_CONT,90.18
Vanessa,Walker,HE12112,2330474,GOLZEN DYNAMICS,12,EMEA AFRICA,PHOENIX,MAINTENANCE,HELP8HVCQLTJ2P6,10.86
Vanessa,Walker,HE12112,2330474,GOLZEN DYNAMICS,12,APAC,PHOENIX,MAINTENANCE,NO_TS_APAC,89.14
Mark,Martin,ER62236,5499280,JALVIK DYNAMICS,12,NA MENA,NEXUS,FORFAIT,TIQ05DRMMVCG650,8.33
Mark,Martin,ER62236,5499280,JALVIK DYNAMICS,12,NA,NEXUS,FORFAIT,NO_TS_NA,91.67
Susan,Smith,JG76506,7900499,CENVEO DIGITAL,12,LATAM AMERICA,NEXUS,FORFAIT,7DIPAYHDCBRFFZI,9.52
Susan,Smith,JG76506,7900499,CENVEO DIGITAL,12,CONT,NEXUS,FORFAIT,NO_TS_CONT,90.48
Megan,Edwards,IA24058,9649559,FORVEX SOLUTIONS,12,APAC MENA,VERTEX,MAINTENANCE,ZY37TG9U6OHCMCU,9.23
Megan,Edwards,IA24058,9649559,FORVEX SOLUTIONS,12,LATAM,VERTEX,MAINTENANCE,NO_TS_LATAM,90.77
Jesse,Hunt,MJ05328,9914945,ETHOS CONSULTING,12,EMEA MENA,PULSE,FORFAIT,WFS00MBZXSTVYB5,11.9
Jesse,Hunt,MJ05328,9914945,ETHOS CONSULTING,12,LATAM,PULSE,FORFAIT,NO_TS_LATAM,88.1
Dean,Greene,WI74518,5789426,INOVA GROUP,12,EMEA AFRICA,QUANTUM,REGIE,YEVHHWOS3N3TE8I,9.52
Dean,Greene,WI74518,5789426,INOVA GROUP,12,LATAM,QUANTUM,REGIE,NO_TS_LATAM,90.48
Wesley,Salas,DX93936,9973561,ETHOS DYNAMICS,12,EMEA OCEANIA,ORBIT,REGIE,57GWOLN8HHE0FCD,9.52
Wesley,Salas,DX93936,9973561,ETHOS DYNAMICS,12,EMEA,ORBIT,REGIE,NO_TS_EMEA,90.48
Melanie,Wolfe,QA18151,9062497,KESTRA GROUP,12,APAC AFRICA,NEXUS,FORFAIT,DU41M0UEAQN2YPP,9.52
Melanie,Wolfe,QA18151,9062497,KESTRA GROUP,12,CONT,NEXUS,FORFAIT,NO_TS_CONT,90.48
Glenn,Villa,DL96008,4306105,ETHOS DYNAMICS,12,APAC AFRICA,QUANTUM,RPS,74LN75NDTMCKH8N,7.74
Glenn,Villa,DL96008,4306105,ETHOS DYNAMICS,12,NA,QUANTUM,RPS,NO_TS_NA,92.26
Latoya,Reynolds,SH30728,4513877,FORVEX SYSTEMS,12,NA EUROPE,VERTEX,MAINTENANCE,50BFVW8JYDWCWQZ,9.52
Latoya,Reynolds,SH30728,4513877,FORVEX SYSTEMS,12,APAC,VERTEX,MAINTENANCE,NO_TS_APAC,90.48
Mikayla,Ortiz,IF86069,1602950,GOLZEN GROUP,12,CONT ASIA,STELLAR,SUPPORT,RRLEZ1Q9N3LFODJ,9.52
Mikayla,Ortiz,IF86069,1602950,GOLZEN GROUP,12,EMEA,STELLAR,SUPPORT,NO_TS_EMEA,90.48
Jerry,Baker,VG16792,5739203,JALVIK SOLUTIONS,12,CONT EUROPE,NOVA,REGIE,CEBT6UKM89RH7W3,9.52
Jerry,Baker,VG16792,5739203,JALVIK SOLUTIONS,12,MEA,NOVA,REGIE,NO_TS_MEA,90.48
Michael,Brown,PT38493,8345230,JALVIK VENTURES,12,MEA AFRICA,ORBIT,REGIE,37LGN2IIJFX07QM,10.71
Michael,Brown,PT38493,8345230,JALVIK VENTURES,12,LATAM,ORBIT,REGIE,NO_TS_LATAM,89.29
Brenda,Lopez,LY70599,1094039,ALCOR SYSTEMS,12,MEA AFRICA,PULSE,SUPPORT,X8NPL40L2BTA0HM,8.93
Brenda,Lopez,LY70599,1094039,ALCOR SYSTEMS,12,EMEA,PULSE,SUPPORT,NO_TS_EMEA,91.07
Crystal,Shepard,PP29851,3703051,ETHOS SOLUTIONS,12,NA ASIA,VERTEX,RPS,BNHN7CHFXVBXATA,11.9
Aaron,Brooks,IJ92671,7587759,FORVEX GROUP,12,NA OCEANIA,NOVA,RPS,UPCKSPJDKCU26M5,8.33
Aaron,Brooks,IJ92671,7587759,FORVEX GROUP,12,MEA,NOVA,RPS,NO_TS_MEA,91.67
James,Carroll,FM17341,3737547,GOLZEN GLOBAL,12,NA AFRICA,ORBIT,MAINTENANCE,NJO9UAYFCVZEKUM,11.9
James,Carroll,FM17341,3737547,GOLZEN GLOBAL,12,CONT,ORBIT,MAINTENANCE,NO_TS_CONT,88.1
Kimberly,Allen,ZU45627,6810757,KESTRA DYNAMICS,12,APAC AMERICA,ATLAS,SUPPORT,3S56SM357F2RHU6,9.52
Valerie,Briggs,YD58646,5076076,KESTRA CONSULTING,12,LATAM AMERICA,PHOENIX,SUPPORT,FSNJIL56291IVK6,11.9
Jeffrey,Fox,TK54883,8530909,FORVEX GLOBAL,12,NA AMERICA,VERTEX,RPS,IX1BQ3U9YGE4HLL,9.52
Jeffrey,Fox,TK54883,8530909,FORVEX GLOBAL,12,LATAM,VERTEX,RPS,NO_TS_LATAM,90.48
Teresa,Johnson,ZG71577,3032512,INOVA SYSTEMS,12,EMEA AMERICA,VERTEX,MAINTENANCE,GCM15Z75MAUA7EP,10.42
Teresa,Johnson,ZG71577,3032512,INOVA SYSTEMS,12,EMEA,VERTEX,MAINTENANCE,NO_TS_EMEA,89.58
Denise,Lopez,XO01140,4980947,ETHOS GROUP,12,APAC MENA,ATLAS,REGIE,W91CUPYPC7HYW12,10.71
Denise,Lopez,XO01140,4980947,ETHOS GROUP,12,CONT,ATLAS,REGIE,NO_TS_CONT,89.29
Christine,Gonzalez,IJ28069,8962822,ETHOS DYNAMICS,12,EMEA EUROPE,ATLAS,MAINTENANCE,EMOVR1D7552QWWN,9.52
Christine,Gonzalez,IJ28069,8962822,ETHOS DYNAMICS,12,EMEA,ATLAS,MAINTENANCE,NO_TS_EMEA,90.48
John,Jordan,VC73656,9924552,CENVEO DYNAMICS,12,NA ASIA,ORBIT,SUPPORT,FCB6W52A9T2EMJI,7.74
Robert,Lopez,WH10464,1089676,CENVEO DIGITAL,12,MEA MENA,ORBIT,FORFAIT,PVNOSERUGPE4SVX,9.52
Robert,Lopez,WH10464,1089676,CENVEO DIGITAL,12,MEA,ORBIT,FORFAIT,NO_TS_MEA,90.48
Joshua,Thomas,LA35946,2179675,INOVA DYNAMICS,12,LATAM MENA,ORBIT,RPS,1NH4QGERPWK0CYC,8.04
Joshua,Thomas,LA35946,2179675,INOVA DYNAMICS,12,CONT,ORBIT,RPS,NO_TS_CONT,91.96
Michelle,Carter,GU37821,6281960,LUMEX TECH,12,EMEA AFRICA,ORBIT,SUPPORT,0XD39IWPZ5RBY9A,10.71
Walter,Allen,HW46463,1471375,JALVIK TECH,12,EMEA ASIA,NOVA,REGIE,TCBBYCLCJASH8NL,8.48
William,Harrison,JI20368,5994382,JALVIK SOLUTIONS,12,MEA AMERICA,ATLAS,SUPPORT,WSME3MUTWZB4T3J,10.12
William,Harrison,JI20368,5994382,JALVIK SOLUTIONS,12,LATAM,ATLAS,SUPPORT,NO_TS_LATAM,89.88
Sarah,Bennett,YY97158,2897117,JALVIK CONSULTING,12,NA OCEANIA,VERTEX,REGIE,Y1V8Q7VXT02PG7D,12.2
Sarah,Bennett,YY97158,2897117,JALVIK CONSULTING,12,CONT,VERTEX,REGIE,NO_TS_CONT,87.8
John,Horn,JY72219,1345483,BRYTON TECH,12,MEA AFRICA,NEXUS,FORFAIT,4PU65NZERGQE89F,8.04
John,Horn,JY72219,1345483,BRYTON TECH,12,APAC,NEXUS,FORFAIT,NO_TS_APAC,91.96
Amy,Hill,DD95101,5726061,ETHOS SOLUTIONS,12,CONT MENA,QUANTUM,FORFAIT,LSS383K31XJVX19,8.33
Amy,Hill,DD95101,5726061,ETHOS SOLUTIONS,12,EMEA,QUANTUM,FORFAIT,NO_TS_EMEA,91.67
James,Turner,CX01394,9633976,HYRION DYNAMICS,12,LATAM EUROPE,PULSE,REGIE,RA73KSEM7F7TTEF,11.9
James,Turner,CX01394,9633976,HYRION DYNAMICS,12,EMEA,PULSE,REGIE,NO_TS_EMEA,88.1
Tracy,Robinson,TP11643,5044580,ETHOS DIGITAL,12,APAC AMERICA,PHOENIX,SUPPORT,GDDPY86U9YK3CH0,11.9
Nathan,Wright,BQ90541,8257421,HYRION GLOBAL,12,NA EUROPE,PULSE,SUPPORT,XBIK5NVQAG9PKXI,9.82
Don,Wright,HI47371,6421831,CENVEO CONSULTING,12,APAC ASIA,ORBIT,SUPPORT,SRDHR6HEGAQ9WSN,6.7
Don,Wright,HI47371,6421831,CENVEO CONSULTING,12,MEA,ORBIT,SUPPORT,NO_TS_MEA,93.3
Mary,Martin,KT82125,3724166,LUMEX CONSULTING,12,APAC AMERICA,NEXUS,SUPPORT,MUFOWTCL41VGVDJ,11.9
Mary,Martin,KT82125,3724166,LUMEX CONSULTING,12,LATAM,NEXUS,SUPPORT,NO_TS_LATAM,88.1
Rachel,Burke,KV44183,9859928,KESTRA SYSTEMS,12,APAC AMERICA,PHOENIX,FORFAIT,CJTRVX86HCKJBDK,10.42
Jerome,Jones,XW78953,1471305,HYRION TECH,12,MEA AMERICA,QUANTUM,RPS,0NGG3ZLHUPFQ1L4,9.52
Jerome,Jones,XW78953,1471305,HYRION TECH,12,MEA,QUANTUM,RPS,NO_TS_MEA,90.48
Fernando,Lewis,PV55258,6035311,GOLZEN SYSTEMS,12,NA ASIA,PHOENIX,MAINTENANCE,3FA6ZN11DMANC6F,12.5
Fernando,Lewis,PV55258,6035311,GOLZEN SYSTEMS,12,MEA,PHOENIX,MAINTENANCE,NO_TS_MEA,87.5
Ryan,Reid,NO46237,7031086,JALVIK DIGITAL,12,LATAM AFRICA,VERTEX,FORFAIT,B6UXECL3D1SBH7Y,15.0
Brandi,Lambert,GT34551,1486633,FORVEX DYNAMICS,12,APAC EUROPE,VERTEX,MAINTENANCE,3X63FXOIDHCNCBG,9.52
Brandi,Lambert,GT34551,1486633,FORVEX DYNAMICS,12,APAC,VERTEX,MAINTENANCE,NO_TS_APAC,90.48
Kenneth,Wilson,GC27311,9679768,HYRION DIGITAL,12,MEA OCEANIA,VERTEX,SUPPORT,5XCYMHGKOOVWS9U,11.9
Kenneth,Wilson,GC27311,9679768,HYRION DIGITAL,12,APAC,VERTEX,SUPPORT,NO_TS_APAC,88.1
Timothy,Martin,QT78135,9909124,DELVO VENTURES,12,CONT EUROPE,NEXUS,FORFAIT,6HDTUN3WHOXBB4D,13.1
Timothy,Martin,QT78135,9909124,DELVO VENTURES,12,APAC,NEXUS,FORFAIT,NO_TS_APAC,86.9
Kim,Bowers,JX16921,7039641,HYRION VENTURES,12,CONT ASIA,PULSE,SUPPORT,UTT6HDNSO1JJL1X,10.12
Kim,Bowers,JX16921,7039641,HYRION VENTURES,12,CONT,PULSE,SUPPORT,NO_TS_CONT,89.88
Danny,Lester,MU88404,5091432,FORVEX TECH,12,APAC EUROPE,QUANTUM,RPS,O30GGS4HI3351D9,9.52
Danny,Lester,MU88404,5091432,FORVEX TECH,12,APAC,QUANTUM,RPS,NO_TS_APAC,90.48
Yesenia,Savage,ZL84791,7980357,ALCOR TECH,12,MEA AMERICA,VERTEX,RPS,NY2X9FIJVKMJGHD,10.71
Yesenia,Savage,ZL84791,7980357,ALCOR TECH,12,CONT,VERTEX,RPS,NO_TS_CONT,89.29
Carl,Rodriguez,TN29530,6248557,ETHOS VENTURES,12,LATAM AFRICA,ORBIT,SUPPORT,PUPO01P1V4NYHFG,7.44
Carl,Rodriguez,TN29530,6248557,ETHOS VENTURES,12,APAC,ORBIT,SUPPORT,NO_TS_APAC,92.56
Katie,Howard,TT56212,7216853,HYRION TECH,12,LATAM ASIA,ATLAS,RPS,5PDD1Q3X4BRXID7,9.52
Katie,Howard,TT56212,7216853,HYRION TECH,12,EMEA,ATLAS,RPS,NO_TS_EMEA,90.48
Sara,Robinson,FX90722,9473586,BRYTON VENTURES,12,NA AFRICA,STELLAR,MAINTENANCE,54TKYC6F4772D6M,3.13
Sara,Robinson,FX90722,9473586,BRYTON VENTURES,12,MEA,STELLAR,MAINTENANCE,NO_TS_MEA,96.88
Wendy,Hall,FR55509,4618352,KESTRA DYNAMICS,12,CONT ASIA,QUANTUM,MAINTENANCE,DU3NZXY95HMWR0E,6.25
Wendy,Hall,FR55509,4618352,KESTRA DYNAMICS,12,EMEA,QUANTUM,MAINTENANCE,NO_TS_EMEA,93.75
Edward,Valenzuela,DJ02765,3704495,INOVA TECH,12,NA EUROPE,ORBIT,RPS,YM9QTXUIYYVXBV4,11.9
Edward,Valenzuela,DJ02765,3704495,INOVA TECH,12,APAC,ORBIT,RPS,NO_TS_APAC,88.1
Bianca,Meza,YR64868,2525353,INOVA CONSULTING,12,APAC AMERICA,QUANTUM,SUPPORT,W4DVMNXS19IIKF0,9.82
Bianca,Meza,YR64868,2525353,INOVA CONSULTING,12,MEA,QUANTUM,SUPPORT,NO_TS_MEA,90.18
Heather,Elliott,AA01292,1682706,DELVO DYNAMICS,12,EMEA EUROPE,NEXUS,REGIE,XSH9ZEM8AOS50ED,7.74
Heather,Elliott,AA01292,1682706,DELVO DYNAMICS,12,CONT,NEXUS,REGIE,NO_TS_CONT,92.26
Veronica,Atkinson,TT57536,5610588,KESTRA GLOBAL,12,APAC ASIA,ORBIT,FORFAIT,1A7BIE1UJAN5JKL,11.9
Veronica,Atkinson,TT57536,5610588,KESTRA GLOBAL,12,APAC,ORBIT,FORFAIT,NO_TS_APAC,88.1
James,Turner,DW78977,4286403,ALCOR GLOBAL,12,LATAM AMERICA,NOVA,SUPPORT,CZ3RKMGC0YLEFIB,9.52
James,Turner,DW78977,4286403,ALCOR GLOBAL,12,MEA,NOVA,SUPPORT,NO_TS_MEA,90.48
Alexandra,Gentry,HJ14675,7565053,FORVEX TECH,12,MEA EUROPE,QUANTUM,REGIE,ZAE8E9R00X2Y178,5.51
Alexandra,Gentry,HJ14675,7565053,FORVEX TECH,12,APAC,QUANTUM,REGIE,NO_TS_APAC,94.49
Franklin,Hoffman,UT66108,4825817,LUMEX GLOBAL,12,CONT AMERICA,ORBIT,MAINTENANCE,0U72SA7EP26SF20,9.67
Linda,Williams,BS40706,4444205,ALCOR SYSTEMS,12,APAC OCEANIA,QUANTUM,RPS,YNUN5AQUSU4OPX6,9.52
Linda,Williams,BS40706,4444205,ALCOR SYSTEMS,12,EMEA,QUANTUM,RPS,NO_TS_EMEA,90.48
John,Bridges,YT98546,8900482,HYRION VENTURES,12,EMEA OCEANIA,VERTEX,FORFAIT,M2VZ2OIJ9MQLSLM,11.9
John,Bridges,YT98546,8900482,HYRION VENTURES,12,CONT,VERTEX,FORFAIT,NO_TS_CONT,88.1
Samantha,Wilson,QT11003,7750736,BRYTON CONSULTING,12,CONT EUROPE,ATLAS,REGIE,SQ7C37X7MLRMSNV,10.12
Nicole,Le,II42938,4836682,HYRION CONSULTING,12,LATAM MENA,STELLAR,MAINTENANCE,MFE0AGMFTE6XW27,9.52
Holly,Taylor,WX01348,9007753,HYRION SOLUTIONS,12,CONT AFRICA,QUANTUM,SUPPORT,PLRL963OA6GNQOT,9.52
Holly,Taylor,WX01348,9007753,HYRION SOLUTIONS,12,LATAM,QUANTUM,SUPPORT,NO_TS_LATAM,90.48
Latoya,Taylor,FZ98291,8145467,HYRION TECH,12,LATAM EUROPE,STELLAR,RPS,TOTJD1Y69BNR8UX,7.29
Latoya,Taylor,FZ98291,8145467,HYRION TECH,12,NA,STELLAR,RPS,NO_TS_NA,92.71
Robert,Glover,CU05279,1296306,GOLZEN DYNAMICS,12,CONT OCEANIA,ORBIT,SUPPORT,VNB551E9MNUYV32,10.71
Robert,Glover,CU05279,1296306,GOLZEN DYNAMICS,12,MEA,ORBIT,SUPPORT,NO_TS_MEA,89.29
Brandon,Bell,AD87128,9122309,BRYTON VENTURES,12,NA OCEANIA,ATLAS,MAINTENANCE,3ZA295CK50J1JPO,9.82
Brandon,Bell,AD87128,9122309,BRYTON VENTURES,12,CONT,ATLAS,MAINTENANCE,NO_TS_CONT,90.18
Timothy,Livingston,NZ37296,9784423,ALCOR SYSTEMS,12,MEA ASIA,QUANTUM,FORFAIT,9M6KJZHOE5DZXKE,8.85
Timothy,Livingston,NZ37296,9784423,ALCOR SYSTEMS,12,MEA,QUANTUM,FORFAIT,NO_TS_MEA,91.15
Alexander,Williams,BH90092,7733140,HYRION DYNAMICS,12,APAC EUROPE,STELLAR,FORFAIT,FSGF0EP008L1NUE,9.54
Alexander,Williams,BH90092,7733140,HYRION DYNAMICS,12,MEA,STELLAR,FORFAIT,NO_TS_MEA,90.46
Adam,Jackson,OA35452,2765886,BRYTON DYNAMICS,12,CONT AMERICA,VERTEX,FORFAIT,SHXC7OLPDUWPXHX,11.9
Adam,Jackson,OA35452,2765886,BRYTON DYNAMICS,12,CONT,VERTEX,FORFAIT,NO_TS_CONT,88.1
Rachel,Martinez,YT99885,6244804,FORVEX DIGITAL,12,EMEA EUROPE,NOVA,REGIE,LMEFB1SDF0XJORH,11.31
April,Nichols,CM28589,4897949,ALCOR CONSULTING,12,MEA AMERICA,PHOENIX,REGIE,9NBEGY2APB65WB9,10.71
April,Nichols,CM28589,4897949,ALCOR CONSULTING,12,MEA,PHOENIX,REGIE,NO_TS_MEA,89.29
Jennifer,Burton,HY15765,2452104,FORVEX CONSULTING,12,MEA AFRICA,ORBIT,RPS,G4NV48DLGFG3RJ4,9.52
Austin,Ray,JZ75507,6299327,BRYTON SYSTEMS,12,CONT ASIA,STELLAR,FORFAIT,W85C10JWR97I98M,6.25
Austin,Ray,JZ75507,6299327,BRYTON SYSTEMS,12,NA,STELLAR,FORFAIT,NO_TS_NA,93.75
Jonathan,Hunt,PW46549,1721756,INOVA GLOBAL,12,MEA ASIA,ORBIT,FORFAIT,3OAJKL0WZQQ2A21,7.29
Ryan,Simmons,XT40688,2788953,BRYTON VENTURES,12,EMEA OCEANIA,NEXUS,SUPPORT,I81XR5MR89RQJCX,14.29
Ryan,Simmons,XT40688,2788953,BRYTON VENTURES,12,NA,NEXUS,SUPPORT,NO_TS_NA,85.71
Noah,Hicks,NY67677,1595359,GOLZEN GROUP,12,NA OCEANIA,VERTEX,FORFAIT,M80IHK6XWVL0NY2,14.29
Noah,Hicks,NY67677,1595359,GOLZEN GROUP,12,NA,VERTEX,FORFAIT,NO_TS_NA,85.71
Lawrence,Perez,IT49679,5030191,DELVO GLOBAL,12,CONT AMERICA,STELLAR,MAINTENANCE,HVVX0WVH3WCBGD2,11.9
Lawrence,Perez,IT49679,5030191,DELVO GLOBAL,12,CONT,STELLAR,MAINTENANCE,NO_TS_CONT,88.1
Peter,Anthony,ZW19684,6481156,JALVIK SOLUTIONS,12,MEA ASIA,STELLAR,SUPPORT,J1VKCF9SBADHW80,7.14
Peter,Anthony,ZW19684,6481156,JALVIK SOLUTIONS,12,CONT,STELLAR,SUPPORT,NO_TS_CONT,92.86
Rachel,Byrd,NA12491,5994246,GOLZEN GLOBAL,12,LATAM EUROPE,VERTEX,RPS,45HWDHGEJQGRO6B,11.01
Cheryl,Green,WD30143,8229241,FORVEX SYSTEMS,12,LATAM OCEANIA,QUANTUM,FORFAIT,SNGLNGOSD691HDE,8.18
Cheryl,Green,WD30143,8229241,FORVEX SYSTEMS,12,MEA,QUANTUM,FORFAIT,NO_TS_MEA,91.82
Robin,Phillips,OJ52463,6920344,BRYTON TECH,12,APAC AFRICA,NOVA,MAINTENANCE,0RTEUGE63O11V01,8.33
Robin,Phillips,OJ52463,6920344,BRYTON TECH,12,NA,NOVA,MAINTENANCE,NO_TS_NA,91.67
Lawrence,Rodriguez,SQ82495,2628331,JALVIK CONSULTING,12,CONT AMERICA,ATLAS,MAINTENANCE,IG6F23UJLFO0E5L,7.29
Tyler,Zamora,AV48542,6688421,LUMEX VENTURES,12,LATAM AFRICA,QUANTUM,SUPPORT,4VXV4AH2ZPD0NJU,10.12
Tyler,Zamora,AV48542,6688421,LUMEX VENTURES,12,MEA,QUANTUM,SUPPORT,NO_TS_MEA,89.88
Maria,Fuller,EM92151,8105133,INOVA SOLUTIONS,12,CONT AFRICA,PULSE,RPS,F4HWLS0JHRZMCB3,8.63
Maria,Fuller,EM92151,8105133,INOVA SOLUTIONS,12,APAC,PULSE,RPS,NO_TS_APAC,91.37
Daniel,Schwartz,YM18217,1916009,BRYTON CONSULTING,12,APAC ASIA,ATLAS,FORFAIT,O1EAXJWZ9O8E0U8,9.52
Heather,Nichols,XC68199,7615474,BRYTON GROUP,12,MEA EUROPE,VERTEX,REGIE,A87UMB8GPIAF68L,7.74
Heather,Nichols,XC68199,7615474,BRYTON GROUP,12,EMEA,VERTEX,REGIE,NO_TS_EMEA,92.26
Dale,Sparks,TK45120,9973397,GOLZEN VENTURES,12,CONT AFRICA,PULSE,SUPPORT,Y0WCBL57IR7F5SR,10.71
Dale,Sparks,TK45120,9973397,GOLZEN VENTURES,12,CONT,PULSE,SUPPORT,NO_TS_CONT,89.29
Cheryl,Levy,WX63630,4620214,DELVO SOLUTIONS,12,APAC MENA,PHOENIX,REGIE,QOUYKXCS25FQHSL,11.31
Cheryl,Levy,WX63630,4620214,DELVO SOLUTIONS,12,CONT,PHOENIX,REGIE,NO_TS_CONT,88.69
Michelle,Rodgers,HO57792,3394362,KESTRA SOLUTIONS,12,LATAM ASIA,VERTEX,REGIE,W0B7BTS76QQHV7G,10.12
Michelle,Rodgers,HO57792,3394362,KESTRA SOLUTIONS,12,APAC,VERTEX,REGIE,NO_TS_APAC,89.88
Anthony,Long,BX59970,8607828,BRYTON CONSULTING,12,APAC EUROPE,PULSE,SUPPORT,LIDD4SJ92G5ABP8,9.52
Anthony,Long,BX59970,8607828,BRYTON CONSULTING,12,NA,PULSE,SUPPORT,NO_TS_NA,90.48
Donna,Sanders,YQ36591,5875463,HYRION TECH,12,APAC AMERICA,NEXUS,FORFAIT,SAU3R7L1ETN0SD2,10.71
Donna,Sanders,YQ36591,5875463,HYRION TECH,12,LATAM,NEXUS,FORFAIT,NO_TS_LATAM,89.29
Emily,Huerta,OF90111,8509373,ETHOS GLOBAL,12,APAC AFRICA,PHOENIX,RPS,SF6JTX3RGEO4QKL,11.9
Emily,Huerta,OF90111,8509373,ETHOS GLOBAL,12,EMEA,PHOENIX,RPS,NO_TS_EMEA,88.1
Benjamin,Mosley,BV57024,5883604,FORVEX DIGITAL,12,LATAM EUROPE,STELLAR,FORFAIT,1DBKUCSXWLAJC6P,9.52
Benjamin,Mosley,BV57024,5883604,FORVEX DIGITAL,12,APAC,STELLAR,FORFAIT,NO_TS_APAC,90.48
Felicia,David,YA21625,6627759,FORVEX DIGITAL,12,LATAM AFRICA,NOVA,FORFAIT,8F0UIY9H652Z135,7.59
Felicia,David,YA21625,6627759,FORVEX DIGITAL,12,CONT,NOVA,FORFAIT,NO_TS_CONT,92.41
Michael,Parsons,RC42544,8038960,KESTRA DIGITAL,12,CONT OCEANIA,STELLAR,FORFAIT,VJCP60C9XG53O1B,9.52
Michael,Parsons,RC42544,8038960,KESTRA DIGITAL,12,MEA,STELLAR,FORFAIT,NO_TS_MEA,90.48
Martha,Perkins,RS39682,1148085,ALCOR CONSULTING,12,LATAM AMERICA,NOVA,REGIE,Q621CLS9MYPIDG0,7.14
Martha,Perkins,RS39682,1148085,ALCOR CONSULTING,12,APAC,NOVA,REGIE,NO_TS_APAC,92.86
Kelly,Thomas,HM57499,1424562,LUMEX DIGITAL,12,MEA OCEANIA,NOVA,MAINTENANCE,V8NTJKKD9B0XNYQ,9.52
Kelly,Thomas,HM57499,1424562,LUMEX DIGITAL,12,EMEA,NOVA,MAINTENANCE,NO_TS_EMEA,90.48
Frank,Mills,QB85836,4611529,GOLZEN SYSTEMS,12,APAC EUROPE,ORBIT,SUPPORT,0HZVFOV8YA70NIL,6.25
Frank,Mills,QB85836,4611529,GOLZEN SYSTEMS,12,MEA,ORBIT,SUPPORT,NO_TS_MEA,93.75
Shirley,Johnson,HZ53234,8860763,LUMEX SOLUTIONS,12,EMEA MENA,PHOENIX,MAINTENANCE,2T40NEB2TERQTRI,9.97
Shirley,Johnson,HZ53234,8860763,LUMEX SOLUTIONS,12,LATAM,PHOENIX,MAINTENANCE,NO_TS_LATAM,90.03
Ricardo,Boyd,QC30102,3244433,CENVEO GROUP,12,LATAM ASIA,ORBIT,MAINTENANCE,5KDQYL547YFSLN6,9.38
Ricardo,Boyd,QC30102,3244433,CENVEO GROUP,12,CONT,ORBIT,MAINTENANCE,NO_TS_CONT,90.63
John,Werner,TP90467,5868083,FORVEX DIGITAL,12,LATAM AMERICA,NEXUS,REGIE,JWNA2694FZ7LZXE,6.25
John,Werner,TP90467,5868083,FORVEX DIGITAL,12,APAC,NEXUS,REGIE,NO_TS_APAC,93.75
Chase,Carter,VW94902,7505577,DELVO GLOBAL,12,APAC AMERICA,NEXUS,RPS,LYF0U49O8K7IO0N,7.74
Chase,Carter,VW94902,7505577,DELVO GLOBAL,12,EMEA,NEXUS,RPS,NO_TS_EMEA,92.26
Brian,Ayers,XV51677,2926953,BRYTON SYSTEMS,12,NA OCEANIA,ATLAS,SUPPORT,MUI74WVE7SWIUZV,9.52
Adam,Sullivan,AA49253,9555123,LUMEX DIGITAL,12,APAC MENA,NEXUS,MAINTENANCE,G7WLCD83YRDDE5P,7.29
Adam,Sullivan,AA49253,9555123,LUMEX DIGITAL,12,MEA,NEXUS,MAINTENANCE,NO_TS_MEA,92.71
Christina,Faulkner,FF74514,5527404,LUMEX DIGITAL,12,APAC AMERICA,QUANTUM,RPS,UR1AYBI8YF13LQX,14.29
Christina,Faulkner,FF74514,5527404,LUMEX DIGITAL,12,NA,QUANTUM,RPS,NO_TS_NA,85.71
Andrea,Myers,LM69432,8843738,CENVEO DIGITAL,12,CONT AFRICA,STELLAR,REGIE,MACIMJIOF7MINOQ,9.52
Angela,Berry,ZX71664,2009489,ETHOS GLOBAL,12,APAC EUROPE,ORBIT,SUPPORT,1AW75UAB4JROKLC,9.52
Calvin,Stone,PW60882,7061340,GOLZEN GLOBAL,12,EMEA MENA,ATLAS,RPS,L18ERT71BVWY8OX,8.33
Calvin,Stone,PW60882,7061340,GOLZEN GLOBAL,12,EMEA,ATLAS,RPS,NO_TS_EMEA,91.67
Justin,Brock,DK14082,5632771,HYRION SYSTEMS,12,CONT OCEANIA,ORBIT,REGIE,H58WUE10INYIPYN,11.9
Justin,Brock,DK14082,5632771,HYRION SYSTEMS,12,CONT,ORBIT,REGIE,NO_TS_CONT,88.1
Claudia,Rodgers,DB30395,4561989,ALCOR DYNAMICS,12,CONT OCEANIA,ORBIT,FORFAIT,A5OTD7IK7RGR6E4,7.74
Claudia,Rodgers,DB30395,4561989,ALCOR DYNAMICS,12,APAC,ORBIT,FORFAIT,NO_TS_APAC,92.26
Jessica,Andrews,OU05304,2011682,ALCOR VENTURES,12,LATAM AFRICA,ATLAS,SUPPORT,DHGMKX79KHGFYNL,11.9
Jessica,Andrews,OU05304,2011682,ALCOR VENTURES,12,CONT,ATLAS,SUPPORT,NO_TS_CONT,88.1
Melanie,Klein,NZ64869,9226817,LUMEX GLOBAL,12,LATAM OCEANIA,NOVA,FORFAIT,E7PP44GIN9A6JTO,13.7
Melanie,Klein,NZ64869,9226817,LUMEX GLOBAL,12,MEA,NOVA,FORFAIT,NO_TS_MEA,86.3
Jamie,Campbell,HM53911,9883235,LUMEX TECH,12,CONT AMERICA,VERTEX,RPS,WUUZ6VOD1SUWAHH,10.71
Rebecca,Hutchinson,OT90610,8568178,DELVO TECH,12,NA AMERICA,STELLAR,SUPPORT,DQE5D5OHD889IW5,7.44
Rebecca,Hutchinson,OT90610,8568178,DELVO TECH,12,CONT,STELLAR,SUPPORT,NO_TS_CONT,92.56
Michelle,Price,HF10566,6530581,ETHOS CONSULTING,12,NA MENA,NEXUS,SUPPORT,3VO0Y6TY58UJFKL,7.89
Michelle,Price,HF10566,6530581,ETHOS CONSULTING,12,MEA,NEXUS,SUPPORT,NO_TS_MEA,92.11
Joseph,Gallegos,TM34723,2308753,CENVEO GLOBAL,12,APAC AMERICA,VERTEX,REGIE,H5LT3CBBA3R217Z,8.33
Joseph,Gallegos,TM34723,2308753,CENVEO GLOBAL,12,APAC,VERTEX,REGIE,NO_TS_APAC,91.67
Gary,Russo,MO85323,9859064,LUMEX SOLUTIONS,12,CONT AFRICA,NEXUS,REGIE,6IV79L0E2TLEFVO,9.52
Gary,Russo,MO85323,9859064,LUMEX SOLUTIONS,12,CONT,NEXUS,REGIE,NO_TS_CONT,90.48
Austin,Cunningham,AR14687,5608203,FORVEX DIGITAL,12,EMEA EUROPE,ORBIT,FORFAIT,B132V0FFON6SS2K,11.01
Austin,Cunningham,AR14687,5608203,FORVEX DIGITAL,12,NA,ORBIT,FORFAIT,NO_TS_NA,88.99
Julia,Lawrence,FS25089,7939420,KESTRA SOLUTIONS,12,LATAM OCEANIA,QUANTUM,SUPPORT,QV38YFW31E2LTUW,6.55
Julia,Lawrence,FS25089,7939420,KESTRA SOLUTIONS,12,MEA,QUANTUM,SUPPORT,NO_TS_MEA,93.45
Jennifer,Hamilton,DG17316,3409981,ETHOS TECH,12,APAC MENA,ORBIT,RPS,HLX1J3LC9XZIMIF,9.52
Karen,Kelly,ID09655,5704821,KESTRA CONSULTING,12,NA ASIA,ATLAS,REGIE,59UM8G5O8ZXTUXL,8.04
Karen,Kelly,ID09655,5704821,KESTRA CONSULTING,12,NA,ATLAS,REGIE,NO_TS_NA,91.96
David,Hayes,PO87574,6796008,HYRION GLOBAL,12,EMEA ASIA,PHOENIX,FORFAIT,W0ZPA9DHG60IIUX,11.9
Kimberly,Willis,GQ50139,4860925,ETHOS GROUP,12,CONT AFRICA,QUANTUM,RPS,GCIRQC1V1KW6MEB,8.89
Kimberly,Willis,GQ50139,4860925,ETHOS GROUP,12,APAC,QUANTUM,RPS,NO_TS_APAC,91.11
Eric,Brown,RO15002,4045944,HYRION VENTURES,12,CONT AFRICA,QUANTUM,MAINTENANCE,S06KSS11CIZBFYA,10.71
Eric,Brown,RO15002,4045944,HYRION VENTURES,12,EMEA,QUANTUM,MAINTENANCE,NO_TS_EMEA,89.29
Jeffrey,Snyder,CW03006,3217345,BRYTON VENTURES,12,LATAM ASIA,ATLAS,SUPPORT,Y5T7KC47RNIAUIH,8.93
John,Nichols,OZ23007,1023007,JALVIK CONSULTING,12,CONT AFRICA,NEXUS,RPS,5KIL83MB17UEBVH,10.71
Steven,Kelley,FK62477,9552136,ETHOS SYSTEMS,12,EMEA AMERICA,ATLAS,SUPPORT,SHKAE4LCZFW4CXD,12.5
Ashley,Gonzalez,YC51803,8553040,ETHOS DIGITAL,12,MEA AMERICA,ORBIT,REGIE,2SSVIZGYZJHK9V0,9.52
Ashley,Gonzalez,YC51803,8553040,ETHOS DIGITAL,12,LATAM,ORBIT,REGIE,NO_TS_LATAM,90.48
Chelsea,Burch,UP45440,6588046,FORVEX DIGITAL,12,MEA OCEANIA,PHOENIX,SUPPORT,2G5WVZHRCUV490Y,11.9
Chelsea,Burch,UP45440,6588046,FORVEX DIGITAL,12,EMEA,PHOENIX,SUPPORT,NO_TS_EMEA,88.1
Christine,Hopkins,YH49465,3275332,KESTRA SOLUTIONS,12,APAC OCEANIA,ORBIT,MAINTENANCE,490FLQ96EYK4DXV,9.82
Colleen,Thompson,VZ68347,5150585,BRYTON SOLUTIONS,12,CONT ASIA,PHOENIX,SUPPORT,RP470DQ4DYDNFB3,8.33
Colleen,Thompson,VZ68347,5150585,BRYTON SOLUTIONS,12,LATAM,PHOENIX,SUPPORT,NO_TS_LATAM,91.67
Michael,Kirby,YW13179,1847573,CENVEO GLOBAL,12,LATAM MENA,NOVA,SUPPORT,8E4HIZVYYHUNPU8,7.74
Jacob,Wagner,BM61552,6450589,GOLZEN VENTURES,12,CONT OCEANIA,NEXUS,MAINTENANCE,5TFEY2Y4JMJWQ54,14.29
Victor,Jones,VK56590,7191663,FORVEX GROUP,12,LATAM AMERICA,ORBIT,SUPPORT,E1LNKNJCG04KF8G,9.52
Daryl,Johnson,IN41667,2591127,INOVA TECH,12,CONT EUROPE,PULSE,SUPPORT,R4HVXHXMB3QX52Q,11.9
Kimberly,Daugherty,CX61076,9914044,HYRION DIGITAL,12,LATAM EUROPE,PULSE,RPS,ZY35YCXWUMA09F0,9.52
Kimberly,Daugherty,CX61076,9914044,HYRION DIGITAL,12,NA,PULSE,RPS,NO_TS_NA,90.48
Kimberly,Brown,PL05166,1088121,LUMEX TECH,12,EMEA EUROPE,ORBIT,REGIE,UIK7KLYUPA35EL1,6.25
Wyatt,Cobb,FC58019,8510686,FORVEX DIGITAL,12,LATAM OCEANIA,NOVA,REGIE,SF97X217J04A11Q,14.29
Wyatt,Cobb,FC58019,8510686,FORVEX DIGITAL,12,APAC,NOVA,REGIE,NO_TS_APAC,85.71
Gabriela,Fox,PZ67871,5151108,GOLZEN DYNAMICS,12,EMEA EUROPE,PHOENIX,MAINTENANCE,THQ5GZYOCDM47ZA,7.29
Thomas,Mathis,IT25634,2571503,FORVEX SOLUTIONS,12,LATAM AMERICA,PHOENIX,MAINTENANCE,82I8IJCO7DY6PGD,8.33
Carol,King,VW12229,9232154,BRYTON CONSULTING,12,MEA ASIA,ATLAS,FORFAIT,IWW1CV9XZCAKBCP,9.52
Carol,King,VW12229,9232154,BRYTON CONSULTING,12,EMEA,ATLAS,FORFAIT,NO_TS_EMEA,90.48
Joshua,Miller,ZG87124,9255170,ETHOS GLOBAL,12,CONT OCEANIA,VERTEX,RPS,BV6U5Z2UJULDCQY,7.14
Joshua,Miller,ZG87124,9255170,ETHOS GLOBAL,12,NA,VERTEX,RPS,NO_TS_NA,92.86
Sylvia,Bell,HY03762,4197558,HYRION GROUP,12,NA EUROPE,ATLAS,REGIE,2V2WTW301UJLBXS,9.23
Karina,Brown,IK07240,1349290,ETHOS DYNAMICS,12,CONT OCEANIA,PHOENIX,RPS,TJDB1GLJZ9JA2UM,11.9
Ashley,Smith,VI99432,4898487,JALVIK DIGITAL,12,EMEA EUROPE,PHOENIX,FORFAIT,SDNJP1ANIUUQW3B,7.44
Ashley,Smith,VI99432,4898487,JALVIK DIGITAL,12,MEA,PHOENIX,FORFAIT,NO_TS_MEA,92.56
Derek,Doyle,JP62380,2336512,FORVEX DIGITAL,12,CONT OCEANIA,NEXUS,SUPPORT,4OMBPI5B2472EJ2,8.33
Derek,Doyle,JP62380,2336512,FORVEX DIGITAL,12,APAC,NEXUS,SUPPORT,NO_TS_APAC,91.67
Gina,Brown,ZO17591,1719499,GOLZEN CONSULTING,12,CONT ASIA,PULSE,MAINTENANCE,MR92H6YAX41V8P5,7.14
Gina,Brown,ZO17591,1719499,GOLZEN CONSULTING,12,LATAM,PULSE,MAINTENANCE,NO_TS_LATAM,92.86
Annette,Craig,WY22365,4662618,ALCOR CONSULTING,12,CONT OCEANIA,NOVA,MAINTENANCE,56YBBEISAQ1TWO3,9.52
Annette,Craig,WY22365,4662618,ALCOR CONSULTING,12,NA,NOVA,MAINTENANCE,NO_TS_NA,90.48
Linda,Hart,TI18888,5650065,KESTRA DIGITAL,12,MEA AMERICA,ATLAS,FORFAIT,1WQA3HAIA4KH6DS,11.31
Linda,Hart,TI18888,5650065,KESTRA DIGITAL,12,CONT,ATLAS,FORFAIT,NO_TS_CONT,88.69
Amanda,Wu,JA62651,1912503,ETHOS SYSTEMS,12,EMEA AFRICA,STELLAR,MAINTENANCE,D52LGQ8UDHUWKDY,7.74
Amanda,Wu,JA62651,1912503,ETHOS SYSTEMS,12,EMEA,STELLAR,MAINTENANCE,NO_TS_EMEA,92.26
Nicole,Castro,JN57511,7655174,JALVIK VENTURES,12,NA EUROPE,QUANTUM,RPS,Y3UGS198G6PPI6F,11.9
Chad,Hall,PR02138,3489671,ETHOS VENTURES,12,MEA AFRICA,STELLAR,RPS,09PXT9U0JFF2Z0N,9.52
Tyler,Ford,ZA87907,4630778,HYRION CONSULTING,12,NA EUROPE,PHOENIX,SUPPORT,19CDHWGJ284VOG0,8.63
Tyler,Ford,ZA87907,4630778,HYRION CONSULTING,12,APAC,PHOENIX,SUPPORT,NO_TS_APAC,91.37
Michael,Wallace,DQ91055,5404294,ALCOR SYSTEMS,12,NA EUROPE,PULSE,FORFAIT,8ROS4R13SGH488M,11.9
Raymond,Harmon,ZR36392,8077684,FORVEX TECH,12,APAC AMERICA,NEXUS,REGIE,OANKC5EIC4LXBLD,7.74
Adam,Logan,QS21073,5167768,INOVA DIGITAL,12,CONT EUROPE,PULSE,FORFAIT,OENB6MU2MEG9SLS,9.52
Katrina,Webb,BU88968,2778436,HYRION CONSULTING,12,APAC OCEANIA,PULSE,REGIE,CPIEETMF14RT2WM,9.52
Katrina,Webb,BU88968,2778436,HYRION CONSULTING,12,NA,PULSE,REGIE,NO_TS_NA,90.48
Donald,Bailey,AN70107,2505549,ETHOS SOLUTIONS,12,MEA AMERICA,PULSE,SUPPORT,VXZT8ILMZAR9EUG,8.33
Brian,Obrien,LL50692,2673726,GOLZEN SYSTEMS,12,MEA EUROPE,ORBIT,REGIE,I65G34YPXB1ILB8,9.52
Brian,Obrien,LL50692,2673726,GOLZEN SYSTEMS,12,EMEA,ORBIT,REGIE,NO_TS_EMEA,90.48
Michael,Page,ZN62048,1827273,FORVEX TECH,12,NA MENA,ORBIT,MAINTENANCE,XMC4OTW6KJIHM8Z,9.67
Michael,Page,ZN62048,1827273,FORVEX TECH,12,APAC,ORBIT,MAINTENANCE,NO_TS_APAC,90.33
Todd,Schmitt,YM44450,2797375,ALCOR TECH,12,NA MENA,PULSE,REGIE,XS7V3SYQYPTAQ1U,8.63
Todd,Schmitt,YM44450,2797375,ALCOR TECH,12,APAC,PULSE,REGIE,NO_TS_APAC,91.37
Roberto,Chapman,CT91916,4637965,DELVO GROUP,12,MEA AMERICA,STELLAR,SUPPORT,TDZ84HXZ15M94J4,10.27
Roberto,Chapman,CT91916,4637965,DELVO GROUP,12,LATAM,STELLAR,SUPPORT,NO_TS_LATAM,89.73
Crystal,Jones,RN03755,9357098,CENVEO GLOBAL,12,NA ASIA,PULSE,SUPPORT,3MHJ8BMUF0JSHW7,7.14
Crystal,Jones,RN03755,9357098,CENVEO GLOBAL,12,NA,PULSE,SUPPORT,NO_TS_NA,92.86
Frank,Hughes,XI47347,3145762,INOVA SYSTEMS,12,NA OCEANIA,NOVA,FORFAIT,5L0XP9TPUP41RWA,9.52
Frank,Hughes,XI47347,3145762,INOVA SYSTEMS,12,MEA,NOVA,FORFAIT,NO_TS_MEA,90.48
David,Elliott,CR00874,4315369,LUMEX TECH,12,MEA EUROPE,STELLAR,RPS,S9H76ABSAX33SMI,14.43
David,Elliott,CR00874,4315369,LUMEX TECH,12,LATAM,STELLAR,RPS,NO_TS_LATAM,85.57
Judith,Love,QJ18635,7809407,KESTRA TECH,12,EMEA EUROPE,ATLAS,REGIE,SWK10PCHBPDU71H,9.52
Judith,Love,QJ18635,7809407,KESTRA TECH,12,NA,ATLAS,REGIE,NO_TS_NA,90.48
Janice,Richardson,MN60790,3937229,CENVEO SYSTEMS,12,CONT ASIA,STELLAR,REGIE,BGX1E0KHVJF4XE5,9.52
Janice,Richardson,MN60790,3937229,CENVEO SYSTEMS,12,LATAM,STELLAR,REGIE,NO_TS_LATAM,90.48
Kathryn,Parks,KZ19818,8325923,ALCOR GROUP,12,EMEA EUROPE,ATLAS,REGIE,SW2P127UX3U82V0,9.52
Kathryn,Parks,KZ19818,8325923,ALCOR GROUP,12,MEA,ATLAS,REGIE,NO_TS_MEA,90.48
Shawn,Brown,KY71378,3585180,LUMEX GLOBAL,12,EMEA AFRICA,ORBIT,SUPPORT,Y6RJHPHS6E0KPRU,13.1
Shawn,Brown,KY71378,3585180,LUMEX GLOBAL,12,CONT,ORBIT,SUPPORT,NO_TS_CONT,86.9
Lisa,Butler,VY05475,1214664,ALCOR DYNAMICS,12,MEA OCEANIA,STELLAR,MAINTENANCE,XEWUXB890ALGFVM,13.1
Lisa,Butler,VY05475,1214664,ALCOR DYNAMICS,12,APAC,STELLAR,MAINTENANCE,NO_TS_APAC,86.9
William,Abbott,WM48829,1190100,JALVIK GROUP,12,MEA EUROPE,STELLAR,MAINTENANCE,J82HUX3692WEE1D,11.9
William,Abbott,WM48829,1190100,JALVIK GROUP,12,APAC,STELLAR,MAINTENANCE,NO_TS_APAC,88.1
Travis,Hale,YT67358,3140063,JALVIK GROUP,12,NA ASIA,NEXUS,SUPPORT,3E6VBY02CN3E2JF,10.71
Monica,Davis,MD35910,9042089,ETHOS DIGITAL,12,MEA OCEANIA,NOVA,MAINTENANCE,SS0ZDTUEEKJ310M,7.59
Monica,Davis,MD35910,9042089,ETHOS DIGITAL,12,NA,NOVA,MAINTENANCE,NO_TS_NA,92.41
Jenny,Foster,VY12566,4547456,HYRION DYNAMICS,12,LATAM OCEANIA,ATLAS,REGIE,Y1H381KFADXNS2C,9.52
Jenny,Foster,VY12566,4547456,HYRION DYNAMICS,12,APAC,ATLAS,REGIE,NO_TS_APAC,90.48
Sara,Romero,LF76389,2301554,DELVO GROUP,12,LATAM EUROPE,NEXUS,REGIE,YARH9AI0HUH8BBE,9.52
Brenda,Cooper,XU59482,6413860,KESTRA SYSTEMS,12,MEA EUROPE,PULSE,SUPPORT,3412TPXCSHW8SJQ,7.74
Kimberly,Gonzalez,YK38370,4349271,LUMEX TECH,12,LATAM ASIA,STELLAR,REGIE,HWZ6XT6GQCX0WGU,7.44
Jennifer,Aguilar,WM59581,6016039,BRYTON TECH,12,EMEA EUROPE,STELLAR,REGIE,SS2VBI87QVLU22I,9.52
Jennifer,Aguilar,WM59581,6016039,BRYTON TECH,12,CONT,STELLAR,REGIE,NO_TS_CONT,90.48
Mary,Garcia,AI70218,1778409,JALVIK SYSTEMS,12,LATAM MENA,STELLAR,RPS,UK6DYSKS2WUKBEN,7.14
Mary,Garcia,AI70218,1778409,JALVIK SYSTEMS,12,APAC,STELLAR,RPS,NO_TS_APAC,92.86
Anthony,Adams,HQ43407,4032110,INOVA CONSULTING,12,EMEA OCEANIA,VERTEX,MAINTENANCE,7D06U0JH2OEFOKE,8.78
Jeffery,Vang,AL11526,3908882,KESTRA SYSTEMS,12,LATAM AMERICA,PHOENIX,REGIE,WHA1TK0QJRA5NVN,9.52
Joshua,Cruz,YH01451,9648861,LUMEX SOLUTIONS,12,MEA EUROPE,ORBIT,RPS,J978M31ONFN366A,12.05
Joshua,Cruz,YH01451,9648861,LUMEX SOLUTIONS,12,LATAM,ORBIT,RPS,NO_TS_LATAM,87.95
Mary,Lawrence,OG56400,8844155,HYRION GLOBAL,12,MEA MENA,STELLAR,SUPPORT,1QQQRGAY095K1UP,11.31
Kelly,Middleton,XD22172,3849091,FORVEX DIGITAL,12,LATAM OCEANIA,NOVA,MAINTENANCE,RS2GCCEM48YQ2MC,7.74
Kelly,Middleton,XD22172,3849091,FORVEX DIGITAL,12,APAC,NOVA,MAINTENANCE,NO_TS_APAC,92.26
Cynthia,Parrish,WW46086,7659236,DELVO SOLUTIONS,12,EMEA AFRICA,VERTEX,REGIE,34XAGC5XYRXI75K,14.58
Cynthia,Parrish,WW46086,7659236,DELVO SOLUTIONS,12,APAC,VERTEX,REGIE,NO_TS_APAC,85.42
Chad,Wright,ZY11288,1728087,GOLZEN DIGITAL,12,EMEA MENA,STELLAR,MAINTENANCE,7MNKWWZYPWLMASC,8.33
Chad,Wright,ZY11288,1728087,GOLZEN DIGITAL,12,LATAM,STELLAR,MAINTENANCE,NO_TS_LATAM,91.67
Joshua,Wallace,KX36009,9975839,HYRION GLOBAL,12,APAC OCEANIA,ORBIT,RPS,SH1R1IW5SLJA0CK,13.99
Joshua,Wallace,KX36009,9975839,HYRION GLOBAL,12,NA,ORBIT,RPS,NO_TS_NA,86.01
Ivan,Nguyen,XW15311,7284658,ALCOR DIGITAL,12,EMEA AFRICA,STELLAR,MAINTENANCE,U8IXZBJ9GHG9XOD,9.52
Sandra,Hill,LM08400,3667050,JALVIK DIGITAL,12,MEA OCEANIA,NOVA,REGIE,6JBTA5XK7KIKHYP,11.9
Sandra,Hill,LM08400,3667050,JALVIK DIGITAL,12,EMEA,NOVA,REGIE,NO_TS_EMEA,88.1
Jodi,Burton,KW09125,7935643,LUMEX SYSTEMS,12,APAC OCEANIA,STELLAR,FORFAIT,BHGM9ADHLGZWC1R,8.41
Jodi,Burton,KW09125,7935643,LUMEX SYSTEMS,12,CONT,STELLAR,FORFAIT,NO_TS_CONT,91.59
Donna,White,IG04438,2037610,ETHOS VENTURES,12,EMEA EUROPE,ORBIT,FORFAIT,CZB4Y6ZMO4KPUQL,7.44
Darryl,Mccullough,CY21197,1718715,DELVO SYSTEMS,12,NA OCEANIA,ORBIT,FORFAIT,UQUQND5XV3C4LQV,11.4
Douglas,Smith,HL49652,6352099,BRYTON TECH,12,CONT AMERICA,QUANTUM,RPS,2CW0U88SSYF02XY,10.12
Douglas,Smith,HL49652,6352099,BRYTON TECH,12,MEA,QUANTUM,RPS,NO_TS_MEA,89.88
Jennifer,Miller,OY52230,2859523,CENVEO GLOBAL,12,APAC AMERICA,ATLAS,SUPPORT,O505Q1ZOWS17PQD,11.9
Jennifer,Miller,OY52230,2859523,CENVEO GLOBAL,12,CONT,ATLAS,SUPPORT,NO_TS_CONT,88.1
Stacy,Simon,WQ69508,3404906,ALCOR GROUP,12,CONT OCEANIA,STELLAR,MAINTENANCE,OC1ISTX4K23JN4L,9.52
Isaiah,Reyes,EF95950,5663542,LUMEX SOLUTIONS,12,CONT AFRICA,QUANTUM,MAINTENANCE,KL2V3O0GRU5BIRS,10.57
Charles,Castaneda,XX56819,8487600,ETHOS GLOBAL,12,EMEA AMERICA,STELLAR,MAINTENANCE,X12XRI8VQSQYDHS,12.8
Charles,Castaneda,XX56819,8487600,ETHOS GLOBAL,12,NA,STELLAR,MAINTENANCE,NO_TS_NA,87.2
Alexandra,Knapp,AI14164,3482711,INOVA CONSULTING,12,NA EUROPE,STELLAR,FORFAIT,XI5NZWGO2OLTG7W,11.9
Alexandra,Knapp,AI14164,3482711,INOVA CONSULTING,12,CONT,STELLAR,FORFAIT,NO_TS_CONT,88.1
Thomas,Jones,EL79918,7089931,ETHOS SOLUTIONS,12,LATAM AMERICA,QUANTUM,RPS,NDCVBI9OG456KPB,10.71
Thomas,Jones,EL79918,7089931,ETHOS SOLUTIONS,12,CONT,QUANTUM,RPS,NO_TS_CONT,89.29
Thomas,Turner,VJ89383,6722662,INOVA GLOBAL,12,MEA OCEANIA,PULSE,MAINTENANCE,Y7CN2IQDTKPIXCT,9.52
Gary,Warren,QK08561,6811904,ALCOR VENTURES,12,APAC AMERICA,ATLAS,RPS,E75FYR6IF39VJ0B,12.5
Gary,Warren,QK08561,6811904,ALCOR VENTURES,12,LATAM,ATLAS,RPS,NO_TS_LATAM,87.5
Laura,Salas,WY35683,5388696,ALCOR GLOBAL,12,EMEA AFRICA,ATLAS,FORFAIT,VM4381BSUZTIPHZ,10.71
Stephen,Ingram,QB12935,5361061,LUMEX CONSULTING,12,EMEA ASIA,QUANTUM,RPS,GKS5PM4AVPYP50O,9.52
Stephen,Ingram,QB12935,5361061,LUMEX CONSULTING,12,EMEA,QUANTUM,RPS,NO_TS_EMEA,90.48
Nancy,Medina,LG61401,2467162,JALVIK SYSTEMS,12,CONT OCEANIA,STELLAR,RPS,MTXCB0ORWW1ZQAO,7.74
Nancy,Medina,LG61401,2467162,JALVIK SYSTEMS,12,NA,STELLAR,RPS,NO_TS_NA,92.26
Alan,Norris,WI73262,1902448,FORVEX GROUP,12,LATAM EUROPE,NEXUS,MAINTENANCE,XG4G1WERL117V4T,9.52
Alan,Norris,WI73262,1902448,FORVEX GROUP,12,EMEA,NEXUS,MAINTENANCE,NO_TS_EMEA,90.48
Jacob,Charles,KN51829,5346118,LUMEX VENTURES,12,NA MENA,ORBIT,REGIE,RET8H73DHHSB8DS,8.48
Jamie,Johnson,OH85969,2656642,KESTRA CONSULTING,12,APAC EUROPE,PHOENIX,SUPPORT,4ZMB9RZYYBHV4RE,9.52
Jamie,Johnson,OH85969,2656642,KESTRA CONSULTING,12,APAC,PHOENIX,SUPPORT,NO_TS_APAC,90.48
Shannon,Johnson,LM90858,5732184,KESTRA SYSTEMS,12,LATAM OCEANIA,PHOENIX,SUPPORT,XAF8Y9288M04BNY,11.9
Tami,Mclean,WC10464,4332779,FORVEX TECH,12,NA EUROPE,VERTEX,RPS,DWTPT78IYIOQ4JS,11.9
Tami,Mclean,WC10464,4332779,FORVEX TECH,12,EMEA,VERTEX,RPS,NO_TS_EMEA,88.1
Kathryn,Santos,PS54364,2379773,ALCOR SOLUTIONS,12,LATAM AMERICA,STELLAR,RPS,R352PTUXV9UWCVT,9.52
Lawrence,Donaldson,VZ21649,3680597,DELVO DYNAMICS,12,NA AFRICA,NEXUS,SUPPORT,8P6NI9R0TXGDJKJ,9.52
Lawrence,Donaldson,VZ21649,3680597,DELVO DYNAMICS,12,LATAM,NEXUS,SUPPORT,NO_TS_LATAM,90.48
Anthony,Stokes,RD92097,3766019,CENVEO DIGITAL,12,NA MENA,PULSE,FORFAIT,BGUBN4Y82T92FAM,7.89
Anthony,Stokes,RD92097,3766019,CENVEO DIGITAL,12,LATAM,PULSE,FORFAIT,NO_TS_LATAM,92.11
Ricardo,Lopez,MO07881,7989179,GOLZEN DIGITAL,12,LATAM AMERICA,ORBIT,SUPPORT,8QA3QBH94JSA966,9.52
Ricardo,Lopez,MO07881,7989179,GOLZEN DIGITAL,12,EMEA,ORBIT,SUPPORT,NO_TS_EMEA,90.48
Victoria,Bradley,KZ24335,1992162,INOVA SYSTEMS,12,APAC AFRICA,PULSE,SUPPORT,K17RKTB7KSA4M8I,7.14
Victoria,Bradley,KZ24335,1992162,INOVA SYSTEMS,12,NA,PULSE,SUPPORT,NO_TS_NA,92.86
Matthew,Brown,XI59397,6202266,BRYTON GLOBAL,12,NA AMERICA,PULSE,RPS,AXO9BE0ZI1GOD16,11.9
Ryan,Garcia,OD72073,2374191,DELVO SOLUTIONS,12,CONT EUROPE,PULSE,SUPPORT,7LSKTSNOYX0XZNP,7.29
Ryan,Garcia,OD72073,2374191,DELVO SOLUTIONS,12,NA,PULSE,SUPPORT,NO_TS_NA,92.71
James,Shepherd,LO87507,5499256,LUMEX DIGITAL,12,MEA AFRICA,ORBIT,SUPPORT,M5OHEC8D81790QL,9.52
James,Shepherd,LO87507,5499256,LUMEX DIGITAL,12,LATAM,ORBIT,SUPPORT,NO_TS_LATAM,90.48
Jeffrey,Dickson,JZ70657,2511900,JALVIK TECH,12,CONT ASIA,PULSE,REGIE,7Q00TE3PK2W1G8I,7.74
Jeffrey,Dickson,JZ70657,2511900,JALVIK TECH,12,CONT,PULSE,REGIE,NO_TS_CONT,92.26
Hannah,Duncan,RV61958,9710293,LUMEX CONSULTING,12,MEA ASIA,PHOENIX,RPS,VWGGA0R4UZGHFIK,9.82
Hannah,Duncan,RV61958,9710293,LUMEX CONSULTING,12,MEA,PHOENIX,RPS,NO_TS_MEA,90.18
Sheri,Hickman,DC08680,9234195,JALVIK SYSTEMS,12,MEA AMERICA,NEXUS,REGIE,ML7CRRFSWUVDWOK,10.12
Sheri,Hickman,DC08680,9234195,JALVIK SYSTEMS,12,NA,NEXUS,REGIE,NO_TS_NA,89.88
Joshua,Adams,CF10167,4188187,ALCOR TECH,12,NA EUROPE,ORBIT,MAINTENANCE,KWUI7JBP6VPXIHZ,10.27
Joshua,Adams,CF10167,4188187,ALCOR TECH,12,CONT,ORBIT,MAINTENANCE,NO_TS_CONT,89.73
Lisa,Velazquez,QB77431,7869044,LUMEX VENTURES,12,EMEA MENA,PHOENIX,REGIE,E9VGBKEAM2Z28E1,10.12
Lisa,Velazquez,QB77431,7869044,LUMEX VENTURES,12,CONT,PHOENIX,REGIE,NO_TS_CONT,89.88
Nicole,Benson,HK22442,7370947,ALCOR SOLUTIONS,12,EMEA OCEANIA,PULSE,RPS,FXLJHP9QHWXPJXF,11.31
Katherine,Arnold,LD23521,6717066,BRYTON TECH,12,LATAM ASIA,QUANTUM,SUPPORT,OOG6FTJR1ZYR8R3,8.82
Tracy,Hunt,PF14070,8408933,DELVO GROUP,12,EMEA AMERICA,QUANTUM,FORFAIT,YCA5W3PK24OVSB3,11.9
Omar,Vaughan,XH04970,7022620,GOLZEN DIGITAL,12,APAC AMERICA,VERTEX,FORFAIT,UNNPQ5C37ZUIOH3,9.23
Omar,Vaughan,XH04970,7022620,GOLZEN DIGITAL,12,EMEA,VERTEX,FORFAIT,NO_TS_EMEA,90.77
Charles,Rodriguez,UP26281,2525635,LUMEX SYSTEMS,12,NA MENA,NEXUS,MAINTENANCE,X6RYN768UM62EZE,11.9
Zachary,Hill,LD24850,9848339,LUMEX CONSULTING,12,CONT MENA,NOVA,FORFAIT,2GU9W6FUFCSF1U6,9.52
Zachary,Hill,LD24850,9848339,LUMEX CONSULTING,12,APAC,NOVA,FORFAIT,NO_TS_APAC,90.48
Tara,Ward,KE82470,2358528,KESTRA TECH,12,EMEA MENA,NEXUS,SUPPORT,50WMSKPLGB17CMP,11.9
Tara,Ward,KE82470,2358528,KESTRA TECH,12,EMEA,NEXUS,SUPPORT,NO_TS_EMEA,88.1
Phillip,Carter,AA02654,9295896,HYRION DIGITAL,12,NA MENA,ORBIT,REGIE,J0G9Q473BJL317X,10.71
Jasmine,Brown,RA19830,7338974,HYRION GROUP,12,MEA OCEANIA,ORBIT,REGIE,XVGI68ZAMCHDDPD,9.52
Jasmine,Brown,RA19830,7338974,HYRION GROUP,12,LATAM,ORBIT,REGIE,NO_TS_LATAM,90.48
Michael,Cruz,PR94284,6960280,FORVEX SOLUTIONS,12,APAC MENA,VERTEX,SUPPORT,XK70J8G4U7IHICF,11.9
Michael,Cruz,PR94284,6960280,FORVEX SOLUTIONS,12,LATAM,VERTEX,SUPPORT,NO_TS_LATAM,88.1
Steven,Matthews,RM60122,7581712,BRYTON DIGITAL,12,LATAM AFRICA,STELLAR,MAINTENANCE,FAVN4HULJH0LCY8,9.52
John,Long,JI15839,4955202,FORVEX SYSTEMS,12,NA ASIA,STELLAR,FORFAIT,2IC22D0C227COFY,11.9
John,Long,JI15839,4955202,FORVEX SYSTEMS,12,APAC,STELLAR,FORFAIT,NO_TS_APAC,88.1
Natalie,Gregory,VY35266,9643722,KESTRA TECH,12,APAC MENA,ORBIT,FORFAIT,7N149ZE1IDQ6W7R,6.85
Natalie,Gregory,VY35266,9643722,KESTRA TECH,12,EMEA,ORBIT,FORFAIT,NO_TS_EMEA,93.15
Joshua,Richardson,JC58086,5016913,BRYTON GLOBAL,12,MEA ASIA,NOVA,SUPPORT,LYMAI69TMDDZTCD,7.14
Joshua,Richardson,JC58086,5016913,BRYTON GLOBAL,12,LATAM,NOVA,SUPPORT,NO_TS_LATAM,92.86
Jacob,Macdonald,BM23206,1306439,ETHOS DIGITAL,12,EMEA AMERICA,ORBIT,REGIE,GR7RJMFR6ZWR409,11.9
Jacob,Macdonald,BM23206,1306439,ETHOS DIGITAL,12,NA,ORBIT,REGIE,NO_TS_NA,88.1
Tracy,Burns,XF03326,6587302,DELVO CONSULTING,12,LATAM OCEANIA,NOVA,REGIE,EACKRY6N1EY68TE,11.9
Tracy,Burns,XF03326,6587302,DELVO CONSULTING,12,CONT,NOVA,REGIE,NO_TS_CONT,88.1
Daniel,Murphy,TD30660,9304119,JALVIK TECH,12,EMEA OCEANIA,PHOENIX,RPS,JBRBOYBLRZIP0FK,9.82
Daniel,Murphy,TD30660,9304119,JALVIK TECH,12,CONT,PHOENIX,RPS,NO_TS_CONT,90.18
Candice,Kelley,FV27281,6661159,FORVEX VENTURES,12,MEA MENA,ATLAS,REGIE,BTBNBX0BHHS8M4N,12.35
Candice,Kelley,FV27281,6661159,FORVEX VENTURES,12,NA,ATLAS,REGIE,NO_TS_NA,87.65
Melissa,James,KR66654,3199941,GOLZEN SYSTEMS,12,NA AMERICA,STELLAR,MAINTENANCE,I2KL24GRRG7VTB9,9.82
Melissa,James,KR66654,3199941,GOLZEN SYSTEMS,12,LATAM,STELLAR,MAINTENANCE,NO_TS_LATAM,90.18
Julie,Miller,VT90150,1164952,JALVIK GLOBAL,12,CONT EUROPE,STELLAR,FORFAIT,E1UJ9Z3QPGNR152,9.52
Shane,Welch,NF57642,7047567,KESTRA VENTURES,12,CONT AFRICA,NOVA,RPS,AJOCSTM7YHTJOEC,6.99
Erica,Christensen,BY24558,7368676,ETHOS DYNAMICS,12,CONT ASIA,NEXUS,MAINTENANCE,DC3KQ9RL1WPLFZ4,9.52
Erica,Christensen,BY24558,7368676,ETHOS DYNAMICS,12,NA,NEXUS,MAINTENANCE,NO_TS_NA,90.48
Jeffrey,Taylor,LQ78154,8121355,ALCOR DIGITAL,12,NA EUROPE,VERTEX,MAINTENANCE,J1TIYKDTPRULQ8Z,9.52
Jeffrey,Taylor,LQ78154,8121355,ALCOR DIGITAL,12,CONT,VERTEX,MAINTENANCE,NO_TS_CONT,90.48
Cassandra,Larson,FB61274,1711559,BRYTON DYNAMICS,12,APAC AMERICA,PHOENIX,RPS,OW1H0U16I3CDCZG,11.9
Cassandra,Larson,FB61274,1711559,BRYTON DYNAMICS,12,APAC,PHOENIX,RPS,NO_TS_APAC,88.1
Rita,Camacho,LY61545,5882197,ETHOS SOLUTIONS,12,CONT,NOVA,REGIE,NO_TS_CONT,100.0
Yolanda,Jones,PT41762,9852547,DELVO GROUP,12,APAC AFRICA,NEXUS,RPS,XWGY9I6GV2JBR1I,9.52
Justin,Smith,KQ43632,6772824,INOVA SYSTEMS,12,LATAM ASIA,QUANTUM,RPS,449ZEOETCDQMJ9F,11.9
Justin,Smith,KQ43632,6772824,INOVA SYSTEMS,12,EMEA,QUANTUM,RPS,NO_TS_EMEA,88.1
Eric,Wright,GG07921,4601555,DELVO DIGITAL,12,CONT AMERICA,NEXUS,REGIE,VMP5ZIOP8RW3U7Q,9.52
Scott,Rowland,MO46774,4715963,FORVEX DIGITAL,12,NA EUROPE,ATLAS,REGIE,W57X0GUT5T3OMK2,14.29
Anthony,Sweeney,WO21498,4143754,BRYTON GLOBAL,12,MEA ASIA,ORBIT,MAINTENANCE,0YIA1WU03334XWO,9.52
Anthony,Sweeney,WO21498,4143754,BRYTON GLOBAL,12,NA,ORBIT,MAINTENANCE,NO_TS_NA,90.48
Jose,Barber,LU83675,4036901,INOVA DIGITAL,12,EMEA OCEANIA,ORBIT,FORFAIT,FH9JCV4GVUY8OPB,9.52
Michael,Blackwell,ZI52370,1155517,FORVEX TECH,12,LATAM MENA,STELLAR,RPS,LQ35OMTZSBBQZMY,10.71
Michael,Blackwell,ZI52370,1155517,FORVEX TECH,12,APAC,STELLAR,RPS,NO_TS_APAC,89.29
Michael,Gomez,FG49917,7592454,JALVIK GROUP,12,EMEA EUROPE,PULSE,SUPPORT,J3NKKD0LQJ6KDVR,8.33
Michael,Gomez,FG49917,7592454,JALVIK GROUP,12,APAC,PULSE,SUPPORT,NO_TS_APAC,91.67
Robert,Porter,SK84774,4807697,HYRION SOLUTIONS,12,APAC AFRICA,QUANTUM,REGIE,79W9T3OFMYC89JL,9.52
Robert,Porter,SK84774,4807697,HYRION SOLUTIONS,12,CONT,QUANTUM,REGIE,NO_TS_CONT,90.48
Laurie,Burns,EI99177,8758302,ETHOS SOLUTIONS,12,LATAM MENA,STELLAR,FORFAIT,05BO0CBB67YA0MY,8.33
Christopher,Lang,MW39818,7603001,ALCOR CONSULTING,12,CONT ASIA,NEXUS,MAINTENANCE,DYDWS0K659XJIA9,11.01
Christopher,Lang,MW39818,7603001,ALCOR CONSULTING,12,NA,NEXUS,MAINTENANCE,NO_TS_NA,88.99
Kevin,Henderson,EZ89606,3346741,ETHOS CONSULTING,12,APAC MENA,ATLAS,MAINTENANCE,3YBJG30GY5O7TFQ,11.31
David,Mitchell,TA02862,4045281,CENVEO GLOBAL,12,APAC ASIA,ORBIT,FORFAIT,SXU2DVCH8FI1CP8,9.52
David,Mitchell,TA02862,4045281,CENVEO GLOBAL,12,NA,ORBIT,FORFAIT,NO_TS_NA,90.48
Nicholas,Webb,NS18622,6408961,GOLZEN GLOBAL,12,CONT ASIA,PULSE,MAINTENANCE,TZLYCBTHDHQZ585,11.9
Joseph,Johnston,ZW66900,6225529,ALCOR DIGITAL,12,CONT AFRICA,VERTEX,RPS,8BOYIZZ9I3VQJ3R,7.14
Joseph,Johnston,ZW66900,6225529,ALCOR DIGITAL,12,LATAM,VERTEX,RPS,NO_TS_LATAM,92.86
Joy,Olsen,LR25000,4742635,HYRION GROUP,12,MEA ASIA,STELLAR,RPS,80SOKLM3O8WJ5PW,7.44
Joy,Olsen,LR25000,4742635,HYRION GROUP,12,MEA,STELLAR,RPS,NO_TS_MEA,92.56
Melanie,Hogan,MH00546,6619590,BRYTON SYSTEMS,12,EMEA ASIA,NOVA,MAINTENANCE,VUQBINMXJ54QNTG,11.9
Melanie,Hogan,MH00546,6619590,BRYTON SYSTEMS,12,MEA,NOVA,MAINTENANCE,NO_TS_MEA,88.1
Arthur,Conner,HL89189,4811468,LUMEX GROUP,12,EMEA AMERICA,NEXUS,MAINTENANCE,KW2IRF4RUXN6N2G,11.16
Arthur,Conner,HL89189,4811468,LUMEX GROUP,12,EMEA,NEXUS,MAINTENANCE,NO_TS_EMEA,88.84
Joshua,Cook,YZ60804,1903788,HYRION CONSULTING,12,CONT EUROPE,QUANTUM,MAINTENANCE,IKQ9ZBNNKPFNQUO,5.95
Amber,Rosales,QJ11006,2216743,BRYTON SOLUTIONS,12,EMEA AFRICA,ATLAS,FORFAIT,1FIIFNV4731U5F1,9.52
Amber,Rosales,QJ11006,2216743,BRYTON SOLUTIONS,12,CONT,ATLAS,FORFAIT,NO_TS_CONT,90.48
Christina,Dunn,RO12509,1403361,LUMEX CONSULTING,12,MEA ASIA,VERTEX,RPS,F5RKUJE578O8C2A,7.29
Leonard,Campbell,UQ17352,6013724,ETHOS TECH,12,EMEA AFRICA,STELLAR,MAINTENANCE,GMUXELIO9E3IJXW,8.72
Leonard,Campbell,UQ17352,6013724,ETHOS TECH,12,EMEA,STELLAR,MAINTENANCE,NO_TS_EMEA,91.28
Jillian,Jones,EN49235,9735289,INOVA DYNAMICS,12,APAC AMERICA,PULSE,FORFAIT,4QVI5QU4D939SDK,7.44
Samuel,Brown,LE90308,9603877,JALVIK SYSTEMS,12,NA EUROPE,NOVA,REGIE,B959U4U934XN60F,6.25
Samuel,Brown,LE90308,9603877,JALVIK SYSTEMS,12,CONT,NOVA,REGIE,NO_TS_CONT,93.75
Chloe,Johnson,PD10162,8108095,GOLZEN DIGITAL,12,LATAM MENA,QUANTUM,RPS,1B9379Z09VI8QI7,10.71
Holly,Walter,EE56765,9426140,CENVEO GLOBAL,12,NA OCEANIA,ATLAS,FORFAIT,YYGY6UQ9CLT4VWH,9.52
Holly,Walter,EE56765,9426140,CENVEO GLOBAL,12,MEA,ATLAS,FORFAIT,NO_TS_MEA,90.48
Denise,Nelson,CL21568,3546948,LUMEX SYSTEMS,12,MEA EUROPE,PULSE,REGIE,HR1BQPXOE7DR57X,11.31
Denise,Nelson,CL21568,3546948,LUMEX SYSTEMS,12,EMEA,PULSE,REGIE,NO_TS_EMEA,88.69
Courtney,Young,VQ92456,5538861,CENVEO GLOBAL,12,LATAM OCEANIA,ATLAS,RPS,PE03RJWCIMBBXGM,8.63
Courtney,Young,VQ92456,5538861,CENVEO GLOBAL,12,MEA,ATLAS,RPS,NO_TS_MEA,91.37
Stanley,Smith,OV61145,2113847,CENVEO TECH,12,EMEA ASIA,PULSE,MAINTENANCE,QY5JIJBAR4847CY,13.39
Stanley,Smith,OV61145,2113847,CENVEO TECH,12,EMEA,PULSE,MAINTENANCE,NO_TS_EMEA,86.61
Joseph,Montoya,ZG11318,1825185,GOLZEN TECH,12,CONT MENA,STELLAR,MAINTENANCE,QZAX6595BRU1HUE,5.36
Joseph,Montoya,ZG11318,1825185,GOLZEN TECH,12,LATAM,STELLAR,MAINTENANCE,NO_TS_LATAM,94.64
David,Lloyd,VL81409,4958592,DELVO GLOBAL,12,CONT OCEANIA,STELLAR,SUPPORT,P9DKAGDF10MY78U,8.33
Heather,Murphy,CZ34800,8855818,HYRION TECH,12,LATAM MENA,VERTEX,FORFAIT,CAH5EZ1X6775UQY,9.52
Mary,Keith,MD46679,2759081,CENVEO GROUP,12,CONT MENA,PHOENIX,SUPPORT,MBT46AOQU0STWUK,8.33
Mary,Keith,MD46679,2759081,CENVEO GROUP,12,EMEA,PHOENIX,SUPPORT,NO_TS_EMEA,91.67
Alejandra,Bennett,LY60253,8562022,ETHOS TECH,12,NA ASIA,NEXUS,SUPPORT,NKZJ04LOC395XZF,8.63
Alejandra,Bennett,LY60253,8562022,ETHOS TECH,12,NA,NEXUS,SUPPORT,NO_TS_NA,91.37
Linda,Garcia,FP50578,7705810,GOLZEN CONSULTING,12,CONT MENA,ORBIT,FORFAIT,7ODAGYZMBLUD5I5,6.85
Joseph,Yates,ZG85635,8563237,DELVO DIGITAL,12,NA OCEANIA,NOVA,REGIE,21G98RVCOLCAGUE,14.29
Joseph,Yates,ZG85635,8563237,DELVO DIGITAL,12,MEA,NOVA,REGIE,NO_TS_MEA,85.71
Carl,Lucas,WG90650,2906387,CENVEO VENTURES,12,MEA MENA,NEXUS,RPS,P5F97ALQWI5IOGU,9.67
Darrell,Brown,NB92799,6114531,LUMEX SOLUTIONS,12,APAC OCEANIA,NEXUS,REGIE,IVY282CQY0Z27E6,11.9
Darrell,Brown,NB92799,6114531,LUMEX SOLUTIONS,12,NA,NEXUS,REGIE,NO_TS_NA,88.1
Matthew,Gibbs,IT53258,1133131,FORVEX CONSULTING,12,NA OCEANIA,VERTEX,SUPPORT,8TPSLR6MSHZXMW2,11.9
Matthew,Gibbs,IT53258,1133131,FORVEX CONSULTING,12,LATAM,VERTEX,SUPPORT,NO_TS_LATAM,88.1
James,Adams,GL27068,6239614,ETHOS DIGITAL,12,MEA OCEANIA,ATLAS,REGIE,IY7984VU8GCYBU0,11.61
James,Adams,GL27068,6239614,ETHOS DIGITAL,12,EMEA,ATLAS,REGIE,NO_TS_EMEA,88.39
Lindsay,Eaton,WW13231,2165640,CENVEO DYNAMICS,12,APAC EUROPE,NEXUS,FORFAIT,D0Q7YQGX9KRZ3Z9,9.52
Lindsay,Eaton,WW13231,2165640,CENVEO DYNAMICS,12,LATAM,NEXUS,FORFAIT,NO_TS_LATAM,90.48
Angela,Walker,RM48073,2493415,GOLZEN SYSTEMS,12,EMEA AFRICA,VERTEX,REGIE,4CUQXJGHY1PL5JD,10.12
Angela,Walker,RM48073,2493415,GOLZEN SYSTEMS,12,CONT,VERTEX,REGIE,NO_TS_CONT,89.88
Sara,Jackson,WU38085,2111205,HYRION CONSULTING,12,CONT AFRICA,ORBIT,SUPPORT,B1A9V90CPW4T7JP,13.24
Sara,Jackson,WU38085,2111205,HYRION CONSULTING,12,CONT,ORBIT,SUPPORT,NO_TS_CONT,86.76
George,Sharp,FV02616,2011915,ETHOS VENTURES,12,EMEA OCEANIA,QUANTUM,RPS,RVC1TFGH1Z5WVFW,12.2
George,Sharp,FV02616,2011915,ETHOS VENTURES,12,APAC,QUANTUM,RPS,NO_TS_APAC,87.8
Margaret,Bradford,DO33261,1641170,GOLZEN VENTURES,12,NA MENA,VERTEX,MAINTENANCE,ZT2N48XHW7257WF,14.58
Margaret,Bradford,DO33261,1641170,GOLZEN VENTURES,12,LATAM,VERTEX,MAINTENANCE,NO_TS_LATAM,85.42
Richard,Kennedy,DQ06197,5091793,CENVEO DYNAMICS,12,MEA OCEANIA,PULSE,FORFAIT,23C7URZBG3CBESM,6.85
Brad,Lee,JR88960,4140911,ALCOR TECH,12,MEA AMERICA,STELLAR,RPS,XXNLS7TCG2E97UP,9.52
Brad,Lee,JR88960,4140911,ALCOR TECH,12,MEA,STELLAR,RPS,NO_TS_MEA,90.48
Sarah,West,OD27130,4879016,JALVIK SYSTEMS,12,EMEA MENA,NEXUS,REGIE,EX02O5EYVD6LTPK,7.44
Kimberly,West,HS83815,3537637,FORVEX TECH,12,CONT ASIA,NEXUS,SUPPORT,TA831U166YHWHMH,11.31
John,Gilbert,LJ58561,5433775,CENVEO DIGITAL,12,CONT AFRICA,PHOENIX,MAINTENANCE,PQ1SPTBJLUJQ5FA,9.82
John,Gilbert,LJ58561,5433775,CENVEO DIGITAL,12,NA,PHOENIX,MAINTENANCE,NO_TS_NA,90.18
Jacqueline,Deleon,ON33719,8616257,JALVIK GLOBAL,12,MEA EUROPE,QUANTUM,FORFAIT,LW9T22MGUBEKBAT,10.71
Jacqueline,Deleon,ON33719,8616257,JALVIK GLOBAL,12,LATAM,QUANTUM,FORFAIT,NO_TS_LATAM,89.29
Lori,Malone,NZ02245,2054655,ETHOS GLOBAL,12,APAC OCEANIA,STELLAR,FORFAIT,I38VVFMPF7V0HET,5.95
Lori,Malone,NZ02245,2054655,ETHOS GLOBAL,12,APAC,STELLAR,FORFAIT,NO_TS_APAC,94.05
Donna,Lee,NG04543,6844923,KESTRA VENTURES,12,MEA MENA,ORBIT,REGIE,FAB0KIGVAEIH0MO,6.25
Donna,Lee,NG04543,6844923,KESTRA VENTURES,12,NA,ORBIT,REGIE,NO_TS_NA,93.75
Nathan,Gutierrez,IZ74753,7695978,DELVO DIGITAL,12,EMEA AFRICA,PULSE,REGIE,ZND8244LJPQQXII,11.9
Sherry,Le,XJ47575,3283418,INOVA SYSTEMS,12,MEA AMERICA,PHOENIX,REGIE,11LVH48WSPBAW1B,9.52
Christina,Carr,AP33141,9494988,BRYTON VENTURES,12,LATAM AMERICA,PULSE,RPS,7S0XVPC17XSQ2SH,7.29
Christina,Carr,AP33141,9494988,BRYTON VENTURES,12,CONT,PULSE,RPS,NO_TS_CONT,92.71
Summer,Anthony,BW36056,8183823,LUMEX CONSULTING,12,LATAM AMERICA,PHOENIX,FORFAIT,ECJL6TFQJFD1ZJW,9.52
Samantha,Allen,HD67517,1114280,INOVA SYSTEMS,12,APAC EUROPE,PULSE,SUPPORT,GPP740OYE0RV7RD,1.56
Daniel,Snyder,DK63851,7858096,CENVEO SOLUTIONS,12,MEA AFRICA,ORBIT,FORFAIT,HX6V7DZX8OOR880,10.12
Daniel,Snyder,DK63851,7858096,CENVEO SOLUTIONS,12,CONT,ORBIT,FORFAIT,NO_TS_CONT,89.88
Colin,Mckinney,NP43736,6326817,CENVEO GLOBAL,12,LATAM MENA,VERTEX,SUPPORT,VHOPNUI8K7PZTK8,10.57
Colin,Mckinney,NP43736,6326817,CENVEO GLOBAL,12,LATAM,VERTEX,SUPPORT,NO_TS_LATAM,89.43
Virginia,Wheeler,CR03465,7274171,FORVEX VENTURES,12,APAC EUROPE,PULSE,RPS,NG3FWXVOFONDHMP,9.52
Virginia,Wheeler,CR03465,7274171,FORVEX VENTURES,12,CONT,PULSE,RPS,NO_TS_CONT,90.48
Abigail,Coleman,YY64962,4611997,DELVO GROUP,12,LATAM AMERICA,PULSE,RPS,IIT95OM0OAQWU65,9.52
Abigail,Coleman,YY64962,4611997,DELVO GROUP,12,NA,PULSE,RPS,NO_TS_NA,90.48
Joseph,Rogers,YC34941,2338660,KESTRA TECH,12,LATAM MENA,NOVA,SUPPORT,PX1RSBC9SQO98U6,9.52
Joseph,Rogers,YC34941,2338660,KESTRA TECH,12,CONT,NOVA,SUPPORT,NO_TS_CONT,90.48
Jesse,Taylor,JL92408,6369077,LUMEX DYNAMICS,12,EMEA ASIA,PULSE,REGIE,UZFHU5D57GJ75HW,11.9
Alexander,Schmidt,FL47691,4044669,CENVEO GROUP,12,EMEA OCEANIA,QUANTUM,REGIE,MD26G9BC29QB0AW,8.78
Kristen,Williams,DL28806,4632346,CENVEO GLOBAL,12,LATAM MENA,VERTEX,FORFAIT,GSM9GWR3RH8W3L3,12.2
Kristen,Williams,DL28806,4632346,CENVEO GLOBAL,12,CONT,VERTEX,FORFAIT,NO_TS_CONT,87.8
Gregory,Barker,AH04414,4808640,GOLZEN SOLUTIONS,12,LATAM MENA,NEXUS,FORFAIT,IVB4SKKT8IG4M05,8.93
Bryan,Woodward,FD73786,1951514,LUMEX SOLUTIONS,12,LATAM OCEANIA,NOVA,MAINTENANCE,G1UITVG5AEPZ8OV,9.82
Bryan,Woodward,FD73786,1951514,LUMEX SOLUTIONS,12,NA,NOVA,MAINTENANCE,NO_TS_NA,90.18
Danielle,Hodges,GW05758,3141066,CENVEO CONSULTING,12,MEA OCEANIA,ATLAS,FORFAIT,YJ2ZFVT1GE9P1GC,8.04
Mike,Duncan,NG54820,6338711,CENVEO GROUP,12,CONT ASIA,PHOENIX,SUPPORT,UWM4T5A62A7810S,9.82
William,Stokes,TY40167,2740530,CENVEO GROUP,12,EMEA OCEANIA,ATLAS,MAINTENANCE,UIP1R3Y5HNCFT7U,9.52
William,Stokes,TY40167,2740530,CENVEO GROUP,12,CONT,ATLAS,MAINTENANCE,NO_TS_CONT,90.48
Jerry,Williams,II85564,3718750,DELVO SYSTEMS,12,LATAM AFRICA,PHOENIX,FORFAIT,B3RSBC2QGDKA22K,10.86
Jerry,Williams,II85564,3718750,DELVO SYSTEMS,12,APAC,PHOENIX,FORFAIT,NO_TS_APAC,89.14
Nathan,Yang,KZ63742,9000800,KESTRA DYNAMICS,12,APAC AMERICA,NOVA,RPS,3NNTPD7XG8CLJ5Y,15.48
Nathan,Yang,KZ63742,9000800,KESTRA DYNAMICS,12,MEA,NOVA,RPS,NO_TS_MEA,84.52
Ryan,Juarez,BV48615,9405728,ALCOR VENTURES,12,CONT MENA,STELLAR,MAINTENANCE,KP3ATMBSMQ0Q2DT,9.82
Jason,Rivera,SD78076,1751725,FORVEX SYSTEMS,12,EMEA AFRICA,NEXUS,REGIE,9D4X05HG2DN365O,7.74
Jason,Rivera,SD78076,1751725,FORVEX SYSTEMS,12,CONT,NEXUS,REGIE,NO_TS_CONT,92.26
Samuel,Davis,AV23596,6052896,GOLZEN CONSULTING,12,MEA EUROPE,NOVA,FORFAIT,L4ZHHBYM9367OUV,8.33
Samuel,Davis,AV23596,6052896,GOLZEN CONSULTING,12,APAC,NOVA,FORFAIT,NO_TS_APAC,91.67
Bradley,Lee,TS95522,7119647,FORVEX TECH,12,LATAM AMERICA,ATLAS,MAINTENANCE,8KQGYFBH7WKW0CG,21.25
Bradley,Lee,TS95522,7119647,FORVEX TECH,12,NA,ATLAS,MAINTENANCE,NO_TS_NA,78.75
Sandra,Peters,PM43599,4516867,LUMEX TECH,12,LATAM AFRICA,NOVA,REGIE,01IVCUJLYGNAGVZ,8.33
Timothy,Sloan,AU19247,4076691,JALVIK TECH,12,LATAM EUROPE,VERTEX,REGIE,9ETJR8JL5ENVZJ3,9.52
Brent,Lewis,CG75084,2967840,ALCOR GLOBAL,12,MEA EUROPE,STELLAR,REGIE,FZJJ7F5CQ4IABFN,9.52
William,Murphy,MX76206,8916167,INOVA DIGITAL,12,LATAM AMERICA,PHOENIX,RPS,CZRJQ6UQ2BXSE1X,8.93
Jeffrey,Ferguson,CG23880,5711708,HYRION TECH,12,APAC OCEANIA,VERTEX,REGIE,P6RKAN9QR0CHB44,8.33
Jeffrey,Ferguson,CG23880,5711708,HYRION TECH,12,LATAM,VERTEX,REGIE,NO_TS_LATAM,91.67
Pamela,Garcia,YG76073,6206451,DELVO DIGITAL,12,LATAM AMERICA,PHOENIX,MAINTENANCE,EVI25I8X2COJ8UQ,5.65
Pamela,Garcia,YG76073,6206451,DELVO DIGITAL,12,CONT,PHOENIX,MAINTENANCE,NO_TS_CONT,94.35
Tyler,Cooper,DI86064,2260950,ETHOS VENTURES,12,MEA ASIA,ORBIT,FORFAIT,YF2F8OHX7LUD3Y1,9.52
Tyler,Cooper,DI86064,2260950,ETHOS VENTURES,12,LATAM,ORBIT,FORFAIT,NO_TS_LATAM,90.48
Sarah,Richards,XD35803,4518482,INOVA GROUP,12,NA AFRICA,ATLAS,SUPPORT,2V25R5ZV65JWO4Y,11.9
Sarah,Richards,XD35803,4518482,INOVA GROUP,12,CONT,ATLAS,SUPPORT,NO_TS_CONT,88.1
Donna,Gray,UN09079,2314185,DELVO DYNAMICS,12,CONT AMERICA,ORBIT,FORFAIT,A4AWRS5P5NOPPY6,14.29
Donna,Gray,UN09079,2314185,DELVO DYNAMICS,12,MEA,ORBIT,FORFAIT,NO_TS_MEA,85.71
David,Blair,XW86099,5974110,ALCOR SYSTEMS,12,CONT OCEANIA,PULSE,RPS,PH1H62QBJXCIL6Q,8.33
David,Blair,XW86099,5974110,ALCOR SYSTEMS,12,LATAM,PULSE,RPS,NO_TS_LATAM,91.67
Chad,Campbell,LQ18491,2503037,DELVO SYSTEMS,12,CONT AMERICA,STELLAR,FORFAIT,VA7MG7CDWHQCEKI,10.71
Chad,Campbell,LQ18491,2503037,DELVO SYSTEMS,12,LATAM,STELLAR,FORFAIT,NO_TS_LATAM,89.29
Megan,Moore,VN62727,9261287,CENVEO GROUP,12,NA AMERICA,NEXUS,RPS,CNQIPKS4XRX9171,11.9
Megan,Moore,VN62727,9261287,CENVEO GROUP,12,EMEA,NEXUS,RPS,NO_TS_EMEA,88.1
Laura,Hill,JX20253,1920788,ALCOR GROUP,12,EMEA AFRICA,NOVA,MAINTENANCE,A4ZAVM31HJHV8HO,7.44
Brittany,Smith,RF24941,4186355,HYRION TECH,12,MEA MENA,STELLAR,REGIE,OI7EIPUZBYKMKW0,9.97
Brittany,Smith,RF24941,4186355,HYRION TECH,12,LATAM,STELLAR,REGIE,NO_TS_LATAM,90.03
Summer,Lopez,HS51386,8075211,JALVIK GROUP,12,NA AFRICA,NEXUS,SUPPORT,4YD6JHGFGX0C01Q,9.52
Summer,Lopez,HS51386,8075211,JALVIK GROUP,12,EMEA,NEXUS,SUPPORT,NO_TS_EMEA,90.48
April,Nicholson,JH72753,2238374,ALCOR GROUP,12,EMEA EUROPE,VERTEX,FORFAIT,4Z0HYSYYOEE7BBH,8.33
April,Nicholson,JH72753,2238374,ALCOR GROUP,12,NA,VERTEX,FORFAIT,NO_TS_NA,91.67
Bradley,Spears,VC07882,9601697,ETHOS DIGITAL,12,APAC OCEANIA,PULSE,MAINTENANCE,351K7ATLLBNO3WE,8.04
Erica,Smith,JC10071,3924171,ALCOR SOLUTIONS,12,CONT AFRICA,STELLAR,REGIE,W54OV75DYIO9TOD,13.1
Erica,Smith,JC10071,3924171,ALCOR SOLUTIONS,12,NA,STELLAR,REGIE,NO_TS_NA,86.9
Mary,Byrd,DF74118,9937174,ALCOR DYNAMICS,12,LATAM AMERICA,NEXUS,RPS,443OL9IOGUEGSKO,6.1
Mary,Byrd,DF74118,9937174,ALCOR DYNAMICS,12,EMEA,NEXUS,RPS,NO_TS_EMEA,93.9
Rebecca,Cohen,WO53952,4921614,KESTRA DYNAMICS,12,LATAM EUROPE,PHOENIX,SUPPORT,YZ0H3V1WGQ7K99A,11.9
Rebecca,Cohen,WO53952,4921614,KESTRA DYNAMICS,12,EMEA,PHOENIX,SUPPORT,NO_TS_EMEA,88.1
Kevin,Morris,QL54641,3691604,ETHOS SOLUTIONS,12,CONT AFRICA,NOVA,RPS,YKF58R4HA0J82IW,11.01
Nicole,Brennan,AN37901,5017934,HYRION VENTURES,12,LATAM ASIA,ORBIT,FORFAIT,IUEIX30M44P1YRI,10.71
Brooke,Sullivan,KF92577,2792435,HYRION GROUP,12,NA AFRICA,NOVA,MAINTENANCE,0N9JR1YESSP000J,11.31
Brooke,Sullivan,KF92577,2792435,HYRION GROUP,12,LATAM,NOVA,MAINTENANCE,NO_TS_LATAM,88.69
Tracy,Moore,BE85808,8584253,ALCOR DYNAMICS,12,APAC AMERICA,NEXUS,RPS,A8Z5IANJIMCYQHU,10.86
Tracy,Moore,BE85808,8584253,ALCOR DYNAMICS,12,CONT,NEXUS,RPS,NO_TS_CONT,89.14
Matthew,Smith,KR25219,2503547,GOLZEN VENTURES,12,NA ASIA,NOVA,SUPPORT,N41Z7C5LRUBIQYZ,7.29
Matthew,Smith,KR25219,2503547,GOLZEN VENTURES,12,EMEA,NOVA,SUPPORT,NO_TS_EMEA,92.71
Elizabeth,Marsh,SH90734,7238707,HYRION SYSTEMS,12,MEA AMERICA,ORBIT,SUPPORT,A2TU9H3GMAWYZSY,9.52
Victoria,Austin,UV00827,8235984,ETHOS VENTURES,12,EMEA EUROPE,QUANTUM,MAINTENANCE,ZX2MWATW0B5YJFJ,10.42
Victoria,Austin,UV00827,8235984,ETHOS VENTURES,12,LATAM,QUANTUM,MAINTENANCE,NO_TS_LATAM,89.58
Michael,Miller,YJ05522,2653505,LUMEX CONSULTING,12,CONT EUROPE,PULSE,RPS,Z7DL1EHWRSALA9N,10.27
Michael,Miller,YJ05522,2653505,LUMEX CONSULTING,12,LATAM,PULSE,RPS,NO_TS_LATAM,89.73
Bradley,Weber,TT30376,6011732,DELVO SOLUTIONS,12,EMEA MENA,VERTEX,MAINTENANCE,IFH3ZKHKPQJBYZW,10.42
Bradley,Weber,TT30376,6011732,DELVO SOLUTIONS,12,NA,VERTEX,MAINTENANCE,NO_TS_NA,89.58
Lindsay,Kane,OC44317,5021051,ALCOR GROUP,12,NA MENA,PHOENIX,MAINTENANCE,Q8X27HVA5EI2JRZ,9.52
Lindsay,Kane,OC44317,5021051,ALCOR GROUP,12,APAC,PHOENIX,MAINTENANCE,NO_TS_APAC,90.48
Tammy,Parsons,IK28695,8324544,JALVIK VENTURES,12,LATAM MENA,NOVA,SUPPORT,6U1XQTNJC2MEC7D,11.9
Douglas,Davis,RU13576,2586982,BRYTON CONSULTING,12,NA EUROPE,ATLAS,SUPPORT,ZPO226X88II8NC6,9.52
Douglas,Davis,RU13576,2586982,BRYTON CONSULTING,12,LATAM,ATLAS,SUPPORT,NO_TS_LATAM,90.48
Maria,Fisher,ZV24010,6165459,INOVA GLOBAL,12,APAC ASIA,STELLAR,SUPPORT,YVXGM606U0QQ9Q4,11.61
Brenda,Herman,RR11125,2467686,GOLZEN CONSULTING,12,APAC AMERICA,STELLAR,RPS,8HZ03ABZTO7CW5L,11.9
Lori,Cruz,QK15606,9288831,CENVEO DYNAMICS,12,NA EUROPE,ATLAS,REGIE,YSLGPJ2F35JTRY3,12.05
Lori,Cruz,QK15606,9288831,CENVEO DYNAMICS,12,MEA,ATLAS,REGIE,NO_TS_MEA,87.95
Taylor,Miller,OK38643,3127435,ALCOR SYSTEMS,12,NA AFRICA,ATLAS,SUPPORT,TQ6QS64CULX0QGQ,9.52
Alexandra,Rogers,LI63671,5960128,CENVEO CONSULTING,12,CONT AFRICA,PHOENIX,MAINTENANCE,O0V3SABHYQSHJSL,11.31
Alexandra,Rogers,LI63671,5960128,CENVEO CONSULTING,12,EMEA,PHOENIX,MAINTENANCE,NO_TS_EMEA,88.69
Cory,White,DM29532,9162272,GOLZEN GROUP,12,LATAM AMERICA,NOVA,REGIE,DGFOZG7DIT26PAZ,7.59
Cory,White,DM29532,9162272,GOLZEN GROUP,12,NA,NOVA,REGIE,NO_TS_NA,92.41
Mary,Wilson,MR70347,6477266,JALVIK DYNAMICS,12,CONT EUROPE,PHOENIX,REGIE,U8YJ6GLJ3D7C7XD,9.23
Mary,Wilson,MR70347,6477266,JALVIK DYNAMICS,12,CONT,PHOENIX,REGIE,NO_TS_CONT,90.77
Paul,Blake,EH50431,6674215,KESTRA GLOBAL,12,MEA AFRICA,QUANTUM,FORFAIT,V3WQPAISVEUN5TX,11.9
Kimberly,Hancock,QG62769,5437096,CENVEO CONSULTING,12,NA EUROPE,ORBIT,FORFAIT,HMSVIYYBBD7BSYA,9.67
Erin,Rivera,NR47778,3894310,DELVO DIGITAL,12,CONT MENA,STELLAR,FORFAIT,MWJAOTN27OS5YDA,11.9
Erin,Rivera,NR47778,3894310,DELVO DIGITAL,12,LATAM,STELLAR,FORFAIT,NO_TS_LATAM,88.1
Wesley,Daniels,ZJ18704,2799157,ALCOR DIGITAL,12,APAC ASIA,PULSE,FORFAIT,D0QOJ9NX72HXS3K,9.52
Yolanda,Donovan,JR14695,6527934,FORVEX DIGITAL,12,NA EUROPE,ATLAS,RPS,M4YN1ZVT5X58ZD9,8.33
Yolanda,Donovan,JR14695,6527934,FORVEX DIGITAL,12,MEA,ATLAS,RPS,NO_TS_MEA,91.67
Douglas,Hamilton,BI32568,8776231,BRYTON CONSULTING,12,NA AFRICA,PHOENIX,REGIE,21N2VZVOK8PWU5P,11.9
John,Rojas,PW57122,7796790,ETHOS GROUP,12,NA ASIA,ORBIT,REGIE,B53AYSHQHB0BN7G,8.33
Mitchell,Krueger,CY05223,7241532,LUMEX TECH,12,CONT AFRICA,STELLAR,REGIE,BRRUTBN40YWQS8V,8.63
Matthew,Hartman,DK06356,6187090,GOLZEN TECH,12,EMEA MENA,PHOENIX,RPS,VI29L028AZMN70S,11.16
Matthew,Hartman,DK06356,6187090,GOLZEN TECH,12,NA,PHOENIX,RPS,NO_TS_NA,88.84
Richard,Walls,MU82157,8477373,ALCOR VENTURES,12,EMEA MENA,PHOENIX,SUPPORT,6QNZ5F3UFYGSIQD,14.29
Larry,Scott,QJ44855,7122674,BRYTON SYSTEMS,12,NA OCEANIA,PHOENIX,SUPPORT,L8HTMFI92M8TWYA,9.97
Larry,Scott,QJ44855,7122674,BRYTON SYSTEMS,12,LATAM,PHOENIX,SUPPORT,NO_TS_LATAM,90.03
Daniel,Martin,RI72400,7137593,ALCOR VENTURES,12,MEA OCEANIA,ATLAS,SUPPORT,TPDRCWWIIKQCPZR,11.9
Scott,Carter,FB85263,9628045,GOLZEN SYSTEMS,12,MEA OCEANIA,NOVA,FORFAIT,AIWLV6VVNTVU81B,5.51
Scott,Carter,FB85263,9628045,GOLZEN SYSTEMS,12,NA,NOVA,FORFAIT,NO_TS_NA,94.49
Nicholas,Soto,OL39379,2976967,ALCOR GLOBAL,12,MEA OCEANIA,NOVA,RPS,4SFWO3LFL5MDP9N,9.52
Nicholas,Soto,OL39379,2976967,ALCOR GLOBAL,12,LATAM,NOVA,RPS,NO_TS_LATAM,90.48
Frances,Diaz,MG14090,9339382,ETHOS SOLUTIONS,12,CONT OCEANIA,ATLAS,FORFAIT,KIIV2SHIWUM85HF,14.29
Robert,Reed,BF50498,9757993,KESTRA CONSULTING,12,CONT MENA,QUANTUM,RPS,JSGIVANC75YJIG9,10.71
Miranda,Cantu,IK83451,1986055,ETHOS CONSULTING,12,APAC EUROPE,ORBIT,RPS,87JCMGF70309TKV,9.52
Joshua,Mcconnell,AC86724,8463595,FORVEX TECH,12,EMEA EUROPE,NOVA,RPS,CW066UYI5R9DV85,9.52
Curtis,Ritter,JX63392,2700726,DELVO SYSTEMS,12,MEA AMERICA,ATLAS,RPS,0900I4U6J76MT3Y,6.1
Mark,Weber,OJ53238,5507326,BRYTON CONSULTING,12,EMEA AMERICA,STELLAR,REGIE,WYDSI7HIPYER9Y8,9.52
Mark,Weber,OJ53238,5507326,BRYTON CONSULTING,12,MEA,STELLAR,REGIE,NO_TS_MEA,90.48
Laurie,Henderson,CN13601,5285218,INOVA CONSULTING,12,CONT AFRICA,NOVA,MAINTENANCE,1OY3TFDKLGVWX4G,9.52
Amy,Jones,RN70132,6867426,ETHOS VENTURES,12,LATAM AMERICA,VERTEX,SUPPORT,NKO7T5MCLT8WXDW,11.9
Amy,Jones,RN70132,6867426,ETHOS VENTURES,12,LATAM,VERTEX,SUPPORT,NO_TS_LATAM,88.1
Abigail,Robinson,YR40153,7255733,JALVIK VENTURES,12,CONT AMERICA,PULSE,MAINTENANCE,KLUJ4NBZTALS58O,9.52
Abigail,Robinson,YR40153,7255733,JALVIK VENTURES,12,NA,PULSE,MAINTENANCE,NO_TS_NA,90.48
Stephanie,Ellis,QS08720,2319718,LUMEX CONSULTING,12,EMEA AMERICA,QUANTUM,MAINTENANCE,5BGNZOLNVE7N6QO,12.05
Sandy,Bowman,QX74676,2810544,DELVO TECH,12,MEA EUROPE,STELLAR,MAINTENANCE,UAPS3J6V2AYY1B6,11.9
Brandon,Miller,VY55770,9320216,JALVIK CONSULTING,12,LATAM OCEANIA,PHOENIX,RPS,C9R8N4F3VAJSMB8,7.74
Brandon,Miller,VY55770,9320216,JALVIK CONSULTING,12,EMEA,PHOENIX,RPS,NO_TS_EMEA,92.26
Brian,Collier,MV80612,2592532,ALCOR CONSULTING,12,LATAM EUROPE,NOVA,RPS,F54X196SBVL96WD,8.93
Brian,Collier,MV80612,2592532,ALCOR CONSULTING,12,APAC,NOVA,RPS,NO_TS_APAC,91.07
Andrew,Diaz,OL27393,2804122,ETHOS GLOBAL,12,CONT ASIA,PHOENIX,FORFAIT,99C7DR8SZZ27SGN,8.63
Christopher,Le,LL74257,1136792,CENVEO TECH,12,MEA EUROPE,NEXUS,MAINTENANCE,8EXBTDWEGX8LHFH,9.52
Christopher,Le,LL74257,1136792,CENVEO TECH,12,NA,NEXUS,MAINTENANCE,NO_TS_NA,90.48
Alexis,Kaufman,SC42664,6590089,GOLZEN SYSTEMS,12,EMEA EUROPE,VERTEX,MAINTENANCE,F5L9CEQREY0I1BD,8.33
Alexis,Kaufman,SC42664,6590089,GOLZEN SYSTEMS,12,LATAM,VERTEX,MAINTENANCE,NO_TS_LATAM,91.67
Bryan,Allen,ON43022,7593009,GOLZEN VENTURES,12,LATAM OCEANIA,ORBIT,MAINTENANCE,BP22SEF1X83VWIA,10.12
Bryan,Allen,ON43022,7593009,GOLZEN VENTURES,12,NA,ORBIT,MAINTENANCE,NO_TS_NA,89.88
Patricia,Brandt,AV71273,6778590,ETHOS SOLUTIONS,12,MEA ASIA,STELLAR,FORFAIT,6UMMZVI17AZ1LH4,8.93
Patricia,Brandt,AV71273,6778590,ETHOS SOLUTIONS,12,LATAM,STELLAR,FORFAIT,NO_TS_LATAM,91.07
Emily,Dixon,TD50303,9500085,ETHOS VENTURES,12,CONT ASIA,ATLAS,FORFAIT,GHU0SMD1ZCJUDFB,6.55
Emily,Dixon,TD50303,9500085,ETHOS VENTURES,12,LATAM,ATLAS,FORFAIT,NO_TS_LATAM,93.45
David,Stanton,IE46699,5455261,DELVO SOLUTIONS,12,CONT MENA,ATLAS,MAINTENANCE,R2FBY6JHOULR7GY,4.76
David,Stanton,IE46699,5455261,DELVO SOLUTIONS,12,EMEA,ATLAS,MAINTENANCE,NO_TS_EMEA,95.24
Gary,Morrow,RW28376,9712788,INOVA SYSTEMS,12,APAC EUROPE,ORBIT,MAINTENANCE,W9OLIXALMEBM0WV,9.52
Darlene,Davis,NG00927,7918010,ALCOR VENTURES,12,APAC AFRICA,NOVA,SUPPORT,KXIYTOFL7GD2V6A,10.12
John,Robinson,JS84798,6262483,LUMEX DIGITAL,12,LATAM EUROPE,PHOENIX,FORFAIT,6HDNNN0796OGVUW,9.52
John,Robinson,JS84798,6262483,LUMEX DIGITAL,12,CONT,PHOENIX,FORFAIT,NO_TS_CONT,90.48
Stacy,Saunders,QS92127,5702542,GOLZEN TECH,12,EMEA AFRICA,STELLAR,RPS,XDYDTBSSCTBRPKY,9.52
Stacy,Saunders,QS92127,5702542,GOLZEN TECH,12,MEA,STELLAR,RPS,NO_TS_MEA,90.48
Jessica,Watkins,HS14485,7417046,FORVEX GROUP,12,APAC OCEANIA,NOVA,SUPPORT,P991QFE5OQJEFHK,11.9
Jessica,Watkins,HS14485,7417046,FORVEX GROUP,12,APAC,NOVA,SUPPORT,NO_TS_APAC,88.1
Catherine,Sullivan,VU34738,9327307,BRYTON GLOBAL,12,CONT AMERICA,QUANTUM,RPS,AWQ67ESRV1LZFY0,14.29
Catherine,Sullivan,VU34738,9327307,BRYTON GLOBAL,12,NA,QUANTUM,RPS,NO_TS_NA,85.71
Alexis,Vasquez,BG89771,7940726,BRYTON DYNAMICS,12,MEA MENA,ORBIT,RPS,ULL3B7TRFT29N3W,7.14
Alexis,Vasquez,BG89771,7940726,BRYTON DYNAMICS,12,NA,ORBIT,RPS,NO_TS_NA,92.86
Nicholas,Fischer,ER23655,1390302,DELVO SYSTEMS,12,NA OCEANIA,PHOENIX,SUPPORT,SL5WQU222PT9SG5,9.52
Karen,Taylor,DS68993,9692697,JALVIK DYNAMICS,12,APAC ASIA,PHOENIX,RPS,BCAPFLXS1HZBWMH,12.95
Stephen,Adkins,UD49192,3563355,ETHOS GLOBAL,12,MEA MENA,ATLAS,REGIE,3K7GN7C7EODGC8U,9.52
Stephen,Adkins,UD49192,3563355,ETHOS GLOBAL,12,CONT,ATLAS,REGIE,NO_TS_CONT,90.48
Jonathan,Edwards,AQ24421,6806433,ETHOS DYNAMICS,12,CONT OCEANIA,NEXUS,REGIE,VKEGZS8M991LEDR,11.9
Jonathan,Edwards,AQ24421,6806433,ETHOS DYNAMICS,12,NA,NEXUS,REGIE,NO_TS_NA,88.1
James,Smith,RD72137,9428541,BRYTON GLOBAL,12,CONT AMERICA,NEXUS,REGIE,J8ACHG423R4C4HN,11.9
James,Smith,RD72137,9428541,BRYTON GLOBAL,12,MEA,NEXUS,REGIE,NO_TS_MEA,88.1
Angela,Morrison,BT48230,1121224,ALCOR DIGITAL,12,APAC AMERICA,VERTEX,FORFAIT,J3PHJWWN6DU3908,11.31
Angela,Morrison,BT48230,1121224,ALCOR DIGITAL,12,EMEA,VERTEX,FORFAIT,NO_TS_EMEA,88.69
Yvette,Torres,NP74912,8762538,KESTRA CONSULTING,12,CONT AMERICA,QUANTUM,SUPPORT,ME7NJVN0KKHJ6QW,10.71
Scott,Williams,TF41143,8310149,DELVO SOLUTIONS,12,MEA OCEANIA,PHOENIX,SUPPORT,Q3TQV1GZ4IMLD9H,8.33
Scott,Williams,TF41143,8310149,DELVO SOLUTIONS,12,LATAM,PHOENIX,SUPPORT,NO_TS_LATAM,91.67
Tina,Wright,CI21649,1870552,FORVEX CONSULTING,12,CONT ASIA,QUANTUM,MAINTENANCE,0XUSCLLKJZVVQJ4,10.71
Tina,Wright,CI21649,1870552,FORVEX CONSULTING,12,APAC,QUANTUM,MAINTENANCE,NO_TS_APAC,89.29
Ashley,Evans,HD61330,5487445,INOVA GROUP,12,APAC AMERICA,QUANTUM,FORFAIT,PTM0WI8BOGY8LQ6,7.89
Ashley,Evans,HD61330,5487445,INOVA GROUP,12,CONT,QUANTUM,FORFAIT,NO_TS_CONT,92.11
Victor,Galvan,VV00666,8138608,ETHOS DIGITAL,12,MEA EUROPE,VERTEX,MAINTENANCE,1FZHVCK96M33S6V,10.71
Victor,Galvan,VV00666,8138608,ETHOS DIGITAL,12,MEA,VERTEX,MAINTENANCE,NO_TS_MEA,89.29
Emily,Mcdonald,IO79426,9714951,DELVO GLOBAL,12,LATAM AFRICA,STELLAR,SUPPORT,X7WWKU4QTJ3I9KX,7.14
Emily,Mcdonald,IO79426,9714951,DELVO GLOBAL,12,CONT,STELLAR,SUPPORT,NO_TS_CONT,92.86
Nicholas,Phillips,SA62713,5929039,HYRION VENTURES,12,EMEA AMERICA,NOVA,MAINTENANCE,3RKICCOXSE1IQL9,8.33
Christopher,Delgado,GY75229,2022089,ALCOR DIGITAL,12,NA ASIA,STELLAR,SUPPORT,7F6NIPFFD79MEXV,9.52
Christopher,Delgado,GY75229,2022089,ALCOR DIGITAL,12,LATAM,STELLAR,SUPPORT,NO_TS_LATAM,90.48
Kathryn,Freeman,DG15286,3607254,CENVEO SOLUTIONS,12,CONT EUROPE,PHOENIX,SUPPORT,LOHE3ITY3E1ZV99,11.9
Kathryn,Freeman,DG15286,3607254,CENVEO SOLUTIONS,12,APAC,PHOENIX,SUPPORT,NO_TS_APAC,88.1
Sally,Stone,HV45388,4286478,DELVO SOLUTIONS,12,CONT AMERICA,QUANTUM,MAINTENANCE,CQV93764GQNLBQ6,9.52
Sally,Stone,HV45388,4286478,DELVO SOLUTIONS,12,MEA,QUANTUM,MAINTENANCE,NO_TS_MEA,90.48
Zachary,Gill,WO77990,5978852,LUMEX GROUP,12,CONT AFRICA,STELLAR,MAINTENANCE,IQS9QTG3KXOBX03,11.9
Lauren,Yates,EY94829,2512115,JALVIK TECH,12,EMEA MENA,ORBIT,FORFAIT,7DSYUGVWHIH0O2N,8.78
Robert,Anderson,NC37278,5914450,LUMEX CONSULTING,12,CONT OCEANIA,NOVA,MAINTENANCE,K5EM9BK2ABNXFEX,7.44
Robert,Anderson,NC37278,5914450,LUMEX CONSULTING,12,MEA,NOVA,MAINTENANCE,NO_TS_MEA,92.56
Mary,Gallagher,IV26074,9736554,LUMEX TECH,12,LATAM AMERICA,PHOENIX,REGIE,EYRR6GNK19N796L,10.42
Nicholas,Morgan,RQ61982,9388754,GOLZEN DYNAMICS,12,APAC AMERICA,STELLAR,SUPPORT,EADGGRQZRVHX8ZF,6.25
Nicholas,Morgan,RQ61982,9388754,GOLZEN DYNAMICS,12,EMEA,STELLAR,SUPPORT,NO_TS_EMEA,93.75
Kendra,Lowery,IW77154,2397553,CENVEO CONSULTING,12,LATAM MENA,VERTEX,RPS,MGPJ6JZBC2XIJNV,6.25
Laura,Mosley,UZ81615,4121797,INOVA DIGITAL,12,MEA EUROPE,STELLAR,FORFAIT,SD4ESP0A50EK9ND,7.74
Katie,Anderson,MY01639,1704614,INOVA CONSULTING,12,MEA AFRICA,QUANTUM,SUPPORT,TWU1AR0WCV1DPDI,7.14
Katie,Anderson,MY01639,1704614,INOVA CONSULTING,12,EMEA,QUANTUM,SUPPORT,NO_TS_EMEA,92.86
Daniel,Hendricks,ZJ73491,9249560,GOLZEN GROUP,12,MEA AFRICA,ORBIT,REGIE,I4Q5X5LMH86OEXT,9.52
Daniel,Hendricks,ZJ73491,9249560,GOLZEN GROUP,12,APAC,ORBIT,REGIE,NO_TS_APAC,90.48
Alicia,Webb,MC13488,7802262,ALCOR DIGITAL,12,MEA EUROPE,PHOENIX,MAINTENANCE,TT68WVC22S5FPLR,7.44
Alicia,Webb,MC13488,7802262,ALCOR DIGITAL,12,NA,PHOENIX,MAINTENANCE,NO_TS_NA,92.56
George,Medina,ZP11000,8125266,CENVEO GROUP,12,MEA OCEANIA,PHOENIX,SUPPORT,93LSBR1LF7ZC1L2,10.71
George,Medina,ZP11000,8125266,CENVEO GROUP,12,MEA,PHOENIX,SUPPORT,NO_TS_MEA,89.29
Timothy,Hampton,IP26404,1730833,CENVEO VENTURES,12,CONT AMERICA,ORBIT,MAINTENANCE,UXHAGR6OJA83V5U,7.14
Timothy,Hampton,IP26404,1730833,CENVEO VENTURES,12,LATAM,ORBIT,MAINTENANCE,NO_TS_LATAM,92.86
Evan,Becker,VS84440,9699379,BRYTON DIGITAL,12,EMEA MENA,PULSE,REGIE,17Y5RGPR5MW7AAY,9.52
Jennifer,Torres,DD23879,4561475,HYRION GLOBAL,12,APAC OCEANIA,NOVA,RPS,21UTM3YO63HJUX3,9.52
Jennifer,Torres,DD23879,4561475,HYRION GLOBAL,12,NA,NOVA,RPS,NO_TS_NA,90.48
Julie,White,GJ96080,5917377,LUMEX SYSTEMS,12,MEA AFRICA,PULSE,FORFAIT,QDNOBZ6D4XATYMM,9.52
Drew,Parker,RU67480,3322564,INOVA TECH,12,LATAM EUROPE,VERTEX,RPS,RTFOIP4WM9UCXW0,10.42
Drew,Parker,RU67480,3322564,INOVA TECH,12,APAC,VERTEX,RPS,NO_TS_APAC,89.58
Kimberly,Cobb,AA70816,6665389,FORVEX GROUP,12,MEA ASIA,NEXUS,REGIE,JGXQF7ORJT9IG8N,11.9
Kimberly,Cobb,AA70816,6665389,FORVEX GROUP,12,NA,NEXUS,REGIE,NO_TS_NA,88.1
Mackenzie,Anderson,KW31307,4732044,ETHOS SOLUTIONS,12,NA MENA,PULSE,RPS,82650FJZA3CNG7M,9.82
Mackenzie,Anderson,KW31307,4732044,ETHOS SOLUTIONS,12,CONT,PULSE,RPS,NO_TS_CONT,90.18
James,Ross,ON20329,2418330,ETHOS DYNAMICS,12,LATAM MENA,ATLAS,FORFAIT,068H37OHG5ZGT2Z,9.67
James,Ross,ON20329,2418330,ETHOS DYNAMICS,12,CONT,ATLAS,FORFAIT,NO_TS_CONT,90.33
Albert,Zhang,XK80316,4470848,FORVEX VENTURES,12,EMEA MENA,NOVA,SUPPORT,0TUP7GSFKPGVIZ4,9.52
Christina,Davidson,LQ84018,7523185,KESTRA CONSULTING,12,LATAM ASIA,PULSE,MAINTENANCE,FHWDS17UA20SJWP,8.18
Melissa,Olson,FG42406,8720534,KESTRA VENTURES,12,MEA MENA,ORBIT,MAINTENANCE,VVD1S2C0R5Z2CGH,5.36
Melissa,Olson,FG42406,8720534,KESTRA VENTURES,12,APAC,ORBIT,MAINTENANCE,NO_TS_APAC,94.64
Mary,Herman,ZE00220,3003105,ETHOS DYNAMICS,12,CONT OCEANIA,ATLAS,SUPPORT,A8ILN8OA3CP9TN0,9.97
Mary,Herman,ZE00220,3003105,ETHOS DYNAMICS,12,NA,ATLAS,SUPPORT,NO_TS_NA,90.03
Kevin,Davis,OT34819,1239059,FORVEX GLOBAL,12,NA AMERICA,STELLAR,RPS,W142K6B14KGLW5F,7.14
Kevin,Davis,OT34819,1239059,FORVEX GLOBAL,12,EMEA,STELLAR,RPS,NO_TS_EMEA,92.86
Mario,Hernandez,YE61363,3048247,DELVO SYSTEMS,12,MEA AMERICA,VERTEX,MAINTENANCE,E3QO2DQ2D4AZ9KI,11.9
Mario,Hernandez,YE61363,3048247,DELVO SYSTEMS,12,APAC,VERTEX,MAINTENANCE,NO_TS_APAC,88.1
Brittany,Ray,DX73750,4863869,HYRION TECH,12,APAC AFRICA,NOVA,REGIE,65N7XT09H4SH0OF,9.82
Brittany,Ray,DX73750,4863869,HYRION TECH,12,MEA,NOVA,REGIE,NO_TS_MEA,90.18
Robert,Williamson,LT79286,2359912,CENVEO VENTURES,12,CONT AFRICA,PHOENIX,SUPPORT,80ZA69W3O9XWL6U,9.52
Robert,Riddle,ML38453,4726208,LUMEX TECH,12,LATAM AMERICA,NEXUS,RPS,YRE02LGQWCN59IJ,10.71
Robert,Riddle,ML38453,4726208,LUMEX TECH,12,NA,NEXUS,RPS,NO_TS_NA,89.29
Joe,Collins,FN04938,3946410,INOVA GROUP,12,EMEA MENA,PHOENIX,MAINTENANCE,CI0Y6VPSV5BR9BA,5.95
Joe,Collins,FN04938,3946410,INOVA GROUP,12,CONT,PHOENIX,MAINTENANCE,NO_TS_CONT,94.05
Christine,Wagner,WH53132,6067209,INOVA TECH,12,EMEA OCEANIA,NEXUS,MAINTENANCE,8QX54MELRKJ12AD,11.31
Christine,Wagner,WH53132,6067209,INOVA TECH,12,MEA,NEXUS,MAINTENANCE,NO_TS_MEA,88.69
Thomas,Kennedy,GK76570,3406761,BRYTON TECH,12,LATAM MENA,STELLAR,RPS,UZPIEU9S30BXBE7,11.9
Thomas,Kennedy,GK76570,3406761,BRYTON TECH,12,NA,STELLAR,RPS,NO_TS_NA,88.1
Jessica,Roberts,CW81276,4190621,KESTRA VENTURES,12,CONT ASIA,STELLAR,SUPPORT,UG34AX9AI0XCG9G,7.14
Jessica,Roberts,CW81276,4190621,KESTRA VENTURES,12,LATAM,STELLAR,SUPPORT,NO_TS_LATAM,92.86
Shawn,Reese,YU85815,5174825,LUMEX DIGITAL,12,LATAM EUROPE,PULSE,SUPPORT,HSBESG0M1X5E1KF,7.14
Katherine,Lopez,VA38476,5899822,LUMEX TECH,12,MEA AMERICA,ORBIT,RPS,AN5BX5JRBWYZK5G,9.52
Katherine,Lopez,VA38476,5899822,LUMEX TECH,12,LATAM,ORBIT,RPS,NO_TS_LATAM,90.48
Susan,Thompson,BD46787,9379613,DELVO GROUP,12,EMEA EUROPE,PHOENIX,FORFAIT,EDI41PVEFB0P05D,7.74
Susan,Thompson,BD46787,9379613,DELVO GROUP,12,EMEA,PHOENIX,FORFAIT,NO_TS_EMEA,92.26
Tiffany,King,RY28829,9145219,HYRION DYNAMICS,12,CONT EUROPE,PULSE,MAINTENANCE,ABTBTAPIJUHJXBN,8.93
Tiffany,King,RY28829,9145219,HYRION DYNAMICS,12,CONT,PULSE,MAINTENANCE,NO_TS_CONT,91.07
Randy,Vaughn,VS97774,2029929,BRYTON DYNAMICS,12,LATAM OCEANIA,QUANTUM,REGIE,32M1EQSFP3WE1JV,9.67
Joseph,Garcia,KO01397,3973488,ETHOS GLOBAL,12,EMEA MENA,NEXUS,REGIE,IDX2LVEG7J4IP38,9.52
Joseph,Garcia,KO01397,3973488,ETHOS GLOBAL,12,LATAM,NEXUS,REGIE,NO_TS_LATAM,90.48
Adam,Watkins,DD46512,5220706,JALVIK SOLUTIONS,12,MEA EUROPE,NEXUS,RPS,MGNTPM19WBG1I7N,7.14
Adam,Watkins,DD46512,5220706,JALVIK SOLUTIONS,12,LATAM,NEXUS,RPS,NO_TS_LATAM,92.86
Linda,Cruz,CK23087,9741534,KESTRA TECH,12,EMEA AFRICA,ATLAS,FORFAIT,P0OERD6YS28313C,14.29
Linda,Cruz,CK23087,9741534,KESTRA TECH,12,MEA,ATLAS,FORFAIT,NO_TS_MEA,85.71
Kimberly,Fletcher,SM76885,1436966,LUMEX GLOBAL,12,EMEA MENA,ATLAS,FORFAIT,SKP2486J7E36KQ3,9.52
Katie,Ellison,GL05718,8499599,ALCOR GLOBAL,12,MEA ASIA,PHOENIX,SUPPORT,U8APRTM4K0MZUD7,6.99
Katie,Ellison,GL05718,8499599,ALCOR GLOBAL,12,MEA,PHOENIX,SUPPORT,NO_TS_MEA,93.01
Ashley,Reynolds,TA17101,2050803,LUMEX DIGITAL,12,CONT AFRICA,NOVA,SUPPORT,A1XTNRREWJ0IWOE,9.52
Ashley,Reynolds,TA17101,2050803,LUMEX DIGITAL,12,NA,NOVA,SUPPORT,NO_TS_NA,90.48
Wyatt,Cox,EL05980,6856558,ETHOS VENTURES,12,APAC AFRICA,STELLAR,MAINTENANCE,4CNMMMUGAAN2Y0X,14.58
Wyatt,Cox,EL05980,6856558,ETHOS VENTURES,12,NA,STELLAR,MAINTENANCE,NO_TS_NA,85.42
Franklin,Johnson,DR51057,5229711,FORVEX DYNAMICS,12,APAC EUROPE,PHOENIX,SUPPORT,VVB9LADW2L61G9Z,11.76
Franklin,Johnson,DR51057,5229711,FORVEX DYNAMICS,12,LATAM,PHOENIX,SUPPORT,NO_TS_LATAM,88.24
Maria,Mckee,TW84066,8219711,JALVIK DYNAMICS,12,LATAM AFRICA,VERTEX,FORFAIT,HHBR0UJAHDEG9ID,15.48
Maria,Mckee,TW84066,8219711,JALVIK DYNAMICS,12,LATAM,VERTEX,FORFAIT,NO_TS_LATAM,84.52
Tracey,Robinson,YX55836,1390102,GOLZEN SYSTEMS,12,NA MENA,PULSE,FORFAIT,RTIFVPHY0F5KI6S,9.52
Sherri,Brown,TR13382,9456543,ALCOR GLOBAL,12,CONT AFRICA,STELLAR,RPS,HZYZ3LKML9P9ZEN,11.31
Sherri,Brown,TR13382,9456543,ALCOR GLOBAL,12,NA,STELLAR,RPS,NO_TS_NA,88.69
Joshua,Stewart,HA80635,1070172,KESTRA TECH,12,NA EUROPE,STELLAR,SUPPORT,FXAXF5A6JITFURF,11.9
Joshua,Stewart,HA80635,1070172,KESTRA TECH,12,APAC,STELLAR,SUPPORT,NO_TS_APAC,88.1
Keith,Hall,CX30878,3891735,JALVIK DIGITAL,12,LATAM ASIA,ATLAS,REGIE,MXZKM2QEPZB7XB6,8.33
Amanda,Baird,WD39505,8757228,KESTRA SYSTEMS,12,MEA AMERICA,ORBIT,FORFAIT,6L8WJQB2YMH8IP9,12.5
Cassandra,Gilbert,LB76225,6715076,GOLZEN SOLUTIONS,12,LATAM EUROPE,VERTEX,REGIE,RZ6FVWCO7DKA67F,9.52
Cassandra,Gilbert,LB76225,6715076,GOLZEN SOLUTIONS,12,APAC,VERTEX,REGIE,NO_TS_APAC,90.48
Jack,Watkins,DC32413,1618940,GOLZEN SYSTEMS,12,LATAM AFRICA,QUANTUM,RPS,SC9RHTU135KLXBA,10.12
Jack,Watkins,DC32413,1618940,GOLZEN SYSTEMS,12,APAC,QUANTUM,RPS,NO_TS_APAC,89.88
Kenneth,Reid,JN73747,3674674,INOVA VENTURES,12,APAC MENA,ORBIT,REGIE,A77U747RCZYAE9I,11.9
Kenneth,Reid,JN73747,3674674,INOVA VENTURES,12,LATAM,ORBIT,REGIE,NO_TS_LATAM,88.1
Joel,Davis,JQ84254,3132051,GOLZEN DYNAMICS,12,CONT MENA,PHOENIX,SUPPORT,L106ZDLAFK4CDK4,11.9
Casey,Henry,FX61528,2432967,HYRION TECH,12,MEA OCEANIA,QUANTUM,FORFAIT,Z3PIKCE0QTATRO2,7.44
Casey,Henry,FX61528,2432967,HYRION TECH,12,CONT,QUANTUM,FORFAIT,NO_TS_CONT,92.56
Brian,Bishop,VJ33248,6544097,KESTRA VENTURES,12,LATAM MENA,ORBIT,FORFAIT,XUVR6J7O9KV38S3,8.33
Beth,Thomas,XV25745,5767140,BRYTON DIGITAL,12,CONT OCEANIA,QUANTUM,REGIE,SPYTD959M3IANVE,10.42
Beth,Thomas,XV25745,5767140,BRYTON DIGITAL,12,MEA,QUANTUM,REGIE,NO_TS_MEA,89.58
Steve,Franklin,PS66020,8358199,FORVEX CONSULTING,12,EMEA AMERICA,VERTEX,MAINTENANCE,TC5A002YHQWXU3M,9.52
Virginia,Moreno,DR05860,2493199,ETHOS CONSULTING,12,MEA OCEANIA,NEXUS,RPS,FRLK1UQ26T8V8SN,10.71
Virginia,Moreno,DR05860,2493199,ETHOS CONSULTING,12,NA,NEXUS,RPS,NO_TS_NA,89.29
David,Barnes,OQ81318,1246602,DELVO DIGITAL,12,EMEA ASIA,ATLAS,MAINTENANCE,UDXDO2737UVB0TE,9.82
Cassandra,Sullivan,MH36487,4434635,GOLZEN SOLUTIONS,12,EMEA EUROPE,STELLAR,REGIE,SLLA7K1XQK05LIV,11.9
John,Morgan,PV13341,4075532,LUMEX SYSTEMS,12,APAC OCEANIA,VERTEX,REGIE,VJZT2X1G4MONBIO,11.9
John,Morgan,PV13341,4075532,LUMEX SYSTEMS,12,APAC,VERTEX,REGIE,NO_TS_APAC,88.1
Anthony,Anderson,VP40265,8989318,FORVEX CONSULTING,12,EMEA OCEANIA,NOVA,RPS,H3I8WMT8SNWNP27,10.71
Jeremy,Camacho,FY20396,5903328,INOVA GROUP,12,MEA ASIA,QUANTUM,MAINTENANCE,AM8D7DY7H2KUZC7,9.82
Jeremy,Camacho,FY20396,5903328,INOVA GROUP,12,EMEA,QUANTUM,MAINTENANCE,NO_TS_EMEA,90.18
Matthew,Reed,ZF84852,8740111,BRYTON DYNAMICS,12,EMEA OCEANIA,VERTEX,RPS,EF9NHT07K1ZJYRJ,9.52
Matthew,Reed,ZF84852,8740111,BRYTON DYNAMICS,12,APAC,VERTEX,RPS,NO_TS_APAC,90.48
Teresa,Martin,SW48598,3872360,BRYTON DYNAMICS,12,CONT AMERICA,VERTEX,RPS,ULKLKZAN60FFL19,8.04
Teresa,Martin,SW48598,3872360,BRYTON DYNAMICS,12,MEA,VERTEX,RPS,NO_TS_MEA,91.96
David,Rodriguez,TL55556,1905638,CENVEO GLOBAL,12,CONT EUROPE,NEXUS,RPS,IFRPDY7KIAWKGS4,8.33
David,Rodriguez,TL55556,1905638,CENVEO GLOBAL,12,CONT,NEXUS,RPS,NO_TS_CONT,91.67
Melvin,Davis,DX18987,1085097,ALCOR SYSTEMS,12,CONT ASIA,ORBIT,REGIE,GDNMOQNKOYNN31Q,8.93
Dakota,Williams,UW06357,4443901,CENVEO GROUP,12,MEA ASIA,ATLAS,FORFAIT,2VF8CEQKCRUUIYU,10.12
Dakota,Williams,UW06357,4443901,CENVEO GROUP,12,APAC,ATLAS,FORFAIT,NO_TS_APAC,89.88
Robert,Hendricks,DL82351,3227150,ALCOR TECH,12,NA EUROPE,NEXUS,MAINTENANCE,DLIMKS2HTLUF1U8,9.67
Robert,Hendricks,DL82351,3227150,ALCOR TECH,12,NA,NEXUS,MAINTENANCE,NO_TS_NA,90.33
Tracie,Yates,PS92308,5118832,FORVEX SOLUTIONS,12,MEA MENA,NOVA,REGIE,BQ62693O1KN9941,11.9
Tracie,Yates,PS92308,5118832,FORVEX SOLUTIONS,12,MEA,NOVA,REGIE,NO_TS_MEA,88.1
Sharon,Lee,LJ82279,5845619,GOLZEN SOLUTIONS,12,MEA AFRICA,VERTEX,MAINTENANCE,V2ALKVZAB6A6B11,7.29
Jessica,Pratt,HU93712,1306736,LUMEX DYNAMICS,12,LATAM MENA,ORBIT,MAINTENANCE,CO8CI37CZ99ILW7,7.29
Jessica,Pratt,HU93712,1306736,LUMEX DYNAMICS,12,EMEA,ORBIT,MAINTENANCE,NO_TS_EMEA,92.71
David,Perry,II78440,3753710,LUMEX GROUP,12,MEA MENA,VERTEX,RPS,PADHK9UGOYGTCX6,9.82
David,Perry,II78440,3753710,LUMEX GROUP,12,LATAM,VERTEX,RPS,NO_TS_LATAM,90.18
Sherry,Patel,XY24262,1090531,ALCOR SOLUTIONS,12,APAC ASIA,NOVA,FORFAIT,J72BEXYA7IYSEE7,5.06
Sherry,Patel,XY24262,1090531,ALCOR SOLUTIONS,12,APAC,NOVA,FORFAIT,NO_TS_APAC,94.94
Emily,Duncan,CC82921,4703812,DELVO GLOBAL,12,LATAM MENA,STELLAR,REGIE,GSRYVC11IMK2URT,11.46
Emily,Duncan,CC82921,4703812,DELVO GLOBAL,12,MEA,STELLAR,REGIE,NO_TS_MEA,88.54
Jeffery,Harris,ZC64596,1849462,HYRION CONSULTING,12,MEA OCEANIA,PULSE,FORFAIT,T18OQ4WVDFYN0UP,13.69
Jeffery,Harris,ZC64596,1849462,HYRION CONSULTING,12,EMEA,PULSE,FORFAIT,NO_TS_EMEA,86.31
Kristina,George,GB76905,9259232,KESTRA GROUP,12,EMEA AMERICA,STELLAR,MAINTENANCE,8JJ3JKKUS7O2QU5,9.82
Kristina,George,GB76905,9259232,KESTRA GROUP,12,EMEA,STELLAR,MAINTENANCE,NO_TS_EMEA,90.18
Jenna,Miller,DT58863,3181872,INOVA SOLUTIONS,12,LATAM AFRICA,NEXUS,MAINTENANCE,7793XMN9WYSVMFJ,6.55
Jenna,Miller,DT58863,3181872,INOVA SOLUTIONS,12,APAC,NEXUS,MAINTENANCE,NO_TS_APAC,93.45
Ebony,Porter,GV63484,6774676,LUMEX CONSULTING,12,EMEA AFRICA,NOVA,RPS,81T4EYC61X8DVKM,8.04
Scott,Nichols,DZ93051,2855061,ALCOR DIGITAL,12,LATAM AFRICA,QUANTUM,FORFAIT,VP7XSVJMHEO7FLN,8.33
Robert,Garcia,XT95981,5886966,INOVA GROUP,12,APAC MENA,ORBIT,MAINTENANCE,8P7CTAWJN3GMPPY,12.8
Robert,Garcia,XT95981,5886966,INOVA GROUP,12,APAC,ORBIT,MAINTENANCE,NO_TS_APAC,87.2
Christopher,Powers,OD23640,6697118,ETHOS TECH,12,CONT AFRICA,ORBIT,REGIE,XE3N9B5XKZG802T,11.9
Steven,Allen,OL33188,9354259,INOVA GROUP,12,LATAM OCEANIA,STELLAR,FORFAIT,PU78ZLNIMRQ17Z7,10.12
Steven,Allen,OL33188,9354259,INOVA GROUP,12,MEA,STELLAR,FORFAIT,NO_TS_MEA,89.88
Jeremy,Johnson,BG64430,9078726,DELVO GLOBAL,12,MEA MENA,STELLAR,RPS,F64O0IEQDNDV3MD,10.71
Jeremy,Johnson,BG64430,9078726,DELVO GLOBAL,12,NA,STELLAR,RPS,NO_TS_NA,89.29
Michelle,Banks,TG71933,2812335,ALCOR CONSULTING,12,MEA AFRICA,STELLAR,REGIE,C6KV2ZLIEDL5ZI4,14.29
Michelle,Banks,TG71933,2812335,ALCOR CONSULTING,12,CONT,STELLAR,REGIE,NO_TS_CONT,85.71
Nicholas,Boyle,KC31719,2586973,KESTRA TECH,12,MEA AFRICA,VERTEX,REGIE,UYQF0HRXQGI2GMI,43.75
Jeremiah,Shaw,CL76719,7722272,DELVO VENTURES,12,APAC MENA,ATLAS,REGIE,AJAR3PRFSMG6N04,10.27
Jeremiah,Shaw,CL76719,7722272,DELVO VENTURES,12,NA,ATLAS,REGIE,NO_TS_NA,89.73
Jacqueline,Johnson,KX70468,2767780,LUMEX DIGITAL,12,NA MENA,QUANTUM,RPS,PB32RJQ54GFB2Z1,9.52
Jacqueline,Johnson,KX70468,2767780,LUMEX DIGITAL,12,APAC,QUANTUM,RPS,NO_TS_APAC,90.48
Megan,Rodriguez,GI61884,7543576,CENVEO SOLUTIONS,12,EMEA MENA,STELLAR,SUPPORT,VKEYLLTO3UWOPMQ,9.52
Megan,Rodriguez,GI61884,7543576,CENVEO SOLUTIONS,12,LATAM,STELLAR,SUPPORT,NO_TS_LATAM,90.48
Jennifer,Carlson,DC75570,9261390,ALCOR SOLUTIONS,12,NA EUROPE,PULSE,RPS,N10SGTNU7ZUO7FE,6.1
Jennifer,Carlson,DC75570,9261390,ALCOR SOLUTIONS,12,APAC,PULSE,RPS,NO_TS_APAC,93.9
Kevin,Lynch,MQ79254,1192470,DELVO SYSTEMS,12,MEA OCEANIA,PHOENIX,MAINTENANCE,KL0HO8N0K6HMH0Q,10.12
Kevin,Lynch,MQ79254,1192470,DELVO SYSTEMS,12,CONT,PHOENIX,MAINTENANCE,NO_TS_CONT,89.88
Elizabeth,Andrade,MF98219,8871971,INOVA SYSTEMS,12,CONT ASIA,NEXUS,SUPPORT,KUEEZKVGJGO21OJ,10.12
Elizabeth,Andrade,MF98219,8871971,INOVA SYSTEMS,12,APAC,NEXUS,SUPPORT,NO_TS_APAC,89.88
Jasmine,Johnston,AZ76952,5221153,CENVEO GLOBAL,12,MEA EUROPE,PULSE,FORFAIT,21W4MEQIZ790I5I,11.31
Jasmine,Johnston,AZ76952,5221153,CENVEO GLOBAL,12,LATAM,PULSE,FORFAIT,NO_TS_LATAM,88.69
Deanna,Harvey,KJ77919,7752931,KESTRA TECH,12,LATAM EUROPE,STELLAR,FORFAIT,TOLZ3XM3Q5GLRQ9,12.05
Donna,Cole,YL10613,3415549,DELVO DYNAMICS,12,APAC MENA,PULSE,FORFAIT,0CUA7ENWL8MRSSH,12.2
Donna,Cole,YL10613,3415549,DELVO DYNAMICS,12,EMEA,PULSE,FORFAIT,NO_TS_EMEA,87.8
Ricky,Mckay,FQ11937,6195193,LUMEX VENTURES,12,LATAM ASIA,QUANTUM,FORFAIT,1DZY4J1MPC7JW4D,11.31
Ricky,Mckay,FQ11937,6195193,LUMEX VENTURES,12,CONT,QUANTUM,FORFAIT,NO_TS_CONT,88.69
Bryan,Acosta,OL45102,2887260,LUMEX SOLUTIONS,12,CONT OCEANIA,ATLAS,MAINTENANCE,HQJA4K1PCLMLBYH,7.59
Bryan,Acosta,OL45102,2887260,LUMEX SOLUTIONS,12,CONT,ATLAS,MAINTENANCE,NO_TS_CONT,92.41
Charles,Griffin,DR21045,9888546,DELVO CONSULTING,12,APAC AFRICA,VERTEX,RPS,NPZ46MDP3789J3X,8.63
Charles,Griffin,DR21045,9888546,DELVO CONSULTING,12,EMEA,VERTEX,RPS,NO_TS_EMEA,91.37
Maria,Parrish,JV42988,5264518,CENVEO SOLUTIONS,12,EMEA EUROPE,QUANTUM,SUPPORT,KH6L3M1YKA0W7IH,11.9
Maria,Parrish,JV42988,5264518,CENVEO SOLUTIONS,12,NA,QUANTUM,SUPPORT,NO_TS_NA,88.1
Donald,Glover,IL62775,9038935,CENVEO TECH,12,EMEA MENA,QUANTUM,MAINTENANCE,UZN17IVKDDN0WX1,7.44
Donald,Glover,IL62775,9038935,CENVEO TECH,12,CONT,QUANTUM,MAINTENANCE,NO_TS_CONT,92.56
Stephanie,Nguyen,TW31512,8413984,GOLZEN SYSTEMS,12,EMEA OCEANIA,NOVA,RPS,FB6M19W1AXJA85A,9.97
Jessica,Stone,RC30813,7905094,ALCOR GROUP,12,MEA AMERICA,ORBIT,REGIE,ZAW422JXNM0YNJC,16.07
Jessica,Stone,RC30813,7905094,ALCOR GROUP,12,MEA,ORBIT,REGIE,NO_TS_MEA,83.93
Arthur,Hopkins,ZB19887,7293538,CENVEO SYSTEMS,12,APAC OCEANIA,VERTEX,MAINTENANCE,TQM4PUI5EY9RISZ,11.9
Arthur,Hopkins,ZB19887,7293538,CENVEO SYSTEMS,12,APAC,VERTEX,MAINTENANCE,NO_TS_APAC,88.1
Leonard,Johnson,UQ92627,9284528,INOVA SOLUTIONS,12,CONT MENA,PULSE,RPS,EHH8L4E960L9DDF,9.52
Leonard,Johnson,UQ92627,9284528,INOVA SOLUTIONS,12,MEA,PULSE,RPS,NO_TS_MEA,90.48
Joshua,Jackson,RX56584,2871892,ETHOS SYSTEMS,12,CONT MENA,STELLAR,REGIE,X8NQWLGTUJ9RRVJ,11.9
Joshua,Jackson,RX56584,2871892,ETHOS SYSTEMS,12,MEA,STELLAR,REGIE,NO_TS_MEA,88.1
Joseph,Powell,MF18127,1145848,DELVO DIGITAL,12,LATAM MENA,PULSE,RPS,NAXWYKPZMIGDB8T,9.52
Joseph,Powell,MF18127,1145848,DELVO DIGITAL,12,NA,PULSE,RPS,NO_TS_NA,90.48
Steven,Walker,WZ50039,5116523,KESTRA VENTURES,12,APAC AFRICA,PULSE,REGIE,1JDP0YFLQ4FOEL1,12.65
Troy,Dixon,AZ48022,9645007,KESTRA DYNAMICS,12,NA ASIA,STELLAR,FORFAIT,DJEWB9T85RL7DXO,9.82
Troy,Dixon,AZ48022,9645007,KESTRA DYNAMICS,12,APAC,STELLAR,FORFAIT,NO_TS_APAC,90.18
Robert,Walker,GD80672,1046631,JALVIK GLOBAL,12,LATAM MENA,ATLAS,REGIE,QTN6R7KTZBDFTJ6,10.12
Robert,Walker,GD80672,1046631,JALVIK GLOBAL,12,EMEA,ATLAS,REGIE,NO_TS_EMEA,89.88
Kimberly,Blair,VE89315,1608226,DELVO CONSULTING,12,LATAM MENA,NOVA,RPS,Q7NTQFLAPIRVUI3,11.31
Nicholas,Thomas,LR07111,5457613,ETHOS SYSTEMS,12,NA AFRICA,QUANTUM,SUPPORT,N0J7G96WJK0WW35,14.29
Nicholas,Thomas,LR07111,5457613,ETHOS SYSTEMS,12,CONT,QUANTUM,SUPPORT,NO_TS_CONT,85.71
Ryan,Nguyen,FG35280,2178989,BRYTON SOLUTIONS,12,MEA AFRICA,ATLAS,MAINTENANCE,2HWK75I37OIUFCJ,9.52
Derek,Fisher,VT14799,4929213,ETHOS SOLUTIONS,12,LATAM AMERICA,ORBIT,REGIE,REQJXE490H6JFOO,11.9
Derek,Fisher,VT14799,4929213,ETHOS SOLUTIONS,12,LATAM,ORBIT,REGIE,NO_TS_LATAM,88.1
Lucas,Pollard,IW49900,7791387,KESTRA DYNAMICS,12,LATAM AFRICA,PHOENIX,REGIE,P6GQDWX9IKC2BSP,8.63
Shawn,Spencer,CS60389,4576523,GOLZEN DYNAMICS,12,APAC AFRICA,PULSE,REGIE,75AUXD5GP3LTWSX,11.18
Shawn,Spencer,CS60389,4576523,GOLZEN DYNAMICS,12,NA,PULSE,REGIE,NO_TS_NA,88.82
Tina,Garcia,UV47524,8235642,JALVIK CONSULTING,12,LATAM OCEANIA,ATLAS,SUPPORT,UY39Q15GM09YQ78,7.29
Tina,Garcia,UV47524,8235642,JALVIK CONSULTING,12,LATAM,ATLAS,SUPPORT,NO_TS_LATAM,92.71
Robert,Johnson,RV45383,1203292,ALCOR GROUP,12,MEA OCEANIA,QUANTUM,RPS,HAYGRPHLPUMEBW9,9.52
Eugene,Garza,GL27152,3043577,INOVA VENTURES,12,CONT AFRICA,VERTEX,REGIE,DW4G7GPZ13PS9ID,11.9
Eugene,Garza,GL27152,3043577,INOVA VENTURES,12,NA,VERTEX,REGIE,NO_TS_NA,88.1
Jeremy,Alvarez,NW14273,6914648,ETHOS DIGITAL,12,APAC EUROPE,NEXUS,SUPPORT,3KIURQKL45J7EX8,7.59
Jeremy,Alvarez,NW14273,6914648,ETHOS DIGITAL,12,LATAM,NEXUS,SUPPORT,NO_TS_LATAM,92.41
Alexander,Bates,XD41526,3973350,BRYTON VENTURES,12,CONT MENA,STELLAR,MAINTENANCE,CEKN316YP7ECV7H,6.99
Julie,Green,XG84787,1553352,BRYTON GROUP,12,EMEA ASIA,QUANTUM,MAINTENANCE,J9YFPUJZWXC8SJY,11.46
Dwayne,Davis,RP13101,2979604,BRYTON GROUP,12,CONT AMERICA,PHOENIX,FORFAIT,74Z3515UZ3D4968,9.52
Denise,Alvarado,MB97670,9780447,DELVO DIGITAL,12,EMEA ASIA,QUANTUM,FORFAIT,3P1A6Q9VQTTXAA5,9.82
Denise,Alvarado,MB97670,9780447,DELVO DIGITAL,12,NA,QUANTUM,FORFAIT,NO_TS_NA,90.18
Scott,Olsen,LH95186,5687225,HYRION CONSULTING,12,EMEA AMERICA,NEXUS,MAINTENANCE,0Q1FJMNB7IATW8H,11.9
Scott,Olsen,LH95186,5687225,HYRION CONSULTING,12,CONT,NEXUS,MAINTENANCE,NO_TS_CONT,88.1
Caitlyn,Dalton,WU65565,1517474,ALCOR SYSTEMS,12,MEA MENA,NOVA,FORFAIT,NGP7F2P8D8FKLOJ,9.52
Kayla,Jones,KY11505,9742840,CENVEO SYSTEMS,12,APAC MENA,NOVA,RPS,4B1E5QTGQHCBWMS,14.29
Kayla,Jones,KY11505,9742840,CENVEO SYSTEMS,12,NA,NOVA,RPS,NO_TS_NA,85.71
Leslie,Wallace,IN00891,5174704,GOLZEN VENTURES,12,NA ASIA,NOVA,FORFAIT,I4O3ILLIQ2MWGLT,10.71
Leslie,Wallace,IN00891,5174704,GOLZEN VENTURES,12,APAC,NOVA,FORFAIT,NO_TS_APAC,89.29
Randy,Rodriguez,DR85937,3109776,LUMEX DYNAMICS,12,LATAM OCEANIA,PULSE,REGIE,V8QWSN3SWM2W8RU,5.36
Diamond,Reid,CB84329,2362098,FORVEX DIGITAL,12,MEA MENA,ORBIT,MAINTENANCE,UWHZ8ZFW97P07P6,7.44
Diamond,Reid,CB84329,2362098,FORVEX DIGITAL,12,EMEA,ORBIT,MAINTENANCE,NO_TS_EMEA,92.56
Cameron,Bridges,JP72816,8814154,ETHOS DIGITAL,12,EMEA ASIA,ORBIT,REGIE,EJGM3VGFWCUSL2O,11.9
Cameron,Bridges,JP72816,8814154,ETHOS DIGITAL,12,CONT,ORBIT,REGIE,NO_TS_CONT,88.1
Adrian,Christensen,NH18625,1884795,CENVEO GROUP,12,NA MENA,PHOENIX,SUPPORT,45UOJS5KAHWNT94,9.52
Steven,Hernandez,OA00997,5947034,KESTRA TECH,12,LATAM OCEANIA,PHOENIX,REGIE,CDGT3OPTRDCFNWI,9.52
Steven,Hernandez,OA00997,5947034,KESTRA TECH,12,LATAM,PHOENIX,REGIE,NO_TS_LATAM,90.48
Cameron,Sullivan,XI21449,4914562,KESTRA SOLUTIONS,12,LATAM EUROPE,PHOENIX,FORFAIT,QBGQKEN41SH57NS,8.33
Cameron,Sullivan,XI21449,4914562,KESTRA SOLUTIONS,12,EMEA,PHOENIX,FORFAIT,NO_TS_EMEA,91.67
Angela,Waters,TK64024,1150222,FORVEX GROUP,12,EMEA ASIA,ORBIT,RPS,SMEYZ9N17XJATG9,11.9
Angela,Waters,TK64024,1150222,FORVEX GROUP,12,MEA,ORBIT,RPS,NO_TS_MEA,88.1
Jason,Moore,NY30196,3205654,ALCOR GLOBAL,12,APAC AMERICA,VERTEX,FORFAIT,Y36KT4SU610MXTY,11.9
Jason,Moore,NY30196,3205654,ALCOR GLOBAL,12,NA,VERTEX,FORFAIT,NO_TS_NA,88.1
Jane,Smith,HD38905,3350322,HYRION DIGITAL,12,NA AFRICA,QUANTUM,RPS,7HRZFH7G42K0705,5.51
Jane,Smith,HD38905,3350322,HYRION DIGITAL,12,NA,QUANTUM,RPS,NO_TS_NA,94.49
Kristina,Robinson,WC55200,1951840,ETHOS DYNAMICS,12,LATAM AFRICA,QUANTUM,REGIE,RUM6U9CXM595Q3I,7.59
Robert,Patterson,ZB19658,8219098,JALVIK GLOBAL,12,NA AMERICA,NEXUS,FORFAIT,TSPYVNGUD13IL1R,8.04
Jennifer,Smith,MS89295,6984595,DELVO TECH,12,CONT MENA,PHOENIX,SUPPORT,0BI1MFC8VW052LE,10.71
Jennifer,Smith,MS89295,6984595,DELVO TECH,12,EMEA,PHOENIX,SUPPORT,NO_TS_EMEA,89.29
Jeremy,Ryan,HB52706,1625365,HYRION TECH,12,CONT MENA,VERTEX,SUPPORT,XD4SZ1JTH2JPXH8,10.71
James,Bean,QI90374,9277625,ETHOS DYNAMICS,12,MEA AMERICA,PHOENIX,MAINTENANCE,54U10O4OAH5XW3Q,8.33
James,Bean,QI90374,9277625,ETHOS DYNAMICS,12,LATAM,PHOENIX,MAINTENANCE,NO_TS_LATAM,91.67
Rhonda,Young,PA60699,8146218,GOLZEN DIGITAL,12,EMEA AMERICA,NOVA,RPS,CG4PQNY3CG1TK97,6.85
Rhonda,Young,PA60699,8146218,GOLZEN DIGITAL,12,APAC,NOVA,RPS,NO_TS_APAC,93.15
Steven,Lopez,CZ75255,6894652,INOVA SYSTEMS,12,LATAM AFRICA,ORBIT,MAINTENANCE,ODMTUOR5MFN14ME,11.9
Steven,Lopez,CZ75255,6894652,INOVA SYSTEMS,12,APAC,ORBIT,MAINTENANCE,NO_TS_APAC,88.1
Isaac,Armstrong,FN22711,1990600,GOLZEN GLOBAL,12,APAC OCEANIA,PHOENIX,FORFAIT,8BJJ2DAPZ6FVIO8,9.52
Charles,Jones,DP67803,6967691,CENVEO GROUP,12,MEA AFRICA,VERTEX,RPS,K4X3TLYN4NJ1CU1,10.12
Christopher,Jensen,QA25913,3645474,CENVEO SYSTEMS,12,MEA EUROPE,QUANTUM,FORFAIT,4IUNGDT62KDN44U,9.52
Christopher,Jensen,QA25913,3645474,CENVEO SYSTEMS,12,LATAM,QUANTUM,FORFAIT,NO_TS_LATAM,90.48
Ian,Anderson,DA28627,6468567,INOVA DIGITAL,12,NA OCEANIA,ATLAS,MAINTENANCE,6MITBTX5V2AXMWF,1.04
Ian,Anderson,DA28627,6468567,INOVA DIGITAL,12,NA,ATLAS,MAINTENANCE,NO_TS_NA,98.96
Nicole,Arellano,BS79804,2220624,JALVIK GLOBAL,12,LATAM AMERICA,VERTEX,RPS,Z6MFPE4777GOR3M,8.63
Jacob,Arroyo,TC43956,2077311,FORVEX SOLUTIONS,12,LATAM ASIA,PULSE,RPS,3O9TUE90DDV2GCU,10.71
Brett,Saunders,UF43663,9603384,KESTRA TECH,12,NA MENA,ATLAS,REGIE,QPP791D0AKAYWVK,9.52
Brett,Saunders,UF43663,9603384,KESTRA TECH,12,MEA,ATLAS,REGIE,NO_TS_MEA,90.48
Tony,Chapman,LO49041,2162120,GOLZEN SYSTEMS,12,CONT ASIA,VERTEX,FORFAIT,VVJ99XYAJ99FKN3,11.9
Tony,Chapman,LO49041,2162120,GOLZEN SYSTEMS,12,LATAM,VERTEX,FORFAIT,NO_TS_LATAM,88.1
Jennifer,Barton,JS90761,2067696,INOVA CONSULTING,12,NA AFRICA,VERTEX,MAINTENANCE,X74WQTTH8XFDLOT,14.29
Jennifer,Barton,JS90761,2067696,INOVA CONSULTING,12,LATAM,VERTEX,MAINTENANCE,NO_TS_LATAM,85.71
Jodi,Berger,EH48086,4757727,INOVA GLOBAL,12,NA OCEANIA,ORBIT,SUPPORT,GW8DTQQDNN7GO0K,8.33
Jodi,Berger,EH48086,4757727,INOVA GLOBAL,12,CONT,ORBIT,SUPPORT,NO_TS_CONT,91.67
Herbert,Holt,MY19970,1828723,CENVEO SYSTEMS,12,EMEA ASIA,PULSE,MAINTENANCE,GDE7LV1A6NSGL05,9.52
Herbert,Holt,MY19970,1828723,CENVEO SYSTEMS,12,MEA,PULSE,MAINTENANCE,NO_TS_MEA,90.48
Pamela,Gates,EE54228,5704940,INOVA TECH,12,CONT MENA,ORBIT,SUPPORT,TI3Y32JJYWHE1U0,11.9
Christian,Deleon,IV39504,9319005,LUMEX CONSULTING,12,MEA EUROPE,ATLAS,FORFAIT,MRSG5BDPLO6G1MZ,7.44
Christian,Deleon,IV39504,9319005,LUMEX CONSULTING,12,EMEA,ATLAS,FORFAIT,NO_TS_EMEA,92.56
Jacqueline,Ewing,UP53704,1607312,JALVIK TECH,12,APAC ASIA,STELLAR,FORFAIT,O9003X0T4PPDMBB,10.12
Jacqueline,Ewing,UP53704,1607312,JALVIK TECH,12,NA,STELLAR,FORFAIT,NO_TS_NA,89.88
Kaitlin,Owen,BO40681,6602730,ETHOS SOLUTIONS,12,MEA ASIA,PULSE,RPS,G0N9APW96ZDDQXI,13.84
Bryan,Jones,GS63419,6120762,ETHOS SYSTEMS,12,LATAM MENA,STELLAR,FORFAIT,N09N83SG0X2SSDR,11.9
Kenneth,Garcia,OA97913,8577297,ETHOS TECH,12,MEA EUROPE,PULSE,REGIE,88RQIXD79ZL069O,13.02
Kenneth,Garcia,OA97913,8577297,ETHOS TECH,12,NA,PULSE,REGIE,NO_TS_NA,86.98
Kevin,Cantu,ZN68389,9743627,JALVIK DIGITAL,12,CONT ASIA,PULSE,RPS,ML0BJO6N7WXC3XN,9.52
Kevin,Cantu,ZN68389,9743627,JALVIK DIGITAL,12,CONT,PULSE,RPS,NO_TS_CONT,90.48
Robert,Rice,TV08223,2966525,JALVIK CONSULTING,12,EMEA ASIA,VERTEX,RPS,JUDRBRFVAZQBMQX,9.67
Robert,Rice,TV08223,2966525,JALVIK CONSULTING,12,EMEA,VERTEX,RPS,NO_TS_EMEA,90.33
Deborah,Charles,UK61890,3435972,CENVEO DYNAMICS,12,APAC MENA,STELLAR,REGIE,ZQ33LKAHEO0VF93,9.52
Andrea,Mckinney,NW26293,6956597,JALVIK DYNAMICS,12,LATAM AFRICA,NOVA,SUPPORT,8A3GQS7MNLQJF2N,11.9
Nicole,Allen,FW17840,3297435,KESTRA VENTURES,12,NA OCEANIA,NOVA,MAINTENANCE,SUE528VKLPJ686P,10.86
Nicole,Allen,FW17840,3297435,KESTRA VENTURES,12,MEA,NOVA,MAINTENANCE,NO_TS_MEA,89.14
Robert,Carpenter,PN10764,5896355,BRYTON SYSTEMS,12,LATAM AFRICA,NEXUS,RPS,2719LK8J3Y5GV70,9.52
Robert,Carpenter,PN10764,5896355,BRYTON SYSTEMS,12,MEA,NEXUS,RPS,NO_TS_MEA,90.48
Tracy,Wilcox,ZG86840,8166798,KESTRA DYNAMICS,12,CONT OCEANIA,PHOENIX,FORFAIT,TTGTDY3G9KH7WWW,7.14
Tracy,Wilcox,ZG86840,8166798,KESTRA DYNAMICS,12,MEA,PHOENIX,FORFAIT,NO_TS_MEA,92.86
Angela,Burns,VA21591,9440583,DELVO DIGITAL,12,APAC ASIA,ATLAS,SUPPORT,3M91PQBWZZ5331D,7.29
James,Howard,AZ49505,6357859,BRYTON SOLUTIONS,12,CONT MENA,PULSE,SUPPORT,FJNV2ID0B8AB094,7.29
James,Howard,AZ49505,6357859,BRYTON SOLUTIONS,12,MEA,PULSE,SUPPORT,NO_TS_MEA,92.71
Eric,Brock,VN47065,1244695,DELVO DYNAMICS,12,MEA MENA,ATLAS,RPS,58E5JQQYE24W8PN,11.9
Eric,Brock,VN47065,1244695,DELVO DYNAMICS,12,LATAM,ATLAS,RPS,NO_TS_LATAM,88.1
Jeffrey,Bailey,JL66047,1184650,JALVIK GROUP,12,NA AMERICA,NEXUS,REGIE,LKJ15UU7W42Y5AT,13.39
Jeffrey,Bailey,JL66047,1184650,JALVIK GROUP,12,LATAM,NEXUS,REGIE,NO_TS_LATAM,86.61
Ryan,Tucker,BZ39710,5570373,CENVEO CONSULTING,12,CONT ASIA,VERTEX,FORFAIT,VHKCTW96T3KIAKA,10.71
Bradley,Henry,TD05085,3767242,KESTRA CONSULTING,12,CONT AFRICA,QUANTUM,RPS,DRGGMPH8VZIS5LQ,9.52
Ashley,Price,PF89885,4774965,HYRION TECH,12,EMEA AFRICA,QUANTUM,REGIE,QSSI2K932IC0XFA,9.52
Christopher,Escobar,SK69267,4840267,LUMEX TECH,12,NA EUROPE,STELLAR,FORFAIT,EJJ577RJOAUKJ4R,8.04
Michelle,Davis,YA83332,8889069,ETHOS DYNAMICS,12,LATAM EUROPE,STELLAR,MAINTENANCE,LLZDCFI12FWOIJ0,6.85
Michelle,Davis,YA83332,8889069,ETHOS DYNAMICS,12,MEA,STELLAR,MAINTENANCE,NO_TS_MEA,93.15
Jacob,Lara,KA63753,7633618,ETHOS GLOBAL,12,APAC AFRICA,ORBIT,SUPPORT,VP76CUV9BGMPY2R,6.85
Jacob,Lara,KA63753,7633618,ETHOS GLOBAL,12,EMEA,ORBIT,SUPPORT,NO_TS_EMEA,93.15
Jennifer,Morales,PS13592,1912070,ALCOR DYNAMICS,12,EMEA MENA,QUANTUM,MAINTENANCE,AMAXPSXEUQJ6Z09,9.52
Robert,Rowe,QF30814,8313050,FORVEX DYNAMICS,12,NA OCEANIA,QUANTUM,FORFAIT,N1SA9AR84203BOF,9.52
Robert,Rowe,QF30814,8313050,FORVEX DYNAMICS,12,NA,QUANTUM,FORFAIT,NO_TS_NA,90.48
Vicki,Tran,TE84742,4319200,ETHOS SOLUTIONS,12,APAC AMERICA,QUANTUM,REGIE,XHND9JG2MTZ4BWT,11.31
Vicki,Tran,TE84742,4319200,ETHOS SOLUTIONS,12,APAC,QUANTUM,REGIE,NO_TS_APAC,88.69
Julia,Garrison,RO65169,3268899,ALCOR DYNAMICS,12,NA OCEANIA,PULSE,REGIE,OS5R1HRMIY358BY,8.04
Cassandra,Schwartz,KS53602,9245242,GOLZEN GLOBAL,12,NA AMERICA,PULSE,SUPPORT,50I6PCM5PT1ED9Z,11.9
Breanna,Garcia,IX08645,5127182,INOVA GROUP,12,APAC OCEANIA,PHOENIX,MAINTENANCE,2CTU632E29P9QVI,9.52
Tara,Dickson,BG70220,5017375,BRYTON DIGITAL,12,NA OCEANIA,STELLAR,FORFAIT,UF1P6OXHGKYDHZH,9.82
Tara,Dickson,BG70220,5017375,BRYTON DIGITAL,12,MEA,STELLAR,FORFAIT,NO_TS_MEA,90.18
Joseph,Daugherty,ZE19746,6769840,HYRION TECH,12,CONT MENA,NEXUS,FORFAIT,39KL3HUHCRHXSJ6,9.52
Joseph,Daugherty,ZE19746,6769840,HYRION TECH,12,NA,NEXUS,FORFAIT,NO_TS_NA,90.48
Timothy,Barnes,UF01886,2917407,KESTRA CONSULTING,12,MEA AFRICA,ATLAS,REGIE,VUZE54V2ND7H4EF,6.25
Timothy,Barnes,UF01886,2917407,KESTRA CONSULTING,12,LATAM,ATLAS,REGIE,NO_TS_LATAM,93.75
Wesley,Robinson,EB30159,5437515,GOLZEN SYSTEMS,12,EMEA AFRICA,NEXUS,RPS,RRWEY95CVV1Z71K,5.65
Joseph,Browning,UT43691,7939567,HYRION DYNAMICS,12,MEA ASIA,QUANTUM,FORFAIT,8FHRPJR5T1C1TQJ,11.9
Joseph,Browning,UT43691,7939567,HYRION DYNAMICS,12,EMEA,QUANTUM,FORFAIT,NO_TS_EMEA,88.1
Stephanie,Hall,GQ64498,5558043,GOLZEN VENTURES,12,MEA OCEANIA,QUANTUM,RPS,IGRNHA2KFKOAC25,11.9
Stephanie,Hall,GQ64498,5558043,GOLZEN VENTURES,12,CONT,QUANTUM,RPS,NO_TS_CONT,88.1
Timothy,Andrews,IS39489,1722249,LUMEX DYNAMICS,12,EMEA ASIA,STELLAR,FORFAIT,80C8CO6OG9PD0G9,10.71
Timothy,Andrews,IS39489,1722249,LUMEX DYNAMICS,12,NA,STELLAR,FORFAIT,NO_TS_NA,89.29
Amanda,Patterson,GD29590,6696147,INOVA DYNAMICS,12,NA AMERICA,ORBIT,FORFAIT,ZWCLBZ8AREQXH36,14.29
Joseph,Nixon,ME10105,7241350,HYRION DIGITAL,12,LATAM AFRICA,VERTEX,MAINTENANCE,GJXCJ19FZE2BIHJ,9.52
Lisa,Henderson,PI97990,1643352,FORVEX SYSTEMS,12,LATAM ASIA,STELLAR,RPS,KX2A1QP4Q9F8ZZQ,11.9
Peter,Clark,KC01797,1234096,CENVEO TECH,12,NA EUROPE,ORBIT,MAINTENANCE,SD75W2TQAY76ENH,7.44
Peter,Clark,KC01797,1234096,CENVEO TECH,12,CONT,ORBIT,MAINTENANCE,NO_TS_CONT,92.56
Benjamin,Arnold,II84115,4360060,INOVA GROUP,12,APAC ASIA,STELLAR,FORFAIT,V69O7G2SK8JSKPX,9.52
Samuel,Dean,OR05848,6886662,KESTRA GLOBAL,12,NA ASIA,STELLAR,RPS,3VOP9K7HOXITJZ0,9.82
Carrie,Hernandez,NE75997,6703746,ALCOR DIGITAL,12,APAC AMERICA,PHOENIX,REGIE,CJOUOCKLNA3KB27,7.29
Carrie,Hernandez,NE75997,6703746,ALCOR DIGITAL,12,APAC,PHOENIX,REGIE,NO_TS_APAC,92.71
William,Richardson,FA28543,7105394,GOLZEN GLOBAL,12,EMEA MENA,NOVA,SUPPORT,VLT53I8PZH6099O,7.74
William,Richardson,FA28543,7105394,GOLZEN GLOBAL,12,APAC,NOVA,SUPPORT,NO_TS_APAC,92.26
Samantha,Anderson,AU45638,4786849,BRYTON DYNAMICS,12,APAC ASIA,PHOENIX,REGIE,OMYO1W1CMH6DX85,9.52
Samantha,Anderson,AU45638,4786849,BRYTON DYNAMICS,12,LATAM,PHOENIX,REGIE,NO_TS_LATAM,90.48
Kristen,Pugh,TQ55981,1584836,INOVA DYNAMICS,12,EMEA OCEANIA,NEXUS,FORFAIT,4ANYPKMGNUDZI5B,9.52
Christopher,Jones,PH67004,6496943,INOVA DIGITAL,12,NA ASIA,PHOENIX,MAINTENANCE,6ICO8XV9YLW9B2A,8.33
Dominic,Hardy,SC72484,5370711,KESTRA DIGITAL,12,MEA EUROPE,STELLAR,FORFAIT,1FXE6G5UVDJWF1L,12.5
Austin,Daniels,RF65370,8227206,HYRION GLOBAL,12,MEA MENA,STELLAR,RPS,WMRUG7GOD8MECVO,11.9
Austin,Daniels,RF65370,8227206,HYRION GLOBAL,12,NA,STELLAR,RPS,NO_TS_NA,88.1
Becky,Marshall,MX91948,2556427,HYRION SYSTEMS,12,MEA AFRICA,ORBIT,MAINTENANCE,WKGCMLG1MPTKVT3,9.67
Becky,Marshall,MX91948,2556427,HYRION SYSTEMS,12,LATAM,ORBIT,MAINTENANCE,NO_TS_LATAM,90.33
Curtis,Huff,ID85104,7507787,INOVA VENTURES,12,CONT ASIA,ATLAS,SUPPORT,5P5YBYEB13FWBFQ,9.23
Heather,Orozco,GA86870,8975845,BRYTON CONSULTING,12,NA MENA,NEXUS,RPS,ZQIYQ1MX9ZMB7L9,7.74
Heather,Orozco,GA86870,8975845,BRYTON CONSULTING,12,MEA,NEXUS,RPS,NO_TS_MEA,92.26
Laura,Johnson,CY59130,8416492,DELVO GROUP,12,CONT OCEANIA,NEXUS,MAINTENANCE,2NK0SCPTDWKQLOY,12.2
Laura,Johnson,CY59130,8416492,DELVO GROUP,12,CONT,NEXUS,MAINTENANCE,NO_TS_CONT,87.8
Kimberly,Green,MU95358,6170637,CENVEO DIGITAL,12,MEA OCEANIA,VERTEX,SUPPORT,48PLJLR55LK2LQZ,11.31
Kimberly,Green,MU95358,6170637,CENVEO DIGITAL,12,MEA,VERTEX,SUPPORT,NO_TS_MEA,88.69
Donna,Thomas,EV24014,5196601,HYRION DIGITAL,12,MEA AFRICA,PHOENIX,RPS,OD23PS13UVXAZGQ,8.04
Donna,Thomas,EV24014,5196601,HYRION DIGITAL,12,MEA,PHOENIX,RPS,NO_TS_MEA,91.96
Jorge,Nguyen,OS07853,4604056,CENVEO DYNAMICS,12,CONT OCEANIA,ORBIT,REGIE,P07AG9N5I89H4HY,7.29
Jorge,Nguyen,OS07853,4604056,CENVEO DYNAMICS,12,CONT,ORBIT,REGIE,NO_TS_CONT,92.71
Dawn,Jackson,ZV76841,8972080,ALCOR SOLUTIONS,12,LATAM OCEANIA,PULSE,FORFAIT,V4I54NEU8BYXGDX,12.8
Dawn,Jackson,ZV76841,8972080,ALCOR SOLUTIONS,12,LATAM,PULSE,FORFAIT,NO_TS_LATAM,87.2
William,Anderson,JJ01215,2708334,LUMEX GLOBAL,12,EMEA EUROPE,ATLAS,SUPPORT,NMZ7I7X6TUNK5MY,11.61
William,Anderson,JJ01215,2708334,LUMEX GLOBAL,12,APAC,ATLAS,SUPPORT,NO_TS_APAC,88.39
Peter,Dodson,JY89282,8028030,ETHOS DIGITAL,12,EMEA EUROPE,ATLAS,REGIE,X5EECULB0LS9SSQ,11.31
David,Mills,QY21332,4383528,BRYTON SYSTEMS,12,LATAM AFRICA,VERTEX,REGIE,CSILXUYZG5M4KVY,11.9
Kerry,Carter,DC94898,8848524,KESTRA SOLUTIONS,12,APAC MENA,NOVA,FORFAIT,Q9NY0Y89F7N6HS8,9.19
Daniel,Crane,ZT51215,9365202,KESTRA TECH,12,CONT MENA,ATLAS,REGIE,NDUJGI4J8BLMYV0,11.9
Daniel,Crane,ZT51215,9365202,KESTRA TECH,12,EMEA,ATLAS,REGIE,NO_TS_EMEA,88.1
Glenn,Singleton,KG06029,2603300,ALCOR DIGITAL,12,NA MENA,QUANTUM,FORFAIT,4GVOCG7U270O6TF,9.52
Karen,Carrillo,QK45378,1707076,JALVIK VENTURES,12,EMEA ASIA,STELLAR,FORFAIT,OQ65KHKMLJ56C6L,7.14
Karen,Carrillo,QK45378,1707076,JALVIK VENTURES,12,CONT,STELLAR,FORFAIT,NO_TS_CONT,92.86
Brendan,Ortega,RM81601,1768228,GOLZEN VENTURES,12,LATAM AMERICA,NEXUS,REGIE,J1SX4QWCO8AD1TI,6.4
Brendan,Ortega,RM81601,1768228,GOLZEN VENTURES,12,APAC,NEXUS,REGIE,NO_TS_APAC,93.6
Micheal,Todd,CF86445,9101949,HYRION DIGITAL,12,APAC ASIA,PULSE,REGIE,BUC36CK681SYXUQ,8.33
Micheal,Todd,CF86445,9101949,HYRION DIGITAL,12,CONT,PULSE,REGIE,NO_TS_CONT,91.67
Emily,Wilson,QD46006,4404996,CENVEO DYNAMICS,12,APAC OCEANIA,NEXUS,REGIE,6EB3PTUR4AVUI0L,8.04
Emily,Wilson,QD46006,4404996,CENVEO DYNAMICS,12,MEA,NEXUS,REGIE,NO_TS_MEA,91.96
Kimberly,Kidd,GF05884,1861001,JALVIK TECH,12,CONT AMERICA,ORBIT,SUPPORT,7ESATGBIMWA1E54,9.52
Bryan,Day,FX78446,3865568,FORVEX TECH,12,CONT EUROPE,STELLAR,REGIE,280QAU5YW8UER4C,13.1
Bryan,Day,FX78446,3865568,FORVEX TECH,12,NA,STELLAR,REGIE,NO_TS_NA,86.9
Deborah,Hicks,YP67413,2571458,BRYTON CONSULTING,12,NA OCEANIA,VERTEX,REGIE,VM84HN1VSGJWZZF,9.52
Denise,Marshall,UM10532,6371224,BRYTON TECH,12,CONT OCEANIA,ORBIT,REGIE,E4PA1LJY9RIVZ0L,10.12
Denise,Marshall,UM10532,6371224,BRYTON TECH,12,LATAM,ORBIT,REGIE,NO_TS_LATAM,89.88
Jose,Matthews,WV71012,6095927,DELVO GLOBAL,12,EMEA MENA,PHOENIX,FORFAIT,FXJJN4OM0VXODBN,9.52
Jose,Matthews,WV71012,6095927,DELVO GLOBAL,12,LATAM,PHOENIX,FORFAIT,NO_TS_LATAM,90.48
Thomas,Moore,NG38000,5586760,LUMEX SOLUTIONS,12,APAC EUROPE,STELLAR,SUPPORT,VZMAAFZXYX29Z8V,10.27
Thomas,Moore,NG38000,5586760,LUMEX SOLUTIONS,12,APAC,STELLAR,SUPPORT,NO_TS_APAC,89.73
Scott,Howard,GL53490,6210992,BRYTON VENTURES,12,CONT OCEANIA,STELLAR,RPS,HYYS3BQQM3754FG,11.9
Scott,Howard,GL53490,6210992,BRYTON VENTURES,12,LATAM,STELLAR,RPS,NO_TS_LATAM,88.1
Susan,Barton,ZR29463,2603393,JALVIK SOLUTIONS,12,EMEA AFRICA,ATLAS,RPS,03FVV2AYWAG7GAL,9.52
Travis,Patterson,TT05299,5849314,CENVEO SYSTEMS,12,CONT AFRICA,NOVA,REGIE,ZF7NVI1T61EAEXH,9.52
Travis,Patterson,TT05299,5849314,CENVEO SYSTEMS,12,MEA,NOVA,REGIE,NO_TS_MEA,90.48
Natalie,Brown,DP83090,1431658,BRYTON DIGITAL,12,CONT AMERICA,NOVA,RPS,XOUXFEVUD2XJST8,9.52
Natalie,Brown,DP83090,1431658,BRYTON DIGITAL,12,CONT,NOVA,RPS,NO_TS_CONT,90.48
Samuel,Robbins,EV39924,6866014,KESTRA GROUP,12,NA AFRICA,VERTEX,FORFAIT,31A7P3A9993SDYP,11.31
Joanna,Baker,AF30346,7031373,ETHOS SOLUTIONS,12,APAC AFRICA,QUANTUM,MAINTENANCE,506NQMBJFTX0YDN,9.52
Sarah,Thompson,JK17634,9679678,ALCOR DYNAMICS,12,NA OCEANIA,PULSE,RPS,OBC70GLTOZUXILR,8.82
Misty,Craig,TN88093,2024161,DELVO DYNAMICS,12,CONT AMERICA,PULSE,REGIE,GTT1UWRXQOORS9B,11.76
Misty,Craig,TN88093,2024161,DELVO DYNAMICS,12,APAC,PULSE,REGIE,NO_TS_APAC,88.24
Tony,Christensen,EA03385,6892235,HYRION DIGITAL,12,MEA OCEANIA,PULSE,SUPPORT,I3B4QY7QEKRMRZI,10.42
Nicholas,Williams,QS93283,4914728,INOVA SOLUTIONS,12,LATAM MENA,STELLAR,FORFAIT,I2OAO8M5N1TQWXM,8.48
Colleen,Wood,IR25497,9816742,CENVEO TECH,12,NA MENA,NOVA,RPS,V6HXZT7APP897E0,9.52
Colleen,Wood,IR25497,9816742,CENVEO TECH,12,EMEA,NOVA,RPS,NO_TS_EMEA,90.48
Nathan,Davis,CD89636,9321367,ALCOR DYNAMICS,12,EMEA ASIA,QUANTUM,RPS,Y3W74YJJK24HL0G,8.04
Shane,Myers,IB50152,7801420,JALVIK DYNAMICS,12,CONT AMERICA,VERTEX,SUPPORT,FVO87X407TR1PPJ,7.14
Charlene,Trevino,RU92340,7896378,FORVEX DIGITAL,12,LATAM AMERICA,QUANTUM,RPS,LL4TCDM3O3K9Y04,7.29
Charlene,Trevino,RU92340,7896378,FORVEX DIGITAL,12,MEA,QUANTUM,RPS,NO_TS_MEA,92.71
Michael,Harris,FI53551,9898011,ALCOR TECH,12,APAC EUROPE,NOVA,REGIE,NOCGHYBQNS6ND3E,9.67
Michael,Harris,FI53551,9898011,ALCOR TECH,12,LATAM,NOVA,REGIE,NO_TS_LATAM,90.33
Arthur,Torres,CS80898,1392744,KESTRA TECH,12,MEA AMERICA,PHOENIX,REGIE,7QXOXDUGSZDIRR9,10.42
Arthur,Torres,CS80898,1392744,KESTRA TECH,12,MEA,PHOENIX,REGIE,NO_TS_MEA,89.58
John,Pace,IH99196,1001769,JALVIK TECH,12,EMEA OCEANIA,QUANTUM,SUPPORT,WZZV6OCH7OH16SR,9.52
John,Pace,IH99196,1001769,JALVIK TECH,12,MEA,QUANTUM,SUPPORT,NO_TS_MEA,90.48
James,Schneider,EX48721,9246487,ETHOS VENTURES,12,EMEA EUROPE,NOVA,FORFAIT,CQ8DS2OROCWTH94,11.9
Kevin,Hahn,AQ62847,8838680,INOVA GROUP,12,MEA ASIA,ORBIT,REGIE,EHP9NRK99DGYQOQ,8.33
Kevin,Hahn,AQ62847,8838680,INOVA GROUP,12,APAC,ORBIT,REGIE,NO_TS_APAC,91.67
Zachary,Hill,PJ41127,6419307,CENVEO CONSULTING,12,CONT OCEANIA,QUANTUM,SUPPORT,D2QH3LJWILG2T1W,7.89
Alex,Jackson,MN59055,2431799,CENVEO TECH,12,NA AMERICA,QUANTUM,REGIE,B87YOKL4KVX839I,9.52
Alex,Jackson,MN59055,2431799,CENVEO TECH,12,CONT,QUANTUM,REGIE,NO_TS_CONT,90.48
Robert,Taylor,JM56285,5619978,GOLZEN DIGITAL,12,LATAM ASIA,PULSE,RPS,HCJB3AVETO07VGL,10.12
Madeline,Taylor,PQ53791,6123261,JALVIK DIGITAL,12,EMEA AMERICA,QUANTUM,FORFAIT,MRQVI5CVK7W5Y6B,11.9
Madeline,Taylor,PQ53791,6123261,JALVIK DIGITAL,12,CONT,QUANTUM,FORFAIT,NO_TS_CONT,88.1
Kyle,Mays,ZQ27526,7124559,JALVIK GLOBAL,12,EMEA EUROPE,ORBIT,FORFAIT,E2TYZ3EVLEM6AEA,10.71
John,Nguyen,XN07435,4549148,DELVO SYSTEMS,12,LATAM OCEANIA,PULSE,RPS,A9E9IDI0IVEYKFO,11.9
John,Nguyen,XN07435,4549148,DELVO SYSTEMS,12,CONT,PULSE,RPS,NO_TS_CONT,88.1
Brian,Wells,OA42843,2256662,BRYTON GLOBAL,12,NA OCEANIA,PULSE,MAINTENANCE,6AQXMIKEPGMR5DP,6.55
Brian,Wells,OA42843,2256662,BRYTON GLOBAL,12,EMEA,PULSE,MAINTENANCE,NO_TS_EMEA,93.45
Donna,Webb,AD26494,1753493,ETHOS SOLUTIONS,12,LATAM AMERICA,VERTEX,SUPPORT,RFJSF2UPIF2L3UE,6.1
Stephen,Robbins,CI46808,9571051,ALCOR GROUP,12,MEA ASIA,ATLAS,MAINTENANCE,OISA7PQS3WISLS1,11.9
Michelle,Anderson,JJ71929,2274578,DELVO CONSULTING,12,MEA AMERICA,VERTEX,RPS,MNTM3Y94S3BQD99,10.71
Amy,Kaiser,NE24303,3640724,JALVIK SYSTEMS,12,APAC AMERICA,VERTEX,MAINTENANCE,XWZ64FQVVKJ14YI,10.12
Amy,Kaiser,NE24303,3640724,JALVIK SYSTEMS,12,NA,VERTEX,MAINTENANCE,NO_TS_NA,89.88
Robert,Rodgers,OA66824,4073655,LUMEX GROUP,12,EMEA ASIA,STELLAR,REGIE,X8KEDBC61POWSMO,8.04
David,Holmes,HI27179,1696775,ALCOR DIGITAL,12,CONT ASIA,NOVA,SUPPORT,R0J3ABYSEYM1BC6,13.1
David,Holmes,HI27179,1696775,ALCOR DIGITAL,12,CONT,NOVA,SUPPORT,NO_TS_CONT,86.9
Kristina,Johnson,XP62970,8093168,ETHOS TECH,12,MEA MENA,ATLAS,RPS,QO6NS6LW8IWGR4T,8.33
Lori,Wilson,MK48347,3735381,FORVEX DIGITAL,12,EMEA EUROPE,ORBIT,MAINTENANCE,RZHUAY9NGESUYU2,10.71
Lori,Wilson,MK48347,3735381,FORVEX DIGITAL,12,APAC,ORBIT,MAINTENANCE,NO_TS_APAC,89.29
Katherine,Davis,SS46524,9944789,ALCOR GLOBAL,12,MEA EUROPE,ORBIT,RPS,R1V8WZ0UF8VX1WV,7.74
Dennis,Roberts,XG09418,8509617,INOVA GROUP,12,EMEA AFRICA,PULSE,REGIE,A4FV0A0A0LQDOYJ,11.9
Dennis,Roberts,XG09418,8509617,INOVA GROUP,12,MEA,PULSE,REGIE,NO_TS_MEA,88.1
Laura,Miller,XB73692,3084830,ALCOR SOLUTIONS,12,NA EUROPE,NOVA,SUPPORT,415ZC9X7QB7V45W,8.33
Laura,Miller,XB73692,3084830,ALCOR SOLUTIONS,12,LATAM,NOVA,SUPPORT,NO_TS_LATAM,91.67
Suzanne,Green,SR31300,2342831,DELVO DYNAMICS,12,APAC AMERICA,NEXUS,SUPPORT,JCU8IANSEKD4SX5,11.9
Jonathan,Allen,IU49583,2446015,BRYTON SOLUTIONS,12,APAC AMERICA,VERTEX,FORFAIT,PRPKGYWXBCUAU2G,10.71
Jonathan,Allen,IU49583,2446015,BRYTON SOLUTIONS,12,LATAM,VERTEX,FORFAIT,NO_TS_LATAM,89.29
Caitlin,Parker,SS33217,1204623,BRYTON GLOBAL,12,MEA AMERICA,PULSE,RPS,20XWA2UWIWTJGHR,7.29
Caitlin,Parker,SS33217,1204623,BRYTON GLOBAL,12,NA,PULSE,RPS,NO_TS_NA,92.71
Mallory,Gardner,MN62713,6356505,ALCOR TECH,12,LATAM OCEANIA,PHOENIX,SUPPORT,RDXTKO9YR8V601S,7.59
Mallory,Gardner,MN62713,6356505,ALCOR TECH,12,NA,PHOENIX,SUPPORT,NO_TS_NA,92.41
John,Carroll,ZQ03559,7323674,FORVEX GROUP,12,CONT MENA,STELLAR,MAINTENANCE,V5VAJARGJXXKO13,8.04
Erica,Howard,UL56555,4802480,JALVIK VENTURES,12,NA AFRICA,ATLAS,RPS,ETUI8NRQZLC0BLA,6.25
Erica,Howard,UL56555,4802480,JALVIK VENTURES,12,NA,ATLAS,RPS,NO_TS_NA,93.75
Glen,Johnson,SY88401,6643714,BRYTON SOLUTIONS,12,NA AMERICA,NOVA,RPS,OAB7AGGUUF2N0DS,14.29
Glen,Johnson,SY88401,6643714,BRYTON SOLUTIONS,12,CONT,NOVA,RPS,NO_TS_CONT,85.71
Erin,Phelps,ZV10940,9263748,BRYTON SOLUTIONS,12,CONT EUROPE,QUANTUM,REGIE,R0XZSBIVUJIUWOP,7.89
Erin,Phelps,ZV10940,9263748,BRYTON SOLUTIONS,12,NA,QUANTUM,REGIE,NO_TS_NA,92.11
Frank,Lewis,EK82799,3260117,FORVEX GLOBAL,12,CONT MENA,ORBIT,SUPPORT,F4NI9NQX8DPS5FQ,9.82
Frank,Lewis,EK82799,3260117,FORVEX GLOBAL,12,CONT,ORBIT,SUPPORT,NO_TS_CONT,90.18
Joseph,Roy,MP41254,7555842,INOVA TECH,12,APAC AMERICA,VERTEX,SUPPORT,VQY31MJC9KW24UG,7.29
David,Brown,PR29417,5727964,KESTRA DYNAMICS,12,EMEA OCEANIA,VERTEX,FORFAIT,47PYSWSWDVN4KL2,7.74
David,Brown,PR29417,5727964,KESTRA DYNAMICS,12,LATAM,VERTEX,FORFAIT,NO_TS_LATAM,92.26
Susan,Poole,GQ27560,7177280,DELVO DYNAMICS,12,EMEA AMERICA,ATLAS,FORFAIT,WROHYRD1WZ4MDUC,11.31
Susan,Poole,GQ27560,7177280,DELVO DYNAMICS,12,MEA,ATLAS,FORFAIT,NO_TS_MEA,88.69
Pedro,Morrison,KE23897,3179118,HYRION SOLUTIONS,12,LATAM OCEANIA,STELLAR,RPS,9LEH01QGSVCDT1K,11.9
Pedro,Morrison,KE23897,3179118,HYRION SOLUTIONS,12,NA,STELLAR,RPS,NO_TS_NA,88.1
Victoria,Silva,CL88647,9786182,ETHOS VENTURES,12,EMEA AMERICA,NEXUS,FORFAIT,RUVPUCW7UD6PDIS,14.29
Jeremy,Bailey,ZE38956,3224609,INOVA SOLUTIONS,12,APAC OCEANIA,ATLAS,REGIE,HL1ODGOKS1M457H,8.93
William,Peterson,EB44862,9080146,CENVEO CONSULTING,12,NA EUROPE,PULSE,SUPPORT,9OOJ1ACZL7DHR7R,12.5
William,Peterson,EB44862,9080146,CENVEO CONSULTING,12,MEA,PULSE,SUPPORT,NO_TS_MEA,87.5
Melanie,Mckinney,AS31968,1677643,KESTRA SYSTEMS,12,CONT OCEANIA,NEXUS,SUPPORT,9A9WX8NLBLBDVRJ,9.52
Melanie,Mckinney,AS31968,1677643,KESTRA SYSTEMS,12,NA,NEXUS,SUPPORT,NO_TS_NA,90.48
Alan,Diaz,JW86779,9542808,LUMEX GROUP,12,MEA OCEANIA,PHOENIX,RPS,BD5ZHRPY6DCHFM9,10.12
Alan,Diaz,JW86779,9542808,LUMEX GROUP,12,LATAM,PHOENIX,RPS,NO_TS_LATAM,89.88
Brian,Fernandez,BK93868,5503217,KESTRA DIGITAL,12,NA EUROPE,NEXUS,FORFAIT,OUVQE595V1OYYP0,9.52
Brian,Fernandez,BK93868,5503217,KESTRA DIGITAL,12,EMEA,NEXUS,FORFAIT,NO_TS_EMEA,90.48
Travis,Wright,CA63330,5880316,BRYTON DIGITAL,12,APAC EUROPE,QUANTUM,MAINTENANCE,C66014LB9BS28XG,9.52
Travis,Wright,CA63330,5880316,BRYTON DIGITAL,12,EMEA,QUANTUM,MAINTENANCE,NO_TS_EMEA,90.48
Sarah,Smith,NY96014,6822694,FORVEX SYSTEMS,12,EMEA MENA,QUANTUM,REGIE,HAS221KI2YKCHOP,9.52
Jean,Lynn,LY06572,3918368,HYRION DIGITAL,12,CONT AMERICA,ATLAS,RPS,IX6AJWNJ2QSW6ZT,14.29
Jean,Lynn,LY06572,3918368,HYRION DIGITAL,12,CONT,ATLAS,RPS,NO_TS_CONT,85.71
Stanley,Shelton,IB52811,8038235,ALCOR DYNAMICS,12,MEA ASIA,PHOENIX,FORFAIT,VPZLRSFUDQMK9DV,9.52
Stanley,Shelton,IB52811,8038235,ALCOR DYNAMICS,12,EMEA,PHOENIX,FORFAIT,NO_TS_EMEA,90.48
Michael,Harris,LS35415,8239145,LUMEX VENTURES,12,LATAM OCEANIA,PULSE,FORFAIT,TTWW8Z1YA5ZYQNQ,8.33
Michael,Harris,LS35415,8239145,LUMEX VENTURES,12,EMEA,PULSE,FORFAIT,NO_TS_EMEA,91.67
Suzanne,Clark,XU16562,9219283,LUMEX DYNAMICS,12,CONT AFRICA,QUANTUM,REGIE,NV297B6U8H1NK5E,9.52
Suzanne,Clark,XU16562,9219283,LUMEX DYNAMICS,12,APAC,QUANTUM,REGIE,NO_TS_APAC,90.48
Tina,Miller,JA08919,5563291,INOVA TECH,12,MEA AMERICA,VERTEX,FORFAIT,1IIA5YFC4Z5CMJJ,9.82
Tina,Miller,JA08919,5563291,INOVA TECH,12,CONT,VERTEX,FORFAIT,NO_TS_CONT,90.18
Brenda,Vincent,JY89386,4521587,GOLZEN SOLUTIONS,12,EMEA OCEANIA,PULSE,MAINTENANCE,NWYRAZVTFGDHI8P,10.71
Brenda,Vincent,JY89386,4521587,GOLZEN SOLUTIONS,12,MEA,PULSE,MAINTENANCE,NO_TS_MEA,89.29
Carlos,Washington,FC41826,5497205,DELVO DIGITAL,12,EMEA EUROPE,ATLAS,RPS,2FSFLTSQD8PEIE8,12.5
Ian,Gordon,JS53722,3954807,FORVEX SYSTEMS,12,EMEA MENA,ATLAS,SUPPORT,W6K950E4LXDKEHG,9.52
Mario,Simpson,LF63662,6509545,INOVA VENTURES,12,MEA MENA,PULSE,REGIE,2TGQ3ZAOPEGWL4F,7.14
Mario,Simpson,LF63662,6509545,INOVA VENTURES,12,MEA,PULSE,REGIE,NO_TS_MEA,92.86
Joshua,Roberts,OY79014,9879821,DELVO TECH,12,LATAM OCEANIA,ATLAS,FORFAIT,OBSLYYKXC9S22HS,11.9
Joshua,Roberts,OY79014,9879821,DELVO TECH,12,EMEA,ATLAS,FORFAIT,NO_TS_EMEA,88.1
Charles,Webster,SR32685,9286572,DELVO DIGITAL,12,MEA AMERICA,PULSE,SUPPORT,8LACQZAGYQIYKF0,9.52
Charles,Webster,SR32685,9286572,DELVO DIGITAL,12,NA,PULSE,SUPPORT,NO_TS_NA,90.48
Brenda,Anderson,BM69255,5159599,DELVO SYSTEMS,12,LATAM AMERICA,ATLAS,FORFAIT,Y315UB1QX509TMY,11.9
Brenda,Anderson,BM69255,5159599,DELVO SYSTEMS,12,MEA,ATLAS,FORFAIT,NO_TS_MEA,88.1
Ryan,Robinson,ST10276,3077285,JALVIK VENTURES,12,LATAM AFRICA,PHOENIX,RPS,PXLZA2DRIYWAS9H,8.63
Robert,Parker,JZ37454,7245869,GOLZEN SOLUTIONS,12,CONT AFRICA,STELLAR,MAINTENANCE,70RLA157ZS02CYD,11.9
Jeffrey,Strickland,NM05541,3627907,LUMEX GROUP,12,APAC AFRICA,STELLAR,REGIE,MZ6QABBNJH4E5Y2,8.63
Katherine,Fowler,EN27910,6765872,CENVEO DYNAMICS,12,EMEA AMERICA,NOVA,RPS,Y766RGRA6UGF9M5,14.29
Katherine,Fowler,EN27910,6765872,CENVEO DYNAMICS,12,NA,NOVA,RPS,NO_TS_NA,85.71
Lisa,Carter,PB93783,1496404,JALVIK TECH,12,LATAM MENA,VERTEX,RPS,7O79D0H9AB7ZM15,7.29
Lisa,Carter,PB93783,1496404,JALVIK TECH,12,EMEA,VERTEX,RPS,NO_TS_EMEA,92.71
Kimberly,Bell,QU80777,4921966,ETHOS TECH,12,APAC OCEANIA,NOVA,MAINTENANCE,KTJYJ3W0L4ANV03,9.52
Kimberly,Bell,QU80777,4921966,ETHOS TECH,12,EMEA,NOVA,MAINTENANCE,NO_TS_EMEA,90.48
Joseph,Davis,TL43620,8666356,LUMEX TECH,12,NA EUROPE,PULSE,MAINTENANCE,3RSJEE03NRY873E,9.52
Joseph,Davis,TL43620,8666356,LUMEX TECH,12,EMEA,PULSE,MAINTENANCE,NO_TS_EMEA,90.48
David,Hebert,OR08112,9320357,BRYTON SYSTEMS,12,EMEA EUROPE,PULSE,REGIE,THN6KA6P70O7WVJ,14.58
David,Hebert,OR08112,9320357,BRYTON SYSTEMS,12,NA,PULSE,REGIE,NO_TS_NA,85.42
Jeffrey,Johnson,EC87273,2673990,ETHOS CONSULTING,12,EMEA EUROPE,QUANTUM,FORFAIT,HUT2BU386ZELI91,10.12
Jeffrey,Johnson,EC87273,2673990,ETHOS CONSULTING,12,APAC,QUANTUM,FORFAIT,NO_TS_APAC,89.88
Amanda,Tran,MN49769,2937500,ETHOS DYNAMICS,12,MEA OCEANIA,STELLAR,RPS,2QEXL6HORYPJBBK,9.52
Jennifer,Jenkins,UL80208,6934120,ALCOR VENTURES,12,EMEA OCEANIA,NEXUS,FORFAIT,6W2BS4WWB5KYI5H,7.74
Jennifer,Jenkins,UL80208,6934120,ALCOR VENTURES,12,LATAM,NEXUS,FORFAIT,NO_TS_LATAM,92.26
Peter,Clements,AU69566,7376537,LUMEX VENTURES,12,CONT AFRICA,PHOENIX,RPS,O81DONDU5HKNQXS,8.63
Kiara,Ryan,PF44090,9310258,ETHOS VENTURES,12,NA EUROPE,QUANTUM,FORFAIT,TNBWNVTEDSJEO4T,8.33
Timothy,Solis,NN99553,4027526,JALVIK DIGITAL,12,APAC AMERICA,NOVA,MAINTENANCE,AQ2HWSBQ7OYBOML,8.33
Timothy,Solis,NN99553,4027526,JALVIK DIGITAL,12,APAC,NOVA,MAINTENANCE,NO_TS_APAC,91.67
Timothy,Taylor,WH80840,5628064,GOLZEN DYNAMICS,12,EMEA AFRICA,QUANTUM,REGIE,A5B9JLG39EAFE9A,11.9
Laura,Griffith,EJ92829,6729579,ETHOS CONSULTING,12,CONT MENA,STELLAR,FORFAIT,EDPZVUXGS5ZIJ4P,10.42
Laura,Griffith,EJ92829,6729579,ETHOS CONSULTING,12,EMEA,STELLAR,FORFAIT,NO_TS_EMEA,89.58
Heather,Sparks,KU95876,8438220,LUMEX VENTURES,12,APAC MENA,ATLAS,MAINTENANCE,1JXZYMHBDT7MMJG,10.12
Heather,Sparks,KU95876,8438220,LUMEX VENTURES,12,CONT,ATLAS,MAINTENANCE,NO_TS_CONT,89.88
Paul,Lee,JX10944,9378921,ETHOS DYNAMICS,12,NA MENA,PULSE,MAINTENANCE,THEDH3M3X09M4EA,7.74
Carolyn,Delgado,AU70556,9824575,ETHOS TECH,12,CONT ASIA,VERTEX,RPS,SEINJWX8QJ5KM7P,9.52
Carolyn,Delgado,AU70556,9824575,ETHOS TECH,12,MEA,VERTEX,RPS,NO_TS_MEA,90.48
Rebekah,Dean,YH24380,3434162,DELVO CONSULTING,12,CONT OCEANIA,NEXUS,SUPPORT,DUZZV6PC39XOUPL,16.67
Rebekah,Dean,YH24380,3434162,DELVO CONSULTING,12,MEA,NEXUS,SUPPORT,NO_TS_MEA,83.33
Jeanne,Duncan,IX95823,7316032,ALCOR GLOBAL,12,NA ASIA,STELLAR,REGIE,SAYG1397HLITVL9,7.74
Jeanne,Duncan,IX95823,7316032,ALCOR GLOBAL,12,EMEA,STELLAR,REGIE,NO_TS_EMEA,92.26
Jessica,Shaw,TZ60182,7293774,DELVO GROUP,12,NA AMERICA,QUANTUM,MAINTENANCE,22Z9H6FOIGFXQXH,7.74
Jessica,Shaw,TZ60182,7293774,DELVO GROUP,12,NA,QUANTUM,MAINTENANCE,NO_TS_NA,92.26
Maria,Smith,UT93835,9229365,GOLZEN GLOBAL,12,MEA ASIA,VERTEX,REGIE,84L9ZDHXOI2FWMS,10.71
Jennifer,Chen,YL75286,3005989,CENVEO GROUP,12,NA AMERICA,QUANTUM,SUPPORT,627MAHGZ43E2FDL,8.93
Jennifer,Chen,YL75286,3005989,CENVEO GROUP,12,APAC,QUANTUM,SUPPORT,NO_TS_APAC,91.07
Lori,Proctor,NT76973,8374413,ETHOS CONSULTING,12,MEA ASIA,NEXUS,MAINTENANCE,Q6L6UVXS429DCJD,11.9
Lori,Proctor,NT76973,8374413,ETHOS CONSULTING,12,EMEA,NEXUS,MAINTENANCE,NO_TS_EMEA,88.1
Emily,King,DK54252,6520795,INOVA SYSTEMS,12,LATAM EUROPE,QUANTUM,RPS,7WYS84FE5GSJJOW,9.52
Emily,King,DK54252,6520795,INOVA SYSTEMS,12,CONT,QUANTUM,RPS,NO_TS_CONT,90.48
Lori,Rodriguez,DT87284,7476611,KESTRA CONSULTING,12,NA ASIA,STELLAR,REGIE,J5QLK3GXGZW9QLU,9.97
Lori,Rodriguez,DT87284,7476611,KESTRA CONSULTING,12,MEA,STELLAR,REGIE,NO_TS_MEA,90.03
Sarah,Mclean,QD84212,3748218,ETHOS TECH,12,LATAM AFRICA,STELLAR,FORFAIT,VWL4J8L8EJ2RM90,11.9
Sarah,Mclean,QD84212,3748218,ETHOS TECH,12,EMEA,STELLAR,FORFAIT,NO_TS_EMEA,88.1
Jill,Anderson,CC57865,4844438,JALVIK SOLUTIONS,12,MEA EUROPE,PHOENIX,FORFAIT,SQUMZMW6XA5KFD1,6.25
Nicole,Scott,SN90321,3873371,FORVEX VENTURES,12,MEA MENA,NEXUS,MAINTENANCE,P136HS1O5PY8JGQ,10.68
Nicole,Scott,SN90321,3873371,FORVEX VENTURES,12,EMEA,NEXUS,MAINTENANCE,NO_TS_EMEA,89.32
Terry,Mendez,SF73856,4605657,CENVEO DYNAMICS,12,LATAM AFRICA,ORBIT,REGIE,UMDHOCO70G0M4QX,9.52
Brittany,Gentry,JS02151,4458001,FORVEX DYNAMICS,12,NA AMERICA,QUANTUM,FORFAIT,G71XX7FDYJ9P814,10.71
David,Grimes,KH17662,4362556,LUMEX CONSULTING,12,MEA ASIA,ATLAS,SUPPORT,P3FVB7D4XCWBXK1,8.78
Michelle,Ramsey,JO63769,7763166,FORVEX GROUP,12,MEA MENA,ATLAS,MAINTENANCE,GWLPKMQGHVP11WV,10.57
Michelle,Ramsey,JO63769,7763166,FORVEX GROUP,12,EMEA,ATLAS,MAINTENANCE,NO_TS_EMEA,89.43
Susan,Cole,OL60651,3947671,ETHOS SYSTEMS,12,NA MENA,STELLAR,SUPPORT,62SSXQ766T2GW4A,9.52
Susan,Cole,OL60651,3947671,ETHOS SYSTEMS,12,EMEA,STELLAR,SUPPORT,NO_TS_EMEA,90.48
Doris,Ramirez,MN67557,9753829,FORVEX VENTURES,12,NA ASIA,ORBIT,REGIE,67JMPRMA4Z8GYPF,9.52
Doris,Ramirez,MN67557,9753829,FORVEX VENTURES,12,CONT,ORBIT,REGIE,NO_TS_CONT,90.48
Jerry,Hernandez,WK50641,4674687,INOVA SYSTEMS,12,MEA ASIA,NEXUS,FORFAIT,2T3Z1ECEG2FCV9T,10.71
Jerry,Hernandez,WK50641,4674687,INOVA SYSTEMS,12,MEA,NEXUS,FORFAIT,NO_TS_MEA,89.29
Jordan,Marsh,PC71640,7272575,BRYTON SYSTEMS,12,CONT ASIA,STELLAR,SUPPORT,WYQBXFIJT4M1SNI,9.52
Jordan,Marsh,PC71640,7272575,BRYTON SYSTEMS,12,MEA,STELLAR,SUPPORT,NO_TS_MEA,90.48
Stephen,Hall,CR76268,3617503,BRYTON GROUP,12,EMEA ASIA,STELLAR,SUPPORT,QUGJUAI530X7YLF,11.9
Stephen,Hall,CR76268,3617503,BRYTON GROUP,12,EMEA,STELLAR,SUPPORT,NO_TS_EMEA,88.1
Michael,Williams,JB59840,6195085,LUMEX GLOBAL,12,MEA AFRICA,PULSE,MAINTENANCE,D579EUHYBSJ90M8,10.71
Michael,Williams,JB59840,6195085,LUMEX GLOBAL,12,NA,PULSE,MAINTENANCE,NO_TS_NA,89.29
Ashley,Hobbs,ZF58644,5330805,ETHOS DYNAMICS,12,LATAM OCEANIA,PHOENIX,RPS,7FO71YNDBZG5D5E,7.29
Ashley,Hobbs,ZF58644,5330805,ETHOS DYNAMICS,12,NA,PHOENIX,RPS,NO_TS_NA,92.71
Matthew,Daniels,VA70415,7985575,BRYTON CONSULTING,12,EMEA OCEANIA,ORBIT,SUPPORT,7T2CV6L40GGP9HR,9.82
Matthew,Daniels,VA70415,7985575,BRYTON CONSULTING,12,CONT,ORBIT,SUPPORT,NO_TS_CONT,90.18
Thomas,Hardin,LC62791,2199658,ETHOS SYSTEMS,12,LATAM MENA,VERTEX,MAINTENANCE,QVIZK906YTWAK5O,12.8
Thomas,Hardin,LC62791,2199658,ETHOS SYSTEMS,12,EMEA,VERTEX,MAINTENANCE,NO_TS_EMEA,87.2
Amy,Gibson,RU33987,1908874,GOLZEN GROUP,12,EMEA MENA,NEXUS,FORFAIT,6HIR4XPAXF01XDJ,7.59
Amy,Gibson,RU33987,1908874,GOLZEN GROUP,12,CONT,NEXUS,FORFAIT,NO_TS_CONT,92.41
David,Hale,LD20247,3069630,JALVIK DYNAMICS,12,MEA MENA,VERTEX,SUPPORT,R4EC5W3G31E4I8B,7.59
Patrick,Briggs,AS28385,2237226,HYRION TECH,12,LATAM ASIA,VERTEX,SUPPORT,JEPXMBPA81FL3WV,14.29
Joseph,Grimes,LE04325,6597014,ALCOR DIGITAL,12,LATAM AFRICA,VERTEX,FORFAIT,2M01ZPEQCPMP9M0,11.9
Joseph,Grimes,LE04325,6597014,ALCOR DIGITAL,12,EMEA,VERTEX,FORFAIT,NO_TS_EMEA,88.1
Jeffrey,Cherry,HU25528,3951742,DELVO TECH,12,EMEA ASIA,PHOENIX,REGIE,Q8IUEI1HFKZL5LV,8.33
Erika,Wyatt,VL61080,6782780,GOLZEN GLOBAL,12,MEA AFRICA,NEXUS,REGIE,U7QLP7JJLN1JSQ5,9.52
Erika,Wyatt,VL61080,6782780,GOLZEN GLOBAL,12,NA,NEXUS,REGIE,NO_TS_NA,90.48
James,Bird,IZ11259,4043373,GOLZEN DIGITAL,12,NA ASIA,ATLAS,MAINTENANCE,345IJ7C0J4T6W7Z,7.14
Adam,Cardenas,TT11162,8413971,JALVIK SYSTEMS,12,CONT EUROPE,ATLAS,SUPPORT,4PBXYWSPS0PWM9W,10.57
Margaret,Sandoval,LA09839,3821779,INOVA SOLUTIONS,12,MEA AMERICA,VERTEX,RPS,3KKWNESSYJLP2F9,10.71
Margaret,Sandoval,LA09839,3821779,INOVA SOLUTIONS,12,LATAM,VERTEX,RPS,NO_TS_LATAM,89.29
David,Reyes,VH90288,6151735,LUMEX SYSTEMS,12,MEA OCEANIA,NOVA,REGIE,GE9ST3Z7790SUAL,11.9
David,Reyes,VH90288,6151735,LUMEX SYSTEMS,12,LATAM,NOVA,REGIE,NO_TS_LATAM,88.1
Craig,Dixon,MF33832,1061611,DELVO TECH,12,APAC ASIA,STELLAR,RPS,X2ZPRH6GQ43YUBP,9.52
Craig,Dixon,MF33832,1061611,DELVO TECH,12,MEA,STELLAR,RPS,NO_TS_MEA,90.48
Robert,Jones,LY29212,6569762,KESTRA DYNAMICS,12,EMEA OCEANIA,ORBIT,MAINTENANCE,OFYS467CFAUJTWW,8.48
Robert,Jones,LY29212,6569762,KESTRA DYNAMICS,12,NA,ORBIT,MAINTENANCE,NO_TS_NA,91.52
Julie,Thompson,NX47339,7864250,HYRION TECH,12,APAC EUROPE,PULSE,FORFAIT,CKQ6R53FXS30QWR,9.52
Julie,Thompson,NX47339,7864250,HYRION TECH,12,NA,PULSE,FORFAIT,NO_TS_NA,90.48
Alfred,Shannon,LY20876,1509410,ETHOS TECH,12,EMEA MENA,QUANTUM,REGIE,CYL2C86EPETKJLJ,9.52
Alfred,Shannon,LY20876,1509410,ETHOS TECH,12,LATAM,QUANTUM,REGIE,NO_TS_LATAM,90.48
Michael,Gentry,ES99921,1559737,FORVEX SYSTEMS,12,LATAM MENA,PHOENIX,MAINTENANCE,0T525JSAADLJPYS,9.52
Michael,Gentry,ES99921,1559737,FORVEX SYSTEMS,12,LATAM,PHOENIX,MAINTENANCE,NO_TS_LATAM,90.48
Willie,Cruz,WD01079,4941823,HYRION SYSTEMS,12,EMEA MENA,NOVA,FORFAIT,2W44XFG3OQGC04G,9.52
David,Baker,ZD18702,5281927,HYRION SOLUTIONS,12,APAC MENA,PULSE,RPS,3538C0ZXIPSBUPX,8.93
David,Baker,ZD18702,5281927,HYRION SOLUTIONS,12,NA,PULSE,RPS,NO_TS_NA,91.07
Carol,Meyer,SO90057,6786647,FORVEX TECH,12,MEA MENA,ORBIT,RPS,HQXQT1GJWUCKTUQ,10.71
Carol,Meyer,SO90057,6786647,FORVEX TECH,12,APAC,ORBIT,RPS,NO_TS_APAC,89.29
Robert,Martinez,UR82477,6963820,BRYTON GROUP,12,APAC AFRICA,ORBIT,MAINTENANCE,98WBR3OM9W1W5FV,6.25
Raymond,Long,TO67287,6949751,LUMEX VENTURES,12,CONT ASIA,VERTEX,FORFAIT,XBC6EJK55GQ8RZZ,37.5
Michelle,Arnold,YC31152,7997658,FORVEX DIGITAL,12,NA MENA,PHOENIX,SUPPORT,20D7F6Q1HUTJQZQ,9.23
Michelle,Arnold,YC31152,7997658,FORVEX DIGITAL,12,NA,PHOENIX,SUPPORT,NO_TS_NA,90.77
Michael,Williams,PF81091,7656158,BRYTON DYNAMICS,12,LATAM EUROPE,VERTEX,FORFAIT,LDUUKKYM1XULIPS,11.9
Michael,Williams,PF81091,7656158,BRYTON DYNAMICS,12,MEA,VERTEX,FORFAIT,NO_TS_MEA,88.1
Sara,Scott,PK18104,1599892,HYRION SOLUTIONS,12,MEA OCEANIA,STELLAR,MAINTENANCE,NEMMMSJ54RYRDG0,14.29
Sara,Scott,PK18104,1599892,HYRION SOLUTIONS,12,CONT,STELLAR,MAINTENANCE,NO_TS_CONT,85.71
Danielle,Ortega,OC51625,4358474,GOLZEN SOLUTIONS,12,APAC AMERICA,ATLAS,RPS,HVINYXTX4361S17,11.9
Danielle,Ortega,OC51625,4358474,GOLZEN SOLUTIONS,12,MEA,ATLAS,RPS,NO_TS_MEA,88.1
Keith,Griffin,GL29863,8661960,CENVEO DIGITAL,12,LATAM EUROPE,PHOENIX,REGIE,NAZ8UU2GRZ39EQ1,8.48
Joanna,Brown,EL71395,9739997,ALCOR GROUP,12,MEA OCEANIA,STELLAR,MAINTENANCE,CS4APX789ME3AH5,11.9
Katelyn,Gallagher,UR40636,1141245,HYRION TECH,12,MEA OCEANIA,QUANTUM,REGIE,N5S7FAR5XUFRU5P,13.1
Katelyn,Gallagher,UR40636,1141245,HYRION TECH,12,NA,QUANTUM,REGIE,NO_TS_NA,86.9
Sharon,Larson,QX82979,6612210,CENVEO VENTURES,12,LATAM AFRICA,NEXUS,FORFAIT,ROF7YJBYPIYA2TE,9.52
Sharon,Larson,QX82979,6612210,CENVEO VENTURES,12,EMEA,NEXUS,FORFAIT,NO_TS_EMEA,90.48
Amber,Barnes,GU00212,4686062,INOVA SOLUTIONS,12,NA AMERICA,VERTEX,SUPPORT,GMN0ESSFABO9C9Y,9.97
Vicki,Walker,UQ32781,9063206,ALCOR SYSTEMS,12,MEA AFRICA,ATLAS,RPS,K4X7NZU7GW3WC4I,9.82
Vicki,Walker,UQ32781,9063206,ALCOR SYSTEMS,12,LATAM,ATLAS,RPS,NO_TS_LATAM,90.18
Matthew,Owens,ZB56506,8155754,FORVEX GLOBAL,12,CONT ASIA,QUANTUM,REGIE,AF11MOFR8Y2S4Z6,11.9
Brian,Jones,HO05199,2579835,ETHOS TECH,12,MEA OCEANIA,NOVA,REGIE,XPPY14M03KPE40Y,11.9
Brian,Jones,HO05199,2579835,ETHOS TECH,12,EMEA,NOVA,REGIE,NO_TS_EMEA,88.1
Joseph,Williams,LL62051,5343143,ETHOS TECH,12,NA MENA,VERTEX,REGIE,9MWF6Y6E8IRN304,9.52
Joseph,Williams,LL62051,5343143,ETHOS TECH,12,APAC,VERTEX,REGIE,NO_TS_APAC,90.48
Larry,Shaffer,HH10586,4937979,CENVEO GROUP,12,LATAM ASIA,NOVA,MAINTENANCE,A6GFRLMBHH98LJV,11.9
Larry,Shaffer,HH10586,4937979,CENVEO GROUP,12,MEA,NOVA,MAINTENANCE,NO_TS_MEA,88.1
Haley,Allen,CO07360,3138869,ETHOS GROUP,12,APAC EUROPE,PULSE,RPS,QICQ21CK4PYYJ4G,7.74
Margaret,Berg,TN28579,3630938,JALVIK DIGITAL,12,LATAM EUROPE,NEXUS,FORFAIT,J2UMAYCS1UQ5AMH,14.29
David,Blair,AS36758,4310604,HYRION SOLUTIONS,12,CONT OCEANIA,QUANTUM,RPS,XM0IZXT195GDNV0,9.52
David,Blair,AS36758,4310604,HYRION SOLUTIONS,12,CONT,QUANTUM,RPS,NO_TS_CONT,90.48
Amber,Stone,CO86175,5023006,HYRION GROUP,12,MEA EUROPE,ATLAS,RPS,VIWM3Y8H68VR3D0,11.9
Kimberly,Yu,TS48935,5431571,ALCOR CONSULTING,12,EMEA ASIA,QUANTUM,SUPPORT,WK31M5UWCOCNSJU,11.31
Kimberly,Yu,TS48935,5431571,ALCOR CONSULTING,12,MEA,QUANTUM,SUPPORT,NO_TS_MEA,88.69
Elizabeth,Owen,CK85173,3597721,ETHOS TECH,12,LATAM ASIA,PULSE,REGIE,MOFI080CIXCY9YT,5.95
Elizabeth,Owen,CK85173,3597721,ETHOS TECH,12,MEA,PULSE,REGIE,NO_TS_MEA,94.05
Gabriel,Davies,TG45920,9305233,ETHOS CONSULTING,12,CONT MENA,ATLAS,RPS,WAXFNXQ07ZJ38XH,11.9
Gabriel,Davies,TG45920,9305233,ETHOS CONSULTING,12,EMEA,ATLAS,RPS,NO_TS_EMEA,88.1
Rickey,Vincent,OQ26671,8434913,ALCOR GLOBAL,12,CONT AFRICA,VERTEX,REGIE,0PL171YNMPBA6N0,9.82
Maria,Harris,SO86883,1213501,INOVA SOLUTIONS,12,NA EUROPE,VERTEX,SUPPORT,059V7XGSRBKNCXB,13.69
Maria,Harris,SO86883,1213501,INOVA SOLUTIONS,12,LATAM,VERTEX,SUPPORT,NO_TS_LATAM,86.31
Lindsey,Montgomery,LN26873,3541149,FORVEX DIGITAL,12,APAC AMERICA,ORBIT,FORFAIT,4EAOM4679IMY3RB,9.52
Lindsey,Montgomery,LN26873,3541149,FORVEX DIGITAL,12,LATAM,ORBIT,FORFAIT,NO_TS_LATAM,90.48
Tiffany,Higgins,UN30286,2629550,ETHOS CONSULTING,12,LATAM EUROPE,ORBIT,FORFAIT,VNCRY6S2BZY8LQ0,8.63
Robert,Moore,BA61035,8268814,INOVA GROUP,12,NA OCEANIA,NOVA,SUPPORT,6C73ZDAW8OXRPTC,9.52
Robert,Moore,BA61035,8268814,INOVA GROUP,12,EMEA,NOVA,SUPPORT,NO_TS_EMEA,90.48
Diana,Martin,XQ94518,7069202,ALCOR GLOBAL,12,LATAM MENA,STELLAR,RPS,UGJV9KCOGV23YJF,7.89
Diana,Martin,XQ94518,7069202,ALCOR GLOBAL,12,APAC,STELLAR,RPS,NO_TS_APAC,92.11
Juan,Peterson,TK29584,3770936,KESTRA SOLUTIONS,12,MEA AFRICA,VERTEX,SUPPORT,GOUFNDSR36J137O,14.29
Daniel,Carpenter,HV46928,1846600,ALCOR GROUP,12,NA OCEANIA,STELLAR,FORFAIT,A3Q5FO9BANA0O5U,7.59
Brianna,Mendez,VJ41955,2721040,INOVA SYSTEMS,12,CONT EUROPE,ORBIT,REGIE,3X79847UU61AN5A,10.12
Brianna,Mendez,VJ41955,2721040,INOVA SYSTEMS,12,MEA,ORBIT,REGIE,NO_TS_MEA,89.88
Samantha,Hubbard,II27052,7424335,ETHOS GLOBAL,12,APAC AMERICA,ORBIT,MAINTENANCE,P8GYBRW2X4AW2WC,9.52
Mark,Brown,RE02227,7474355,BRYTON SYSTEMS,12,MEA MENA,ORBIT,RPS,VJNKXCSTUFLNN38,9.52
James,Clark,LF68469,1401565,DELVO GROUP,12,LATAM OCEANIA,NOVA,SUPPORT,KVDEYDOZMW8SH7I,11.9
Eric,Hughes,LD77766,9769105,LUMEX SOLUTIONS,12,CONT MENA,PULSE,REGIE,9MMEVHFEWKBK9BP,8.04
Sarah,Holmes,PQ09951,8339675,INOVA DIGITAL,12,EMEA AFRICA,VERTEX,REGIE,LFNQMYGANWHUHJI,8.33
David,Cox,CB96202,5189950,BRYTON DYNAMICS,12,CONT MENA,NEXUS,REGIE,8B6N4NABVIWP60O,7.29
Jordan,Scott,UR20174,1523294,ALCOR SYSTEMS,12,NA OCEANIA,ORBIT,RPS,4DY3VKP0HUE8D0T,10.71
Jordan,Scott,UR20174,1523294,ALCOR SYSTEMS,12,MEA,ORBIT,RPS,NO_TS_MEA,89.29
Stephanie,Wise,SF46322,4721001,GOLZEN VENTURES,12,NA ASIA,VERTEX,REGIE,C7J7VU11AC10JCO,9.52
Stephanie,Wise,SF46322,4721001,GOLZEN VENTURES,12,APAC,VERTEX,REGIE,NO_TS_APAC,90.48
Justin,Scott,HW93992,6102309,KESTRA DYNAMICS,12,NA AFRICA,PULSE,RPS,1OTKBCKG152GNFA,9.67
Jasmine,Ford,ET83992,1448257,KESTRA SYSTEMS,12,CONT MENA,QUANTUM,SUPPORT,SCYA1QZCEIN9USM,9.23
Jasmine,Ford,ET83992,1448257,KESTRA SYSTEMS,12,APAC,QUANTUM,SUPPORT,NO_TS_APAC,90.77
Wendy,Warren,LJ69484,7249096,CENVEO SYSTEMS,12,EMEA AFRICA,PHOENIX,SUPPORT,I39FYUZPESE8NXV,11.9
Wendy,Warren,LJ69484,7249096,CENVEO SYSTEMS,12,MEA,PHOENIX,SUPPORT,NO_TS_MEA,88.1
Jason,Young,EG06715,2451424,JALVIK DIGITAL,12,NA AFRICA,PULSE,FORFAIT,ZA8X5OOM6S2D9TD,9.52
Jason,Young,EG06715,2451424,JALVIK DIGITAL,12,LATAM,PULSE,FORFAIT,NO_TS_LATAM,90.48
Jack,Silva,PH25531,8588750,INOVA CONSULTING,12,CONT ASIA,QUANTUM,SUPPORT,2OB3VG9LBYERZ0O,6.55
Jack,Silva,PH25531,8588750,INOVA CONSULTING,12,CONT,QUANTUM,SUPPORT,NO_TS_CONT,93.45
Jeremy,Gardner,GE86486,7274256,JALVIK CONSULTING,12,NA ASIA,ATLAS,REGIE,X7XADWMPV7RL2EV,9.52
Christopher,Kelly,ME10269,3924028,GOLZEN DYNAMICS,12,APAC AFRICA,QUANTUM,REGIE,RMCUFX0YLQIP60G,9.52
Christopher,Kelly,ME10269,3924028,GOLZEN DYNAMICS,12,CONT,QUANTUM,REGIE,NO_TS_CONT,90.48
Nicholas,Morse,MK70999,5082822,ETHOS SOLUTIONS,12,CONT MENA,STELLAR,REGIE,TOSE2LJQBTEIZJA,6.1
Nicholas,Morse,MK70999,5082822,ETHOS SOLUTIONS,12,EMEA,STELLAR,REGIE,NO_TS_EMEA,93.9
Courtney,Thomas,HS39928,2859720,CENVEO DIGITAL,12,NA MENA,VERTEX,REGIE,W7Y2OHEMDXP54UQ,11.9
Michele,Richardson,YR76389,7990508,ETHOS CONSULTING,12,APAC MENA,QUANTUM,RPS,WQWLG85OZT27CYD,10.71
James,Miller,JV76452,9261934,GOLZEN SOLUTIONS,12,CONT ASIA,STELLAR,MAINTENANCE,QID7FSGK0QZHRK2,8.93
James,Miller,JV76452,9261934,GOLZEN SOLUTIONS,12,NA,STELLAR,MAINTENANCE,NO_TS_NA,91.07
Tony,Jenkins,DT51219,7192959,ETHOS VENTURES,12,CONT EUROPE,PULSE,MAINTENANCE,IUSW4GJDKJJVD8H,14.29
Tony,Jenkins,DT51219,7192959,ETHOS VENTURES,12,MEA,PULSE,MAINTENANCE,NO_TS_MEA,85.71
Stephen,Zimmerman,XZ42915,3903004,JALVIK CONSULTING,12,NA ASIA,ATLAS,FORFAIT,BN0N1DEFDPBWQWH,9.67
Stephen,Zimmerman,XZ42915,3903004,JALVIK CONSULTING,12,NA,ATLAS,FORFAIT,NO_TS_NA,90.33
Jennifer,Richardson,BC68598,1854949,LUMEX GROUP,12,LATAM EUROPE,NOVA,REGIE,8JS45XO00W9CW8N,9.52
Jennifer,Richardson,BC68598,1854949,LUMEX GROUP,12,APAC,NOVA,REGIE,NO_TS_APAC,90.48
Marcus,Small,FU18543,1703193,INOVA SOLUTIONS,12,LATAM AFRICA,ATLAS,FORFAIT,UAQNKQM9V61T6R6,9.82
George,Evans,CC63537,2500880,GOLZEN DYNAMICS,12,LATAM OCEANIA,PHOENIX,MAINTENANCE,WJ365M3MZD71TBT,7.29
George,Evans,CC63537,2500880,GOLZEN DYNAMICS,12,MEA,PHOENIX,MAINTENANCE,NO_TS_MEA,92.71
Corey,Rhodes,UO13140,1480413,LUMEX DYNAMICS,12,NA ASIA,STELLAR,RPS,0U8N30NOWKV0JBE,11.61
Corey,Rhodes,UO13140,1480413,LUMEX DYNAMICS,12,LATAM,STELLAR,RPS,NO_TS_LATAM,88.39
Joseph,Reed,LJ95728,3085339,INOVA GLOBAL,12,EMEA OCEANIA,STELLAR,REGIE,T92EZN07NJ3XTAI,9.52
Joseph,Reed,LJ95728,3085339,INOVA GLOBAL,12,CONT,STELLAR,REGIE,NO_TS_CONT,90.48
James,Durham,UV28610,8308204,CENVEO CONSULTING,12,APAC EUROPE,PULSE,SUPPORT,VV624S38LPRG2IA,9.52
James,Durham,UV28610,8308204,CENVEO CONSULTING,12,CONT,PULSE,SUPPORT,NO_TS_CONT,90.48
Linda,Hernandez,YU30811,1726149,LUMEX TECH,12,CONT OCEANIA,STELLAR,RPS,0POGWDFYWQ8KLV3,9.52
Thomas,Holmes,EP17095,1250665,BRYTON GLOBAL,12,APAC OCEANIA,PHOENIX,MAINTENANCE,OSKSCBB1VFB68UM,11.9
Thomas,Holmes,EP17095,1250665,BRYTON GLOBAL,12,LATAM,PHOENIX,MAINTENANCE,NO_TS_LATAM,88.1
Jessica,West,ZT09420,4915544,KESTRA VENTURES,12,LATAM MENA,QUANTUM,FORFAIT,OKWH3181IZC3UPV,11.9
Ruth,Walker,JL56570,3887261,LUMEX TECH,12,APAC MENA,ATLAS,SUPPORT,FNIY3IYSLNZME9W,5.95
Ruth,Walker,JL56570,3887261,LUMEX TECH,12,LATAM,ATLAS,SUPPORT,NO_TS_LATAM,94.05
Cheyenne,Bailey,GN15713,6007091,LUMEX VENTURES,12,NA MENA,STELLAR,FORFAIT,ZLONRCTGYNZC0F3,8.93
Austin,Lowery,XI77763,4837560,FORVEX SYSTEMS,12,MEA AFRICA,STELLAR,SUPPORT,0CKFPZXASNSTT31,13.1
Melissa,White,ED66584,5826162,JALVIK GROUP,12,EMEA AMERICA,PULSE,FORFAIT,JN7LDGHQT8PLCIJ,11.9
Melissa,White,ED66584,5826162,JALVIK GROUP,12,CONT,PULSE,FORFAIT,NO_TS_CONT,88.1
Vincent,Newman,ZC84831,8176530,GOLZEN GLOBAL,12,APAC MENA,PULSE,SUPPORT,O4QZ8UA3DQDML61,9.52
Vincent,Newman,ZC84831,8176530,GOLZEN GLOBAL,12,NA,PULSE,SUPPORT,NO_TS_NA,90.48
Mason,Stewart,EA52463,4596836,LUMEX GLOBAL,12,EMEA ASIA,PHOENIX,RPS,9Z9UEU03PIC1WF0,9.52
Mason,Stewart,EA52463,4596836,LUMEX GLOBAL,12,EMEA,PHOENIX,RPS,NO_TS_EMEA,90.48
Brenda,Hayden,YP12249,5722538,ETHOS CONSULTING,12,LATAM OCEANIA,PHOENIX,REGIE,AAH5H0GJMISAHA9,9.52
Brenda,Hayden,YP12249,5722538,ETHOS CONSULTING,12,LATAM,PHOENIX,REGIE,NO_TS_LATAM,90.48
Christine,Johnson,EM25660,9434174,CENVEO GLOBAL,12,LATAM EUROPE,NOVA,REGIE,3PVYVQV9B4R1UFX,8.33
Christine,Johnson,EM25660,9434174,CENVEO GLOBAL,12,LATAM,NOVA,REGIE,NO_TS_LATAM,91.67
Barbara,Boyd,DC02883,5105526,LUMEX DYNAMICS,12,APAC MENA,QUANTUM,RPS,G5VQ039RA0CUEIV,6.25
Barbara,Boyd,DC02883,5105526,LUMEX DYNAMICS,12,MEA,QUANTUM,RPS,NO_TS_MEA,93.75
Brandi,Newton,AL59005,9247457,HYRION DYNAMICS,12,APAC ASIA,ATLAS,REGIE,YF9CUD281PZ2MMN,9.52
Brandi,Newton,AL59005,9247457,HYRION DYNAMICS,12,CONT,ATLAS,REGIE,NO_TS_CONT,90.48
Lawrence,Carr,UO81268,5756995,CENVEO TECH,12,CONT AFRICA,NEXUS,REGIE,T4ALFH50CH4342G,9.52
Lawrence,Carr,UO81268,5756995,CENVEO TECH,12,MEA,NEXUS,REGIE,NO_TS_MEA,90.48
Evan,Miller,FQ21663,5674331,CENVEO SYSTEMS,12,APAC AFRICA,NOVA,RPS,XFOZ8JVK24QI6PP,9.52
Evan,Miller,FQ21663,5674331,CENVEO SYSTEMS,12,CONT,NOVA,RPS,NO_TS_CONT,90.48
Kathryn,Stein,TC17773,9274333,INOVA SOLUTIONS,12,APAC EUROPE,NEXUS,REGIE,O5A1KZH551RLUMD,7.74
Nicole,Mcdonald,HI16550,1428501,JALVIK SYSTEMS,12,APAC MENA,ORBIT,REGIE,FFQU4NFQAGRYZEL,5.36
Nicole,Mcdonald,HI16550,1428501,JALVIK SYSTEMS,12,LATAM,ORBIT,REGIE,NO_TS_LATAM,94.64
David,Meza,MR13060,1301471,LUMEX DYNAMICS,12,NA ASIA,ATLAS,RPS,73E2HR2F5CU4VTC,14.29
David,Meza,MR13060,1301471,LUMEX DYNAMICS,12,APAC,ATLAS,RPS,NO_TS_APAC,85.71
Cynthia,Tran,RF79820,2592195,DELVO TECH,12,LATAM AMERICA,NOVA,SUPPORT,7PF0WOZMFMBSNE4,4.76
Cynthia,Tran,RF79820,2592195,DELVO TECH,12,CONT,NOVA,SUPPORT,NO_TS_CONT,95.24
Lisa,Diaz,NX21108,5625272,LUMEX GROUP,12,CONT EUROPE,ORBIT,REGIE,X92Z6MTNCHR9VB4,11.9
Lisa,Diaz,NX21108,5625272,LUMEX GROUP,12,LATAM,ORBIT,REGIE,NO_TS_LATAM,88.1
Peter,Mclaughlin,KH06868,8312718,KESTRA CONSULTING,12,MEA OCEANIA,QUANTUM,SUPPORT,GKUTCKNV20FNES5,8.04
Peter,Mclaughlin,KH06868,8312718,KESTRA CONSULTING,12,NA,QUANTUM,SUPPORT,NO_TS_NA,91.96
Pamela,Smith,MA57291,8264173,HYRION DIGITAL,12,EMEA OCEANIA,PHOENIX,RPS,IGDSPFG36SXPMIO,9.52
Pamela,Smith,MA57291,8264173,HYRION DIGITAL,12,NA,PHOENIX,RPS,NO_TS_NA,90.48
Kathryn,Garza,QL66834,9396984,CENVEO SOLUTIONS,12,NA AMERICA,ATLAS,MAINTENANCE,BOKO7IO9DRG1PH5,9.52
Linda,Snyder,VF57778,9547354,CENVEO DIGITAL,12,NA EUROPE,PHOENIX,RPS,C2CBMSDCDDRJHBB,9.64
Linda,Snyder,VF57778,9547354,CENVEO DIGITAL,12,CONT,PHOENIX,RPS,NO_TS_CONT,90.36
Michael,Flores,ZG30707,2061839,ALCOR SYSTEMS,12,EMEA AFRICA,ATLAS,SUPPORT,GIEA9O7ECZQ2KI3,11.31
Michael,Flores,ZG30707,2061839,ALCOR SYSTEMS,12,LATAM,ATLAS,SUPPORT,NO_TS_LATAM,88.69
Vanessa,Davidson,HJ49658,7839511,JALVIK VENTURES,12,EMEA ASIA,ORBIT,MAINTENANCE,AQMGF3LOK56SDU6,9.52
Vanessa,Davidson,HJ49658,7839511,JALVIK VENTURES,12,MEA,ORBIT,MAINTENANCE,NO_TS_MEA,90.48
Jose,Thompson,XL82607,7642255,DELVO GLOBAL,12,EMEA AMERICA,QUANTUM,RPS,0UQ64QFW4BZ91LS,9.82
Jose,Thompson,XL82607,7642255,DELVO GLOBAL,12,LATAM,QUANTUM,RPS,NO_TS_LATAM,90.18
Jennifer,Soto,XY20481,3756790,HYRION TECH,12,MEA AFRICA,NOVA,MAINTENANCE,PEWXNKVYKJYF3YQ,9.52
Samantha,Goodwin,KF50466,8594197,DELVO DYNAMICS,12,MEA ASIA,PHOENIX,MAINTENANCE,PZHWTTANH4QVHT0,11.9
Samantha,Goodwin,KF50466,8594197,DELVO DYNAMICS,12,CONT,PHOENIX,MAINTENANCE,NO_TS_CONT,88.1
Claudia,Johnson,HA06950,9973196,FORVEX DYNAMICS,12,CONT OCEANIA,QUANTUM,SUPPORT,NGV4HL775SO58B8,9.82
Claudia,Johnson,HA06950,9973196,FORVEX DYNAMICS,12,MEA,QUANTUM,SUPPORT,NO_TS_MEA,90.18
Robert,Dunn,OD31843,6345920,BRYTON GROUP,12,LATAM EUROPE,NOVA,SUPPORT,2JLJBCMFR08BDY7,6.25
Robert,Dunn,OD31843,6345920,BRYTON GROUP,12,APAC,NOVA,SUPPORT,NO_TS_APAC,93.75
James,Perez,XR35527,9162703,HYRION DIGITAL,12,EMEA AMERICA,ORBIT,FORFAIT,GVAB2D4Z7BAP71V,10.71
James,Perez,XR35527,9162703,HYRION DIGITAL,12,LATAM,ORBIT,FORFAIT,NO_TS_LATAM,89.29
Lisa,Crane,YT88859,2045902,JALVIK SOLUTIONS,12,EMEA AFRICA,ORBIT,RPS,FAI7DIH68EEE5QN,9.52
Lisa,Crane,YT88859,2045902,JALVIK SOLUTIONS,12,LATAM,ORBIT,RPS,NO_TS_LATAM,90.48
Gregory,Lester,CC40874,4569216,CENVEO GROUP,12,APAC AMERICA,VERTEX,SUPPORT,Y0NKZCAK7JP59IT,9.52
Kristie,Moran,QG18452,1750981,GOLZEN GLOBAL,12,LATAM AFRICA,ATLAS,MAINTENANCE,718ZXZXVMAA5M70,8.33
Kristie,Moran,QG18452,1750981,GOLZEN GLOBAL,12,MEA,ATLAS,MAINTENANCE,NO_TS_MEA,91.67
Adrian,Hensley,HF49983,9525353,DELVO DIGITAL,12,MEA EUROPE,QUANTUM,FORFAIT,NMNHW5DIH4UNV78,9.52
Robert,Bowen,BS77563,1459774,LUMEX TECH,12,EMEA AFRICA,STELLAR,SUPPORT,Q21E6VHFXKVXSKS,8.04
Robert,Bowen,BS77563,1459774,LUMEX TECH,12,APAC,STELLAR,SUPPORT,NO_TS_APAC,91.96
Joseph,Moore,BG59752,2167352,CENVEO DIGITAL,12,LATAM MENA,VERTEX,REGIE,1P3IZOLMTH81DDS,9.08
Joseph,Moore,BG59752,2167352,CENVEO DIGITAL,12,MEA,VERTEX,REGIE,NO_TS_MEA,90.92
Dawn,Sparks,YP18379,9989331,HYRION GROUP,12,EMEA ASIA,NOVA,REGIE,UILA3KLHGDRUF73,9.52
Emily,Bell,XH50449,1754765,FORVEX VENTURES,12,CONT MENA,ORBIT,REGIE,TA22772W9ODEXLY,7.74
Emily,Bell,XH50449,1754765,FORVEX VENTURES,12,MEA,ORBIT,REGIE,NO_TS_MEA,92.26
Barbara,Moore,NX94091,9387350,HYRION VENTURES,12,APAC ASIA,STELLAR,FORFAIT,MGK4LU6BDXKH006,11.9
Barbara,Moore,NX94091,9387350,HYRION VENTURES,12,NA,STELLAR,FORFAIT,NO_TS_NA,88.1
Danielle,Brown,YH05290,1364159,BRYTON GLOBAL,12,MEA AMERICA,STELLAR,MAINTENANCE,62KT41Q07OIFNEZ,9.52
Danielle,Brown,YH05290,1364159,BRYTON GLOBAL,12,APAC,STELLAR,MAINTENANCE,NO_TS_APAC,90.48
Tina,Mcfarland,CR81167,2322294,ETHOS SYSTEMS,12,MEA AFRICA,ATLAS,REGIE,OW4GPA9PC4O7PCO,9.52
Tina,Mcfarland,CR81167,2322294,ETHOS SYSTEMS,12,APAC,ATLAS,REGIE,NO_TS_APAC,90.48
Brandy,Perez,TW53135,8096392,HYRION DYNAMICS,12,LATAM AFRICA,PHOENIX,MAINTENANCE,FMW7ZQ9BQ5MK9GZ,8.33
Brandy,Perez,TW53135,8096392,HYRION DYNAMICS,12,LATAM,PHOENIX,MAINTENANCE,NO_TS_LATAM,91.67
Jennifer,Walker,XY18145,2290959,KESTRA GROUP,12,APAC MENA,ATLAS,SUPPORT,LC66LKZKC15ZJ0A,8.04
William,Ramirez,HL90340,7898015,DELVO SYSTEMS,12,APAC AMERICA,ATLAS,RPS,8O1JDM4ADO9JSRC,7.14
James,Jones,IU21641,6570958,BRYTON SOLUTIONS,12,CONT EUROPE,NOVA,SUPPORT,GP1BE4ZRJL8TITN,8.48
Kendra,Chen,UB46793,6027080,HYRION DYNAMICS,12,MEA EUROPE,PULSE,SUPPORT,I7U9QGSHRMSBY17,7.29
John,Garza,VQ84244,8476463,BRYTON SOLUTIONS,12,EMEA AMERICA,STELLAR,MAINTENANCE,O8YCK84DAK3GPXR,8.93
John,Garza,VQ84244,8476463,BRYTON SOLUTIONS,12,NA,STELLAR,MAINTENANCE,NO_TS_NA,91.07
Marc,Thompson,UT37901,8229934,KESTRA DYNAMICS,12,LATAM MENA,STELLAR,FORFAIT,C8CX3Y6WFV9TLG9,7.59
Marc,Thompson,UT37901,8229934,KESTRA DYNAMICS,12,MEA,STELLAR,FORFAIT,NO_TS_MEA,92.41
Thomas,Price,EA70355,3470134,KESTRA SYSTEMS,12,EMEA AFRICA,STELLAR,RPS,OHZ97ITVW198SXJ,9.23
Marcus,Durham,RB14786,4481650,INOVA SYSTEMS,12,CONT AFRICA,ATLAS,FORFAIT,82VNEIJLGCALA6R,9.52
Marcus,Durham,RB14786,4481650,INOVA SYSTEMS,12,LATAM,ATLAS,FORFAIT,NO_TS_LATAM,90.48
Stacey,Martinez,XA22874,9149361,LUMEX SOLUTIONS,12,CONT MENA,PHOENIX,MAINTENANCE,62C6W45WCNXKBVM,12.05
Stacey,Martinez,XA22874,9149361,LUMEX SOLUTIONS,12,MEA,PHOENIX,MAINTENANCE,NO_TS_MEA,87.95
Megan,Hernandez,NP87951,1238176,LUMEX GLOBAL,12,EMEA EUROPE,NEXUS,FORFAIT,IZHUKQ4GHM96XKY,9.52
Stephanie,Smith,DG41261,8190016,LUMEX VENTURES,12,MEA MENA,PHOENIX,MAINTENANCE,C2PWRSAUDN1IAZW,8.33
Stephanie,Smith,DG41261,8190016,LUMEX VENTURES,12,CONT,PHOENIX,MAINTENANCE,NO_TS_CONT,91.67
Regina,Johnson,BG23762,9109200,CENVEO GLOBAL,12,CONT AMERICA,VERTEX,RPS,MLOYMFJDVZBBK1W,9.23
Regina,Johnson,BG23762,9109200,CENVEO GLOBAL,12,CONT,VERTEX,RPS,NO_TS_CONT,90.77
Carla,Carter,NR91677,1342149,ALCOR SOLUTIONS,12,APAC AFRICA,PULSE,FORFAIT,2JHPJPP8SSJ6Q3H,5.95
Carla,Carter,NR91677,1342149,ALCOR SOLUTIONS,12,NA,PULSE,FORFAIT,NO_TS_NA,94.05
Emily,Daniels,BU21532,8615673,LUMEX SOLUTIONS,12,APAC ASIA,ATLAS,REGIE,CO4MUPZPEWH0LSA,7.29
Mary,Patrick,EE97069,6828353,KESTRA CONSULTING,12,EMEA EUROPE,NEXUS,REGIE,VFUT95TK0HE82XL,9.52
Mary,Patrick,EE97069,6828353,KESTRA CONSULTING,12,CONT,NEXUS,REGIE,NO_TS_CONT,90.48
Michelle,Quinn,HC84938,8808139,HYRION SOLUTIONS,12,CONT AMERICA,VERTEX,FORFAIT,G9R249Q16OVA533,10.66
Mary,Taylor,NP07854,1687287,INOVA SOLUTIONS,12,MEA AMERICA,ORBIT,REGIE,BODBNUP7WLC8MJ0,10.2
Mary,Taylor,NP07854,1687287,INOVA SOLUTIONS,12,NA,ORBIT,REGIE,NO_TS_NA,89.8
Roy,Russell,VY91624,9012833,CENVEO DIGITAL,12,LATAM AMERICA,ORBIT,FORFAIT,FU59CD026UE2F2Z,8.93
Sara,Stephenson,YL21067,1091715,CENVEO SYSTEMS,12,LATAM ASIA,VERTEX,FORFAIT,P3U3A7V5OJP25JN,9.52
Sara,Stephenson,YL21067,1091715,CENVEO SYSTEMS,12,EMEA,VERTEX,FORFAIT,NO_TS_EMEA,90.48
Alan,Simon,HO91118,3778834,INOVA SYSTEMS,12,MEA AMERICA,PULSE,REGIE,535RPO6816WB9QK,12.2
Christopher,Bradley,OW30935,5065216,HYRION TECH,12,NA EUROPE,QUANTUM,FORFAIT,MXJLBRVARMN23SE,15.18
Michael,Davis,AI44479,2738382,DELVO DIGITAL,12,LATAM ASIA,PULSE,FORFAIT,VZW7PBJZ7NJ5XE6,7.44
Sara,Mitchell,PD47249,2903237,INOVA SOLUTIONS,12,NA AMERICA,ORBIT,SUPPORT,4AK0RPIANOYQI9J,11.9
Craig,Ruiz,PX55816,8772960,FORVEX TECH,12,APAC AFRICA,NOVA,FORFAIT,K8UT0KC5E8KHZ5F,8.04
Annette,Bender,FH63856,5295540,FORVEX CONSULTING,12,EMEA AFRICA,QUANTUM,RPS,PH9WPEXJ2GVB5WG,11.9
Annette,Bender,FH63856,5295540,FORVEX CONSULTING,12,NA,QUANTUM,RPS,NO_TS_NA,88.1
Dawn,Steele,OM66107,5965464,INOVA TECH,12,NA ASIA,VERTEX,REGIE,Y4J683RTGIBDCUG,11.9
Dawn,Steele,OM66107,5965464,INOVA TECH,12,CONT,VERTEX,REGIE,NO_TS_CONT,88.1
Michelle,Mitchell,UL20833,7349290,DELVO SOLUTIONS,12,MEA AFRICA,PHOENIX,FORFAIT,QZBXSPTX2S2DVAW,11.9
Michelle,Mitchell,UL20833,7349290,DELVO SOLUTIONS,12,LATAM,PHOENIX,FORFAIT,NO_TS_LATAM,88.1
Timothy,Warren,LS23707,4829610,GOLZEN SOLUTIONS,12,MEA EUROPE,STELLAR,SUPPORT,O0KF29UGND1I39Z,5.95
Mallory,Glenn,NW94678,3947631,DELVO CONSULTING,12,APAC OCEANIA,QUANTUM,REGIE,FZ0UQ54ACOIEH5A,9.52
Abigail,Lawson,ML52498,7531834,DELVO DYNAMICS,12,LATAM AMERICA,PULSE,RPS,1T1HXCOIHT1KJXB,8.63
Cory,Lowe,MF78061,5666220,ALCOR DIGITAL,12,LATAM AFRICA,NOVA,MAINTENANCE,TEOL2IYDRWK3KN3,7.74
Cory,Lowe,MF78061,5666220,ALCOR DIGITAL,12,MEA,NOVA,MAINTENANCE,NO_TS_MEA,92.26
William,Mejia,QT53368,7129117,INOVA VENTURES,12,LATAM EUROPE,ORBIT,SUPPORT,OP7HWFSSX676HET,10.42
William,Mejia,QT53368,7129117,INOVA VENTURES,12,CONT,ORBIT,SUPPORT,NO_TS_CONT,89.58
Larry,Bryant,NP19824,4348378,KESTRA GROUP,12,LATAM MENA,PHOENIX,MAINTENANCE,OIUHH5T7JRO90WO,9.23
Larry,Bryant,NP19824,4348378,KESTRA GROUP,12,MEA,PHOENIX,MAINTENANCE,NO_TS_MEA,90.77
John,Gonzalez,BI26910,2491111,HYRION VENTURES,12,LATAM AMERICA,STELLAR,MAINTENANCE,R50TPS40334X0ZE,8.33
John,Gonzalez,BI26910,2491111,HYRION VENTURES,12,LATAM,STELLAR,MAINTENANCE,NO_TS_LATAM,91.67
Gabriel,Black,PY67233,2161280,ETHOS GLOBAL,12,EMEA OCEANIA,ORBIT,FORFAIT,W412AOXGALWDW3Z,13.84
Chad,Frye,MM48610,5254280,INOVA CONSULTING,12,MEA AFRICA,VERTEX,MAINTENANCE,51DGGZ18AOBRPVE,9.82
Chad,Frye,MM48610,5254280,INOVA CONSULTING,12,APAC,VERTEX,MAINTENANCE,NO_TS_APAC,90.18
David,Lewis,RS92152,5578618,BRYTON SOLUTIONS,12,LATAM MENA,VERTEX,REGIE,QFB8KW2VJD0ZFFG,9.52
David,Lewis,RS92152,5578618,BRYTON SOLUTIONS,12,APAC,VERTEX,REGIE,NO_TS_APAC,90.48
Lisa,Tucker,SL92399,8667402,ALCOR DYNAMICS,12,APAC ASIA,VERTEX,RPS,4NHKDYDQ59D6LYJ,11.9
Andrew,Davis,CS66266,6262209,ALCOR TECH,12,NA EUROPE,NOVA,REGIE,RYUE5BL7Z5OG7GU,12.2
Andrew,Davis,CS66266,6262209,ALCOR TECH,12,LATAM,NOVA,REGIE,NO_TS_LATAM,87.8
Brianna,Harvey,TX38684,5661281,FORVEX SOLUTIONS,12,NA MENA,PULSE,SUPPORT,0GM7NBBX7IGE8GT,6.7
Derek,Kim,TM46989,2554300,FORVEX GROUP,12,CONT AFRICA,NEXUS,SUPPORT,HBZYGN6X6COE0ON,9.52
Derek,Kim,TM46989,2554300,FORVEX GROUP,12,EMEA,NEXUS,SUPPORT,NO_TS_EMEA,90.48
Nicholas,Perry,WK17069,2161933,ETHOS CONSULTING,12,APAC AFRICA,PHOENIX,MAINTENANCE,DL2Y545FKHUC1JH,14.29
Jennifer,Norris,BF75550,3328934,LUMEX SYSTEMS,12,MEA EUROPE,ORBIT,RPS,37HT6SH2WXB7V35,7.14
Lori,Goodman,NE00720,1937172,DELVO CONSULTING,12,NA EUROPE,QUANTUM,SUPPORT,05YB827TXD7H59J,8.04
Jason,Sullivan,NZ40323,1010147,ETHOS TECH,12,MEA MENA,ATLAS,FORFAIT,71JH9SUMP7KJ277,11.9
Jason,Sullivan,NZ40323,1010147,ETHOS TECH,12,MEA,ATLAS,FORFAIT,NO_TS_MEA,88.1
Melinda,Wall,JB38033,1121108,HYRION GROUP,12,MEA MENA,NEXUS,MAINTENANCE,M807L21F5JS3HF9,9.52
Melinda,Wall,JB38033,1121108,HYRION GROUP,12,EMEA,NEXUS,MAINTENANCE,NO_TS_EMEA,90.48
Justin,Kaiser,TT68729,6917134,ETHOS SOLUTIONS,12,NA ASIA,ATLAS,REGIE,35SX6VIJM6GTPIC,7.29
Justin,Kaiser,TT68729,6917134,ETHOS SOLUTIONS,12,LATAM,ATLAS,REGIE,NO_TS_LATAM,92.71
Diane,Wall,II39003,1049313,DELVO SOLUTIONS,12,APAC EUROPE,QUANTUM,REGIE,Z1MHQ5NJLLX4S5C,7.29
Kenneth,Foster,MI53951,5741441,HYRION GLOBAL,12,CONT AMERICA,NEXUS,RPS,MKBLGDLIBNTZ1YJ,8.33
Kenneth,Foster,MI53951,5741441,HYRION GLOBAL,12,NA,NEXUS,RPS,NO_TS_NA,91.67
Sharon,Estrada,XI19051,2704887,ETHOS TECH,12,NA EUROPE,STELLAR,SUPPORT,PG6I6OD4QRRJYSI,10.42
Dennis,Guerrero,VV60169,8298600,GOLZEN GROUP,12,EMEA MENA,PHOENIX,FORFAIT,ZCSSTMK9BT21CZW,12.5
Dennis,Guerrero,VV60169,8298600,GOLZEN GROUP,12,LATAM,PHOENIX,FORFAIT,NO_TS_LATAM,87.5
Brian,Garza,EQ21399,4363602,JALVIK SYSTEMS,12,MEA OCEANIA,NOVA,MAINTENANCE,6N97F1V6SUJZOCK,1.56
Brian,Garza,EQ21399,4363602,JALVIK SYSTEMS,12,MEA,NOVA,MAINTENANCE,NO_TS_MEA,98.44
Andrea,Cox,WA09541,8304300,CENVEO GLOBAL,12,APAC MENA,PHOENIX,FORFAIT,3SIX2MFHTXBFS3A,11.9
Andrea,Cox,WA09541,8304300,CENVEO GLOBAL,12,APAC,PHOENIX,FORFAIT,NO_TS_APAC,88.1
Anthony,Charles,CW77853,7833586,BRYTON TECH,12,EMEA AMERICA,PULSE,REGIE,PAEUVZRH93I7AFK,10.71
Anthony,Daniels,YZ03632,4998351,BRYTON GROUP,12,LATAM MENA,NOVA,SUPPORT,G36BR2IDWXF1G9A,11.9
Anthony,Daniels,YZ03632,4998351,BRYTON GROUP,12,NA,NOVA,SUPPORT,NO_TS_NA,88.1
Richard,Miller,UJ09967,7670146,JALVIK SOLUTIONS,12,EMEA OCEANIA,VERTEX,REGIE,TNZPSL9LJKE38EB,10.86
Sarah,Jones,EH26560,6301936,CENVEO GROUP,12,EMEA MENA,ORBIT,FORFAIT,VBJZN3ZHFK3XPBE,8.63
Sarah,Jones,EH26560,6301936,CENVEO GROUP,12,APAC,ORBIT,FORFAIT,NO_TS_APAC,91.37
Karina,Wolfe,YF76436,3624429,GOLZEN SOLUTIONS,12,APAC EUROPE,NEXUS,SUPPORT,I9TZB07A6YW3YPU,7.74
Karina,Wolfe,YF76436,3624429,GOLZEN SOLUTIONS,12,CONT,NEXUS,SUPPORT,NO_TS_CONT,92.26
Eric,Young,OE97100,7109365,ETHOS DIGITAL,12,MEA OCEANIA,ATLAS,FORFAIT,WIHZLBZ5HOBO23V,9.52
Eric,Young,OE97100,7109365,ETHOS DIGITAL,12,MEA,ATLAS,FORFAIT,NO_TS_MEA,90.48
Tami,Matthews,GI86989,7119538,KESTRA SOLUTIONS,12,NA MENA,NEXUS,MAINTENANCE,AQQZT9RT76904IF,9.82
Tami,Matthews,GI86989,7119538,KESTRA SOLUTIONS,12,NA,NEXUS,MAINTENANCE,NO_TS_NA,90.18
Ryan,Johnson,QV67113,7812758,HYRION GLOBAL,12,APAC ASIA,ORBIT,SUPPORT,ZLX7L1P5RHT2J4N,7.59
Ryan,Johnson,QV67113,7812758,HYRION GLOBAL,12,NA,ORBIT,SUPPORT,NO_TS_NA,92.41
Cole,Wells,FX77281,3072839,DELVO CONSULTING,12,APAC OCEANIA,ORBIT,SUPPORT,0UE6PXWYVRFIT8D,10.12
Cole,Wells,FX77281,3072839,DELVO CONSULTING,12,EMEA,ORBIT,SUPPORT,NO_TS_EMEA,89.88
Linda,Mason,LU53687,7373870,LUMEX GLOBAL,12,EMEA EUROPE,NEXUS,SUPPORT,UFPR3XDYVDQ65U4,8.48
Linda,Mason,LU53687,7373870,LUMEX GLOBAL,12,NA,NEXUS,SUPPORT,NO_TS_NA,91.52
Phillip,Jackson,JP01189,8019683,CENVEO TECH,12,EMEA MENA,NOVA,SUPPORT,TGJKS4G865SUZ2P,7.59
Phillip,Jackson,JP01189,8019683,CENVEO TECH,12,MEA,NOVA,SUPPORT,NO_TS_MEA,92.41
Teresa,Webster,MN86808,3162267,BRYTON SOLUTIONS,12,LATAM AFRICA,ORBIT,MAINTENANCE,63CJ1D53YJMUHXB,13.1
Aaron,Schroeder,CJ76061,6073815,GOLZEN VENTURES,12,NA OCEANIA,PHOENIX,SUPPORT,N33NPJ0DS5W2XSV,11.9
Aaron,Schroeder,CJ76061,6073815,GOLZEN VENTURES,12,CONT,PHOENIX,SUPPORT,NO_TS_CONT,88.1
Julie,Franklin,GH57457,8525709,INOVA TECH,12,MEA AFRICA,PULSE,SUPPORT,V81P9FCVPCS8RDX,7.14
Julie,Franklin,GH57457,8525709,INOVA TECH,12,APAC,PULSE,SUPPORT,NO_TS_APAC,92.86
David,Mitchell,AV70176,4441136,JALVIK SYSTEMS,12,LATAM MENA,NOVA,MAINTENANCE,UCGGRI3ONOY4MWC,14.88
David,Mitchell,AV70176,4441136,JALVIK SYSTEMS,12,MEA,NOVA,MAINTENANCE,NO_TS_MEA,85.12
Crystal,Johnson,EX96024,8818851,JALVIK TECH,12,NA EUROPE,ATLAS,FORFAIT,1L077597JCR7WSL,9.52
Crystal,Johnson,EX96024,8818851,JALVIK TECH,12,EMEA,ATLAS,FORFAIT,NO_TS_EMEA,90.48
Jerry,Jones,EJ89327,7058540,LUMEX GROUP,12,LATAM OCEANIA,STELLAR,FORFAIT,TN65JYM1RWCPAS7,9.82
Jerry,Jones,EJ89327,7058540,LUMEX GROUP,12,LATAM,STELLAR,FORFAIT,NO_TS_LATAM,90.18
Katelyn,Arias,XH93665,5332999,FORVEX SYSTEMS,12,EMEA AMERICA,PHOENIX,SUPPORT,MZD1CWCLZ0Z48DF,8.04
Katelyn,Arias,XH93665,5332999,FORVEX SYSTEMS,12,LATAM,PHOENIX,SUPPORT,NO_TS_LATAM,91.96
Patrick,Thomas,UI50842,2019395,CENVEO SOLUTIONS,12,CONT ASIA,NEXUS,FORFAIT,AM3VTR3L6Z06NKA,12.2
Patrick,Thomas,UI50842,2019395,CENVEO SOLUTIONS,12,CONT,NEXUS,FORFAIT,NO_TS_CONT,87.8
Matthew,Smith,UO08649,1963397,DELVO DIGITAL,12,EMEA OCEANIA,QUANTUM,SUPPORT,AZBNJ89XYFF0OAK,9.52
Matthew,Smith,UO08649,1963397,DELVO DIGITAL,12,LATAM,QUANTUM,SUPPORT,NO_TS_LATAM,90.48
David,Castro,XC56713,3903786,CENVEO SYSTEMS,12,APAC AMERICA,PHOENIX,REGIE,7M5E6VRDTV0TXMR,11.9
Stephen,Green,LA40938,2849873,KESTRA DIGITAL,12,CONT MENA,PULSE,SUPPORT,A4M4BBHADD6DBMS,14.29
Stephen,Green,LA40938,2849873,KESTRA DIGITAL,12,APAC,PULSE,SUPPORT,NO_TS_APAC,85.71
Christopher,Mata,GJ08982,1173672,FORVEX GROUP,12,EMEA AFRICA,QUANTUM,FORFAIT,9KCQAVISYQC29QL,7.74
Christopher,Mata,GJ08982,1173672,FORVEX GROUP,12,APAC,QUANTUM,FORFAIT,NO_TS_APAC,92.26
Matthew,Keller,QB31500,5208642,KESTRA SOLUTIONS,12,APAC OCEANIA,QUANTUM,MAINTENANCE,CKXZM8A32S5MYC6,11.9
Matthew,Keller,QB31500,5208642,KESTRA SOLUTIONS,12,CONT,QUANTUM,MAINTENANCE,NO_TS_CONT,88.1
Yvette,Hardy,TK06813,8210074,BRYTON GROUP,12,MEA ASIA,VERTEX,MAINTENANCE,MMI3LRFK1SDIZJ7,12.2
Yvette,Hardy,TK06813,8210074,BRYTON GROUP,12,LATAM,VERTEX,MAINTENANCE,NO_TS_LATAM,87.8
Ryan,Wright,IG60067,9474712,ALCOR GLOBAL,12,MEA ASIA,PULSE,RPS,JZLB13RMZ8YPC75,10.12
Ryan,Wright,IG60067,9474712,ALCOR GLOBAL,12,EMEA,PULSE,RPS,NO_TS_EMEA,89.88
Becky,King,LP95586,4508613,ETHOS SOLUTIONS,12,LATAM AMERICA,PULSE,FORFAIT,9TMO7M5G9I4VGT7,14.29
Mariah,Jones,EW16605,4982932,ETHOS GROUP,12,CONT OCEANIA,QUANTUM,RPS,7B0TENCDVGO5ZCY,10.71
Mariah,Jones,EW16605,4982932,ETHOS GROUP,12,LATAM,QUANTUM,RPS,NO_TS_LATAM,89.29
David,Harmon,DK44989,1656557,INOVA SOLUTIONS,12,NA AFRICA,VERTEX,MAINTENANCE,6OMARC6UT2OP3MX,4.46
David,Harmon,DK44989,1656557,INOVA SOLUTIONS,12,APAC,VERTEX,MAINTENANCE,NO_TS_APAC,95.54
Ruben,Bradley,LQ43753,4939652,FORVEX SOLUTIONS,12,EMEA OCEANIA,PHOENIX,FORFAIT,WHNMK0LKQQSGXI2,8.04
Ruben,Bradley,LQ43753,4939652,FORVEX SOLUTIONS,12,NA,PHOENIX,FORFAIT,NO_TS_NA,91.96
Richard,Hartman,RW96270,6029857,ALCOR DYNAMICS,12,APAC MENA,NOVA,RPS,9HL7KZTZZJ2GY7H,5.95
Richard,Hartman,RW96270,6029857,ALCOR DYNAMICS,12,LATAM,NOVA,RPS,NO_TS_LATAM,94.05
Thomas,Roman,QG79465,8273105,LUMEX SYSTEMS,12,MEA MENA,QUANTUM,FORFAIT,0BP5L7XSPS9TX7N,7.89
Thomas,Roman,QG79465,8273105,LUMEX SYSTEMS,12,EMEA,QUANTUM,FORFAIT,NO_TS_EMEA,92.11
Margaret,Hobbs,PO76316,8653451,KESTRA GLOBAL,12,CONT AMERICA,PULSE,MAINTENANCE,ELXIQPC5JRJTMB6,9.52
Robert,Dixon,RX71989,9034643,ETHOS DIGITAL,12,NA AMERICA,NOVA,FORFAIT,VGQ4J5Q70P7UJV9,11.9
Robert,Dixon,RX71989,9034643,ETHOS DIGITAL,12,APAC,NOVA,FORFAIT,NO_TS_APAC,88.1
Kimberly,Fields,CK49426,5913171,KESTRA DIGITAL,12,MEA OCEANIA,NOVA,FORFAIT,JLW4ID75NE1N9TY,9.52
Kimberly,Fields,CK49426,5913171,KESTRA DIGITAL,12,EMEA,NOVA,FORFAIT,NO_TS_EMEA,90.48
David,Hernandez,BI91091,6906358,JALVIK DYNAMICS,12,CONT MENA,PULSE,SUPPORT,LN2QKLS7K6M9W4P,7.14
David,Hernandez,BI91091,6906358,JALVIK DYNAMICS,12,NA,PULSE,SUPPORT,NO_TS_NA,92.86
Maria,Smith,RI52298,4056389,CENVEO SYSTEMS,12,EMEA EUROPE,QUANTUM,SUPPORT,TJQ90DWL5B2CQQZ,11.9
Maria,Smith,RI52298,4056389,CENVEO SYSTEMS,12,NA,QUANTUM,SUPPORT,NO_TS_NA,88.1
Amanda,Hardy,XY69712,5573236,INOVA SYSTEMS,12,APAC EUROPE,NEXUS,REGIE,G9K30CMSTH3HS4Y,7.14
Amanda,Hardy,XY69712,5573236,INOVA SYSTEMS,12,NA,NEXUS,REGIE,NO_TS_NA,92.86
Andrea,Price,LS69130,3059111,GOLZEN SOLUTIONS,12,APAC MENA,PHOENIX,SUPPORT,JUGSSCN1J36JMTF,25.0
Christopher,Burgess,PL79981,6052202,JALVIK GROUP,12,CONT EUROPE,NEXUS,MAINTENANCE,FOIJG8LTPKEU1PT,9.52
Christopher,Burgess,PL79981,6052202,JALVIK GROUP,12,APAC,NEXUS,MAINTENANCE,NO_TS_APAC,90.48
Shannon,Hansen,NJ74897,9458624,DELVO CONSULTING,12,LATAM AFRICA,PHOENIX,REGIE,HHQ725YLWMC84UG,9.52
Shannon,Hansen,NJ74897,9458624,DELVO CONSULTING,12,CONT,PHOENIX,REGIE,NO_TS_CONT,90.48
Lynn,Kennedy,YB41111,5336576,BRYTON GLOBAL,12,APAC,PULSE,MAINTENANCE,NO_TS_APAC,100.0
Brittney,Butler,IZ92766,4253245,JALVIK VENTURES,12,APAC OCEANIA,PHOENIX,RPS,Z6J84WKRYS2T8JI,7.74
Brittney,Butler,IZ92766,4253245,JALVIK VENTURES,12,EMEA,PHOENIX,RPS,NO_TS_EMEA,92.26
Jason,Friedman,UY05339,3440855,ETHOS GROUP,12,NA,ORBIT,SUPPORT,NO_TS_NA,100.0
Shawn,Olson,CV91096,5789848,DELVO VENTURES,12,NA EUROPE,NOVA,SUPPORT,4CLFR5ZD0H1H024,10.12
Shawn,Olson,CV91096,5789848,DELVO VENTURES,12,EMEA,NOVA,SUPPORT,NO_TS_EMEA,89.88
Jordan,Jones,RX94634,9748856,DELVO TECH,12,MEA ASIA,NEXUS,MAINTENANCE,C1IDU0HYM3VRQE2,11.9
Ashley,Todd,EY34953,3958183,ALCOR DIGITAL,12,NA ASIA,VERTEX,SUPPORT,YBYQZ1KS2FL7W49,11.9
Ashley,Todd,EY34953,3958183,ALCOR DIGITAL,12,LATAM,VERTEX,SUPPORT,NO_TS_LATAM,88.1
Dennis,Garcia,EJ77365,9916799,DELVO SOLUTIONS,12,CONT MENA,ORBIT,RPS,56SJIYY9VPV157V,10.71
Dennis,Garcia,EJ77365,9916799,DELVO SOLUTIONS,12,NA,ORBIT,RPS,NO_TS_NA,89.29
Robert,Davidson,MO26427,3510253,ETHOS VENTURES,12,CONT AFRICA,NOVA,MAINTENANCE,QZJ08C1G73SQC4Y,7.59
Robert,Davidson,MO26427,3510253,ETHOS VENTURES,12,MEA,NOVA,MAINTENANCE,NO_TS_MEA,92.41
Samantha,Yates,XY69737,6378563,BRYTON GLOBAL,12,EMEA ASIA,STELLAR,SUPPORT,AFDOY08C7WHNQYC,9.52
Dylan,Hamilton,GU07627,2765458,FORVEX GROUP,12,NA AMERICA,VERTEX,MAINTENANCE,CCA5DE3VDB9K6GE,9.52
Laura,Bentley,GV43207,3170082,LUMEX CONSULTING,12,LATAM ASIA,PHOENIX,REGIE,WLK0PKYV5419RQ4,10.71
Andrew,Myers,WL40459,2686036,CENVEO DIGITAL,12,APAC EUROPE,NOVA,SUPPORT,WQIKCC2TKGCQ93Z,11.9
Andrew,Myers,WL40459,2686036,CENVEO DIGITAL,12,EMEA,NOVA,SUPPORT,NO_TS_EMEA,88.1
Nicole,Nichols,TM37295,2464447,HYRION DYNAMICS,12,APAC EUROPE,NEXUS,RPS,0FAFGSAST9R7DIF,7.29
Nicole,Nichols,TM37295,2464447,HYRION DYNAMICS,12,CONT,NEXUS,RPS,NO_TS_CONT,92.71
Brendan,Jackson,DL06040,6609360,LUMEX TECH,12,MEA EUROPE,VERTEX,REGIE,KKYPUR15WZ65V95,10.12
Brendan,Jackson,DL06040,6609360,LUMEX TECH,12,NA,VERTEX,REGIE,NO_TS_NA,89.88
Matthew,James,NO51269,6159217,ETHOS GROUP,12,EMEA OCEANIA,PHOENIX,REGIE,PORHJI4RDYAKOEK,10.27
Christopher,Chen,XV28166,5749511,INOVA TECH,12,LATAM MENA,ATLAS,RPS,NY01GYMGTMT5ODB,7.14
Christopher,Chen,XV28166,5749511,INOVA TECH,12,MEA,ATLAS,RPS,NO_TS_MEA,92.86
Alexandra,Bartlett,QM29233,8497981,ALCOR GLOBAL,12,CONT MENA,ATLAS,FORFAIT,PBUEMSB600CKLQN,7.44
Alexandra,Bartlett,QM29233,8497981,ALCOR GLOBAL,12,CONT,ATLAS,FORFAIT,NO_TS_CONT,92.56
Alicia,Stewart,GG43732,1668467,DELVO TECH,12,LATAM OCEANIA,ORBIT,MAINTENANCE,J847WQ1XKQ90BFE,11.31
Alicia,Stewart,GG43732,1668467,DELVO TECH,12,APAC,ORBIT,MAINTENANCE,NO_TS_APAC,88.69
Melissa,May,XM96642,8355873,DELVO TECH,12,CONT AFRICA,ORBIT,MAINTENANCE,90B55DTLXCLP56C,8.33
Melissa,May,XM96642,8355873,DELVO TECH,12,CONT,ORBIT,MAINTENANCE,NO_TS_CONT,91.67
Ralph,Maldonado,WH06886,8897099,KESTRA CONSULTING,12,NA OCEANIA,NEXUS,REGIE,B8F8KZLX3OKCWEZ,8.48
Ralph,Maldonado,WH06886,8897099,KESTRA CONSULTING,12,NA,NEXUS,REGIE,NO_TS_NA,91.52
Tyler,Martin,WQ25666,2853132,LUMEX GLOBAL,12,EMEA EUROPE,PHOENIX,RPS,2RYSUNMDL46VGWK,14.29
Stacy,Herman,SD85065,5314845,KESTRA SYSTEMS,12,NA MENA,ATLAS,FORFAIT,IZDD8HSAQCW7OYN,9.52
Kyle,Hurst,BH04505,3654305,INOVA GLOBAL,12,MEA AFRICA,ATLAS,FORFAIT,3HNDA8RB8MGN7MG,11.9
Michael,Waters,EK24373,5167755,BRYTON TECH,12,CONT AMERICA,PULSE,FORFAIT,FA3ORBU8BB7R6IS,9.52
Michael,Waters,EK24373,5167755,BRYTON TECH,12,LATAM,PULSE,FORFAIT,NO_TS_LATAM,90.48
Jeremy,Williams,IZ06896,2409582,BRYTON GROUP,12,CONT MENA,QUANTUM,SUPPORT,OCN7LRXXKA80FRW,11.9
Jeremy,Williams,IZ06896,2409582,BRYTON GROUP,12,LATAM,QUANTUM,SUPPORT,NO_TS_LATAM,88.1
Hannah,Warren,TS65543,6294539,ALCOR GLOBAL,12,EMEA ASIA,VERTEX,SUPPORT,NIUJN6X3QJBIAYL,9.52
Hannah,Warren,TS65543,6294539,ALCOR GLOBAL,12,MEA,VERTEX,SUPPORT,NO_TS_MEA,90.48
April,Hall,UG07114,7147760,BRYTON SYSTEMS,12,APAC AMERICA,STELLAR,FORFAIT,Q3OHV4IRSVK5IMU,9.23
Erica,Ellison,VO34637,6677002,ALCOR GLOBAL,12,NA MENA,STELLAR,FORFAIT,U8F6GIQFHPGHPEZ,9.52
Jennifer,Patterson,FA10115,8718297,LUMEX DYNAMICS,12,CONT AMERICA,ATLAS,FORFAIT,2QHTRIJ2IX6U7XK,10.12
Jennifer,Patterson,FA10115,8718297,LUMEX DYNAMICS,12,CONT,ATLAS,FORFAIT,NO_TS_CONT,89.88
Brittany,Howard,IJ06332,5691741,ETHOS DYNAMICS,12,NA ASIA,ATLAS,RPS,KU7DDC0ZUTG1LTA,9.52
Brittany,Howard,IJ06332,5691741,ETHOS DYNAMICS,12,APAC,ATLAS,RPS,NO_TS_APAC,90.48
Kelly,Allen,IB20048,9066673,KESTRA DYNAMICS,12,APAC OCEANIA,PHOENIX,REGIE,I07GP2JSXGLKA0T,10.71
Kelly,Allen,IB20048,9066673,KESTRA DYNAMICS,12,APAC,PHOENIX,REGIE,NO_TS_APAC,89.29
Amber,Craig,BU93130,1606899,KESTRA DYNAMICS,12,MEA ASIA,VERTEX,SUPPORT,XW14TYKGVE1NJM9,5.95
Amber,Craig,BU93130,1606899,KESTRA DYNAMICS,12,MEA,VERTEX,SUPPORT,NO_TS_MEA,94.05
Michael,Willis,RP65990,4576784,FORVEX GLOBAL,12,EMEA OCEANIA,STELLAR,RPS,TMW8X9QIHLEE85S,10.57
Michael,Willis,RP65990,4576784,FORVEX GLOBAL,12,NA,STELLAR,RPS,NO_TS_NA,89.43
Adam,Stanley,BB54995,4725793,ETHOS CONSULTING,12,LATAM AFRICA,STELLAR,FORFAIT,5J1YPWH03VXGNWW,11.9
Adam,Stanley,BB54995,4725793,ETHOS CONSULTING,12,NA,STELLAR,FORFAIT,NO_TS_NA,88.1
James,Jackson,WT03877,4405699,CENVEO GROUP,12,MEA ASIA,PULSE,MAINTENANCE,60PEQBCWJH2LHG8,11.9
James,Jackson,WT03877,4405699,CENVEO GROUP,12,MEA,PULSE,MAINTENANCE,NO_TS_MEA,88.1
Debbie,Myers,UM64614,8538753,CENVEO TECH,12,MEA MENA,NOVA,MAINTENANCE,WWP92GB9FR2I84E,6.55
Glenn,Leonard,GB26404,5506099,FORVEX CONSULTING,12,NA OCEANIA,ATLAS,RPS,6D2U1BGNKIRT2OK,14.29
Glenn,Leonard,GB26404,5506099,FORVEX CONSULTING,12,EMEA,ATLAS,RPS,NO_TS_EMEA,85.71
Emily,Larson,DC07673,7952445,FORVEX GLOBAL,12,APAC OCEANIA,QUANTUM,FORFAIT,PK40S5YBOJ7LZ4Q,9.82
Emily,Larson,DC07673,7952445,FORVEX GLOBAL,12,APAC,QUANTUM,FORFAIT,NO_TS_APAC,90.18
Patricia,Cruz,NR09336,7847718,INOVA SYSTEMS,12,APAC ASIA,NOVA,RPS,63OPH2RT37E6RNS,9.52
Patricia,Cruz,NR09336,7847718,INOVA SYSTEMS,12,APAC,NOVA,RPS,NO_TS_APAC,90.48
Kevin,Miranda,KV95420,2720256,CENVEO GLOBAL,12,CONT EUROPE,PULSE,SUPPORT,OS9VI6I20O0ZM9R,8.04
Kevin,Miranda,KV95420,2720256,CENVEO GLOBAL,12,EMEA,PULSE,SUPPORT,NO_TS_EMEA,91.96
Savannah,Wood,GS93251,1759475,LUMEX SYSTEMS,12,MEA AFRICA,STELLAR,RPS,Y8PUBMFQU5KFDAF,8.33
Savannah,Wood,GS93251,1759475,LUMEX SYSTEMS,12,NA,STELLAR,RPS,NO_TS_NA,91.67
Kevin,Meyer,LL40762,9225801,GOLZEN VENTURES,12,EMEA MENA,STELLAR,REGIE,69PBZ8QSPDQA0MY,13.1
Anthony,Miller,EB31816,1471568,ALCOR GLOBAL,12,MEA MENA,ATLAS,REGIE,AVGCSR3ZVAW3E2B,10.71
Anthony,Miller,EB31816,1471568,ALCOR GLOBAL,12,NA,ATLAS,REGIE,NO_TS_NA,89.29
Martha,Calderon,CX76421,8569412,CENVEO DIGITAL,12,MEA MENA,ORBIT,REGIE,N03BO0Z8GDDGWLE,11.9
Carrie,Obrien,YP24147,5022231,ETHOS TECH,12,CONT EUROPE,PULSE,RPS,M8BZ0WCX6H3GRBZ,14.29
Carrie,Obrien,YP24147,5022231,ETHOS TECH,12,APAC,PULSE,RPS,NO_TS_APAC,85.71
Vincent,Hanson,EM67581,5020964,JALVIK GLOBAL,12,MEA ASIA,PULSE,SUPPORT,L734VZ323F8SWZN,9.52
Vincent,Hanson,EM67581,5020964,JALVIK GLOBAL,12,NA,PULSE,SUPPORT,NO_TS_NA,90.48
James,Myers,EG89072,6579819,DELVO SYSTEMS,12,EMEA AFRICA,PHOENIX,MAINTENANCE,KHUDLMZYX2RF587,7.14
Jamie,Reed,LA63658,6949056,GOLZEN GLOBAL,12,EMEA AMERICA,QUANTUM,RPS,YVKK7S4UUC3QHD4,11.9
Brittney,Morrow,LE48657,3865761,INOVA SYSTEMS,12,CONT ASIA,PHOENIX,RPS,GWOJJJYPTKZ45OK,11.9
Brittney,Morrow,LE48657,3865761,INOVA SYSTEMS,12,LATAM,PHOENIX,RPS,NO_TS_LATAM,88.1
Cristian,Tucker,BG95390,6172324,ETHOS SOLUTIONS,12,LATAM MENA,NOVA,FORFAIT,T6E7HFAJ2Q9715F,11.9
Cristian,Tucker,BG95390,6172324,ETHOS SOLUTIONS,12,APAC,NOVA,FORFAIT,NO_TS_APAC,88.1
Zachary,Taylor,OP19674,8776616,LUMEX DYNAMICS,12,LATAM EUROPE,ORBIT,RPS,4Q40LW9YZFPRC39,7.14
Denise,Boyd,QH82396,3394936,JALVIK GLOBAL,12,MEA MENA,NOVA,RPS,QSX3S4C5PG0VZ08,9.67
Abigail,Lambert,VN61259,1931618,DELVO GLOBAL,12,MEA EUROPE,NOVA,FORFAIT,2T2Y2HWFFPEPSOV,11.9
Abigail,Lambert,VN61259,1931618,DELVO GLOBAL,12,LATAM,NOVA,FORFAIT,NO_TS_LATAM,88.1
Jessica,White,TF03014,7314457,LUMEX DYNAMICS,12,NA AFRICA,ORBIT,RPS,T6BJ41WK8EAYDMW,8.78
Jessica,White,TF03014,7314457,LUMEX DYNAMICS,12,NA,ORBIT,RPS,NO_TS_NA,91.22
Matthew,Young,VT91154,9647692,BRYTON SOLUTIONS,12,EMEA AMERICA,STELLAR,RPS,P0V0UPHO6DBZE3G,9.52
Matthew,Young,VT91154,9647692,BRYTON SOLUTIONS,12,APAC,STELLAR,RPS,NO_TS_APAC,90.48
Timothy,Wilson,GU89255,8513122,ETHOS TECH,12,MEA ASIA,VERTEX,MAINTENANCE,69XTTD1HAQUS9OM,11.9
Timothy,Wilson,GU89255,8513122,ETHOS TECH,12,CONT,VERTEX,MAINTENANCE,NO_TS_CONT,88.1
Stanley,Davidson,UO95859,5343413,GOLZEN SOLUTIONS,12,CONT EUROPE,PULSE,FORFAIT,WGNA1U0CH2UFH7W,10.42
Daniel,Moore,TK59375,2349174,GOLZEN GLOBAL,12,CONT MENA,STELLAR,MAINTENANCE,O3JNGHB935ZWCOC,9.82
Susan,Snyder,MS80543,6105390,FORVEX VENTURES,12,LATAM AFRICA,NOVA,MAINTENANCE,JVUTSWM09QGFEJ3,7.74
Kimberly,Snyder,YA71610,7133479,INOVA TECH,12,MEA OCEANIA,QUANTUM,SUPPORT,CXJ8JRTIAF6UA4C,9.52
Craig,Pruitt,SQ72602,9130092,JALVIK GROUP,12,APAC AMERICA,NEXUS,FORFAIT,5H9TI18LMTSBB53,13.39
Craig,Pruitt,SQ72602,9130092,JALVIK GROUP,12,CONT,NEXUS,FORFAIT,NO_TS_CONT,86.61
Christopher,Lane,OD24706,6691850,KESTRA SYSTEMS,12,EMEA EUROPE,QUANTUM,REGIE,4VM4DII1CY9M0DR,13.1
Jessica,Williams,HZ37765,8862146,INOVA CONSULTING,12,NA AFRICA,STELLAR,REGIE,GHC0IQ9T00DEFYO,13.1
Stephen,Brown,CJ79929,8251996,FORVEX SOLUTIONS,12,EMEA ASIA,VERTEX,RPS,RXMJ2BC8WMUOT6K,7.29
Stephen,Brown,CJ79929,8251996,FORVEX SOLUTIONS,12,APAC,VERTEX,RPS,NO_TS_APAC,92.71
Elizabeth,Perez,ML32079,8212581,GOLZEN GROUP,12,EMEA EUROPE,ATLAS,MAINTENANCE,FE3GSBVXS1HGYCJ,11.9
Elizabeth,Perez,ML32079,8212581,GOLZEN GROUP,12,APAC,ATLAS,MAINTENANCE,NO_TS_APAC,88.1
Allen,Downs,PP32898,1934650,LUMEX SYSTEMS,12,MEA OCEANIA,QUANTUM,SUPPORT,Y4JBX6IGLQT14N7,6.25
Allen,Downs,PP32898,1934650,LUMEX SYSTEMS,12,LATAM,QUANTUM,SUPPORT,NO_TS_LATAM,93.75
Micheal,Robinson,XK61437,6979240,KESTRA SYSTEMS,12,LATAM MENA,PHOENIX,RPS,FWJDDH7XYYPNVWR,7.29
Micheal,Robinson,XK61437,6979240,KESTRA SYSTEMS,12,LATAM,PHOENIX,RPS,NO_TS_LATAM,92.71
Sean,Nelson,MC38599,1314911,LUMEX CONSULTING,12,APAC AFRICA,NEXUS,FORFAIT,IWRG9GOFQ01ZEPY,11.9
Sean,Nelson,MC38599,1314911,LUMEX CONSULTING,12,APAC,NEXUS,FORFAIT,NO_TS_APAC,88.1
Gabriel,Padilla,DW43181,2734379,CENVEO DYNAMICS,12,MEA ASIA,PULSE,REGIE,LJI05ITHAOO2WDP,11.9
Gabriel,Padilla,DW43181,2734379,CENVEO DYNAMICS,12,MEA,PULSE,REGIE,NO_TS_MEA,88.1
Nichole,Jones,MR64342,4199013,INOVA GLOBAL,12,EMEA MENA,PULSE,MAINTENANCE,O6EXJOSVV4XKENP,9.52
Samantha,Price,EE33819,6435250,FORVEX DIGITAL,12,MEA AMERICA,ATLAS,MAINTENANCE,RXK26W36S5K2H99,9.52
Samantha,Price,EE33819,6435250,FORVEX DIGITAL,12,APAC,ATLAS,MAINTENANCE,NO_TS_APAC,90.48
Derek,Sanchez,DN62632,9628461,LUMEX SYSTEMS,12,LATAM MENA,VERTEX,REGIE,8GVHIXMES5JBZYW,8.33
Derek,Sanchez,DN62632,9628461,LUMEX SYSTEMS,12,CONT,VERTEX,REGIE,NO_TS_CONT,91.67
Victor,Wilson,WO94707,1409857,HYRION GROUP,12,MEA OCEANIA,STELLAR,FORFAIT,FXQK0KVYECAYN58,9.52
Victor,Wilson,WO94707,1409857,HYRION GROUP,12,NA,STELLAR,FORFAIT,NO_TS_NA,90.48
Paul,Sanchez,IB15510,9802658,CENVEO SYSTEMS,12,MEA OCEANIA,VERTEX,REGIE,NI01W80FC36OUVA,5.65
Paul,Sanchez,IB15510,9802658,CENVEO SYSTEMS,12,CONT,VERTEX,REGIE,NO_TS_CONT,94.35
Rick,Dunn,OM32835,2271887,BRYTON GROUP,12,APAC ASIA,VERTEX,RPS,G8NCXKOO7DYXO9C,9.52
Thomas,James,KD69853,6832336,ALCOR GLOBAL,12,CONT EUROPE,NEXUS,REGIE,YI4OFGGG1L5ISCD,13.1
Thomas,James,KD69853,6832336,ALCOR GLOBAL,12,LATAM,NEXUS,REGIE,NO_TS_LATAM,86.9
Whitney,Young,QV14672,1722992,DELVO VENTURES,12,LATAM OCEANIA,VERTEX,FORFAIT,I1TMG9O6UJJ0H8H,8.93
Whitney,Young,QV14672,1722992,DELVO VENTURES,12,CONT,VERTEX,FORFAIT,NO_TS_CONT,91.07
Bryan,Evans,RA58044,8404954,ETHOS SOLUTIONS,12,LATAM MENA,NEXUS,SUPPORT,FPQ4QYQ9FRA3MFO,10.12
Laurie,Wright,OV81480,2052094,ALCOR GLOBAL,12,EMEA AMERICA,ATLAS,SUPPORT,DJXZ3IV59E5TP3B,4.91
Melissa,Brock,QN87486,6262842,ETHOS VENTURES,12,EMEA AFRICA,QUANTUM,MAINTENANCE,YFGR4GTSBNMULPZ,9.52
Melissa,Brock,QN87486,6262842,ETHOS VENTURES,12,LATAM,QUANTUM,MAINTENANCE,NO_TS_LATAM,90.48
James,Jones,MC49220,2922121,HYRION CONSULTING,12,EMEA EUROPE,NOVA,REGIE,MTEKQDLCSJ03RFM,7.14
James,Jones,MC49220,2922121,HYRION CONSULTING,12,EMEA,NOVA,REGIE,NO_TS_EMEA,92.86
Timothy,Williams,JL20477,6188778,KESTRA TECH,12,CONT AMERICA,PHOENIX,REGIE,AEYT2NRJPFI3CNY,9.82
Timothy,Williams,JL20477,6188778,KESTRA TECH,12,EMEA,PHOENIX,REGIE,NO_TS_EMEA,90.18
Robert,Walker,IP08845,4594489,ETHOS SYSTEMS,12,CONT OCEANIA,QUANTUM,SUPPORT,MHDY79R1AOZK3N2,9.52
Robert,Walker,IP08845,4594489,ETHOS SYSTEMS,12,LATAM,QUANTUM,SUPPORT,NO_TS_LATAM,90.48
Veronica,Allen,HZ56780,8614613,INOVA TECH,12,MEA OCEANIA,NOVA,MAINTENANCE,RDP4ZQ4JEBCUYK9,16.67
Veronica,Allen,HZ56780,8614613,INOVA TECH,12,EMEA,NOVA,MAINTENANCE,NO_TS_EMEA,83.33
Michelle,Russell,CY29530,5424313,GOLZEN SOLUTIONS,12,APAC AFRICA,ATLAS,FORFAIT,QRB9J85CPA7TKQV,9.52
Michelle,Russell,CY29530,5424313,GOLZEN SOLUTIONS,12,CONT,ATLAS,FORFAIT,NO_TS_CONT,90.48
Dominique,Ray,FB61150,2279345,BRYTON SOLUTIONS,12,APAC ASIA,NOVA,RPS,M7ELQJC7KIKYJK9,11.9
Dominique,Ray,FB61150,2279345,BRYTON SOLUTIONS,12,CONT,NOVA,RPS,NO_TS_CONT,88.1
Kyle,Patel,CW47992,7147876,GOLZEN SYSTEMS,12,LATAM EUROPE,NEXUS,RPS,8TDGBH794GA2TRG,11.9
Kyle,Patel,CW47992,7147876,GOLZEN SYSTEMS,12,APAC,NEXUS,RPS,NO_TS_APAC,88.1
Courtney,Williams,SI55899,3522690,DELVO SOLUTIONS,12,EMEA EUROPE,PHOENIX,RPS,J4G98GRRVHCLOPM,10.71
Courtney,Williams,SI55899,3522690,DELVO SOLUTIONS,12,LATAM,PHOENIX,RPS,NO_TS_LATAM,89.29
Christine,Evans,OO66554,2583389,GOLZEN GLOBAL,12,NA AFRICA,PULSE,REGIE,DK2Q7ULYS0JH80L,10.71
Christine,Evans,OO66554,2583389,GOLZEN GLOBAL,12,NA,PULSE,REGIE,NO_TS_NA,89.29
Emily,Lucas,LO15483,7774656,FORVEX CONSULTING,12,NA MENA,PULSE,REGIE,8IJP1RCK2ZZ0999,11.9
Emily,Lucas,LO15483,7774656,FORVEX CONSULTING,12,APAC,PULSE,REGIE,NO_TS_APAC,88.1
Joel,Brooks,AF85241,4841042,ALCOR GLOBAL,12,APAC OCEANIA,QUANTUM,RPS,5GQSKX9KDIPUES5,7.74
Christopher,Barrera,PK81209,3562383,BRYTON GLOBAL,12,CONT MENA,ORBIT,SUPPORT,LAPZRRRYYQ6J14E,8.85
Christopher,Barrera,PK81209,3562383,BRYTON GLOBAL,12,LATAM,ORBIT,SUPPORT,NO_TS_LATAM,91.15
Billy,Waller,CC10919,3608921,DELVO GROUP,12,MEA OCEANIA,STELLAR,RPS,FC7CQLD1TYJ2OH9,11.76
Jennifer,Scott,IL99996,2647540,DELVO DIGITAL,12,MEA EUROPE,VERTEX,RPS,JSB3KKLQ01BIRUC,8.33
Richard,Black,NU10683,2409421,JALVIK VENTURES,12,CONT EUROPE,NEXUS,REGIE,YPW10NWII3L2TL0,11.9
Ashley,Dean,PH25445,8496306,ALCOR GLOBAL,12,MEA ASIA,ATLAS,REGIE,LNJ5FEL3V4FN905,9.52
Phillip,Brown,NU45319,8371137,BRYTON GLOBAL,12,CONT EUROPE,VERTEX,REGIE,MMWEMASIO93B8LL,9.52
Phillip,Brown,NU45319,8371137,BRYTON GLOBAL,12,NA,VERTEX,REGIE,NO_TS_NA,90.48
Karen,Johnson,XF83869,8365396,BRYTON DYNAMICS,12,LATAM ASIA,ATLAS,REGIE,LKG6FZMEDNH3BLJ,11.9
Karen,Johnson,XF83869,8365396,BRYTON DYNAMICS,12,EMEA,ATLAS,REGIE,NO_TS_EMEA,88.1
Jennifer,Bond,UP84496,2511256,KESTRA GLOBAL,12,MEA ASIA,NEXUS,SUPPORT,IZEBVG23XFWNQ3A,12.5
Justin,Steele,IA59180,6872762,HYRION GROUP,12,LATAM MENA,NOVA,REGIE,BGFLUSK1INXWOT8,12.2
Justin,Steele,IA59180,6872762,HYRION GROUP,12,CONT,NOVA,REGIE,NO_TS_CONT,87.8
Alexander,Craig,PH26771,6131471,KESTRA TECH,12,EMEA ASIA,STELLAR,MAINTENANCE,IMI2URE11MZ9VWB,11.61
Alexander,Craig,PH26771,6131471,KESTRA TECH,12,APAC,STELLAR,MAINTENANCE,NO_TS_APAC,88.39
Catherine,Price,RU56830,2005352,ETHOS GROUP,12,LATAM ASIA,QUANTUM,SUPPORT,QEP4G1T0T7O2HB9,7.29
Catherine,Price,RU56830,2005352,ETHOS GROUP,12,CONT,QUANTUM,SUPPORT,NO_TS_CONT,92.71
Mason,Martinez,YM62792,9939446,HYRION DYNAMICS,12,MEA EUROPE,VERTEX,MAINTENANCE,1RV44T9QHRXUS97,12.8
Mason,Martinez,YM62792,9939446,HYRION DYNAMICS,12,EMEA,VERTEX,MAINTENANCE,NO_TS_EMEA,87.2
Mitchell,Galloway,GB22898,4308798,ETHOS VENTURES,12,LATAM MENA,ATLAS,FORFAIT,Q6723XJ53BK2VJO,9.52
Steve,Hurst,LY48211,7064985,CENVEO CONSULTING,12,NA AFRICA,QUANTUM,REGIE,OAGC9E8NF4ZY0PZ,9.52
Steve,Hurst,LY48211,7064985,CENVEO CONSULTING,12,NA,QUANTUM,REGIE,NO_TS_NA,90.48
Nicole,Bowen,LY49541,6007375,KESTRA VENTURES,12,NA OCEANIA,STELLAR,MAINTENANCE,Y89SHFIJK4UR0M7,11.9
Nicole,Bowen,LY49541,6007375,KESTRA VENTURES,12,MEA,STELLAR,MAINTENANCE,NO_TS_MEA,88.1
Ronald,Pierce,TA70675,1684271,GOLZEN GLOBAL,12,EMEA AFRICA,STELLAR,MAINTENANCE,WMPGGKH2RGKI8CJ,6.25
Ronald,Pierce,TA70675,1684271,GOLZEN GLOBAL,12,NA,STELLAR,MAINTENANCE,NO_TS_NA,93.75
Thomas,Griffin,WE95352,2342449,HYRION SYSTEMS,12,CONT MENA,ATLAS,RPS,SE98UL8T5Q0BNIP,7.14
Jill,Cervantes,MA19056,9476209,INOVA VENTURES,12,APAC MENA,PHOENIX,MAINTENANCE,7PXC702WULLQ3R5,8.33
Jill,Cervantes,MA19056,9476209,INOVA VENTURES,12,NA,PHOENIX,MAINTENANCE,NO_TS_NA,91.67
Michael,Davis,PI26138,4665407,BRYTON GLOBAL,12,LATAM AFRICA,VERTEX,FORFAIT,S7V5SMHCSFVCPK1,10.71
Sydney,Coleman,TV10768,6197323,CENVEO SYSTEMS,12,LATAM AFRICA,PULSE,REGIE,P6V47LVF3GBV9UX,10.71
Dalton,Hunter,SH14268,1343233,INOVA TECH,12,NA OCEANIA,NOVA,RPS,U796VRTCD3XBVZZ,5.65
Dalton,Hunter,SH14268,1343233,INOVA TECH,12,LATAM,NOVA,RPS,NO_TS_LATAM,94.35
Tara,Leach,WN43797,3412764,CENVEO TECH,12,CONT AMERICA,PULSE,FORFAIT,1EON2MC2GZC8TV0,9.52
Zachary,Nguyen,SP97009,6840953,FORVEX SYSTEMS,12,LATAM AFRICA,STELLAR,SUPPORT,PDVJTCR6UH08N2S,10.71
Daniel,Hawkins,LA45722,6709887,DELVO SYSTEMS,12,EMEA OCEANIA,QUANTUM,MAINTENANCE,8FV4LVMMM6FAYT4,10.71
Michael,Le,VF67022,5408739,INOVA DIGITAL,12,APAC AFRICA,PULSE,MAINTENANCE,ORSEKXLAB0QGOYB,10.42
Scott,Brooks,RL58140,1002184,DELVO DIGITAL,12,NA ASIA,VERTEX,SUPPORT,XRYC6S5W1TANM5H,12.95
Scott,Brooks,RL58140,1002184,DELVO DIGITAL,12,MEA,VERTEX,SUPPORT,NO_TS_MEA,87.05
Ronald,Carlson,IZ17623,3491608,ETHOS GROUP,12,NA EUROPE,NEXUS,FORFAIT,522WFZX45H5W9C7,11.46
Ronald,Carlson,IZ17623,3491608,ETHOS GROUP,12,CONT,NEXUS,FORFAIT,NO_TS_CONT,88.54
Johnny,Smith,YT01144,9869934,FORVEX VENTURES,12,NA AFRICA,STELLAR,MAINTENANCE,8DJLLXYSS6FE1D9,10.71
Johnny,Smith,YT01144,9869934,FORVEX VENTURES,12,LATAM,STELLAR,MAINTENANCE,NO_TS_LATAM,89.29
Roger,Rivera,IL31514,4031298,JALVIK SOLUTIONS,12,APAC MENA,NEXUS,MAINTENANCE,OYDAPTQYMI6O8E8,5.95
Peter,Clark,HJ81912,1132469,ETHOS GLOBAL,12,MEA MENA,NEXUS,RPS,DTY34APZ3KWO4CM,9.52
Peter,Clark,HJ81912,1132469,ETHOS GLOBAL,12,NA,NEXUS,RPS,NO_TS_NA,90.48
Jillian,Gonzalez,AB38304,3495562,ALCOR GROUP,12,LATAM MENA,STELLAR,MAINTENANCE,6JAXNKWPNNVRDOJ,12.5
Melvin,Casey,WV30025,6929347,JALVIK GROUP,12,EMEA ASIA,VERTEX,RPS,6M4VQ09FE3TCN1X,11.31
Melvin,Casey,WV30025,6929347,JALVIK GROUP,12,APAC,VERTEX,RPS,NO_TS_APAC,88.69
Michael,Drake,MX15593,2716838,LUMEX GLOBAL,12,NA ASIA,ORBIT,SUPPORT,SR2790EFERTDB0T,13.1
Michael,Drake,MX15593,2716838,LUMEX GLOBAL,12,CONT,ORBIT,SUPPORT,NO_TS_CONT,86.9
Monica,Gallagher,IH49132,8017215,HYRION TECH,12,EMEA MENA,ORBIT,RPS,6O9NN7FCKQ2292G,6.1
Sarah,Bridges,GN56360,9865652,INOVA VENTURES,12,LATAM OCEANIA,STELLAR,MAINTENANCE,4NYAHKN1A15C6CD,8.33
Sarah,Bridges,GN56360,9865652,INOVA VENTURES,12,EMEA,STELLAR,MAINTENANCE,NO_TS_EMEA,91.67
Andrew,George,PX77305,9647786,DELVO CONSULTING,12,LATAM OCEANIA,ORBIT,REGIE,FAG3NLAIVO2088F,8.93
Kendra,Kelly,JL31162,5740078,LUMEX CONSULTING,12,MEA MENA,STELLAR,REGIE,SRDT3DWESM3TY6D,7.44
Kendra,Kelly,JL31162,5740078,LUMEX CONSULTING,12,NA,STELLAR,REGIE,NO_TS_NA,92.56
William,Burnett,VX77383,1127207,KESTRA SYSTEMS,12,MEA OCEANIA,PHOENIX,RPS,V6565EONJR0ZL75,7.74
William,Burnett,VX77383,1127207,KESTRA SYSTEMS,12,NA,PHOENIX,RPS,NO_TS_NA,92.26
Wanda,Richard,TY66862,6934137,FORVEX VENTURES,12,APAC AFRICA,QUANTUM,FORFAIT,TO99F2HT8AV1SUD,9.52
Wanda,Richard,TY66862,6934137,FORVEX VENTURES,12,NA,QUANTUM,FORFAIT,NO_TS_NA,90.48
Krystal,Choi,LK41205,5672346,ALCOR VENTURES,12,EMEA AFRICA,ORBIT,FORFAIT,Z23M75HO1R3B1U9,8.18
Krystal,Choi,LK41205,5672346,ALCOR VENTURES,12,MEA,ORBIT,FORFAIT,NO_TS_MEA,91.82
Jessica,Ford,SC85509,9208406,DELVO SYSTEMS,12,LATAM AFRICA,PHOENIX,REGIE,U1H60BEKKXYYWII,8.33
Jessica,Ford,SC85509,9208406,DELVO SYSTEMS,12,CONT,PHOENIX,REGIE,NO_TS_CONT,91.67
Timothy,Kennedy,AE39301,9807966,INOVA VENTURES,12,EMEA EUROPE,ATLAS,REGIE,JVVT4GQJ7N2OZ37,9.52
Ryan,Avila,YH67652,9208072,HYRION SYSTEMS,12,NA AMERICA,STELLAR,SUPPORT,1LFXY71Z0ZK53QM,7.74
Danielle,Reed,DL27869,5184482,ALCOR VENTURES,12,CONT ASIA,NEXUS,SUPPORT,H8NUXII7H1RJJSR,9.82
Matthew,Robinson,CI03974,6065657,INOVA GLOBAL,12,CONT OCEANIA,STELLAR,MAINTENANCE,MQAZLBERTYNTUJH,10.71
Ariel,Drake,GB56224,5393494,CENVEO TECH,12,MEA AFRICA,NEXUS,SUPPORT,SZOH7847NNV7H0Q,9.52
Ariel,Drake,GB56224,5393494,CENVEO TECH,12,LATAM,NEXUS,SUPPORT,NO_TS_LATAM,90.48
Larry,Oneill,OX24399,5714366,KESTRA DYNAMICS,12,CONT MENA,STELLAR,MAINTENANCE,M5ARCBWXAU8CZUL,11.9
Larry,Oneill,OX24399,5714366,KESTRA DYNAMICS,12,EMEA,STELLAR,MAINTENANCE,NO_TS_EMEA,88.1
Lisa,Lawrence,BL45620,1524414,ETHOS SOLUTIONS,12,MEA AFRICA,STELLAR,MAINTENANCE,ZAOMDXH5PCYYLC6,11.9
Lisa,Lawrence,BL45620,1524414,ETHOS SOLUTIONS,12,NA,STELLAR,MAINTENANCE,NO_TS_NA,88.1
Heidi,Calderon,VG50214,6287155,GOLZEN TECH,12,APAC ASIA,ATLAS,FORFAIT,1UL9HBC07RNWCGV,11.9
Heidi,Calderon,VG50214,6287155,GOLZEN TECH,12,EMEA,ATLAS,FORFAIT,NO_TS_EMEA,88.1
Kimberly,Hicks,HN70061,4318127,FORVEX CONSULTING,12,EMEA AMERICA,NOVA,RPS,WJLK5CJVNPTCI48,11.9
Kimberly,Hicks,HN70061,4318127,FORVEX CONSULTING,12,LATAM,NOVA,RPS,NO_TS_LATAM,88.1
Anne,Francis,EC08736,2235951,GOLZEN DIGITAL,12,APAC AFRICA,QUANTUM,REGIE,LHJSAIHHHFPFA73,8.63
Anne,Francis,EC08736,2235951,GOLZEN DIGITAL,12,LATAM,QUANTUM,REGIE,NO_TS_LATAM,91.37
Philip,Price,XI65670,4901046,ALCOR CONSULTING,12,CONT AFRICA,NOVA,REGIE,KTN4KHSZ1ZEN9WP,10.42
Kelly,Small,ZY67302,2342740,DELVO DIGITAL,12,LATAM MENA,NOVA,REGIE,D4ZH9OCUCN1TZPB,8.33
Kelly,Small,ZY67302,2342740,DELVO DIGITAL,12,MEA,NOVA,REGIE,NO_TS_MEA,91.67
Kent,Walker,ST31756,7839009,HYRION SYSTEMS,12,CONT MENA,PHOENIX,SUPPORT,7DT74PIG6D1UGJI,7.74
Mark,Hall,JC11087,7766188,LUMEX CONSULTING,12,APAC ASIA,VERTEX,RPS,9NNZDJP44P31TKE,12.5
Kyle,Knox,HJ19918,5813481,INOVA GLOBAL,12,NA AFRICA,NEXUS,REGIE,O92Q2AH6AJIKFCR,9.52
Kyle,Knox,HJ19918,5813481,INOVA GLOBAL,12,MEA,NEXUS,REGIE,NO_TS_MEA,90.48
Maria,Anthony,FZ44024,7546155,ALCOR TECH,12,EMEA AFRICA,NOVA,MAINTENANCE,D151JJOZ42ES0NS,9.52
Maria,Anthony,FZ44024,7546155,ALCOR TECH,12,EMEA,NOVA,MAINTENANCE,NO_TS_EMEA,90.48
Allison,Campbell,QI10020,4622795,LUMEX CONSULTING,12,CONT EUROPE,ATLAS,REGIE,30IQJKR0NJG3GOK,13.1
Allison,Campbell,QI10020,4622795,LUMEX CONSULTING,12,LATAM,ATLAS,REGIE,NO_TS_LATAM,86.9
Heidi,Thomas,QF28728,7583140,INOVA DIGITAL,12,MEA EUROPE,STELLAR,MAINTENANCE,O51TTRVKRPN5TML,10.12
Jesse,Park,WN78435,9361951,KESTRA DYNAMICS,12,EMEA AFRICA,VERTEX,RPS,5EDHJ0FDHDGIW3P,14.29
Jesse,Park,WN78435,9361951,KESTRA DYNAMICS,12,MEA,VERTEX,RPS,NO_TS_MEA,85.71
Melissa,Armstrong,XA45651,1436656,HYRION SYSTEMS,12,CONT MENA,PULSE,MAINTENANCE,K84WR5YCSCICLAI,8.33
Deborah,Rose,BY63824,6480987,GOLZEN TECH,12,CONT OCEANIA,QUANTUM,MAINTENANCE,QA4KA4M20PMI5U6,11.31
Deborah,Rose,BY63824,6480987,GOLZEN TECH,12,LATAM,QUANTUM,MAINTENANCE,NO_TS_LATAM,88.69
Lisa,Turner,DZ45258,3553521,ETHOS SYSTEMS,12,LATAM AFRICA,STELLAR,MAINTENANCE,50J8NDICD1KYZ1H,7.44
Lisa,Turner,DZ45258,3553521,ETHOS SYSTEMS,12,APAC,STELLAR,MAINTENANCE,NO_TS_APAC,92.56
Christian,Wilcox,BD94372,3156549,ETHOS CONSULTING,12,LATAM MENA,PULSE,RPS,ZUO81YULE3799Y8,9.52
Christian,Wilcox,BD94372,3156549,ETHOS CONSULTING,12,EMEA,PULSE,RPS,NO_TS_EMEA,90.48
Jeremy,Adams,RW85610,3152259,GOLZEN TECH,12,CONT EUROPE,PULSE,REGIE,NO74NMHN7OU5JX7,7.44
Brittany,Phillips,GV48102,7386570,KESTRA TECH,12,LATAM AMERICA,VERTEX,SUPPORT,42UPZX8NY3RUM7H,11.9
Kari,Martinez,LP30448,1760057,GOLZEN GLOBAL,12,NA OCEANIA,PHOENIX,RPS,TSNF0VVZDGZE55Q,11.61
Kari,Martinez,LP30448,1760057,GOLZEN GLOBAL,12,MEA,PHOENIX,RPS,NO_TS_MEA,88.39
Gary,Garcia,DA72529,3749012,DELVO GROUP,12,LATAM OCEANIA,STELLAR,RPS,BY9NKYNUC87KGYM,8.63
Gary,Garcia,DA72529,3749012,DELVO GROUP,12,APAC,STELLAR,RPS,NO_TS_APAC,91.37
David,Diaz,OA91971,9162794,HYRION SOLUTIONS,12,APAC OCEANIA,NEXUS,REGIE,SBRD4DBYNPWZ76E,5.95
David,Diaz,OA91971,9162794,HYRION SOLUTIONS,12,LATAM,NEXUS,REGIE,NO_TS_LATAM,94.05
Derek,Hurst,VZ51898,5391024,FORVEX GROUP,12,NA ASIA,NEXUS,RPS,Z80WW1YCOBBLVDR,11.9
Derek,Hurst,VZ51898,5391024,FORVEX GROUP,12,CONT,NEXUS,RPS,NO_TS_CONT,88.1
Sarah,Webb,UT78564,2906973,JALVIK GROUP,12,LATAM ASIA,PHOENIX,RPS,L3INTC5K0M6CIMJ,7.74
Sarah,Webb,UT78564,2906973,JALVIK GROUP,12,LATAM,PHOENIX,RPS,NO_TS_LATAM,92.26
Robert,Goodman,VM11639,3477523,HYRION VENTURES,12,MEA ASIA,QUANTUM,SUPPORT,O6U75MKS7DETX9A,12.2
Robert,Goodman,VM11639,3477523,HYRION VENTURES,12,LATAM,QUANTUM,SUPPORT,NO_TS_LATAM,87.8
Robert,Perez,ZX03014,4972604,ALCOR DIGITAL,12,LATAM EUROPE,PHOENIX,MAINTENANCE,OUJZGNMY3MKIMAL,11.9
Karen,Stanley,FY93666,5867471,ALCOR TECH,12,EMEA MENA,PULSE,MAINTENANCE,VQ9EWEV0RIBOB0B,11.61
Karen,Stanley,FY93666,5867471,ALCOR TECH,12,LATAM,PULSE,MAINTENANCE,NO_TS_LATAM,88.39
Carrie,York,XF21510,9586486,FORVEX DIGITAL,12,LATAM AFRICA,ATLAS,MAINTENANCE,9K5T7G5SEVKHTA3,9.52
Carrie,York,XF21510,9586486,FORVEX DIGITAL,12,CONT,ATLAS,MAINTENANCE,NO_TS_CONT,90.48
Jessica,Mills,JE88680,4382853,GOLZEN TECH,12,CONT OCEANIA,NEXUS,SUPPORT,JTQGYXHDU0S0Q0K,9.52
Jessica,Mills,JE88680,4382853,GOLZEN TECH,12,NA,NEXUS,SUPPORT,NO_TS_NA,90.48
Robin,Hobbs,IV88292,4739707,HYRION SOLUTIONS,12,NA AFRICA,ORBIT,MAINTENANCE,018A3NWUSIDU9RE,7.74
Robin,Hobbs,IV88292,4739707,HYRION SOLUTIONS,12,APAC,ORBIT,MAINTENANCE,NO_TS_APAC,92.26
Christopher,Page,XL26579,1352329,JALVIK TECH,12,MEA MENA,PULSE,RPS,00JUMOLTUJIAPRQ,11.9
Katherine,Rogers,PF32389,7655814,BRYTON VENTURES,12,EMEA AMERICA,ORBIT,RPS,UYSA43HCN92TP7Q,11.01
Katherine,Rogers,PF32389,7655814,BRYTON VENTURES,12,MEA,ORBIT,RPS,NO_TS_MEA,88.99
Jimmy,Cain,EB67697,9340838,INOVA CONSULTING,12,MEA MENA,QUANTUM,FORFAIT,KQ8SYCYQN7SVGQ4,6.25
Alexis,Pearson,UA05257,3230239,KESTRA TECH,12,EMEA EUROPE,ATLAS,MAINTENANCE,UEIEFLAGJZ4EWZN,5.65
Alexis,Pearson,UA05257,3230239,KESTRA TECH,12,APAC,ATLAS,MAINTENANCE,NO_TS_APAC,94.35
Jennifer,Wilson,TP75283,5426411,INOVA SYSTEMS,12,EMEA MENA,STELLAR,FORFAIT,UISPFG9LX3AVF1H,11.9
Jennifer,Wilson,TP75283,5426411,INOVA SYSTEMS,12,NA,STELLAR,FORFAIT,NO_TS_NA,88.1
Jason,Green,SZ47454,1264418,ALCOR SYSTEMS,12,MEA EUROPE,QUANTUM,RPS,1A744FUMCOVC36V,14.29
Jason,Green,SZ47454,1264418,ALCOR SYSTEMS,12,LATAM,QUANTUM,RPS,NO_TS_LATAM,85.71
Mary,Romero,WQ75874,6103735,INOVA VENTURES,12,CONT ASIA,VERTEX,SUPPORT,WBDSWRHGVC5YG26,9.52
Mary,Romero,WQ75874,6103735,INOVA VENTURES,12,EMEA,VERTEX,SUPPORT,NO_TS_EMEA,90.48
Morgan,Boyle,UZ68218,7272684,LUMEX GROUP,12,CONT MENA,STELLAR,REGIE,WR06T3DWP0TTTZZ,9.82
Philip,Mckee,TR70750,7783707,ETHOS TECH,12,NA ASIA,QUANTUM,FORFAIT,1SMD5S4H4HBVT40,11.9
Philip,Mckee,TR70750,7783707,ETHOS TECH,12,CONT,QUANTUM,FORFAIT,NO_TS_CONT,88.1
John,Franklin,PE54327,1920078,INOVA SOLUTIONS,12,NA MENA,STELLAR,MAINTENANCE,3XNUB6QAAIXLX3V,13.84
John,Franklin,PE54327,1920078,INOVA SOLUTIONS,12,EMEA,STELLAR,MAINTENANCE,NO_TS_EMEA,86.16
Wendy,Lopez,SY71720,2541222,ALCOR VENTURES,12,LATAM AFRICA,ATLAS,SUPPORT,L3B3Z351FZCW2FF,10.27
Wendy,Lopez,SY71720,2541222,ALCOR VENTURES,12,CONT,ATLAS,SUPPORT,NO_TS_CONT,89.73
Joshua,Barnett,MB17375,3594184,JALVIK CONSULTING,12,NA EUROPE,ORBIT,FORFAIT,QNZMGON41KI6DF2,10.71
Joshua,Barnett,MB17375,3594184,JALVIK CONSULTING,12,CONT,ORBIT,FORFAIT,NO_TS_CONT,89.29
Nicole,Riddle,TE53814,8403382,CENVEO GROUP,12,LATAM ASIA,ATLAS,RPS,ZCQCUJDGWAM9RVS,7.14
Nicole,Riddle,TE53814,8403382,CENVEO GROUP,12,APAC,ATLAS,RPS,NO_TS_APAC,92.86
Daryl,Green,IP06239,1495234,ETHOS TECH,12,MEA AMERICA,ATLAS,MAINTENANCE,ZXOIDTSBDHLS0HL,8.33
Robert,Soto,LW95841,6764673,HYRION GROUP,12,MEA ASIA,NOVA,RPS,PR4ZVPNLPL17HFN,8.33
Rachel,Allen,TM74372,1398440,GOLZEN CONSULTING,12,MEA MENA,STELLAR,REGIE,50OLJL79BEZY7DK,9.67
Rachel,Allen,TM74372,1398440,GOLZEN CONSULTING,12,APAC,STELLAR,REGIE,NO_TS_APAC,90.33
Sonya,Harris,LI47092,2913631,INOVA SYSTEMS,12,NA EUROPE,NOVA,MAINTENANCE,P148AHVJ3EXFS2R,9.52
Sonya,Harris,LI47092,2913631,INOVA SYSTEMS,12,CONT,NOVA,MAINTENANCE,NO_TS_CONT,90.48
Rodney,Baker,MD14565,4458470,BRYTON DYNAMICS,12,MEA AMERICA,PULSE,REGIE,XAKRWA2JHOPVDLI,5.36
Alexandra,Hall,ZN55203,5418925,LUMEX SYSTEMS,12,LATAM OCEANIA,ORBIT,RPS,AHUDEDL6P238OHR,10.71
Lauren,Black,NI40323,3552233,ETHOS TECH,12,CONT AFRICA,VERTEX,RPS,80YIPGML1UX7JGX,11.9
Lauren,Black,NI40323,3552233,ETHOS TECH,12,EMEA,VERTEX,RPS,NO_TS_EMEA,88.1
John,Lewis,BI55597,2438191,JALVIK GLOBAL,12,APAC AMERICA,PULSE,SUPPORT,MERXHEKBCH7YQ36,10.42
John,Lewis,BI55597,2438191,JALVIK GLOBAL,12,EMEA,PULSE,SUPPORT,NO_TS_EMEA,89.58
Brianna,Oneill,ZF88729,9069921,ETHOS GROUP,12,EMEA MENA,ATLAS,MAINTENANCE,QX5UOHBHTOFX83X,7.14
Brianna,Oneill,ZF88729,9069921,ETHOS GROUP,12,LATAM,ATLAS,MAINTENANCE,NO_TS_LATAM,92.86
Stephen,Salazar,VY39163,3430477,KESTRA GROUP,12,EMEA AFRICA,PHOENIX,MAINTENANCE,SNOYRFPM1RCAQ29,11.9
Dawn,Mccarty,YO72395,2059047,KESTRA DYNAMICS,12,APAC OCEANIA,ATLAS,FORFAIT,3VRQ9IDB28D7Y1H,5.65
Dawn,Powell,VB22289,6997169,BRYTON SOLUTIONS,12,MEA ASIA,NEXUS,RPS,ES3E9THMM1QOWW5,9.97
Dustin,Williams,IK15261,1632728,JALVIK GROUP,12,LATAM ASIA,PHOENIX,MAINTENANCE,ASFINIWBS9R9TNM,7.29
Dustin,Williams,IK15261,1632728,JALVIK GROUP,12,APAC,PHOENIX,MAINTENANCE,NO_TS_APAC,92.71
Hayden,Villanueva,UC97646,3497408,ALCOR VENTURES,12,EMEA AFRICA,QUANTUM,SUPPORT,4OI40XUXQFN3UYL,9.67
Hayden,Villanueva,UC97646,3497408,ALCOR VENTURES,12,NA,QUANTUM,SUPPORT,NO_TS_NA,90.33
Jacqueline,Anderson,VK78347,2038984,CENVEO GLOBAL,12,APAC OCEANIA,ATLAS,MAINTENANCE,B7XYQ0VQ77PO5S5,7.14
Jacqueline,Anderson,VK78347,2038984,CENVEO GLOBAL,12,MEA,ATLAS,MAINTENANCE,NO_TS_MEA,92.86
Jacob,Houston,SD02583,5944872,LUMEX GROUP,12,CONT AMERICA,QUANTUM,FORFAIT,JM8LAT95EIBJUQW,11.9
Jacob,Houston,SD02583,5944872,LUMEX GROUP,12,NA,QUANTUM,FORFAIT,NO_TS_NA,88.1
Becky,Harper,TF78527,5885075,FORVEX SOLUTIONS,12,MEA AFRICA,QUANTUM,MAINTENANCE,CET0MQ2EL6SLUR6,9.52
Becky,Harper,TF78527,5885075,FORVEX SOLUTIONS,12,LATAM,QUANTUM,MAINTENANCE,NO_TS_LATAM,90.48
Rebecca,Rose,ZV81178,5915405,BRYTON TECH,12,EMEA OCEANIA,STELLAR,FORFAIT,CFN13Z0FM4X58DA,9.52
Rebecca,Rose,ZV81178,5915405,BRYTON TECH,12,LATAM,STELLAR,FORFAIT,NO_TS_LATAM,90.48
Timothy,Brown,CQ38862,4020950,HYRION CONSULTING,12,LATAM MENA,NEXUS,REGIE,ZYX3TGRVW36LV9Y,8.04
Timothy,Brown,CQ38862,4020950,HYRION CONSULTING,12,NA,NEXUS,REGIE,NO_TS_NA,91.96
Amy,Palmer,FD97428,5258585,GOLZEN GROUP,12,MEA EUROPE,NOVA,REGIE,L1848INTRT8T07L,9.52
Amy,Palmer,FD97428,5258585,GOLZEN GROUP,12,EMEA,NOVA,REGIE,NO_TS_EMEA,90.48
Derek,Parker,YK73163,5421896,GOLZEN GLOBAL,12,MEA ASIA,ATLAS,SUPPORT,KIHJYMZ1NYKRUAW,9.52
William,Randall,EB55642,5655348,ALCOR TECH,12,CONT EUROPE,ATLAS,SUPPORT,IY92HWQCPOWWZ1K,6.25
Francisco,Miles,WF17088,3379657,ALCOR GLOBAL,12,NA MENA,PULSE,FORFAIT,U6KVTHQ7I3CXTDQ,12.5
Francisco,Miles,WF17088,3379657,ALCOR GLOBAL,12,APAC,PULSE,FORFAIT,NO_TS_APAC,87.5
Ryan,Pollard,QU85704,2552619,INOVA GROUP,12,EMEA AFRICA,ATLAS,FORFAIT,BTBLLOU7D740ED5,11.9
Ryan,Pollard,QU85704,2552619,INOVA GROUP,12,LATAM,ATLAS,FORFAIT,NO_TS_LATAM,88.1
Jessica,Doyle,NE67754,8836959,ALCOR CONSULTING,12,MEA MENA,PULSE,FORFAIT,8FQTUVIOJMSWPGJ,8.33
Jessica,Doyle,NE67754,8836959,ALCOR CONSULTING,12,APAC,PULSE,FORFAIT,NO_TS_APAC,91.67
Mary,Barnes,DB91707,7176202,ALCOR TECH,12,APAC AMERICA,QUANTUM,REGIE,S9TMQUW8DRU1YWW,14.29
Mary,Barnes,DB91707,7176202,ALCOR TECH,12,EMEA,QUANTUM,REGIE,NO_TS_EMEA,85.71
Matthew,Olson,QE06258,6423769,BRYTON DYNAMICS,12,EMEA MENA,QUANTUM,RPS,D7D8MX0J05OI4KF,11.9
Matthew,Olson,QE06258,6423769,BRYTON DYNAMICS,12,EMEA,QUANTUM,RPS,NO_TS_EMEA,88.1
Raymond,Wilcox,JV58761,7454368,ETHOS CONSULTING,12,LATAM AFRICA,PULSE,RPS,JKSHA6I8MC2DD82,9.52
Raymond,Wilcox,JV58761,7454368,ETHOS CONSULTING,12,EMEA,PULSE,RPS,NO_TS_EMEA,90.48
David,Miller,MK80280,6447011,INOVA SYSTEMS,12,MEA EUROPE,NOVA,REGIE,099H60IZK5ZK73R,10.71
David,Miller,MK80280,6447011,INOVA SYSTEMS,12,NA,NOVA,REGIE,NO_TS_NA,89.29
Frank,Simpson,EC52823,4390719,JALVIK DYNAMICS,12,NA ASIA,ATLAS,FORFAIT,E35NABLI8751X9Z,7.74
Michele,Weber,DM16595,4270404,INOVA SYSTEMS,12,MEA MENA,NOVA,RPS,Y9WDP8IEIKLZJB3,6.85
Michele,Weber,DM16595,4270404,INOVA SYSTEMS,12,CONT,NOVA,RPS,NO_TS_CONT,93.15
Amanda,Watson,GW52435,4421354,LUMEX VENTURES,12,MEA MENA,PULSE,REGIE,GM8F5WI09LZ5HVR,10.12
John,Robinson,KJ44430,7287726,ETHOS GROUP,12,CONT EUROPE,ATLAS,RPS,54MX4044W4V9AA1,10.71
John,Robinson,KJ44430,7287726,ETHOS GROUP,12,NA,ATLAS,RPS,NO_TS_NA,89.29
Amanda,Thomas,TX40873,8552073,INOVA SOLUTIONS,12,NA AFRICA,QUANTUM,MAINTENANCE,SBP3FARGG57HD4C,11.9
Zachary,Nguyen,ZR96375,8448102,KESTRA GROUP,12,LATAM OCEANIA,STELLAR,FORFAIT,631D0EA5OH501XD,14.29
Zachary,Nguyen,ZR96375,8448102,KESTRA GROUP,12,CONT,STELLAR,FORFAIT,NO_TS_CONT,85.71
Laura,Williams,CE85927,3601062,ALCOR VENTURES,12,CONT AMERICA,ORBIT,REGIE,5ISC2SM1KU3UMIC,10.71
Laura,Williams,CE85927,3601062,ALCOR VENTURES,12,NA,ORBIT,REGIE,NO_TS_NA,89.29
Robin,Friedman,NJ43691,2795582,INOVA DYNAMICS,12,NA AFRICA,NEXUS,REGIE,TKR4D6JRXB49YWO,7.89
Robin,Friedman,NJ43691,2795582,INOVA DYNAMICS,12,CONT,NEXUS,REGIE,NO_TS_CONT,92.11
Becky,Moore,CI31120,7801841,ALCOR GROUP,12,LATAM OCEANIA,QUANTUM,MAINTENANCE,P7VU2VQEKW2CO82,7.14
Becky,Moore,CI31120,7801841,ALCOR GROUP,12,CONT,QUANTUM,MAINTENANCE,NO_TS_CONT,92.86
Eric,Harris,PE32974,1865377,ETHOS DIGITAL,12,MEA OCEANIA,NOVA,SUPPORT,F3ERZJQEKVZP9YO,9.52
Eric,Harris,PE32974,1865377,ETHOS DIGITAL,12,NA,NOVA,SUPPORT,NO_TS_NA,90.48
Abigail,Clark,TA99451,5478695,INOVA GLOBAL,12,MEA EUROPE,QUANTUM,SUPPORT,M7PMNUKAWV4PNI3,11.9
Abigail,Clark,TA99451,5478695,INOVA GLOBAL,12,MEA,QUANTUM,SUPPORT,NO_TS_MEA,88.1
Isaiah,Miller,MN84214,5808590,DELVO TECH,12,LATAM AFRICA,NOVA,RPS,YVVYB8FOJO0779E,9.52
Cameron,Larsen,FU04090,2318154,INOVA GROUP,12,APAC AFRICA,NOVA,RPS,5DJURPEX6NL8GW9,9.52
Cameron,Larsen,FU04090,2318154,INOVA GROUP,12,CONT,NOVA,RPS,NO_TS_CONT,90.48
Christopher,Hart,HV44261,5036321,LUMEX GROUP,12,APAC AFRICA,ORBIT,SUPPORT,1NAJWRQZYOGRQ3M,8.33
Emily,Vasquez,VK00548,5833166,FORVEX TECH,12,NA AFRICA,PULSE,REGIE,PGXUD9D3H8JR4J8,8.63
Ashley,Lopez,HR00098,7644614,GOLZEN TECH,12,NA MENA,PULSE,FORFAIT,9AHJ3Q6NLHFAQQD,7.29
Ashley,Lopez,HR00098,7644614,GOLZEN TECH,12,EMEA,PULSE,FORFAIT,NO_TS_EMEA,92.71
Janet,Castaneda,JG18231,9365468,INOVA DYNAMICS,12,CONT OCEANIA,PULSE,FORFAIT,MV5R6KHM44Y3DTT,7.44
Janet,Castaneda,JG18231,9365468,INOVA DYNAMICS,12,NA,PULSE,FORFAIT,NO_TS_NA,92.56
Richard,Rubio,TH78738,6511818,ETHOS DYNAMICS,12,CONT MENA,QUANTUM,FORFAIT,K9R2D7JK1GTJUG3,5.95
Richard,Rubio,TH78738,6511818,ETHOS DYNAMICS,12,MEA,QUANTUM,FORFAIT,NO_TS_MEA,94.05
Julie,Horn,AF20771,5412144,INOVA VENTURES,12,MEA OCEANIA,PHOENIX,RPS,YL8H3R5JWZECBLK,11.9
Julie,Horn,AF20771,5412144,INOVA VENTURES,12,LATAM,PHOENIX,RPS,NO_TS_LATAM,88.1
Tyler,Patterson,CX32049,5696412,FORVEX VENTURES,12,LATAM MENA,QUANTUM,FORFAIT,MOXN06KR3N0HYTB,11.9
Tyler,Patterson,CX32049,5696412,FORVEX VENTURES,12,LATAM,QUANTUM,FORFAIT,NO_TS_LATAM,88.1
James,Rodgers,SZ59467,7003719,ETHOS DYNAMICS,12,LATAM OCEANIA,ORBIT,MAINTENANCE,060NGPKC1QDG8D7,12.5
James,Rodgers,SZ59467,7003719,ETHOS DYNAMICS,12,LATAM,ORBIT,MAINTENANCE,NO_TS_LATAM,87.5
Charles,Lewis,IH15759,1450496,LUMEX DYNAMICS,12,LATAM EUROPE,QUANTUM,SUPPORT,VTM1QH5RM6ZZ7MB,11.9
Charles,Lewis,IH15759,1450496,LUMEX DYNAMICS,12,APAC,QUANTUM,SUPPORT,NO_TS_APAC,88.1
Holly,Morris,YR35928,5438307,ETHOS CONSULTING,12,LATAM OCEANIA,VERTEX,REGIE,1646LQI25S5TEGQ,7.59
Holly,Morris,YR35928,5438307,ETHOS CONSULTING,12,APAC,VERTEX,REGIE,NO_TS_APAC,92.41
Jose,Taylor,VR19377,7656869,BRYTON GROUP,12,CONT AFRICA,QUANTUM,FORFAIT,7819ORL76XXH7LD,9.52
Jose,Taylor,VR19377,7656869,BRYTON GROUP,12,MEA,QUANTUM,FORFAIT,NO_TS_MEA,90.48
Damon,Anderson,SY90977,9092742,BRYTON GROUP,12,APAC AMERICA,ORBIT,RPS,FA20CX7QPGL2SIX,7.74
Damon,Anderson,SY90977,9092742,BRYTON GROUP,12,MEA,ORBIT,RPS,NO_TS_MEA,92.26
Luis,Harvey,UH43696,6068445,CENVEO SOLUTIONS,12,CONT AMERICA,PULSE,SUPPORT,3GJE47KIGLLS0SC,9.52
Luis,Harvey,UH43696,6068445,CENVEO SOLUTIONS,12,MEA,PULSE,SUPPORT,NO_TS_MEA,90.48
Jesse,Taylor,DU65810,2739947,FORVEX GROUP,12,EMEA AFRICA,ATLAS,SUPPORT,6E3W809WUY1QJ2T,7.29
Zachary,Huynh,QK34432,1596281,BRYTON GROUP,12,NA AMERICA,ATLAS,MAINTENANCE,WLYJ6O4LLCNW2NQ,11.9
Zachary,Huynh,QK34432,1596281,BRYTON GROUP,12,CONT,ATLAS,MAINTENANCE,NO_TS_CONT,88.1
Eric,Gardner,PU74626,5383446,LUMEX DYNAMICS,12,LATAM ASIA,ATLAS,MAINTENANCE,HJNQNCNTO3MPY76,11.9
Heidi,Armstrong,WD75565,1726975,KESTRA GROUP,12,EMEA OCEANIA,STELLAR,FORFAIT,JY47VSLUR46NR4X,7.74
Matthew,Robbins,IY14388,4983404,FORVEX TECH,12,MEA AMERICA,NEXUS,REGIE,YPECMM2AXYK266D,11.9
Matthew,Robbins,IY14388,4983404,FORVEX TECH,12,APAC,NEXUS,REGIE,NO_TS_APAC,88.1
Brandy,White,IB82476,5467848,JALVIK SOLUTIONS,12,LATAM AMERICA,PHOENIX,RPS,BAK6FDLILM1PHLI,8.33
Taylor,Young,XC07676,9299856,BRYTON DIGITAL,12,LATAM MENA,QUANTUM,RPS,JTLLHCNNRSJO8YE,9.52
Taylor,Young,XC07676,9299856,BRYTON DIGITAL,12,MEA,QUANTUM,RPS,NO_TS_MEA,90.48
Carla,Myers,CV37545,6709661,DELVO DYNAMICS,12,NA OCEANIA,ATLAS,SUPPORT,IJ90OPIFTMST3ZG,8.33
Carla,Myers,CV37545,6709661,DELVO DYNAMICS,12,MEA,ATLAS,SUPPORT,NO_TS_MEA,91.67
Jennifer,Tate,VK65087,6395690,DELVO TECH,12,LATAM EUROPE,PHOENIX,MAINTENANCE,FY6TOUBMMSZAY5K,8.63
Jennifer,Tate,VK65087,6395690,DELVO TECH,12,EMEA,PHOENIX,MAINTENANCE,NO_TS_EMEA,91.37
Teresa,Weiss,SH21492,4184024,ALCOR GLOBAL,12,EMEA EUROPE,NEXUS,FORFAIT,FNZK31FQQVHX1US,8.33
Teresa,Weiss,SH21492,4184024,ALCOR GLOBAL,12,LATAM,NEXUS,FORFAIT,NO_TS_LATAM,91.67
James,Anderson,CO51525,4881981,CENVEO DYNAMICS,12,NA AMERICA,QUANTUM,RPS,7LH12QOV1QJV4WY,22.22
James,Anderson,CO51525,4881981,CENVEO DYNAMICS,12,NA,QUANTUM,RPS,NO_TS_NA,77.78
Kathy,Kane,WY98839,9593244,ALCOR SYSTEMS,12,APAC ASIA,PULSE,MAINTENANCE,SVJVZ0ST66XZV3B,11.9
Amanda,Carney,GT60367,7016048,INOVA DIGITAL,12,NA OCEANIA,ATLAS,SUPPORT,H7A84PWUVTCK9EM,9.82
Amanda,Carney,GT60367,7016048,INOVA DIGITAL,12,CONT,ATLAS,SUPPORT,NO_TS_CONT,90.18
Jennifer,Bates,SD19483,8834051,FORVEX SYSTEMS,12,EMEA EUROPE,NOVA,SUPPORT,XBY99W0NR0N7NOH,13.39
Jennifer,Bates,SD19483,8834051,FORVEX SYSTEMS,12,LATAM,NOVA,SUPPORT,NO_TS_LATAM,86.61
Lauren,Bradley,LP60212,6135999,DELVO TECH,12,LATAM ASIA,PHOENIX,MAINTENANCE,3SNLACV3C17061Y,11.9
Lauren,Bradley,LP60212,6135999,DELVO TECH,12,NA,PHOENIX,MAINTENANCE,NO_TS_NA,88.1
Carlos,Wagner,KS99224,4635365,HYRION DIGITAL,12,APAC AMERICA,STELLAR,MAINTENANCE,7BGIEUM9C767C2N,12.5
Carlos,Wagner,KS99224,4635365,HYRION DIGITAL,12,APAC,STELLAR,MAINTENANCE,NO_TS_APAC,87.5
Mark,Evans,DI45262,9260575,ETHOS VENTURES,12,EMEA AMERICA,QUANTUM,MAINTENANCE,J9PS9R7XLPXHTB4,9.82
Felicia,Martinez,BI50637,3659771,KESTRA GROUP,12,EMEA AMERICA,PULSE,FORFAIT,H0UEIJAQS18S980,8.33
Christina,Thornton,SK91860,5173797,FORVEX GLOBAL,12,APAC AMERICA,QUANTUM,SUPPORT,876EDUDKTXRE0MQ,13.1
Christina,Thornton,SK91860,5173797,FORVEX GLOBAL,12,MEA,QUANTUM,SUPPORT,NO_TS_MEA,86.9
Matthew,Miller,PA00872,9730573,CENVEO SYSTEMS,12,NA AMERICA,STELLAR,SUPPORT,8QFOCIQNM653GE3,9.52
Matthew,Miller,PA00872,9730573,CENVEO SYSTEMS,12,APAC,STELLAR,SUPPORT,NO_TS_APAC,90.48
Amanda,Soto,HT91960,7359245,JALVIK CONSULTING,12,NA MENA,NOVA,RPS,55AX0O06W1H5EOV,14.29
Robert,Pope,QJ33760,1954369,BRYTON SOLUTIONS,12,MEA AMERICA,ATLAS,FORFAIT,RR5T0BJM7JBINW3,5.95
Robert,Pope,QJ33760,1954369,BRYTON SOLUTIONS,12,CONT,ATLAS,FORFAIT,NO_TS_CONT,94.05
Diana,Williams,GM85423,9244008,DELVO VENTURES,12,MEA OCEANIA,PULSE,MAINTENANCE,X0PS9EH5R99MPHU,8.06
Diana,Williams,GM85423,9244008,DELVO VENTURES,12,EMEA,PULSE,MAINTENANCE,NO_TS_EMEA,91.94
Lisa,Wagner,DU41852,3648473,BRYTON CONSULTING,12,APAC ASIA,ORBIT,MAINTENANCE,D3B4EHKFPDQUJ0F,11.9
Calvin,Fritz,WJ71214,1951342,GOLZEN DIGITAL,12,MEA ASIA,NEXUS,REGIE,G631AXJEBSQGP9C,11.9
Justin,Moore,WN98862,7489804,LUMEX CONSULTING,12,MEA ASIA,ORBIT,REGIE,C62GT4XV6C39VYI,9.52
Justin,Moore,WN98862,7489804,LUMEX CONSULTING,12,CONT,ORBIT,REGIE,NO_TS_CONT,90.48
Mallory,Torres,LC55428,3603141,ALCOR GROUP,12,APAC AFRICA,ORBIT,FORFAIT,9RKFKKI5HFOYZOX,8.33
Dennis,Gutierrez,BB17856,4773456,ETHOS TECH,12,CONT EUROPE,ATLAS,REGIE,R0BVB20N8E00WA9,9.52
Monica,Dawson,IU24085,7902467,JALVIK VENTURES,12,EMEA MENA,NEXUS,FORFAIT,KKNQP018UJHIFR3,11.9
Monica,Dawson,IU24085,7902467,JALVIK VENTURES,12,MEA,NEXUS,FORFAIT,NO_TS_MEA,88.1
Angel,Dennis,HP76535,4665123,BRYTON CONSULTING,12,NA AMERICA,STELLAR,FORFAIT,ORFM6C6SQI6SSX8,6.25
Angel,Dennis,HP76535,4665123,BRYTON CONSULTING,12,MEA,STELLAR,FORFAIT,NO_TS_MEA,93.75
Cassandra,Valdez,ZR03071,9330009,FORVEX GLOBAL,12,LATAM ASIA,PHOENIX,SUPPORT,OZKEKPOQHK2UZLH,7.44
Cassandra,Valdez,ZR03071,9330009,FORVEX GLOBAL,12,LATAM,PHOENIX,SUPPORT,NO_TS_LATAM,92.56
Sandra,Tanner,JY64268,6023989,ETHOS SOLUTIONS,12,CONT AFRICA,QUANTUM,FORFAIT,RU6JBVOMX0YZY3Z,12.2
Linda,Weaver,PK76691,3891526,DELVO VENTURES,12,LATAM OCEANIA,ORBIT,REGIE,YZ8RTWIA65R4P6L,8.93
Linda,Weaver,PK76691,3891526,DELVO VENTURES,12,CONT,ORBIT,REGIE,NO_TS_CONT,91.07
Michelle,Ochoa,EN71819,3642355,CENVEO GLOBAL,12,NA ASIA,ORBIT,REGIE,3HRSUGR5M69RPLB,11.9
Cassandra,Johnson,AK27359,2724393,GOLZEN GROUP,12,CONT MENA,STELLAR,MAINTENANCE,3E8A76ZL2LS3XR3,9.52
Sandy,Wiggins,LU22619,8303143,ALCOR DYNAMICS,12,APAC EUROPE,ATLAS,MAINTENANCE,5GMFGCY49WIMIV2,7.14
Sandy,Wiggins,LU22619,8303143,ALCOR DYNAMICS,12,MEA,ATLAS,MAINTENANCE,NO_TS_MEA,92.86
Jeffrey,Curry,DD72909,2280205,GOLZEN VENTURES,12,EMEA EUROPE,STELLAR,SUPPORT,MVKJVE9CXA5SEOJ,9.08
Jeffrey,Curry,DD72909,2280205,GOLZEN VENTURES,12,EMEA,STELLAR,SUPPORT,NO_TS_EMEA,90.92
Lisa,Torres,LA51528,2768555,KESTRA TECH,12,MEA AFRICA,STELLAR,RPS,CPW5GAME1WYX7MC,9.52
Lisa,Torres,LA51528,2768555,KESTRA TECH,12,LATAM,STELLAR,RPS,NO_TS_LATAM,90.48
Corey,Noble,PV90915,8425693,FORVEX GLOBAL,12,NA MENA,PULSE,FORFAIT,UONDLWYVWD8UFWR,11.61
Corey,Noble,PV90915,8425693,FORVEX GLOBAL,12,CONT,PULSE,FORFAIT,NO_TS_CONT,88.39
Anthony,Miller,VL52769,5249191,JALVIK GLOBAL,12,APAC AMERICA,PHOENIX,FORFAIT,SA806GKNZ3H34JN,11.9
Anthony,Miller,VL52769,5249191,JALVIK GLOBAL,12,LATAM,PHOENIX,FORFAIT,NO_TS_LATAM,88.1
Leslie,Decker,NT37574,9991653,BRYTON GLOBAL,12,CONT MENA,PHOENIX,FORFAIT,GVGQ4DJPECSZK5G,8.48
Leslie,Decker,NT37574,9991653,BRYTON GLOBAL,12,EMEA,PHOENIX,FORFAIT,NO_TS_EMEA,91.52
Vanessa,Nelson,HU79541,1000059,INOVA GLOBAL,12,MEA AMERICA,NOVA,RPS,53BPGPIU8KKWVW0,10.71
Vanessa,Nelson,HU79541,1000059,INOVA GLOBAL,12,LATAM,NOVA,RPS,NO_TS_LATAM,89.29
Jessica,Moore,LV36519,5410804,DELVO SOLUTIONS,12,APAC EUROPE,PHOENIX,RPS,D3VF4LZV6C92C9O,8.33
Jessica,Moore,LV36519,5410804,DELVO SOLUTIONS,12,LATAM,PHOENIX,RPS,NO_TS_LATAM,91.67
Isaac,Davis,MK61139,8323432,CENVEO TECH,12,EMEA ASIA,QUANTUM,RPS,AIZEDIH68MDCL4O,9.52
Isaac,Davis,MK61139,8323432,CENVEO TECH,12,CONT,QUANTUM,RPS,NO_TS_CONT,90.48
Eric,Mendez,FD56857,1124741,LUMEX TECH,12,APAC OCEANIA,NEXUS,RPS,X9EK9595X9TCJ3T,9.52
Sarah,Miller,PV64639,5914438,LUMEX CONSULTING,12,NA ASIA,NEXUS,RPS,YIJBA21QPYCD050,9.52
Dennis,Henry,DM85911,8625963,BRYTON VENTURES,12,APAC ASIA,QUANTUM,RPS,RA15S49W8718QC7,7.44
Dennis,Henry,DM85911,8625963,BRYTON VENTURES,12,MEA,QUANTUM,RPS,NO_TS_MEA,92.56
Christopher,Gonzales,BQ60344,3776358,CENVEO GLOBAL,12,APAC ASIA,QUANTUM,REGIE,KGHQ7YAXD0YL2WY,16.07
Austin,Larsen,YN68154,6024671,LUMEX TECH,12,LATAM OCEANIA,ATLAS,RPS,C1N4YPVPQ8K1HOI,9.52
Lisa,Murphy,RX19445,6631312,LUMEX VENTURES,12,EMEA AFRICA,STELLAR,SUPPORT,4PWPDIERIONQMNU,9.52
Lisa,Murphy,RX19445,6631312,LUMEX VENTURES,12,APAC,STELLAR,SUPPORT,NO_TS_APAC,90.48
Donald,Bridges,LX15161,6938743,INOVA SOLUTIONS,12,EMEA AMERICA,NEXUS,REGIE,JB9CDTH3ZY54KIL,13.1
Donald,Bridges,LX15161,6938743,INOVA SOLUTIONS,12,CONT,NEXUS,REGIE,NO_TS_CONT,86.9
Alejandro,Gomez,OE87726,4486662,JALVIK DIGITAL,12,APAC ASIA,QUANTUM,SUPPORT,R01P0CF4DD9TH3W,8.33
Alejandro,Gomez,OE87726,4486662,JALVIK DIGITAL,12,CONT,QUANTUM,SUPPORT,NO_TS_CONT,91.67
Erik,Gilmore,DH80345,1541874,DELVO VENTURES,12,APAC MENA,PHOENIX,MAINTENANCE,2OOQUAJECUUK176,9.52
David,Diaz,CR27524,6811700,LUMEX VENTURES,12,NA MENA,ORBIT,SUPPORT,3OQE982UAF7Z4YR,9.52
David,Diaz,CR27524,6811700,LUMEX VENTURES,12,CONT,ORBIT,SUPPORT,NO_TS_CONT,90.48
Mark,Shields,FU72103,9249734,BRYTON CONSULTING,12,NA ASIA,QUANTUM,SUPPORT,B2SHXA9KCRXKNOO,7.59
Mark,Shields,FU72103,9249734,BRYTON CONSULTING,12,APAC,QUANTUM,SUPPORT,NO_TS_APAC,92.41
Michelle,Carlson,VR02537,6211803,HYRION DIGITAL,12,APAC OCEANIA,NEXUS,RPS,HL667N9XZH4P513,9.52
Michelle,Carlson,VR02537,6211803,HYRION DIGITAL,12,EMEA,NEXUS,RPS,NO_TS_EMEA,90.48
Carla,Franco,KX20069,2687689,DELVO SYSTEMS,12,LATAM ASIA,STELLAR,RPS,HOI33DZDI3WEYED,7.74
Carla,Franco,KX20069,2687689,DELVO SYSTEMS,12,EMEA,STELLAR,RPS,NO_TS_EMEA,92.26
Justin,Green,XW03764,3471884,KESTRA DYNAMICS,12,MEA EUROPE,ORBIT,MAINTENANCE,XYTUE1I8RKKVP8A,6.1
Justin,Green,XW03764,3471884,KESTRA DYNAMICS,12,MEA,ORBIT,MAINTENANCE,NO_TS_MEA,93.9
Jared,Williams,ZK99267,7557400,DELVO VENTURES,12,NA AMERICA,ATLAS,SUPPORT,JF20RK0GCYDZTGK,7.44
Diane,Harris,BA81479,7950742,HYRION GROUP,12,APAC OCEANIA,PHOENIX,RPS,BCHBXB4HYZT244Q,8.63
Jenna,Chandler,GY65987,8676134,INOVA DYNAMICS,12,MEA AFRICA,NOVA,SUPPORT,FEOEKQ72R2W4K03,10.71
Laurie,Watson,EU30768,6545747,HYRION SYSTEMS,12,EMEA EUROPE,ORBIT,MAINTENANCE,33WUEQ85TI2380W,11.9
Eric,Butler,GT30526,3547128,ETHOS GROUP,12,EMEA EUROPE,NOVA,RPS,RPF97TD6JPZDXQK,10.12
Eric,Butler,GT30526,3547128,ETHOS GROUP,12,NA,NOVA,RPS,NO_TS_NA,89.88
Laura,Jones,OB84155,9213095,DELVO VENTURES,12,EMEA EUROPE,NEXUS,MAINTENANCE,M8I6RZVPX7I8MKP,7.74
Laura,Jones,OB84155,9213095,DELVO VENTURES,12,NA,NEXUS,MAINTENANCE,NO_TS_NA,92.26
Anthony,Jensen,AU79126,1622895,INOVA DIGITAL,12,NA MENA,ATLAS,RPS,6SN0F3XRU9SWJG8,6.55
Anthony,Elliott,QZ53250,5162253,ETHOS CONSULTING,12,EMEA MENA,QUANTUM,FORFAIT,DI2L7TAW5S7QDL8,8.33
Anthony,Elliott,QZ53250,5162253,ETHOS CONSULTING,12,APAC,QUANTUM,FORFAIT,NO_TS_APAC,91.67
Jennifer,Dominguez,MS50893,6779056,KESTRA TECH,12,MEA MENA,NOVA,RPS,85DZMTJR08CD7FJ,9.38
Jennifer,Dominguez,MS50893,6779056,KESTRA TECH,12,LATAM,NOVA,RPS,NO_TS_LATAM,90.63
Ryan,Garner,YJ53358,2300448,HYRION SOLUTIONS,12,MEA MENA,ATLAS,SUPPORT,AZBVQLZ1BE5LQH0,11.01
Ryan,Garner,YJ53358,2300448,HYRION SOLUTIONS,12,APAC,ATLAS,SUPPORT,NO_TS_APAC,88.99
Reginald,Sparks,NE78347,4289513,DELVO DYNAMICS,12,NA ASIA,PHOENIX,REGIE,QNIEBV6UZCC3YT2,8.48
Reginald,Sparks,NE78347,4289513,DELVO DYNAMICS,12,APAC,PHOENIX,REGIE,NO_TS_APAC,91.52
Carlos,Garner,FA34202,2365622,ETHOS TECH,12,LATAM OCEANIA,STELLAR,FORFAIT,14BI65BM0Q4XAVD,9.52
Joseph,Hansen,AI82665,7949500,ALCOR GLOBAL,12,MEA AMERICA,ORBIT,MAINTENANCE,ZKOAQNBLJKYZESY,10.71
Donald,Underwood,EJ53414,4729492,GOLZEN SYSTEMS,12,CONT OCEANIA,ORBIT,MAINTENANCE,33APO266QHX4CMY,10.71
Donald,Underwood,EJ53414,4729492,GOLZEN SYSTEMS,12,MEA,ORBIT,MAINTENANCE,NO_TS_MEA,89.29
Amber,Cook,WS41066,8860175,JALVIK SOLUTIONS,12,NA MENA,PULSE,FORFAIT,AKSZ65QXDPR1J0Z,10.42
Amber,Cook,WS41066,8860175,JALVIK SOLUTIONS,12,APAC,PULSE,FORFAIT,NO_TS_APAC,89.58
Christopher,Shaw,NM15147,7343563,KESTRA SYSTEMS,12,NA AMERICA,PHOENIX,MAINTENANCE,KE0Y0TQ2Y7N1ZWB,7.74
Christopher,Shaw,NM15147,7343563,KESTRA SYSTEMS,12,EMEA,PHOENIX,MAINTENANCE,NO_TS_EMEA,92.26
Luke,Fitzgerald,UP52139,4462948,GOLZEN SOLUTIONS,12,MEA OCEANIA,QUANTUM,MAINTENANCE,JIPOEP8JUCWVND8,9.67
Darlene,Rodriguez,RF85638,1822678,LUMEX SOLUTIONS,12,CONT AMERICA,PULSE,RPS,TY4Q1BOQ077IOFG,9.52
Darlene,Rodriguez,RF85638,1822678,LUMEX SOLUTIONS,12,EMEA,PULSE,RPS,NO_TS_EMEA,90.48
Stephanie,Nelson,PJ37722,2876161,JALVIK VENTURES,12,APAC OCEANIA,VERTEX,REGIE,MMZ04EXLMIEI8B6,11.01
Cynthia,Mcdonald,AJ61913,9061796,HYRION TECH,12,LATAM AMERICA,ATLAS,REGIE,5466P4NDQAU6C8V,9.52
Cynthia,Mcdonald,AJ61913,9061796,HYRION TECH,12,NA,ATLAS,REGIE,NO_TS_NA,90.48
Paul,Soto,TW41226,5089247,INOVA GLOBAL,12,MEA MENA,PULSE,FORFAIT,5F5RW6BR8L85SX7,7.29
Paul,Soto,TW41226,5089247,INOVA GLOBAL,12,NA,PULSE,FORFAIT,NO_TS_NA,92.71
Karen,Mosley,GH75385,3166801,DELVO DIGITAL,12,MEA OCEANIA,PHOENIX,MAINTENANCE,BJ7PUQKZ9WY0QFQ,6.55
Elizabeth,Oconnell,OI08688,4216437,LUMEX SYSTEMS,12,NA EUROPE,PHOENIX,REGIE,KN0W8E3S61NKM0O,8.33
Elizabeth,Oconnell,OI08688,4216437,LUMEX SYSTEMS,12,CONT,PHOENIX,REGIE,NO_TS_CONT,91.67
Anthony,Vazquez,XQ20214,9848672,ETHOS TECH,12,MEA OCEANIA,QUANTUM,REGIE,Y21P0LSS4OSCA96,7.29
Anthony,Vazquez,XQ20214,9848672,ETHOS TECH,12,APAC,QUANTUM,REGIE,NO_TS_APAC,92.71
Rebecca,Rogers,SL17193,6210343,INOVA GROUP,12,APAC MENA,ORBIT,FORFAIT,REGKCFRZ6MCJXVO,7.44
Rebecca,Rogers,SL17193,6210343,INOVA GROUP,12,MEA,ORBIT,FORFAIT,NO_TS_MEA,92.56
Joshua,Park,NO96859,2478146,GOLZEN DIGITAL,12,NA AMERICA,ORBIT,MAINTENANCE,7VICYQ5SQSB1Q9Z,11.9
Joshua,Park,NO96859,2478146,GOLZEN DIGITAL,12,APAC,ORBIT,MAINTENANCE,NO_TS_APAC,88.1
Jacob,Dunlap,MI68338,2672686,KESTRA VENTURES,12,MEA ASIA,VERTEX,REGIE,G3ZB3HHTR7XCLNK,8.63
Michelle,Burke,QZ54558,4364090,ALCOR TECH,12,MEA ASIA,VERTEX,REGIE,5BUP55YBEZ33IHC,7.44
Michelle,Burke,QZ54558,4364090,ALCOR TECH,12,LATAM,VERTEX,REGIE,NO_TS_LATAM,92.56
Sabrina,Brady,II53297,4991501,JALVIK VENTURES,12,NA MENA,ATLAS,REGIE,J48CTL3DO3986RC,9.52
Sabrina,Brady,II53297,4991501,JALVIK VENTURES,12,APAC,ATLAS,REGIE,NO_TS_APAC,90.48
David,Burgess,ET22977,3778158,DELVO CONSULTING,12,LATAM MENA,VERTEX,FORFAIT,EJ2L8HKM1DGUW85,8.33
Lisa,Nelson,XE00564,7796158,GOLZEN DYNAMICS,12,LATAM EUROPE,VERTEX,FORFAIT,YGAYWEV5V3X6GN4,9.52
Lisa,Nelson,XE00564,7796158,GOLZEN DYNAMICS,12,CONT,VERTEX,FORFAIT,NO_TS_CONT,90.48
Kevin,Webster,LZ50617,2732056,BRYTON GROUP,12,LATAM OCEANIA,ATLAS,SUPPORT,J7WQKKWG9KX12W1,9.52
Kevin,Webster,LZ50617,2732056,BRYTON GROUP,12,CONT,ATLAS,SUPPORT,NO_TS_CONT,90.48
Justin,Berry,IL48306,9629558,KESTRA DIGITAL,12,MEA ASIA,ORBIT,MAINTENANCE,XQYMXG1135BJBL0,7.29
Justin,Berry,IL48306,9629558,KESTRA DIGITAL,12,NA,ORBIT,MAINTENANCE,NO_TS_NA,92.71
Laura,Mclaughlin,SC35376,1999323,JALVIK GROUP,12,NA MENA,ATLAS,RPS,4ASB7DZ7SXA7K9E,14.29
Shane,Cline,UZ63464,1009043,HYRION GROUP,12,LATAM EUROPE,ATLAS,MAINTENANCE,HGHDI7JNRXCCUIA,10.71
Shane,Cline,UZ63464,1009043,HYRION GROUP,12,LATAM,ATLAS,MAINTENANCE,NO_TS_LATAM,89.29
Marcus,Bates,RO66196,6179555,BRYTON SYSTEMS,12,NA AMERICA,ORBIT,MAINTENANCE,CA0QTYEBTB4IF7Z,9.52
Jamie,Walton,SI00749,7961256,KESTRA DYNAMICS,12,CONT MENA,NOVA,MAINTENANCE,AC9FPYONEONFCKO,14.58
Tina,Kim,NZ75082,1295026,ETHOS SYSTEMS,12,EMEA AFRICA,NEXUS,REGIE,NFDSOF146YPKZL9,6.55
Tina,Kim,NZ75082,1295026,ETHOS SYSTEMS,12,MEA,NEXUS,REGIE,NO_TS_MEA,93.45
Joshua,Harvey,BI20807,5595690,DELVO VENTURES,12,LATAM EUROPE,STELLAR,MAINTENANCE,01XR688VUXNDYUB,10.71
Joel,Bailey,HM85068,7782548,ALCOR SYSTEMS,12,EMEA OCEANIA,PHOENIX,SUPPORT,WNOAJYC8FD4PP8X,11.9
Joel,Bailey,HM85068,7782548,ALCOR SYSTEMS,12,APAC,PHOENIX,SUPPORT,NO_TS_APAC,88.1
Anthony,Murphy,NP68956,1163401,LUMEX DYNAMICS,12,LATAM OCEANIA,PHOENIX,SUPPORT,D7KYLLHGQE2IK8E,11.9
Anthony,Murphy,NP68956,1163401,LUMEX DYNAMICS,12,LATAM,PHOENIX,SUPPORT,NO_TS_LATAM,88.1
Anthony,Nielsen,QY14378,7148596,LUMEX CONSULTING,12,MEA AFRICA,PHOENIX,SUPPORT,60OK746NI7Z8N6T,7.44
Leslie,Yoder,YA88398,8539509,ETHOS DYNAMICS,12,NA ASIA,PHOENIX,MAINTENANCE,ZJJCKRZS3SB0PII,10.71
Leslie,Yoder,YA88398,8539509,ETHOS DYNAMICS,12,EMEA,PHOENIX,MAINTENANCE,NO_TS_EMEA,89.29
Sabrina,Murray,ZI30995,2164678,LUMEX DYNAMICS,12,CONT EUROPE,NOVA,SUPPORT,GBHGAKE4GKCCQWL,14.29
Sabrina,Murray,ZI30995,2164678,LUMEX DYNAMICS,12,CONT,NOVA,SUPPORT,NO_TS_CONT,85.71
Jorge,Adams,FW35452,9269625,HYRION SOLUTIONS,12,NA MENA,PHOENIX,MAINTENANCE,OTST7MAHV30KVAG,10.42
Jorge,Adams,FW35452,9269625,HYRION SOLUTIONS,12,EMEA,PHOENIX,MAINTENANCE,NO_TS_EMEA,89.58
Kristina,Burke,XI30986,1144679,CENVEO DIGITAL,12,APAC AFRICA,ATLAS,REGIE,YZ6X3SXXP1X47GC,8.33
Kristina,Burke,XI30986,1144679,CENVEO DIGITAL,12,CONT,ATLAS,REGIE,NO_TS_CONT,91.67
Holly,Espinoza,FJ32951,5613027,CENVEO DYNAMICS,12,CONT EUROPE,PULSE,SUPPORT,8B98AJ6C6KPY7XY,9.52
Holly,Espinoza,FJ32951,5613027,CENVEO DYNAMICS,12,APAC,PULSE,SUPPORT,NO_TS_APAC,90.48
David,Black,MK17029,5870851,ALCOR GROUP,12,NA MENA,PULSE,RPS,U3ESCU6ADL54I9H,6.25
David,Black,MK17029,5870851,ALCOR GROUP,12,NA,PULSE,RPS,NO_TS_NA,93.75
Susan,Watson,YI93292,3376928,ETHOS DYNAMICS,12,MEA EUROPE,PHOENIX,SUPPORT,XLGWB1ZY9H88Y7H,14.29
Susan,Watson,YI93292,3376928,ETHOS DYNAMICS,12,EMEA,PHOENIX,SUPPORT,NO_TS_EMEA,85.71
George,Wilson,YZ52777,3074780,JALVIK SYSTEMS,12,MEA EUROPE,NOVA,REGIE,IMCHRLTP6C1Q56Z,14.29
Mitchell,Sweeney,KK65568,9133412,GOLZEN TECH,12,NA OCEANIA,NEXUS,FORFAIT,IXW54N9PPBRWYJP,11.9
Mitchell,Sweeney,KK65568,9133412,GOLZEN TECH,12,CONT,NEXUS,FORFAIT,NO_TS_CONT,88.1
Daniel,Barnett,KC04239,3721165,JALVIK CONSULTING,12,MEA MENA,STELLAR,RPS,5TJEDD7VIXCH8TG,14.29
Daniel,Barnett,KC04239,3721165,JALVIK CONSULTING,12,LATAM,STELLAR,RPS,NO_TS_LATAM,85.71
Joel,Vance,CB31714,3417842,LUMEX GROUP,12,MEA EUROPE,QUANTUM,FORFAIT,9CH611O49XRS705,11.9
Joel,Vance,CB31714,3417842,LUMEX GROUP,12,LATAM,QUANTUM,FORFAIT,NO_TS_LATAM,88.1
Cody,Smith,JG27963,4552051,INOVA GROUP,12,NA OCEANIA,PULSE,REGIE,L6BGGEVGV5XPDN5,11.9
Casey,Browning,PF09943,8349497,DELVO GROUP,12,APAC EUROPE,PULSE,MAINTENANCE,OG4YIHFOSCECAIO,9.52
Casey,Browning,PF09943,8349497,DELVO GROUP,12,NA,PULSE,MAINTENANCE,NO_TS_NA,90.48
Mark,Thomas,YU28335,4114899,DELVO GROUP,12,APAC EUROPE,VERTEX,MAINTENANCE,VTCSCB8PL6F2Z47,9.52
Mark,Thomas,YU28335,4114899,DELVO GROUP,12,APAC,VERTEX,MAINTENANCE,NO_TS_APAC,90.48
David,Myers,BG17799,7542947,INOVA GLOBAL,12,CONT OCEANIA,STELLAR,FORFAIT,XL3WKROUGM51Z8Z,7.29
David,Myers,BG17799,7542947,INOVA GLOBAL,12,APAC,STELLAR,FORFAIT,NO_TS_APAC,92.71
Timothy,Wallace,ZK95756,1233432,BRYTON SOLUTIONS,12,APAC MENA,ATLAS,SUPPORT,AFSJGB7KWWDZNGX,9.67
Timothy,Wallace,ZK95756,1233432,BRYTON SOLUTIONS,12,APAC,ATLAS,SUPPORT,NO_TS_APAC,90.33
Andrew,Strong,MJ85875,9641824,ETHOS SYSTEMS,12,LATAM EUROPE,NOVA,SUPPORT,F0KR83CMFXB2Z99,8.48
Anthony,Taylor,FN82102,6772584,LUMEX VENTURES,12,CONT AFRICA,VERTEX,REGIE,U82OXLWYF1JVRVF,11.9
Anthony,Taylor,FN82102,6772584,LUMEX VENTURES,12,NA,VERTEX,REGIE,NO_TS_NA,88.1
Elaine,Brown,VN86460,8516727,ALCOR CONSULTING,12,CONT AFRICA,STELLAR,MAINTENANCE,YCRGNNZ7X3OOJBF,9.82
Elaine,Brown,VN86460,8516727,ALCOR CONSULTING,12,LATAM,STELLAR,MAINTENANCE,NO_TS_LATAM,90.18
Brent,Leonard,AW92468,2468368,HYRION TECH,12,APAC ASIA,QUANTUM,SUPPORT,2PLSK149BEDCE4K,9.97
Brent,Leonard,AW92468,2468368,HYRION TECH,12,MEA,QUANTUM,SUPPORT,NO_TS_MEA,90.03
James,Scott,LK13944,1741644,FORVEX GLOBAL,12,NA EUROPE,PHOENIX,FORFAIT,2XFD37YGXU8I2KG,11.9
James,Scott,LK13944,1741644,FORVEX GLOBAL,12,NA,PHOENIX,FORFAIT,NO_TS_NA,88.1
Miguel,Johnson,SE47640,4838388,GOLZEN SOLUTIONS,12,NA MENA,QUANTUM,SUPPORT,D2L65PQ1JJ679EH,5.95
Miguel,Johnson,SE47640,4838388,GOLZEN SOLUTIONS,12,CONT,QUANTUM,SUPPORT,NO_TS_CONT,94.05
Laura,Trujillo,WK24176,5820487,KESTRA CONSULTING,12,CONT MENA,QUANTUM,RPS,KUIEG19J8XHACUD,11.9
Laura,Trujillo,WK24176,5820487,KESTRA CONSULTING,12,MEA,QUANTUM,RPS,NO_TS_MEA,88.1
Gerald,Gray,JD25720,4436425,BRYTON VENTURES,12,CONT AFRICA,ATLAS,REGIE,D0O00K9KHMVA4XP,7.44
Gerald,Gray,JD25720,4436425,BRYTON VENTURES,12,NA,ATLAS,REGIE,NO_TS_NA,92.56
Kenneth,Allen,ND89769,4792498,GOLZEN SOLUTIONS,12,MEA AFRICA,PHOENIX,SUPPORT,LW9CLA1FRSQ08MT,10.71
Kenneth,Allen,ND89769,4792498,GOLZEN SOLUTIONS,12,LATAM,PHOENIX,SUPPORT,NO_TS_LATAM,89.29
Michelle,Zimmerman,MV80298,1294494,FORVEX DIGITAL,12,CONT ASIA,PULSE,SUPPORT,2B2YOGCE1XIO8XC,8.33
Jacob,Jackson,PI47808,7828695,LUMEX CONSULTING,12,NA OCEANIA,VERTEX,MAINTENANCE,35W6DILU8PMQ4EF,11.9
Jacob,Jackson,PI47808,7828695,LUMEX CONSULTING,12,NA,VERTEX,MAINTENANCE,NO_TS_NA,88.1
Matthew,Sanchez,RN88201,2279516,DELVO GROUP,12,EMEA OCEANIA,NOVA,SUPPORT,AC1ZJF4T1JJYQGC,8.33
Matthew,Sanchez,RN88201,2279516,DELVO GROUP,12,CONT,NOVA,SUPPORT,NO_TS_CONT,91.67
Heather,Smith,ZV21452,6393811,KESTRA SOLUTIONS,12,MEA MENA,PULSE,MAINTENANCE,WZXFB6MP8OUUK73,11.31
Heather,Smith,ZV21452,6393811,KESTRA SOLUTIONS,12,LATAM,PULSE,MAINTENANCE,NO_TS_LATAM,88.69
Kevin,Martin,RV69454,7198440,CENVEO GROUP,12,EMEA AMERICA,NOVA,FORFAIT,27E9KCM3BJXAR2Q,7.74
Kevin,Martin,RV69454,7198440,CENVEO GROUP,12,CONT,NOVA,FORFAIT,NO_TS_CONT,92.26
Bruce,Luna,HU50123,2464414,JALVIK DIGITAL,12,APAC MENA,NEXUS,RPS,IPWK75CQ2I34ZF7,11.16
Bruce,Luna,HU50123,2464414,JALVIK DIGITAL,12,NA,NEXUS,RPS,NO_TS_NA,88.84
William,Carter,MM77808,1469666,ALCOR VENTURES,12,APAC ASIA,STELLAR,RPS,MVTXH3OJBKDN5SF,8.85
William,Carter,MM77808,1469666,ALCOR VENTURES,12,LATAM,STELLAR,RPS,NO_TS_LATAM,91.15
James,Anderson,OB72540,2901369,HYRION GLOBAL,12,EMEA AFRICA,PHOENIX,SUPPORT,SLSY3J0CEGBX6AC,8.33
William,Boyd,QT46881,1923543,ETHOS GROUP,12,APAC AMERICA,NOVA,SUPPORT,WHM1MEK90S21DDS,9.52
William,Boyd,QT46881,1923543,ETHOS GROUP,12,CONT,NOVA,SUPPORT,NO_TS_CONT,90.48
Kelly,Leach,CQ47267,7119043,DELVO DIGITAL,12,MEA ASIA,QUANTUM,REGIE,J3BBEZOQLDSGWCK,9.52
Andrew,Cox,VO97261,3140248,HYRION DYNAMICS,12,NA AFRICA,ORBIT,MAINTENANCE,85ADF5WMB9GZ2IG,11.9
Andrew,Cox,VO97261,3140248,HYRION DYNAMICS,12,EMEA,ORBIT,MAINTENANCE,NO_TS_EMEA,88.1
Austin,Martin,IJ45315,4626584,ALCOR SOLUTIONS,12,NA MENA,STELLAR,RPS,D2YXPCK3HPQAJ3F,10.42
Robert,Roberts,ZB77202,5443151,GOLZEN DYNAMICS,12,EMEA OCEANIA,PHOENIX,RPS,4J6OK2KEPZKYBRW,8.93
Robert,Roberts,ZB77202,5443151,GOLZEN DYNAMICS,12,MEA,PHOENIX,RPS,NO_TS_MEA,91.07
Steven,Wood,ML13529,9976436,BRYTON GLOBAL,12,EMEA ASIA,NEXUS,MAINTENANCE,3OLXEAHUW4YZ6WV,8.63
Steven,Wood,ML13529,9976436,BRYTON GLOBAL,12,EMEA,NEXUS,MAINTENANCE,NO_TS_EMEA,91.37
John,Carey,PD23015,1444576,FORVEX GLOBAL,12,LATAM OCEANIA,VERTEX,FORFAIT,F7RKUSRLSFVJQ3Q,11.9
John,Carey,PD23015,1444576,FORVEX GLOBAL,12,EMEA,VERTEX,FORFAIT,NO_TS_EMEA,88.1
Rebecca,Davis,BB77016,1258007,GOLZEN SYSTEMS,12,LATAM EUROPE,NOVA,FORFAIT,CFEZXEOD7YN4XH9,7.29
Rebecca,Davis,BB77016,1258007,GOLZEN SYSTEMS,12,NA,NOVA,FORFAIT,NO_TS_NA,92.71
Linda,Schmidt,CP34573,7951011,FORVEX CONSULTING,12,APAC AFRICA,ATLAS,MAINTENANCE,O01V25YSO1W0SMI,8.63
David,Wilson,DY37920,4089754,GOLZEN DIGITAL,12,APAC AFRICA,NEXUS,RPS,EGH7KP20J638TUW,7.44
David,Wilson,DY37920,4089754,GOLZEN DIGITAL,12,APAC,NEXUS,RPS,NO_TS_APAC,92.56
Michael,Hill,ER59183,2121536,ALCOR DYNAMICS,12,EMEA EUROPE,ATLAS,SUPPORT,FBHRBBYGVLXAOWR,9.52
Michael,Hill,ER59183,2121536,ALCOR DYNAMICS,12,NA,ATLAS,SUPPORT,NO_TS_NA,90.48
Jessica,Shah,MR76004,5863543,FORVEX GROUP,12,NA EUROPE,QUANTUM,MAINTENANCE,YETUBUVSN0HR28A,9.52
Jessica,Shah,MR76004,5863543,FORVEX GROUP,12,MEA,QUANTUM,MAINTENANCE,NO_TS_MEA,90.48
Anthony,Kelly,GK98403,8975496,KESTRA SOLUTIONS,12,NA OCEANIA,ORBIT,FORFAIT,1EXP69PNJ3JQUZ6,10.42
Anthony,Kelly,GK98403,8975496,KESTRA SOLUTIONS,12,NA,ORBIT,FORFAIT,NO_TS_NA,89.58
Randall,Kirk,UL14344,6102219,JALVIK DYNAMICS,12,CONT EUROPE,PHOENIX,MAINTENANCE,49BF4KHDA8DLCY3,11.9
Benjamin,Jones,ZW05569,4746806,HYRION VENTURES,12,MEA EUROPE,ORBIT,REGIE,YS26R6KP57KLGET,9.82
Benjamin,Jones,ZW05569,4746806,HYRION VENTURES,12,APAC,ORBIT,REGIE,NO_TS_APAC,90.18
Jessica,Cox,DS76917,4427579,CENVEO GROUP,12,LATAM ASIA,VERTEX,SUPPORT,RM0QJ7FTWD25MIX,9.82
Jessica,Cox,DS76917,4427579,CENVEO GROUP,12,LATAM,VERTEX,SUPPORT,NO_TS_LATAM,90.18
Diana,Patel,MH46342,5380801,INOVA DYNAMICS,12,APAC MENA,ORBIT,RPS,4JH41KE94ZTLS3S,9.23
Diana,Patel,MH46342,5380801,INOVA DYNAMICS,12,MEA,ORBIT,RPS,NO_TS_MEA,90.77
Curtis,Stark,GO73223,2163751,HYRION SOLUTIONS,12,APAC OCEANIA,NOVA,REGIE,HCA5SWMTE37OOMC,13.69
Curtis,Stark,GO73223,2163751,HYRION SOLUTIONS,12,MEA,NOVA,REGIE,NO_TS_MEA,86.31
Michael,Bradford,CK98229,5834991,HYRION DYNAMICS,12,CONT OCEANIA,QUANTUM,FORFAIT,K73ZUBRQ3XN1MJT,11.9
Michael,Bradford,CK98229,5834991,HYRION DYNAMICS,12,EMEA,QUANTUM,FORFAIT,NO_TS_EMEA,88.1
Lindsay,Reyes,OA46858,8400035,DELVO GLOBAL,12,EMEA AMERICA,QUANTUM,SUPPORT,4592UQ6LMMSE6UL,11.9
Lindsay,Reyes,OA46858,8400035,DELVO GLOBAL,12,LATAM,QUANTUM,SUPPORT,NO_TS_LATAM,88.1
David,Lutz,KM86250,4322051,GOLZEN DYNAMICS,12,CONT OCEANIA,QUANTUM,SUPPORT,Q48NR9NZP8GLK8O,5.99
David,Lutz,KM86250,4322051,GOLZEN DYNAMICS,12,APAC,QUANTUM,SUPPORT,NO_TS_APAC,94.01
Laura,Price,XT43426,4119095,INOVA SYSTEMS,12,CONT OCEANIA,QUANTUM,SUPPORT,WLT2XMQ88ZOZSKX,15.48
Laura,Price,XT43426,4119095,INOVA SYSTEMS,12,MEA,QUANTUM,SUPPORT,NO_TS_MEA,84.52
Roy,Brown,YS70624,2212374,FORVEX GLOBAL,12,APAC EUROPE,ATLAS,FORFAIT,Q57EG69DSXDTPU4,10.71
Roy,Brown,YS70624,2212374,FORVEX GLOBAL,12,EMEA,ATLAS,FORFAIT,NO_TS_EMEA,89.29
Steven,Patterson,YT82025,5280601,DELVO DYNAMICS,12,LATAM ASIA,VERTEX,MAINTENANCE,YL0RPHPPRTXH27V,11.9
Rebekah,Walter,SA25293,1325785,LUMEX TECH,12,APAC ASIA,ORBIT,REGIE,K2GQPV2AYHBPD6U,9.82
Rebekah,Walter,SA25293,1325785,LUMEX TECH,12,CONT,ORBIT,REGIE,NO_TS_CONT,90.18
Sandra,Brown,KF49293,2735420,ETHOS GROUP,12,NA AFRICA,STELLAR,MAINTENANCE,K2ECRVYEVPZ4S1W,10.12
Sandra,Brown,KF49293,2735420,ETHOS GROUP,12,LATAM,STELLAR,MAINTENANCE,NO_TS_LATAM,89.88
Elizabeth,Abbott,FA15536,8409777,LUMEX TECH,12,NA ASIA,NEXUS,FORFAIT,5EA7M880CBORD9X,14.29
Elizabeth,Abbott,FA15536,8409777,LUMEX TECH,12,EMEA,NEXUS,FORFAIT,NO_TS_EMEA,85.71
Christy,Thomas,NO37201,9505174,JALVIK SOLUTIONS,12,MEA EUROPE,ORBIT,REGIE,A3TQ1CW3FOFEY0N,11.9
Christy,Thomas,NO37201,9505174,JALVIK SOLUTIONS,12,NA,ORBIT,REGIE,NO_TS_NA,88.1
David,Cain,TC74558,6631423,ALCOR GROUP,12,CONT OCEANIA,VERTEX,FORFAIT,8LHJSOD49ESUOXF,9.52
David,Cain,TC74558,6631423,ALCOR GROUP,12,EMEA,VERTEX,FORFAIT,NO_TS_EMEA,90.48
Carla,Peterson,YN98674,1429509,BRYTON SYSTEMS,12,LATAM OCEANIA,PHOENIX,REGIE,X0LAA6IRB1B591Y,11.9
Carla,Peterson,YN98674,1429509,BRYTON SYSTEMS,12,CONT,PHOENIX,REGIE,NO_TS_CONT,88.1
Alan,Davis,JN99947,4605882,INOVA SYSTEMS,12,MEA AMERICA,PHOENIX,FORFAIT,7JPL1ZWA8742POI,7.29
Jennifer,Doyle,CY26586,1895911,JALVIK GROUP,12,APAC ASIA,STELLAR,SUPPORT,BWBMDMDNAT8V8SQ,9.52
Jennifer,Doyle,CY26586,1895911,JALVIK GROUP,12,NA,STELLAR,SUPPORT,NO_TS_NA,90.48
James,Sims,QY47686,8981354,LUMEX CONSULTING,12,MEA OCEANIA,VERTEX,RPS,O9JTPA0IU3O8B6P,11.61
Brittany,Williams,PU80314,1578182,BRYTON DYNAMICS,12,LATAM MENA,PULSE,SUPPORT,JF37HZM15DP0RMV,8.33
Brittany,Williams,PU80314,1578182,BRYTON DYNAMICS,12,NA,PULSE,SUPPORT,NO_TS_NA,91.67
Robert,Ryan,SO93387,2011271,INOVA TECH,12,EMEA OCEANIA,ATLAS,FORFAIT,R9OGH4R59Q1MG29,8.93
Gina,Foster,GS23911,8249160,ALCOR DYNAMICS,12,EMEA EUROPE,ORBIT,SUPPORT,MBMCZPPKT4Q5D1F,11.9
Gina,Foster,GS23911,8249160,ALCOR DYNAMICS,12,APAC,ORBIT,SUPPORT,NO_TS_APAC,88.1
Dean,Burns,RI85330,4463965,INOVA VENTURES,12,NA EUROPE,QUANTUM,REGIE,M18RV1R0KCYVFKM,11.9
Dean,Burns,RI85330,4463965,INOVA VENTURES,12,NA,QUANTUM,REGIE,NO_TS_NA,88.1
Cynthia,Sandoval,TG40432,4619648,INOVA GROUP,12,EMEA OCEANIA,NEXUS,SUPPORT,APZAQ54APIZT6KR,5.51
Abigail,Mack,NF77686,1014237,KESTRA GROUP,12,CONT OCEANIA,PHOENIX,SUPPORT,7BPO9UDWR46RNV2,14.58
Abigail,Mack,NF77686,1014237,KESTRA GROUP,12,APAC,PHOENIX,SUPPORT,NO_TS_APAC,85.42
Nichole,Fernandez,WR08770,7027501,DELVO SYSTEMS,12,MEA ASIA,NOVA,FORFAIT,P2T5AXBJ0PLQDJR,14.29
Joseph,Skinner,GU32492,5412874,JALVIK TECH,12,EMEA EUROPE,VERTEX,MAINTENANCE,UHWFBQVZ8YTYJPB,9.08
Joseph,Skinner,GU32492,5412874,JALVIK TECH,12,APAC,VERTEX,MAINTENANCE,NO_TS_APAC,90.92
Tammy,Mitchell,XH16313,9708129,FORVEX GLOBAL,12,CONT AMERICA,PHOENIX,MAINTENANCE,3I6N4E9EQABAD33,9.52
Tammy,Mitchell,XH16313,9708129,FORVEX GLOBAL,12,APAC,PHOENIX,MAINTENANCE,NO_TS_APAC,90.48
Dawn,Dennis,RA17823,6608580,BRYTON SOLUTIONS,12,APAC AFRICA,ATLAS,MAINTENANCE,MLO4FYFGQ5KHFGM,14.29
Dawn,Dennis,RA17823,6608580,BRYTON SOLUTIONS,12,EMEA,ATLAS,MAINTENANCE,NO_TS_EMEA,85.71
Sean,Fitzpatrick,KZ56191,3367725,ETHOS DYNAMICS,12,CONT EUROPE,PHOENIX,FORFAIT,7MDYTK252155FAP,14.29
Sean,Fitzpatrick,KZ56191,3367725,ETHOS DYNAMICS,12,CONT,PHOENIX,FORFAIT,NO_TS_CONT,85.71
Elizabeth,Garrison,LN36026,9274885,DELVO DIGITAL,12,CONT OCEANIA,QUANTUM,SUPPORT,9YD8X7OO1IVRJCX,9.23
Jeffrey,Moore,DV85759,9542348,KESTRA CONSULTING,12,NA AFRICA,STELLAR,RPS,TJ100JU28ZYBIJE,8.48
Jeffrey,Moore,DV85759,9542348,KESTRA CONSULTING,12,APAC,STELLAR,RPS,NO_TS_APAC,91.52
Sharon,Horne,PV20036,6457952,LUMEX DIGITAL,12,APAC ASIA,STELLAR,RPS,5LQE1MBRPDERLWJ,7.74
James,Smith,ZZ90087,4373498,BRYTON GLOBAL,12,APAC ASIA,VERTEX,MAINTENANCE,YNACSZJX3IE5OJ4,8.33
Andrea,Moore,OI91694,1457201,KESTRA SYSTEMS,12,APAC AFRICA,PHOENIX,SUPPORT,NH2AHA4Q4IA3GDX,11.9
Andrea,Moore,OI91694,1457201,KESTRA SYSTEMS,12,CONT,PHOENIX,SUPPORT,NO_TS_CONT,88.1
Jesse,Russell,MS78083,5065840,BRYTON SYSTEMS,12,NA AFRICA,ATLAS,FORFAIT,ZMWG1DZ0O9HNUE6,11.9
Latoya,Christian,PD00340,2066178,ETHOS CONSULTING,12,EMEA EUROPE,STELLAR,FORFAIT,L58XL4S2BHWZK7O,5.36
Latoya,Christian,PD00340,2066178,ETHOS CONSULTING,12,CONT,STELLAR,FORFAIT,NO_TS_CONT,94.64
Vanessa,Meyers,SV59490,1746802,INOVA DIGITAL,12,EMEA MENA,PULSE,SUPPORT,92T8OIIBF4VE0NP,6.25
Vanessa,Meyers,SV59490,1746802,INOVA DIGITAL,12,NA,PULSE,SUPPORT,NO_TS_NA,93.75
Bridget,Marshall,XU68144,7337178,LUMEX TECH,12,MEA AMERICA,PHOENIX,MAINTENANCE,2G5OTG3XK1IF5NV,9.82
Bridget,Marshall,XU68144,7337178,LUMEX TECH,12,NA,PHOENIX,MAINTENANCE,NO_TS_NA,90.18
Cynthia,Reyes,MU16286,2237628,DELVO DYNAMICS,12,CONT AFRICA,VERTEX,MAINTENANCE,LLTNGNEO444JDE4,7.74
Cynthia,Reyes,MU16286,2237628,DELVO DYNAMICS,12,CONT,VERTEX,MAINTENANCE,NO_TS_CONT,92.26
Keith,Martin,EW92952,8804931,ALCOR DIGITAL,12,CONT MENA,ATLAS,SUPPORT,0SHMOUPOAWD5AB9,9.52
Keith,Martin,EW92952,8804931,ALCOR DIGITAL,12,APAC,ATLAS,SUPPORT,NO_TS_APAC,90.48
Glenn,Wilson,SI64287,9362733,ETHOS DYNAMICS,12,NA AFRICA,ORBIT,MAINTENANCE,SM0FYX52JO4LF4B,10.12
Glenn,Wilson,SI64287,9362733,ETHOS DYNAMICS,12,MEA,ORBIT,MAINTENANCE,NO_TS_MEA,89.88
Charles,Vargas,RT40577,1674866,INOVA DYNAMICS,12,NA ASIA,NOVA,RPS,H0F1FUBNUMC9TGX,9.52
Charles,Vargas,RT40577,1674866,INOVA DYNAMICS,12,CONT,NOVA,RPS,NO_TS_CONT,90.48
Douglas,Cook,MN87446,3862211,INOVA CONSULTING,12,MEA AMERICA,NOVA,REGIE,R2TKRPFGTWBPPQ3,5.06
Douglas,Cook,MN87446,3862211,INOVA CONSULTING,12,LATAM,NOVA,REGIE,NO_TS_LATAM,94.94
Frank,Watts,MQ93181,9283995,DELVO GROUP,12,CONT OCEANIA,VERTEX,REGIE,NHNIW41UUMNWQUK,9.82
Frank,Watts,MQ93181,9283995,DELVO GROUP,12,CONT,VERTEX,REGIE,NO_TS_CONT,90.18
Richard,Buck,BF33543,9780945,GOLZEN SOLUTIONS,12,NA OCEANIA,ATLAS,MAINTENANCE,RB1LJR5UODBQJWI,10.71
Nicholas,Hart,ID18816,5850045,HYRION GROUP,12,LATAM AFRICA,QUANTUM,FORFAIT,7097A1QYVPEAZHX,7.74
Nicholas,Hart,ID18816,5850045,HYRION GROUP,12,APAC,QUANTUM,FORFAIT,NO_TS_APAC,92.26
Christine,Marshall,KV48410,4230775,JALVIK VENTURES,12,CONT EUROPE,VERTEX,MAINTENANCE,SLHCTP309UDFQ9C,5.21
Christine,Marshall,KV48410,4230775,JALVIK VENTURES,12,APAC,VERTEX,MAINTENANCE,NO_TS_APAC,94.79
Mary,Butler,HN10910,3072522,GOLZEN SYSTEMS,12,EMEA OCEANIA,PHOENIX,RPS,P4LGXYD11OS5K7B,10.27
Mary,Butler,HN10910,3072522,GOLZEN SYSTEMS,12,NA,PHOENIX,RPS,NO_TS_NA,89.73
Douglas,Jones,JX81646,7396653,BRYTON SYSTEMS,12,NA OCEANIA,NOVA,SUPPORT,FYL8F3LFX8A1MAT,6.4
Douglas,Jones,JX81646,7396653,BRYTON SYSTEMS,12,MEA,NOVA,SUPPORT,NO_TS_MEA,93.6
Michael,Anderson,XQ16823,9524789,FORVEX GLOBAL,12,EMEA MENA,NEXUS,FORFAIT,EQ55RAI9EXZ7ALY,11.9
Michael,Anderson,XQ16823,9524789,FORVEX GLOBAL,12,NA,NEXUS,FORFAIT,NO_TS_NA,88.1
Michael,Buckley,JK22702,4819050,BRYTON VENTURES,12,MEA AFRICA,ATLAS,REGIE,VZQPCOLZ642WKTI,7.44
Michael,Buckley,JK22702,4819050,BRYTON VENTURES,12,NA,ATLAS,REGIE,NO_TS_NA,92.56
Joshua,Gates,ON52470,1437496,INOVA VENTURES,12,MEA EUROPE,QUANTUM,RPS,8R46CW7G0OEQ3H9,9.52
Randy,Erickson,HY27018,5088079,ETHOS DYNAMICS,12,EMEA AFRICA,QUANTUM,SUPPORT,FUGMQUQMJPPEP68,11.9
Randy,Erickson,HY27018,5088079,ETHOS DYNAMICS,12,CONT,QUANTUM,SUPPORT,NO_TS_CONT,88.1
Melissa,Hill,WF53875,9734841,HYRION DYNAMICS,12,EMEA AFRICA,NOVA,RPS,6K8FAY7QGM1XJ8Z,11.9
Melissa,Hill,WF53875,9734841,HYRION DYNAMICS,12,APAC,NOVA,RPS,NO_TS_APAC,88.1
George,Tucker,LK63799,2070245,ETHOS GLOBAL,12,EMEA OCEANIA,ORBIT,MAINTENANCE,49C2RRXQ05BP9RI,8.48
Amanda,Frazier,QJ52873,5671365,KESTRA GROUP,12,LATAM EUROPE,NEXUS,REGIE,CEZ7UY84TEUSLMN,10.12
Amanda,Frazier,QJ52873,5671365,KESTRA GROUP,12,NA,NEXUS,REGIE,NO_TS_NA,89.88
Jonathan,Smith,XS52955,2045121,ALCOR DIGITAL,12,NA ASIA,STELLAR,REGIE,KOLU8QLKCGV42X4,8.33
Jonathan,Smith,XS52955,2045121,ALCOR DIGITAL,12,APAC,STELLAR,REGIE,NO_TS_APAC,91.67
Susan,Cardenas,DO65291,8022389,INOVA SOLUTIONS,12,MEA MENA,NOVA,SUPPORT,QH7L3O51KQQNXRQ,14.29
Susan,Cardenas,DO65291,8022389,INOVA SOLUTIONS,12,EMEA,NOVA,SUPPORT,NO_TS_EMEA,85.71
Dennis,Mccarthy,RN71058,4665534,DELVO DYNAMICS,12,MEA EUROPE,ORBIT,MAINTENANCE,AEZXB1FQDENSN0Y,10.12
Brandon,Rose,PT39054,2885457,GOLZEN DIGITAL,12,EMEA MENA,STELLAR,RPS,AQ8A3QE3HZIHFPC,9.67
Jesse,Gross,DI67316,9062522,KESTRA VENTURES,12,MEA AMERICA,ATLAS,FORFAIT,Z77LUWUW88OXS88,9.52
David,Oneal,RJ46852,5473302,BRYTON GROUP,12,EMEA ASIA,STELLAR,SUPPORT,OYAHW2OIIXAQNVA,12.05
David,Oneal,RJ46852,5473302,BRYTON GROUP,12,APAC,STELLAR,SUPPORT,NO_TS_APAC,87.95
Stephen,Thompson,TU24327,3829187,ALCOR VENTURES,12,LATAM ASIA,STELLAR,SUPPORT,YTHABEZI2LBZT39,11.9
Stephen,Thompson,TU24327,3829187,ALCOR VENTURES,12,MEA,STELLAR,SUPPORT,NO_TS_MEA,88.1
Linda,Reed,LA30178,7227657,DELVO SOLUTIONS,12,APAC MENA,PULSE,FORFAIT,VOFR3TEA3GLH14H,12.05
William,Green,ZN13595,2439912,ETHOS SOLUTIONS,12,MEA MENA,QUANTUM,REGIE,G8XQ8OV4KFUKFYF,9.52
William,Green,ZN13595,2439912,ETHOS SOLUTIONS,12,APAC,QUANTUM,REGIE,NO_TS_APAC,90.48
Miranda,Turner,QP77064,5461410,JALVIK DIGITAL,12,LATAM AFRICA,ORBIT,SUPPORT,COANPJLL9NS8F40,9.52
Joshua,Guerrero,XQ81040,5288670,CENVEO DIGITAL,12,CONT AFRICA,NEXUS,MAINTENANCE,MKW9T1TKISZND1M,6.85
Joshua,Howard,HZ33929,1879510,DELVO VENTURES,12,NA AMERICA,PHOENIX,SUPPORT,3K7SZ6MHFOLYYO6,9.52
Joshua,Howard,HZ33929,1879510,DELVO VENTURES,12,CONT,PHOENIX,SUPPORT,NO_TS_CONT,90.48
Robert,Allen,JE46953,4723882,BRYTON VENTURES,12,NA OCEANIA,PHOENIX,SUPPORT,JQ78T18IHX7SLFB,7.74
John,Campbell,FK51030,8878095,DELVO GLOBAL,12,MEA EUROPE,ATLAS,SUPPORT,JRBF1DOLYZOA49Z,9.52
Krista,Allen,UN25546,8365328,FORVEX SOLUTIONS,12,LATAM MENA,QUANTUM,MAINTENANCE,32NDALN66GLWDK1,9.52
Melissa,Kelly,VZ93843,2273801,DELVO CONSULTING,12,MEA ASIA,PULSE,REGIE,6QZ32YEVHL0X4E5,14.29
Melissa,Kelly,VZ93843,2273801,DELVO CONSULTING,12,EMEA,PULSE,REGIE,NO_TS_EMEA,85.71
Robert,Irwin,DS43194,9815876,KESTRA CONSULTING,12,LATAM OCEANIA,VERTEX,FORFAIT,TG2OROSLBP42MA2,8.93
Robert,Irwin,DS43194,9815876,KESTRA CONSULTING,12,LATAM,VERTEX,FORFAIT,NO_TS_LATAM,91.07
Emily,Campbell,HR54604,7225083,JALVIK GROUP,12,NA AMERICA,ATLAS,SUPPORT,VFQEK6MQG7QWLBF,6.55
Emily,Campbell,HR54604,7225083,JALVIK GROUP,12,LATAM,ATLAS,SUPPORT,NO_TS_LATAM,93.45
Andre,Tucker,AO04883,6346919,KESTRA SOLUTIONS,12,EMEA ASIA,PHOENIX,MAINTENANCE,TT1E8U4FTTEBQHK,11.46
Andre,Tucker,AO04883,6346919,KESTRA SOLUTIONS,12,APAC,PHOENIX,MAINTENANCE,NO_TS_APAC,88.54
Samantha,Meadows,IH72417,4112044,GOLZEN CONSULTING,12,CONT ASIA,VERTEX,SUPPORT,WW16DNXWC2DMRAV,10.42
Samantha,Meadows,IH72417,4112044,GOLZEN CONSULTING,12,CONT,VERTEX,SUPPORT,NO_TS_CONT,89.58
Ivan,Lozano,NI70060,7152471,JALVIK TECH,12,EMEA MENA,VERTEX,RPS,44556SDDWQG1SNE,11.9
Ivan,Lozano,NI70060,7152471,JALVIK TECH,12,CONT,VERTEX,RPS,NO_TS_CONT,88.1
Jesus,Smith,CJ24561,1791793,HYRION GROUP,12,EMEA AFRICA,NOVA,FORFAIT,YHIOUOTAQ9698XV,9.52
Michael,Floyd,NV18090,3606758,KESTRA VENTURES,12,LATAM AFRICA,VERTEX,RPS,6C9BUSV47QC2KCL,6.55
Michael,Floyd,NV18090,3606758,KESTRA VENTURES,12,EMEA,VERTEX,RPS,NO_TS_EMEA,93.45
Jeffrey,Castaneda,OQ97252,3451069,DELVO DIGITAL,12,NA AMERICA,NEXUS,REGIE,S9DVW2XQQCYHNL4,9.52
Jeffrey,Castaneda,OQ97252,3451069,DELVO DIGITAL,12,CONT,NEXUS,REGIE,NO_TS_CONT,90.48
Laurie,Anderson,EK44995,9709144,JALVIK TECH,12,APAC AFRICA,QUANTUM,FORFAIT,53MQGB4YCH3KG8C,9.52
Laurie,Anderson,EK44995,9709144,JALVIK TECH,12,EMEA,QUANTUM,FORFAIT,NO_TS_EMEA,90.48
Catherine,Johns,MB60081,1321784,CENVEO SYSTEMS,12,EMEA MENA,PHOENIX,RPS,51ELCCZW9AS7M6J,9.52
Catherine,Johns,MB60081,1321784,CENVEO SYSTEMS,12,APAC,PHOENIX,RPS,NO_TS_APAC,90.48
Sandra,Flores,DT29921,1900039,LUMEX CONSULTING,12,LATAM EUROPE,NEXUS,MAINTENANCE,17W3LIHG9HA5PQB,14.29
Sandra,Flores,DT29921,1900039,LUMEX CONSULTING,12,EMEA,NEXUS,MAINTENANCE,NO_TS_EMEA,85.71
John,Williams,AM40008,3629207,LUMEX GROUP,12,EMEA OCEANIA,ATLAS,REGIE,121PDC347NF8HKD,9.52
Katherine,Shaw,XX83622,5439628,DELVO GROUP,12,EMEA MENA,QUANTUM,RPS,Y4H8D6549NRSFWZ,7.59
Katherine,Shaw,XX83622,5439628,DELVO GROUP,12,CONT,QUANTUM,RPS,NO_TS_CONT,92.41
Cynthia,Miles,BR29887,6544917,ALCOR SOLUTIONS,12,CONT AMERICA,QUANTUM,MAINTENANCE,MUNW97SPH5PZ8CK,7.14
Vanessa,Hess,DI85199,5535435,CENVEO SYSTEMS,12,LATAM ASIA,PULSE,SUPPORT,Y96X9KT57D85H0C,9.52
Vanessa,Hess,DI85199,5535435,CENVEO SYSTEMS,12,EMEA,PULSE,SUPPORT,NO_TS_EMEA,90.48
Catherine,Joseph,GT49960,4293788,GOLZEN GLOBAL,12,APAC AFRICA,PHOENIX,SUPPORT,9ZDOHP2CIZ7KPIJ,10.42
Julie,Webb,YX54075,8701230,CENVEO SOLUTIONS,12,EMEA EUROPE,NEXUS,SUPPORT,3U8OA7TT6WZ2NCN,11.61
Julie,Webb,YX54075,8701230,CENVEO SOLUTIONS,12,APAC,NEXUS,SUPPORT,NO_TS_APAC,88.39
Manuel,Owens,VW46793,8632434,JALVIK SOLUTIONS,12,NA EUROPE,QUANTUM,REGIE,2LEQCK37F29V23E,9.52
Manuel,Owens,VW46793,8632434,JALVIK SOLUTIONS,12,MEA,QUANTUM,REGIE,NO_TS_MEA,90.48
David,Johnson,JO94515,5157973,CENVEO DYNAMICS,12,APAC OCEANIA,ATLAS,RPS,H6QTWAX5RI0KJLX,13.1
Wesley,Chambers,CE56691,9031593,KESTRA GLOBAL,12,APAC AMERICA,ORBIT,REGIE,RN8IX9M3XUTQFFS,11.31
Jean,Adams,WG72429,5371636,LUMEX SYSTEMS,12,APAC EUROPE,PHOENIX,RPS,K83UZCEE28OUY0X,7.14
Michael,Lopez,XB16611,3974767,JALVIK SOLUTIONS,12,CONT AFRICA,ORBIT,MAINTENANCE,7VIB964KG22IB99,10.71
Michael,Lopez,XB16611,3974767,JALVIK SOLUTIONS,12,MEA,ORBIT,MAINTENANCE,NO_TS_MEA,89.29
Brenda,Mcdonald,QK35687,1636258,CENVEO SOLUTIONS,12,MEA AMERICA,QUANTUM,REGIE,2MWF35P8NKKP2OP,11.31
Michael,Smith,PQ42769,3168103,LUMEX VENTURES,12,MEA EUROPE,ATLAS,REGIE,GAB24RY05B51Z0K,9.08
Michael,Smith,PQ42769,3168103,LUMEX VENTURES,12,NA,ATLAS,REGIE,NO_TS_NA,90.92
Mark,Russell,ZO26226,7490754,DELVO CONSULTING,12,APAC OCEANIA,NEXUS,FORFAIT,AJIQTWRO8F23U7Q,11.9
Samuel,Hebert,ER86747,2561527,FORVEX GROUP,12,MEA EUROPE,NEXUS,SUPPORT,9H4OB1JUDWGFTM6,10.12
Mark,Young,VZ79580,7878072,LUMEX TECH,12,MEA AMERICA,VERTEX,REGIE,0QCSDQUMX9YSCZ7,7.29
Cynthia,Huynh,QK94932,9771220,HYRION GROUP,12,LATAM AMERICA,PULSE,REGIE,X01UEG2XL2LZ48C,5.59
Cynthia,Huynh,QK94932,9771220,HYRION GROUP,12,LATAM,PULSE,REGIE,NO_TS_LATAM,94.41
Sherry,Greene,ZV59118,4496188,FORVEX DIGITAL,12,LATAM AFRICA,PULSE,RPS,F2AUA0AMWJV1GAA,7.14
Sherry,Greene,ZV59118,4496188,FORVEX DIGITAL,12,LATAM,PULSE,RPS,NO_TS_LATAM,92.86
Sara,Davis,YQ30925,9353073,JALVIK VENTURES,12,APAC ASIA,NOVA,RPS,1AQ33NNMVFKRTKR,14.29
Sara,Davis,YQ30925,9353073,JALVIK VENTURES,12,EMEA,NOVA,RPS,NO_TS_EMEA,85.71
Phillip,Paul,OH32254,5728869,CENVEO DIGITAL,12,LATAM OCEANIA,PHOENIX,REGIE,HRNECHDVY5CJELQ,8.33
Phillip,Paul,OH32254,5728869,CENVEO DIGITAL,12,MEA,PHOENIX,REGIE,NO_TS_MEA,91.67
Rebecca,White,WL28637,8754050,ALCOR VENTURES,12,CONT AFRICA,PULSE,SUPPORT,T39XQVDJQ031FU0,12.05
Rebecca,White,WL28637,8754050,ALCOR VENTURES,12,LATAM,PULSE,SUPPORT,NO_TS_LATAM,87.95
Jessica,Tucker,ZP36708,1612327,CENVEO CONSULTING,12,CONT OCEANIA,QUANTUM,RPS,A6095G37C4G3D0A,22.66
Michael,Price,UY76375,3209834,LUMEX CONSULTING,12,MEA AFRICA,NOVA,SUPPORT,YWDUU1IMLO0KTBM,9.52
Vicki,Gross,NH27816,4588860,JALVIK VENTURES,12,NA MENA,STELLAR,RPS,0U70DFHSNITXPGV,9.82
Vicki,Gross,NH27816,4588860,JALVIK VENTURES,12,NA,STELLAR,RPS,NO_TS_NA,90.18
Maria,Robinson,WD36824,1382850,FORVEX CONSULTING,12,CONT MENA,NOVA,REGIE,XSEXBFKUK1QHE4P,7.74
Christy,Nguyen,VT51364,4878842,KESTRA TECH,12,APAC EUROPE,NOVA,REGIE,VTHFMNWX9UX0670,11.9
Christy,Nguyen,VT51364,4878842,KESTRA TECH,12,APAC,NOVA,REGIE,NO_TS_APAC,88.1
Dustin,Heath,PJ00999,8931056,LUMEX GROUP,12,NA MENA,PHOENIX,FORFAIT,4VIN9HY7V08V5KC,6.99
Dustin,Heath,PJ00999,8931056,LUMEX GROUP,12,NA,PHOENIX,FORFAIT,NO_TS_NA,93.01
Anthony,Vega,YA31798,5833171,LUMEX GLOBAL,12,LATAM ASIA,PULSE,MAINTENANCE,3IAN7EQUW0RSL2K,10.71
Jodi,Allen,RC76653,6236493,CENVEO SOLUTIONS,12,CONT OCEANIA,ATLAS,MAINTENANCE,83JIKC114YPKLTB,5.51
Jodi,Allen,RC76653,6236493,CENVEO SOLUTIONS,12,APAC,ATLAS,MAINTENANCE,NO_TS_APAC,94.49
Jimmy,Norris,MY88083,3604829,LUMEX VENTURES,12,EMEA AMERICA,STELLAR,SUPPORT,49NUTPA1OZBDAXA,11.9
Jimmy,Norris,MY88083,3604829,LUMEX VENTURES,12,MEA,STELLAR,SUPPORT,NO_TS_MEA,88.1
Alicia,Stevenson,MX63385,8251672,BRYTON DYNAMICS,12,APAC AMERICA,STELLAR,MAINTENANCE,8O79O3PWB0UCEQA,9.67
Alicia,Stevenson,MX63385,8251672,BRYTON DYNAMICS,12,CONT,STELLAR,MAINTENANCE,NO_TS_CONT,90.33
Melissa,Figueroa,VU77384,5399312,CENVEO SOLUTIONS,12,APAC EUROPE,STELLAR,MAINTENANCE,KLQTIKHJHDQKHFF,11.9
Melissa,Figueroa,VU77384,5399312,CENVEO SOLUTIONS,12,MEA,STELLAR,MAINTENANCE,NO_TS_MEA,88.1
Emily,Berg,SU28936,3069940,FORVEX TECH,12,APAC OCEANIA,PULSE,SUPPORT,PW9DQ9TQ8CRAIOU,10.12
Tammy,Cole,JI30756,2308802,LUMEX CONSULTING,12,NA AMERICA,ORBIT,FORFAIT,G3UGRX3A3XNRZTN,11.9
Tammy,Cole,JI30756,2308802,LUMEX CONSULTING,12,CONT,ORBIT,FORFAIT,NO_TS_CONT,88.1
Christopher,Johnson,OH19264,2766594,INOVA SYSTEMS,12,MEA AFRICA,NOVA,SUPPORT,JLA5Z6MQL4NF8KM,9.52
Annette,Smith,XW32678,7427278,LUMEX GROUP,12,APAC ASIA,ATLAS,RPS,TO18NTEL48XY3WX,10.69
Annette,Smith,XW32678,7427278,LUMEX GROUP,12,APAC,ATLAS,RPS,NO_TS_APAC,89.31
Robert,Carter,NY14414,3874966,FORVEX GLOBAL,12,NA ASIA,ORBIT,FORFAIT,HJIO6X8M9KC68AH,9.52
Robert,Carter,NY14414,3874966,FORVEX GLOBAL,12,LATAM,ORBIT,FORFAIT,NO_TS_LATAM,90.48
Stephen,Welch,IL97010,1236885,ALCOR CONSULTING,12,LATAM OCEANIA,PULSE,MAINTENANCE,TX46AKJSVYRLLMA,9.52
Stephen,Welch,IL97010,1236885,ALCOR CONSULTING,12,MEA,PULSE,MAINTENANCE,NO_TS_MEA,90.48
Ashley,Williams,AU97157,8541342,GOLZEN DYNAMICS,12,NA EUROPE,NEXUS,REGIE,LPUGY4VCRITXPKL,8.48
Ashley,Williams,AU97157,8541342,GOLZEN DYNAMICS,12,MEA,NEXUS,REGIE,NO_TS_MEA,91.52
Jennifer,Castillo,AO27543,1377949,ALCOR TECH,12,LATAM ASIA,NOVA,RPS,0O7I8L7HXS9ENS1,9.52
Jennifer,Castillo,AO27543,1377949,ALCOR TECH,12,APAC,NOVA,RPS,NO_TS_APAC,90.48
Sarah,Cruz,KJ43250,6487662,ALCOR GLOBAL,12,NA AFRICA,ORBIT,MAINTENANCE,U24C9UXGXAX7QJ0,11.9
Tyler,Stewart,HF73401,7523021,DELVO GROUP,12,NA AFRICA,STELLAR,MAINTENANCE,8FPA1I5UMS7QLZ5,10.71
Tyler,Stewart,HF73401,7523021,DELVO GROUP,12,MEA,STELLAR,MAINTENANCE,NO_TS_MEA,89.29
Angela,Sanchez,QH22524,7307582,CENVEO GLOBAL,12,EMEA AMERICA,ATLAS,SUPPORT,M47KWX5X62FZITX,14.29
Angela,Sanchez,QH22524,7307582,CENVEO GLOBAL,12,APAC,ATLAS,SUPPORT,NO_TS_APAC,85.71
Jillian,Anderson,XT17104,9702565,HYRION DIGITAL,12,LATAM ASIA,NEXUS,FORFAIT,OMXYYPTRNY74L1P,6.55
Jillian,Anderson,XT17104,9702565,HYRION DIGITAL,12,APAC,NEXUS,FORFAIT,NO_TS_APAC,93.45
Francisco,Carlson,UE53972,9269577,KESTRA DYNAMICS,12,MEA OCEANIA,NEXUS,FORFAIT,BGLFXIPD02I0GBP,11.9
Jennifer,Hood,WK98269,1885096,ETHOS VENTURES,12,EMEA ASIA,ATLAS,FORFAIT,QG4UF9S3UQFQ33D,9.23
Jennifer,Hood,WK98269,1885096,ETHOS VENTURES,12,LATAM,ATLAS,FORFAIT,NO_TS_LATAM,90.77
William,Beck,HB35902,8325297,BRYTON SOLUTIONS,12,APAC EUROPE,ATLAS,RPS,CA2DKIGMKL9Z34E,7.44
William,Beck,HB35902,8325297,BRYTON SOLUTIONS,12,APAC,ATLAS,RPS,NO_TS_APAC,92.56
Jesse,Roberson,PR81760,9034460,LUMEX GROUP,12,APAC ASIA,NOVA,REGIE,9OSFJGCVYJTPVXG,14.29
Jesse,Roberson,PR81760,9034460,LUMEX GROUP,12,MEA,NOVA,REGIE,NO_TS_MEA,85.71
John,Johnson,UE77903,2121804,KESTRA GROUP,12,LATAM MENA,ATLAS,FORFAIT,RYV1JQVS9PWIWWE,9.82
Kimberly,Contreras,BE25687,7192441,LUMEX CONSULTING,12,MEA MENA,ORBIT,MAINTENANCE,9A5VJGMX0LJ0T02,6.25
Shirley,Johnson,YB03970,8957488,ALCOR DYNAMICS,12,LATAM AFRICA,PHOENIX,REGIE,V8P9Y7WMSBHSCZT,13.1
Shirley,Johnson,YB03970,8957488,ALCOR DYNAMICS,12,EMEA,PHOENIX,REGIE,NO_TS_EMEA,86.9
Joann,Dennis,HB23940,4262992,INOVA DYNAMICS,12,APAC MENA,NOVA,REGIE,OCPDC0B2QA9ZOHF,7.44
Michael,Allison,BY75771,1268833,HYRION TECH,12,APAC MENA,VERTEX,RPS,Z1RJEUPLGESC831,8.93
Michael,Allison,BY75771,1268833,HYRION TECH,12,NA,VERTEX,RPS,NO_TS_NA,91.07
Harold,Bailey,VO86555,8652052,JALVIK SOLUTIONS,12,APAC OCEANIA,STELLAR,RPS,F0PFVGJHFO8XI0H,9.67
Harold,Bailey,VO86555,8652052,JALVIK SOLUTIONS,12,MEA,STELLAR,RPS,NO_TS_MEA,90.33
Melody,Pitts,QJ08684,8462614,ETHOS CONSULTING,12,CONT AFRICA,QUANTUM,RPS,6XJYAC728KBID5Q,7.14
Michael,Tate,OQ29119,7576351,JALVIK VENTURES,12,LATAM AMERICA,NEXUS,RPS,FINAZ4WAAMN6FEB,12.95
Michael,Tate,OQ29119,7576351,JALVIK VENTURES,12,NA,NEXUS,RPS,NO_TS_NA,87.05
Nancy,Mercado,OW01375,6553187,INOVA SYSTEMS,12,MEA AFRICA,QUANTUM,RPS,EQS5R0ZT8SQMPEY,8.33
Nancy,Mercado,OW01375,6553187,INOVA SYSTEMS,12,APAC,QUANTUM,RPS,NO_TS_APAC,91.67
Adam,Manning,ZE83771,7762516,FORVEX SOLUTIONS,12,APAC ASIA,NEXUS,RPS,9GGUIWUMYF9NHA7,9.82
Judy,Wilson,BH26005,2997365,JALVIK GLOBAL,12,LATAM ASIA,PHOENIX,SUPPORT,P6M41841FCJH1F9,7.44
Anna,Lawson,UG37563,1312803,ALCOR DIGITAL,12,NA EUROPE,VERTEX,RPS,NNEWOSO4UES0QNF,9.52
Anna,Lawson,UG37563,1312803,ALCOR DIGITAL,12,CONT,VERTEX,RPS,NO_TS_CONT,90.48
Derek,Estrada,FF59530,1502159,DELVO DIGITAL,12,LATAM AFRICA,ORBIT,SUPPORT,4V6784YGM06OPZ1,8.33
Derek,Estrada,FF59530,1502159,DELVO DIGITAL,12,APAC,ORBIT,SUPPORT,NO_TS_APAC,91.67
Joseph,Chavez,TD41833,2111216,KESTRA TECH,12,CONT OCEANIA,NOVA,FORFAIT,LI74MEC40N5HKDF,13.69
Joseph,Chavez,TD41833,2111216,KESTRA TECH,12,EMEA,NOVA,FORFAIT,NO_TS_EMEA,86.31
Melissa,Moody,IE67141,2615151,ETHOS SOLUTIONS,12,LATAM AMERICA,PULSE,SUPPORT,U3CQG9JGF4EAF68,8.33
Melissa,Moody,IE67141,2615151,ETHOS SOLUTIONS,12,NA,PULSE,SUPPORT,NO_TS_NA,91.67
Scott,Williams,VA82140,7170735,CENVEO SOLUTIONS,12,NA OCEANIA,PULSE,RPS,IMROQL9P5XRITUF,7.74
Scott,Williams,VA82140,7170735,CENVEO SOLUTIONS,12,NA,PULSE,RPS,NO_TS_NA,92.26
Sydney,Long,EW58275,3918526,BRYTON GLOBAL,12,CONT EUROPE,QUANTUM,REGIE,SVHUKUL400EHA7B,9.52
Sydney,Long,EW58275,3918526,BRYTON GLOBAL,12,EMEA,QUANTUM,REGIE,NO_TS_EMEA,90.48
Gary,Nelson,HS28655,4461202,LUMEX DIGITAL,12,EMEA AFRICA,ATLAS,MAINTENANCE,VIMHZEEUN963DPX,14.29
Natalie,Willis,PF26519,4581579,JALVIK DYNAMICS,12,MEA AFRICA,PULSE,REGIE,C3OT3HEI51ZBAJQ,13.1
Natalie,Willis,PF26519,4581579,JALVIK DYNAMICS,12,EMEA,PULSE,REGIE,NO_TS_EMEA,86.9
Shannon,Taylor,VV80353,2492844,JALVIK GROUP,12,MEA EUROPE,ATLAS,MAINTENANCE,QRFNFVN30FQ0YLN,10.12
Shannon,Taylor,VV80353,2492844,JALVIK GROUP,12,NA,ATLAS,MAINTENANCE,NO_TS_NA,89.88
Tiffany,Brown,YX79411,2233169,ALCOR TECH,12,LATAM ASIA,PHOENIX,SUPPORT,LHK2VNSJ1D6U6NZ,10.71
Mary,Bauer,AA44990,9126010,DELVO GLOBAL,12,EMEA OCEANIA,ORBIT,SUPPORT,721Q00584BN8HT1,8.04
Mary,Bauer,AA44990,9126010,DELVO GLOBAL,12,CONT,ORBIT,SUPPORT,NO_TS_CONT,91.96
Michael,Miller,JH15764,5178696,GOLZEN DIGITAL,12,CONT EUROPE,PULSE,REGIE,185K5ZFSG3GY58Z,9.52
Michael,Miller,JH15764,5178696,GOLZEN DIGITAL,12,EMEA,PULSE,REGIE,NO_TS_EMEA,90.48
Kimberly,Gardner,IK67853,6582985,JALVIK DIGITAL,12,APAC ASIA,NOVA,SUPPORT,K62DZEQ1N0JSUF0,11.31
Kimberly,Gardner,IK67853,6582985,JALVIK DIGITAL,12,CONT,NOVA,SUPPORT,NO_TS_CONT,88.69
Michael,Foster,YG69376,5206412,DELVO SOLUTIONS,12,NA AFRICA,STELLAR,SUPPORT,7UAI26WRZNGQY6Q,7.44
Michael,Foster,YG69376,5206412,DELVO SOLUTIONS,12,APAC,STELLAR,SUPPORT,NO_TS_APAC,92.56
Willie,Romero,OB78658,7976929,DELVO GROUP,12,LATAM ASIA,PULSE,RPS,Z8602MH56PSV0NQ,9.52
Kaitlin,Mathews,HD99607,3660078,FORVEX TECH,12,LATAM OCEANIA,STELLAR,MAINTENANCE,HS4S507SRHOPSES,9.52
Kaitlin,Mathews,HD99607,3660078,FORVEX TECH,12,CONT,STELLAR,MAINTENANCE,NO_TS_CONT,90.48
Nicholas,Henry,OC92449,4919671,BRYTON DIGITAL,12,EMEA MENA,PHOENIX,RPS,W4OLO4U36UR8OFE,9.82
Miguel,Kim,VR10463,9261065,GOLZEN VENTURES,12,NA AFRICA,NEXUS,SUPPORT,5BB6HAPZ20RW8ZE,10.12
Robin,Mendez,PS50094,9512487,GOLZEN TECH,12,APAC EUROPE,STELLAR,MAINTENANCE,VAM9QHYERAW5GDN,10.12
Cameron,Richardson,IB91096,3867116,FORVEX DYNAMICS,12,LATAM EUROPE,PULSE,REGIE,XCVBX13VSDORBM1,8.93
Emily,Miller,XB82045,5184422,ALCOR SYSTEMS,12,CONT ASIA,PULSE,RPS,OK91FDDUES9RMPS,8.93
Gary,Lopez,JK07193,7648806,CENVEO CONSULTING,12,MEA AMERICA,ATLAS,MAINTENANCE,N2IM72EWL4MTXQT,7.74
Robert,Larson,CI78977,2811990,HYRION GROUP,12,CONT EUROPE,ATLAS,SUPPORT,P6IRE60MU5HW076,9.52
Jose,Decker,LD43266,1151828,CENVEO SYSTEMS,12,NA ASIA,PULSE,SUPPORT,3QE8UHU19C7KXKI,9.52
Jose,Decker,LD43266,1151828,CENVEO SYSTEMS,12,MEA,PULSE,SUPPORT,NO_TS_MEA,90.48
Robert,Ford,TX35821,7186815,JALVIK VENTURES,12,APAC MENA,PHOENIX,MAINTENANCE,FO94CVCVOD0MJJ7,9.52
Megan,Hall,JM42897,2538795,INOVA TECH,12,EMEA EUROPE,NEXUS,MAINTENANCE,7FEEV6TJ3P052NP,12.5
Sarah,Crosby,QA95415,3779857,BRYTON CONSULTING,12,NA ASIA,NOVA,REGIE,2KQDEH2W3YLQU5T,7.44
Sarah,Crosby,QA95415,3779857,BRYTON CONSULTING,12,CONT,NOVA,REGIE,NO_TS_CONT,92.56
Ryan,Chan,KQ34387,5881231,BRYTON DIGITAL,12,NA AFRICA,PULSE,RPS,LM47WMTJHRAS7QT,11.9
Ryan,Chan,KQ34387,5881231,BRYTON DIGITAL,12,CONT,PULSE,RPS,NO_TS_CONT,88.1
Cameron,Proctor,DB94116,5528869,ETHOS GROUP,12,CONT MENA,ATLAS,SUPPORT,DJQUS1L7LLAEJES,11.9
Cameron,Proctor,DB94116,5528869,ETHOS GROUP,12,EMEA,ATLAS,SUPPORT,NO_TS_EMEA,88.1
Travis,Christian,QK21020,8174142,GOLZEN SYSTEMS,12,NA OCEANIA,NOVA,SUPPORT,YZGYDVQ20GX1TJ3,7.59
Travis,Christian,QK21020,8174142,GOLZEN SYSTEMS,12,NA,NOVA,SUPPORT,NO_TS_NA,92.41
Joshua,Francis,PJ29855,9396609,LUMEX SOLUTIONS,12,LATAM ASIA,PHOENIX,MAINTENANCE,5CEY5R1HBFYZ69Y,9.52
Joshua,Francis,PJ29855,9396609,LUMEX SOLUTIONS,12,MEA,PHOENIX,MAINTENANCE,NO_TS_MEA,90.48
Anthony,Smith,UP37932,7945950,KESTRA SYSTEMS,12,APAC AFRICA,VERTEX,RPS,0L2RLMTMMVLLMBO,11.9
Anthony,Smith,UP37932,7945950,KESTRA SYSTEMS,12,CONT,VERTEX,RPS,NO_TS_CONT,88.1
Shawn,Lopez,XC05390,2300851,LUMEX TECH,12,NA MENA,PHOENIX,FORFAIT,TO8C41O6U30UDFX,11.31
Shawn,Lopez,XC05390,2300851,LUMEX TECH,12,CONT,PHOENIX,FORFAIT,NO_TS_CONT,88.69
Allison,Lambert,RM44134,6174034,ALCOR SOLUTIONS,12,NA MENA,PHOENIX,RPS,MYMFRBRPM9I7387,7.44
Wanda,Freeman,GA80485,5941906,ALCOR DIGITAL,12,NA AFRICA,PULSE,REGIE,IS4MAKYAFHRHLWG,11.31
Wanda,Freeman,GA80485,5941906,ALCOR DIGITAL,12,LATAM,PULSE,REGIE,NO_TS_LATAM,88.69
Suzanne,Wu,GJ28311,4248969,ETHOS SYSTEMS,12,NA OCEANIA,ORBIT,MAINTENANCE,XBQZUIM2IZ28HOJ,16.67
Suzanne,Wu,GJ28311,4248969,ETHOS SYSTEMS,12,MEA,ORBIT,MAINTENANCE,NO_TS_MEA,83.33
Nancy,Salazar,YX80436,3152473,KESTRA TECH,12,NA EUROPE,PULSE,REGIE,3G55YK2C38BPTDZ,8.33
Donald,Carter,WS91871,4825084,INOVA GROUP,12,EMEA OCEANIA,ATLAS,REGIE,S1ASUALHFAUOVM4,11.9
Donald,Carter,WS91871,4825084,INOVA GROUP,12,MEA,ATLAS,REGIE,NO_TS_MEA,88.1
Charles,Garcia,TZ62205,1024877,KESTRA GLOBAL,12,LATAM AMERICA,PULSE,FORFAIT,PPFL5AFI46F6QNN,12.8
Charles,Garcia,TZ62205,1024877,KESTRA GLOBAL,12,LATAM,PULSE,FORFAIT,NO_TS_LATAM,87.2
Kristin,Jarvis,WX37869,4008767,ALCOR TECH,12,MEA MENA,ORBIT,RPS,H7TF0NZB1LFHXUE,9.52
Kristin,Jarvis,WX37869,4008767,ALCOR TECH,12,LATAM,ORBIT,RPS,NO_TS_LATAM,90.48
Jacob,Malone,CG61782,5718966,DELVO CONSULTING,12,EMEA AMERICA,STELLAR,RPS,SARPWVL1HB6YJKH,6.25
Jacob,Malone,CG61782,5718966,DELVO CONSULTING,12,EMEA,STELLAR,RPS,NO_TS_EMEA,93.75
Robert,Roberts,IH65228,7613306,ETHOS TECH,12,EMEA AFRICA,STELLAR,RPS,VHWP6LIR7P5O3JW,9.52
Robert,Green,WW88410,4847288,JALVIK GROUP,12,NA AFRICA,ORBIT,REGIE,GFKCWJGQQLZV6NY,9.52
Robert,Green,WW88410,4847288,JALVIK GROUP,12,MEA,ORBIT,REGIE,NO_TS_MEA,90.48
William,Herrera,LL20064,2222717,ETHOS CONSULTING,12,MEA AFRICA,QUANTUM,RPS,V30JUQ95NENKDG4,7.44
William,Herrera,LL20064,2222717,ETHOS CONSULTING,12,LATAM,QUANTUM,RPS,NO_TS_LATAM,92.56
Jose,Cook,OI83173,1158830,INOVA DYNAMICS,12,NA AFRICA,ORBIT,SUPPORT,EPDAU9Q4PGWVQ3W,9.23
Pamela,Miller,UJ46387,5674762,HYRION TECH,12,EMEA AMERICA,ORBIT,REGIE,RVM7GG64TT2AJ5D,8.04
Pamela,Miller,UJ46387,5674762,HYRION TECH,12,NA,ORBIT,REGIE,NO_TS_NA,91.96
Jamie,Sanchez,BN80902,1337400,INOVA SOLUTIONS,12,MEA OCEANIA,NEXUS,SUPPORT,XZ5SBXBFYDTQ92W,9.97
Jamie,Sanchez,BN80902,1337400,INOVA SOLUTIONS,12,APAC,NEXUS,SUPPORT,NO_TS_APAC,90.03
Jason,Hughes,RV52958,1201345,GOLZEN GROUP,12,EMEA OCEANIA,PULSE,REGIE,XP0RSSPJ3U2A15N,9.52
Jason,Hughes,RV52958,1201345,GOLZEN GROUP,12,MEA,PULSE,REGIE,NO_TS_MEA,90.48
Eric,Estes,WY87612,7237570,BRYTON VENTURES,12,LATAM MENA,NEXUS,RPS,XOU67F0Y5BBLE2F,9.52
Eric,Estes,WY87612,7237570,BRYTON VENTURES,12,NA,NEXUS,RPS,NO_TS_NA,90.48
Tanner,James,EI19529,2130753,HYRION VENTURES,12,CONT MENA,STELLAR,RPS,F0UJ69C12F0UQQQ,3.72
Tanya,Sanchez,MZ87791,9722939,LUMEX GROUP,12,NA MENA,PULSE,REGIE,5YRLZSOWFCX0XZA,10.71
Tanya,Sanchez,MZ87791,9722939,LUMEX GROUP,12,CONT,PULSE,REGIE,NO_TS_CONT,89.29
Andrew,Walker,AN93577,9920433,ALCOR GROUP,12,EMEA AMERICA,STELLAR,FORFAIT,WEXLJA9VGN5D6CD,11.9
Andrew,Walker,AN93577,9920433,ALCOR GROUP,12,CONT,STELLAR,FORFAIT,NO_TS_CONT,88.1
Kimberly,Fleming,BS29170,2514794,HYRION GLOBAL,12,MEA ASIA,PHOENIX,REGIE,QMVXQ5Z2WJGK06O,11.9
Kimberly,Fleming,BS29170,2514794,HYRION GLOBAL,12,APAC,PHOENIX,REGIE,NO_TS_APAC,88.1
Danielle,Medina,JB03142,4609162,LUMEX CONSULTING,12,EMEA AFRICA,VERTEX,SUPPORT,N0NOL45HNE9I3TS,10.71
Danielle,Medina,JB03142,4609162,LUMEX CONSULTING,12,LATAM,VERTEX,SUPPORT,NO_TS_LATAM,89.29
Devin,Small,ZT93313,4973529,ALCOR CONSULTING,12,LATAM MENA,QUANTUM,REGIE,T7FR1P0U24GKS8D,9.52
Devin,Small,ZT93313,4973529,ALCOR CONSULTING,12,LATAM,QUANTUM,REGIE,NO_TS_LATAM,90.48
Edward,Williams,SA26623,5287530,HYRION SOLUTIONS,12,APAC MENA,QUANTUM,MAINTENANCE,HO9HY6XLC8SOFIH,9.82
Edward,Williams,SA26623,5287530,HYRION SOLUTIONS,12,EMEA,QUANTUM,MAINTENANCE,NO_TS_EMEA,90.18
Renee,Proctor,LG53494,2839811,BRYTON DYNAMICS,12,CONT AFRICA,PHOENIX,SUPPORT,LKGRPRYTM2OPGUV,7.29
Renee,Proctor,LG53494,2839811,BRYTON DYNAMICS,12,CONT,PHOENIX,SUPPORT,NO_TS_CONT,92.71
Kristen,Morse,BN00840,3334913,ETHOS GROUP,12,MEA OCEANIA,PHOENIX,REGIE,40HVTFEJCC8FV77,10.71
Kristen,Morse,BN00840,3334913,ETHOS GROUP,12,MEA,PHOENIX,REGIE,NO_TS_MEA,89.29
Felicia,Barker,EN42194,7048620,LUMEX GLOBAL,12,CONT AMERICA,PHOENIX,MAINTENANCE,MOVFCR7RJXL9DRS,9.52
Felicia,Barker,EN42194,7048620,LUMEX GLOBAL,12,APAC,PHOENIX,MAINTENANCE,NO_TS_APAC,90.48
Andrew,Maddox,KG45093,3205493,ETHOS TECH,12,NA AMERICA,NEXUS,SUPPORT,CJQCMUWJFF2EWBO,11.9
Andrew,Maddox,KG45093,3205493,ETHOS TECH,12,LATAM,NEXUS,SUPPORT,NO_TS_LATAM,88.1
David,Rivera,TB69760,3644283,KESTRA GROUP,12,LATAM AMERICA,NOVA,SUPPORT,X30W9UOKBVUTTIT,9.52
David,Rivera,TB69760,3644283,KESTRA GROUP,12,LATAM,NOVA,SUPPORT,NO_TS_LATAM,90.48
Penny,Sutton,PO18667,2094632,ETHOS DIGITAL,12,NA EUROPE,STELLAR,SUPPORT,PL3PPLUIDZ0AGV7,9.67
Penny,Sutton,PO18667,2094632,ETHOS DIGITAL,12,NA,STELLAR,SUPPORT,NO_TS_NA,90.33
Kristina,Cannon,VM26397,4564679,GOLZEN CONSULTING,12,LATAM EUROPE,NOVA,SUPPORT,M9UIAY5456O0P2P,7.29
Rita,Wells,OO95020,6744011,JALVIK SOLUTIONS,12,CONT AMERICA,NOVA,SUPPORT,FZIQFYODV0DA7YQ,6.25
John,Foley,OQ68774,6592473,BRYTON DYNAMICS,12,MEA AMERICA,NEXUS,RPS,BAYWGKKW99P5OU5,6.99
John,Foley,OQ68774,6592473,BRYTON DYNAMICS,12,MEA,NEXUS,RPS,NO_TS_MEA,93.01
Henry,Doyle,JN68754,7836343,LUMEX TECH,12,EMEA AFRICA,QUANTUM,MAINTENANCE,98VA7WK765ZDT1D,9.52
Henry,Doyle,JN68754,7836343,LUMEX TECH,12,EMEA,QUANTUM,MAINTENANCE,NO_TS_EMEA,90.48
Robert,Mason,GG73910,5682928,LUMEX DYNAMICS,12,APAC ASIA,NOVA,FORFAIT,Z6FZXN6HOEMQZK4,11.9
Karen,Mathews,JR04951,8892711,GOLZEN SYSTEMS,12,EMEA EUROPE,PULSE,MAINTENANCE,YHGL08NABQ2R5VY,9.52
Bradley,Barker,GX28366,7259110,GOLZEN VENTURES,12,NA OCEANIA,PHOENIX,RPS,5CEASP7XOILW23U,9.52
Bradley,Barker,GX28366,7259110,GOLZEN VENTURES,12,LATAM,PHOENIX,RPS,NO_TS_LATAM,90.48
Alexandra,Phillips,FU76179,1116339,CENVEO GROUP,12,NA EUROPE,NEXUS,FORFAIT,9605H4ZNGQRUGZH,9.82
Alexandra,Phillips,FU76179,1116339,CENVEO GROUP,12,EMEA,NEXUS,FORFAIT,NO_TS_EMEA,90.18
Daniel,Anderson,CV71299,8138095,DELVO SYSTEMS,12,APAC ASIA,PHOENIX,REGIE,2N1X14OQRMWPIYK,8.33
Martin,Martin,KN48995,6556861,FORVEX TECH,12,LATAM AFRICA,NOVA,REGIE,TSC4KUS4JG9TXX6,8.33
Kaylee,Haynes,DK45659,4783057,BRYTON TECH,12,APAC OCEANIA,PHOENIX,RPS,N97EGE2BWXV4GVN,6.55
Kaylee,Haynes,DK45659,4783057,BRYTON TECH,12,APAC,PHOENIX,RPS,NO_TS_APAC,93.45
Rebecca,Horton,CV34303,8238624,BRYTON DIGITAL,12,NA OCEANIA,STELLAR,REGIE,ATSHH41FKZSMZF2,7.59
Tiffany,Williams,CS96735,8158308,DELVO GLOBAL,12,CONT AFRICA,NEXUS,REGIE,XZBOEEFCDNHS4FL,11.9
Tiffany,Williams,CS96735,8158308,DELVO GLOBAL,12,APAC,NEXUS,REGIE,NO_TS_APAC,88.1
Cheryl,Beard,RI19871,6611451,ALCOR VENTURES,12,NA ASIA,PULSE,MAINTENANCE,BULZT9AL4HZKZT3,11.01
Cheryl,Beard,RI19871,6611451,ALCOR VENTURES,12,CONT,PULSE,MAINTENANCE,NO_TS_CONT,88.99
Paula,Williams,DW80390,7519224,ALCOR DYNAMICS,12,EMEA AFRICA,PHOENIX,MAINTENANCE,VDK9190OKG1M0H2,7.14
Carolyn,Moreno,CM13744,6720156,BRYTON SYSTEMS,12,NA MENA,VERTEX,MAINTENANCE,ENKIE3QFVYIQQQB,14.29
Carolyn,Moreno,CM13744,6720156,BRYTON SYSTEMS,12,APAC,VERTEX,MAINTENANCE,NO_TS_APAC,85.71
Michael,Casey,WJ79693,2243250,FORVEX DIGITAL,12,MEA ASIA,NEXUS,FORFAIT,N1S883DRCO4NSPD,7.44
Tammy,Miller,XB89523,2715705,FORVEX SYSTEMS,12,NA AMERICA,QUANTUM,REGIE,MCGC5BJ1LOY98FL,9.52
Tammy,Miller,XB89523,2715705,FORVEX SYSTEMS,12,APAC,QUANTUM,REGIE,NO_TS_APAC,90.48
Christopher,Blackwell,WC24513,2975432,CENVEO DIGITAL,12,CONT AFRICA,PULSE,FORFAIT,WZZANM0WBR0GWAJ,9.52
Christopher,Blackwell,WC24513,2975432,CENVEO DIGITAL,12,EMEA,PULSE,FORFAIT,NO_TS_EMEA,90.48
Sherry,Vaughn,XK10937,2523098,JALVIK SOLUTIONS,12,LATAM ASIA,VERTEX,MAINTENANCE,3EK3V7ZWKHCU9SQ,9.52
Darlene,Arellano,ZH72980,6920540,BRYTON GROUP,12,LATAM AFRICA,QUANTUM,REGIE,3V8FJ190GTAYYJD,11.9
Darlene,Arellano,ZH72980,6920540,BRYTON GROUP,12,NA,QUANTUM,REGIE,NO_TS_NA,88.1
Angela,Livingston,OG90680,5293032,DELVO GROUP,12,APAC AFRICA,PULSE,RPS,V5RLBEZ6Z6ABD2U,6.4
Angela,Livingston,OG90680,5293032,DELVO GROUP,12,NA,PULSE,RPS,NO_TS_NA,93.6
Fernando,Davis,KP57583,2995856,ALCOR DYNAMICS,12,EMEA ASIA,ATLAS,RPS,6Q9BB33AEI6SAZ7,12.8
Fernando,Davis,KP57583,2995856,ALCOR DYNAMICS,12,NA,ATLAS,RPS,NO_TS_NA,87.2
Jeffrey,Sawyer,HU39833,9412785,KESTRA GLOBAL,12,NA AFRICA,VERTEX,FORFAIT,X0UY77PMTD07CJK,10.12
Kristina,Gould,ZR17967,3978355,ALCOR SYSTEMS,12,NA AMERICA,QUANTUM,REGIE,U008QOO9XGWDKKF,11.9
Kristina,Gould,ZR17967,3978355,ALCOR SYSTEMS,12,LATAM,QUANTUM,REGIE,NO_TS_LATAM,88.1
Robert,Barron,KL36643,7116074,CENVEO VENTURES,12,NA AFRICA,QUANTUM,REGIE,S377AXH5J8X0BNM,9.52
Robert,Barron,KL36643,7116074,CENVEO VENTURES,12,MEA,QUANTUM,REGIE,NO_TS_MEA,90.48
Craig,Hanson,BN43907,2731882,HYRION VENTURES,12,MEA EUROPE,QUANTUM,SUPPORT,OYP73S4Q864QZFO,9.82
Craig,Hanson,BN43907,2731882,HYRION VENTURES,12,NA,QUANTUM,SUPPORT,NO_TS_NA,90.18
Alicia,Hernandez,DU41900,1876443,BRYTON DIGITAL,12,CONT ASIA,ATLAS,FORFAIT,QF3NAP6JCTH9Q6O,9.52
Alicia,Hernandez,DU41900,1876443,BRYTON DIGITAL,12,LATAM,ATLAS,FORFAIT,NO_TS_LATAM,90.48
Brenda,King,KU24961,2849525,ALCOR SOLUTIONS,12,EMEA AMERICA,ORBIT,REGIE,WOD67HLVUABETMM,11.61
Brenda,King,KU24961,2849525,ALCOR SOLUTIONS,12,EMEA,ORBIT,REGIE,NO_TS_EMEA,88.39
Dave,Klein,LJ84458,1027958,DELVO DIGITAL,12,MEA AMERICA,STELLAR,FORFAIT,1A2819HYD3Y6FDW,7.74
Dave,Klein,LJ84458,1027958,DELVO DIGITAL,12,MEA,STELLAR,FORFAIT,NO_TS_MEA,92.26
Kyle,Gray,PE47361,7962034,BRYTON GLOBAL,12,CONT AMERICA,PHOENIX,REGIE,9D6USCNRRSMDABF,9.52
Kyle,Gray,PE47361,7962034,BRYTON GLOBAL,12,LATAM,PHOENIX,REGIE,NO_TS_LATAM,90.48
Ethan,Adams,KB22067,5890515,INOVA DIGITAL,12,EMEA EUROPE,NEXUS,SUPPORT,YEHKPIB7UX7L3U3,11.31
Ethan,Adams,KB22067,5890515,INOVA DIGITAL,12,NA,NEXUS,SUPPORT,NO_TS_NA,88.69
Paul,Davis,XU41867,1934022,DELVO GLOBAL,12,NA AMERICA,ORBIT,FORFAIT,39077B2TFT1OFTZ,11.9
Juan,Meyer,FR60856,9775794,GOLZEN VENTURES,12,NA EUROPE,NOVA,RPS,U6D2B787T9YKUB7,9.82
Juan,Meyer,FR60856,9775794,GOLZEN VENTURES,12,EMEA,NOVA,RPS,NO_TS_EMEA,90.18
Kristine,Thompson,UY46478,2302750,JALVIK SYSTEMS,12,CONT AMERICA,VERTEX,SUPPORT,YRK9JTD4CRU7T0S,7.44
John,Logan,ZX36082,2971075,INOVA GROUP,12,MEA ASIA,ATLAS,RPS,IPTS0AA0H3T15SN,9.52
John,Logan,ZX36082,2971075,INOVA GROUP,12,LATAM,ATLAS,RPS,NO_TS_LATAM,90.48
Russell,Kelly,ED06728,4328715,JALVIK SOLUTIONS,12,NA AMERICA,STELLAR,SUPPORT,GN6URVRL5WYXHBP,6.7
Russell,Kelly,ED06728,4328715,JALVIK SOLUTIONS,12,APAC,STELLAR,SUPPORT,NO_TS_APAC,93.3
Lisa,Scott,GD21082,6112169,GOLZEN SOLUTIONS,12,EMEA ASIA,QUANTUM,RPS,YFW8VLBOT9J2KYB,9.52
Lisa,Scott,GD21082,6112169,GOLZEN SOLUTIONS,12,EMEA,QUANTUM,RPS,NO_TS_EMEA,90.48
Valerie,Peters,OD51243,5816725,FORVEX VENTURES,12,CONT AFRICA,QUANTUM,FORFAIT,LBSEGL2ZXXE08ZD,8.33
Valerie,Peters,OD51243,5816725,FORVEX VENTURES,12,APAC,QUANTUM,FORFAIT,NO_TS_APAC,91.67
Anne,Marshall,TX99042,9383525,BRYTON TECH,12,NA AMERICA,STELLAR,REGIE,K88MKIOFAZUE4ZZ,11.9
Anne,Marshall,TX99042,9383525,BRYTON TECH,12,APAC,STELLAR,REGIE,NO_TS_APAC,88.1
Kim,Graham,AD49621,5402950,BRYTON SOLUTIONS,12,APAC AMERICA,VERTEX,REGIE,CUDF2HPZUWB8SZD,8.93
Kim,Graham,AD49621,5402950,BRYTON SOLUTIONS,12,EMEA,VERTEX,REGIE,NO_TS_EMEA,91.07
Connor,Mcintyre,UO34689,3441839,INOVA TECH,12,CONT EUROPE,PULSE,FORFAIT,PIOPAHTP5K30YW2,14.29
Connor,Mcintyre,UO34689,3441839,INOVA TECH,12,NA,PULSE,FORFAIT,NO_TS_NA,85.71
Zachary,Vasquez,AL08443,5256943,JALVIK TECH,12,LATAM AFRICA,QUANTUM,REGIE,4UOK9N66KRYYYKY,11.9
Zachary,Vasquez,AL08443,5256943,JALVIK TECH,12,LATAM,QUANTUM,REGIE,NO_TS_LATAM,88.1
Eric,Ford,KL19937,3579016,DELVO DYNAMICS,12,MEA ASIA,VERTEX,SUPPORT,KEXAPERNNURTDC2,11.9
Eric,Ford,KL19937,3579016,DELVO DYNAMICS,12,MEA,VERTEX,SUPPORT,NO_TS_MEA,88.1
Sarah,Travis,TS32422,5771351,CENVEO DYNAMICS,12,CONT EUROPE,VERTEX,MAINTENANCE,0K73E4XNYH383DI,11.9
Sarah,Travis,TS32422,5771351,CENVEO DYNAMICS,12,LATAM,VERTEX,MAINTENANCE,NO_TS_LATAM,88.1
Marcus,Taylor,NB31393,8132081,CENVEO SOLUTIONS,12,APAC AMERICA,ATLAS,SUPPORT,6IVAHRH1AP7BC94,11.9
Marcus,Taylor,NB31393,8132081,CENVEO SOLUTIONS,12,MEA,ATLAS,SUPPORT,NO_TS_MEA,88.1
Megan,Roberts,YU84105,4581974,LUMEX DIGITAL,12,NA MENA,PULSE,SUPPORT,XNAF4R02D8VJLZF,7.74
Megan,Roberts,YU84105,4581974,LUMEX DIGITAL,12,CONT,PULSE,SUPPORT,NO_TS_CONT,92.26
Roger,Moore,GE05352,6628475,DELVO SYSTEMS,12,APAC AMERICA,PULSE,REGIE,FUUM1TD2HHWINLU,9.82
Roger,Moore,GE05352,6628475,DELVO SYSTEMS,12,LATAM,PULSE,REGIE,NO_TS_LATAM,90.18
Miguel,Black,ZU54900,6915941,DELVO CONSULTING,12,CONT EUROPE,PHOENIX,MAINTENANCE,M4YBYYYTG9WZ2X0,7.44
Emily,Hughes,SA51617,1683285,DELVO SOLUTIONS,12,CONT ASIA,NEXUS,SUPPORT,SNRTF5C6BD0AN75,9.23
Emily,Hughes,SA51617,1683285,DELVO SOLUTIONS,12,LATAM,NEXUS,SUPPORT,NO_TS_LATAM,90.77
Melissa,Rodriguez,XC13891,9427853,BRYTON GROUP,12,CONT OCEANIA,NOVA,REGIE,VS3VXLMUC4VRI15,9.52
James,Leonard,HI71650,2000954,JALVIK GLOBAL,12,CONT EUROPE,PULSE,RPS,E7HCQPV4FI3SLPP,7.14
Tamara,Page,XH10296,3739449,HYRION SYSTEMS,12,CONT ASIA,NEXUS,REGIE,F4TKLBAYMD2MQDD,8.33
Kristen,Collier,EE87413,6942243,INOVA DYNAMICS,12,EMEA MENA,VERTEX,MAINTENANCE,6UKRV3YKEC8JSWR,7.74
Kristen,Collier,EE87413,6942243,INOVA DYNAMICS,12,CONT,VERTEX,MAINTENANCE,NO_TS_CONT,92.26
Theodore,Perkins,QK98514,8843820,GOLZEN DIGITAL,12,APAC AMERICA,PULSE,FORFAIT,QV73FMLS7B5NMYN,11.9
Sharon,Rowe,UY16634,1183879,ALCOR GLOBAL,12,NA AMERICA,NEXUS,SUPPORT,9EYH5Q2PH33YP31,11.9
Sharon,Rowe,UY16634,1183879,ALCOR GLOBAL,12,MEA,NEXUS,SUPPORT,NO_TS_MEA,88.1
Megan,Wagner,UA07913,6293766,GOLZEN DYNAMICS,12,MEA AFRICA,STELLAR,REGIE,XQHNZUGVKW1UNJG,8.33
Megan,Wagner,UA07913,6293766,GOLZEN DYNAMICS,12,NA,STELLAR,REGIE,NO_TS_NA,91.67
Randy,Shannon,QQ44374,8321487,LUMEX TECH,12,CONT MENA,QUANTUM,RPS,87539UOG83TOIZP,8.33
Randy,Shannon,QQ44374,8321487,LUMEX TECH,12,LATAM,QUANTUM,RPS,NO_TS_LATAM,91.67
Laura,Gonzalez,NU25804,6047270,ALCOR TECH,12,MEA EUROPE,ATLAS,RPS,2PTZWE8N0BG61HG,15.18
Erika,Lara,PV32082,7070141,BRYTON GROUP,12,APAC AMERICA,NEXUS,MAINTENANCE,DLPFQ3XI9GLKZTF,8.65
Erika,Lara,PV32082,7070141,BRYTON GROUP,12,EMEA,NEXUS,MAINTENANCE,NO_TS_EMEA,91.35
Samantha,Rodriguez,RH12076,1118414,INOVA GROUP,12,LATAM EUROPE,NOVA,SUPPORT,2EVSYEMCHOMS0DF,8.33
Geoffrey,Fields,BB32918,9923204,KESTRA GLOBAL,12,NA AFRICA,STELLAR,REGIE,ZTG6K50YION3G58,7.74
Geoffrey,Fields,BB32918,9923204,KESTRA GLOBAL,12,MEA,STELLAR,REGIE,NO_TS_MEA,92.26
Bailey,Medina,MJ94429,5648167,ALCOR GROUP,12,MEA OCEANIA,ATLAS,RPS,J1VIEDDBSQQ3MVQ,7.14
Bailey,Medina,MJ94429,5648167,ALCOR GROUP,12,NA,ATLAS,RPS,NO_TS_NA,92.86
Melissa,Keller,JT06365,9503035,CENVEO GLOBAL,12,LATAM AFRICA,ATLAS,MAINTENANCE,Y0VF3FH5EYEU46V,7.59
Melissa,Keller,JT06365,9503035,CENVEO GLOBAL,12,EMEA,ATLAS,MAINTENANCE,NO_TS_EMEA,92.41
Melissa,Lambert,VF02365,7775753,DELVO DYNAMICS,12,MEA AFRICA,ATLAS,SUPPORT,MA35G3HYUI2GFZL,7.74
Daniel,Hartman,BZ14052,7820516,ALCOR CONSULTING,12,APAC MENA,NEXUS,FORFAIT,TVH1QWC7CB7CD0J,11.9
Daniel,Hartman,BZ14052,7820516,ALCOR CONSULTING,12,APAC,NEXUS,FORFAIT,NO_TS_APAC,88.1
Dennis,Williams,QN98389,1847562,JALVIK CONSULTING,12,LATAM ASIA,PHOENIX,RPS,Q9SOQPOILBP983S,8.63
Dennis,Williams,QN98389,1847562,JALVIK CONSULTING,12,EMEA,PHOENIX,RPS,NO_TS_EMEA,91.37
Ashley,Boone,XJ93941,4155138,LUMEX SOLUTIONS,12,EMEA AMERICA,NOVA,FORFAIT,BXCOUDOY33QXO5J,8.33
Ashley,Boone,XJ93941,4155138,LUMEX SOLUTIONS,12,CONT,NOVA,FORFAIT,NO_TS_CONT,91.67
Jeanette,Peterson,NA71294,4180495,JALVIK TECH,12,MEA EUROPE,NOVA,FORFAIT,MCEXZ1UOUQD94Q6,9.56
Mary,Marsh,LB71832,6484614,LUMEX TECH,12,CONT EUROPE,STELLAR,SUPPORT,FOZMJKWERZ86CGN,1.56
William,Luna,WZ42898,4716974,DELVO CONSULTING,12,EMEA OCEANIA,PHOENIX,REGIE,XCFF807SRRU4SEV,9.82
William,Luna,WZ42898,4716974,DELVO CONSULTING,12,EMEA,PHOENIX,REGIE,NO_TS_EMEA,90.18
Robert,Whitaker,HJ17440,5756012,ALCOR DIGITAL,12,MEA OCEANIA,ORBIT,RPS,B5C21V79X1B9UTR,11.9
Robert,Whitaker,HJ17440,5756012,ALCOR DIGITAL,12,EMEA,ORBIT,RPS,NO_TS_EMEA,88.1
Sean,Hill,PB32238,7975100,LUMEX CONSULTING,12,MEA AMERICA,VERTEX,MAINTENANCE,QOCQDLLFAIZ4716,8.33
Sean,Hill,PB32238,7975100,LUMEX CONSULTING,12,EMEA,VERTEX,MAINTENANCE,NO_TS_EMEA,91.67
Kenneth,Rodriguez,JI48854,7506545,DELVO SOLUTIONS,12,NA MENA,PULSE,RPS,15L4ZNHFQADNUR7,14.29
Kenneth,Rodriguez,JI48854,7506545,DELVO SOLUTIONS,12,APAC,PULSE,RPS,NO_TS_APAC,85.71
Jeffrey,Williams,LS96928,5748577,ALCOR DIGITAL,12,CONT ASIA,QUANTUM,FORFAIT,HFMC29472F86V9Y,8.33
Jeffrey,Williams,LS96928,5748577,ALCOR DIGITAL,12,APAC,QUANTUM,FORFAIT,NO_TS_APAC,91.67
Bradley,Gonzales,HG80033,2823793,INOVA SOLUTIONS,12,LATAM ASIA,NOVA,REGIE,21LBVXZHV5FCAP1,9.38
Bradley,Gonzales,HG80033,2823793,INOVA SOLUTIONS,12,EMEA,NOVA,REGIE,NO_TS_EMEA,90.63
Emily,Scott,DA91521,2112671,GOLZEN SYSTEMS,12,NA MENA,ORBIT,REGIE,POUMRBTHA7WTJWT,6.85
Lauren,Patterson,LI04804,7851541,KESTRA CONSULTING,12,MEA AFRICA,ORBIT,RPS,EBVBW5L0X0933JR,11.9
Lauren,Patterson,LI04804,7851541,KESTRA CONSULTING,12,APAC,ORBIT,RPS,NO_TS_APAC,88.1
Kelli,Hoover,UK91095,8079914,GOLZEN SYSTEMS,12,CONT MENA,ATLAS,FORFAIT,7FY3FVW6BW3TFOV,9.52
Kelli,Hoover,UK91095,8079914,GOLZEN SYSTEMS,12,APAC,ATLAS,FORFAIT,NO_TS_APAC,90.48
Jesus,Franco,IX19814,4191838,LUMEX SOLUTIONS,12,MEA MENA,NOVA,RPS,EI9CQ8GTS5DUF6V,21.88
Jesus,Franco,IX19814,4191838,LUMEX SOLUTIONS,12,MEA,NOVA,RPS,NO_TS_MEA,78.13
Michael,Moreno,IQ02171,9268312,CENVEO GLOBAL,12,APAC OCEANIA,VERTEX,SUPPORT,N1MXIAWW9PV7Y13,7.44
Michael,Moreno,IQ02171,9268312,CENVEO GLOBAL,12,CONT,VERTEX,SUPPORT,NO_TS_CONT,92.56
Robert,Reyes,SH40966,7367064,FORVEX DIGITAL,12,APAC OCEANIA,STELLAR,SUPPORT,IAPOL7NSUUD7PEP,11.9
Robert,Reyes,SH40966,7367064,FORVEX DIGITAL,12,APAC,STELLAR,SUPPORT,NO_TS_APAC,88.1
Ronald,Lloyd,UE32249,7360740,GOLZEN DIGITAL,12,MEA EUROPE,STELLAR,SUPPORT,APYPKP4WSFJGXZN,10.12
Robert,Patterson,BG10183,5959031,INOVA DYNAMICS,12,LATAM AFRICA,NOVA,FORFAIT,3MUJ9QWGCZ83SAG,8.93
Robert,Patterson,BG10183,5959031,INOVA DYNAMICS,12,APAC,NOVA,FORFAIT,NO_TS_APAC,91.07
Ashley,Ferrell,YI49401,8143200,HYRION GLOBAL,12,APAC OCEANIA,PULSE,REGIE,F8FCPP4BCJ4CGIU,8.33
Ashley,Ferrell,YI49401,8143200,HYRION GLOBAL,12,NA,PULSE,REGIE,NO_TS_NA,91.67
Richard,Bond,YO87297,6911569,FORVEX GROUP,12,CONT ASIA,ORBIT,MAINTENANCE,D0L6V4ESH95ZPK1,9.52
Stephanie,Montgomery,IQ33416,8860463,BRYTON SYSTEMS,12,CONT MENA,NEXUS,FORFAIT,GO7O9DGY5CV92BN,8.33
Stephanie,Montgomery,IQ33416,8860463,BRYTON SYSTEMS,12,APAC,NEXUS,FORFAIT,NO_TS_APAC,91.67
Kathryn,Sampson,PR29072,7291659,BRYTON SYSTEMS,12,EMEA ASIA,NOVA,SUPPORT,P11QQAB4A0SXN7X,8.63
Keith,Hogan,WK94601,4526135,DELVO GROUP,12,MEA MENA,QUANTUM,RPS,VA402LSIPW233BJ,9.52
Keith,Hogan,WK94601,4526135,DELVO GROUP,12,CONT,QUANTUM,RPS,NO_TS_CONT,90.48
Jennifer,Patton,UO04969,2610279,ETHOS DIGITAL,12,EMEA MENA,VERTEX,RPS,3OL79F06ZJO5KPD,10.71
Joshua,Gibson,LH96032,1633097,GOLZEN SOLUTIONS,12,CONT EUROPE,STELLAR,RPS,Q5OPTIQAWFZUZ58,9.52
Sharon,Thomas,ZL86799,5287608,HYRION TECH,12,LATAM EUROPE,PULSE,REGIE,YHP89N6QQPDZXJE,10.42
Sharon,Thomas,ZL86799,5287608,HYRION TECH,12,CONT,PULSE,REGIE,NO_TS_CONT,89.58
Barbara,Smith,ME69269,9853739,ALCOR TECH,12,CONT AFRICA,PULSE,RPS,9PPB9O4E88UG28R,8.85
Barbara,Smith,ME69269,9853739,ALCOR TECH,12,NA,PULSE,RPS,NO_TS_NA,91.15
Alexandra,Williamson,JL80773,3136045,DELVO SOLUTIONS,12,EMEA MENA,STELLAR,REGIE,VSJA5C3YKUPJ2SJ,8.18
Alexandra,Williamson,JL80773,3136045,DELVO SOLUTIONS,12,NA,STELLAR,REGIE,NO_TS_NA,91.82
Robert,Bates,CC17314,6307903,DELVO DYNAMICS,12,LATAM EUROPE,PULSE,RPS,QIZ7OQMG10QE9DT,9.52
Riley,Price,UW31707,8267665,FORVEX VENTURES,12,EMEA EUROPE,NOVA,RPS,EDF7GFIN21A5SVS,11.9
Riley,Price,UW31707,8267665,FORVEX VENTURES,12,MEA,NOVA,RPS,NO_TS_MEA,88.1
Justin,Foster,DZ80282,4472499,KESTRA GROUP,12,LATAM AMERICA,ATLAS,MAINTENANCE,C3XIP7PNCU7402U,12.2
Kristin,Swanson,ZW42605,1683466,CENVEO DYNAMICS,12,CONT EUROPE,ORBIT,RPS,0LAK0EVLKVAN609,7.29
Kristin,Swanson,ZW42605,1683466,CENVEO DYNAMICS,12,LATAM,ORBIT,RPS,NO_TS_LATAM,92.71
Miguel,Banks,QA09425,6180605,KESTRA CONSULTING,12,NA OCEANIA,NOVA,REGIE,NWAOUUF8NQENPF8,7.03
Miguel,Banks,QA09425,6180605,KESTRA CONSULTING,12,NA,NOVA,REGIE,NO_TS_NA,92.97
Teresa,Ellis,FQ07628,7155996,HYRION DYNAMICS,12,LATAM AMERICA,PHOENIX,MAINTENANCE,WB5NIUHAPJ49649,10.12
Teresa,Ellis,FQ07628,7155996,HYRION DYNAMICS,12,EMEA,PHOENIX,MAINTENANCE,NO_TS_EMEA,89.88
Kristina,Martinez,ZF36903,4076317,JALVIK SYSTEMS,12,LATAM OCEANIA,VERTEX,RPS,PB46LZPHBGUQIOX,10.71
Kristina,Martinez,ZF36903,4076317,JALVIK SYSTEMS,12,MEA,VERTEX,RPS,NO_TS_MEA,89.29
Joseph,Scott,DC91368,2817756,ETHOS VENTURES,12,LATAM MENA,ATLAS,FORFAIT,B0D21D2L98MC8RS,10.42
Joseph,Scott,DC91368,2817756,ETHOS VENTURES,12,NA,ATLAS,FORFAIT,NO_TS_NA,89.58
Matthew,Novak,FB04339,2579978,INOVA DIGITAL,12,MEA MENA,VERTEX,RPS,O1TG0BXTXFJQN7Z,10.42
Christopher,Morgan,CQ48453,7720726,JALVIK TECH,12,LATAM AFRICA,PHOENIX,FORFAIT,XLBVJDRZ4N2C656,9.52
Dustin,Ramirez,VC12025,3536409,CENVEO DIGITAL,12,EMEA AMERICA,NOVA,RPS,09QC8BN310BLEF4,8.33
Dustin,Ramirez,VC12025,3536409,CENVEO DIGITAL,12,CONT,NOVA,RPS,NO_TS_CONT,91.67
Elaine,Miller,KR32699,6452943,BRYTON GROUP,12,EMEA OCEANIA,ORBIT,SUPPORT,ZYD2PLFHXAMR42P,11.01
Elaine,Miller,KR32699,6452943,BRYTON GROUP,12,EMEA,ORBIT,SUPPORT,NO_TS_EMEA,88.99
April,Rogers,HW02834,4974184,FORVEX SOLUTIONS,12,NA EUROPE,VERTEX,RPS,JPPTK2ALF8YROR7,10.42
April,Rogers,HW02834,4974184,FORVEX SOLUTIONS,12,EMEA,VERTEX,RPS,NO_TS_EMEA,89.58
Jeremy,Vargas,OB46166,8401747,LUMEX DIGITAL,12,APAC OCEANIA,NEXUS,RPS,VPY1E4NC22RTYMM,8.33
Jeremy,Vargas,OB46166,8401747,LUMEX DIGITAL,12,APAC,NEXUS,RPS,NO_TS_APAC,91.67
Maria,Mcconnell,TJ84691,6809295,ETHOS SYSTEMS,12,CONT EUROPE,ORBIT,REGIE,N245LIQ9F0AFV9R,11.9
Valerie,Small,KK82317,5231683,BRYTON SOLUTIONS,12,APAC EUROPE,QUANTUM,MAINTENANCE,6WFSO6Q9HI1XUXF,7.44
Kathleen,Holloway,TX30827,8437675,GOLZEN VENTURES,12,CONT ASIA,PHOENIX,MAINTENANCE,MOVDCFEW5H7E5RB,8.48
Kathleen,Holloway,TX30827,8437675,GOLZEN VENTURES,12,LATAM,PHOENIX,MAINTENANCE,NO_TS_LATAM,91.52
Justin,Knight,ZA38348,7203704,GOLZEN VENTURES,12,LATAM AMERICA,PULSE,SUPPORT,AK6P5E6GY16G371,11.9
Austin,Chambers,XN32093,5030481,LUMEX GROUP,12,MEA AFRICA,ORBIT,MAINTENANCE,6YR0DBQ4YGVSR3C,9.52
Austin,Chambers,XN32093,5030481,LUMEX GROUP,12,NA,ORBIT,MAINTENANCE,NO_TS_NA,90.48
Andrea,Mooney,WY10961,1121731,BRYTON SYSTEMS,12,APAC ASIA,ORBIT,SUPPORT,LEJNDT3JCWRIUDS,9.52
Andrea,Mooney,WY10961,1121731,BRYTON SYSTEMS,12,NA,ORBIT,SUPPORT,NO_TS_NA,90.48
Ashley,Martinez,TR43723,3697137,ALCOR SYSTEMS,12,APAC OCEANIA,ORBIT,RPS,M1XLTX166ZJ8GHP,9.52
Ashley,Martinez,TR43723,3697137,ALCOR SYSTEMS,12,APAC,ORBIT,RPS,NO_TS_APAC,90.48
Manuel,Johnson,ZT97055,9189263,BRYTON DYNAMICS,12,MEA OCEANIA,PHOENIX,REGIE,5HGM4NYNEGV33YE,9.52
Manuel,Johnson,ZT97055,9189263,BRYTON DYNAMICS,12,MEA,PHOENIX,REGIE,NO_TS_MEA,90.48
Alison,Mitchell,SF34622,8997359,JALVIK DIGITAL,12,CONT ASIA,NOVA,REGIE,EYY2SSDFIWG2R74,9.82
Alison,Mitchell,SF34622,8997359,JALVIK DIGITAL,12,NA,NOVA,REGIE,NO_TS_NA,90.18
Caleb,Gonzalez,CW70997,9394670,CENVEO TECH,12,APAC OCEANIA,ATLAS,MAINTENANCE,O0DKZGSVQM5F95V,11.31
Pamela,Lindsey,AL93276,1819759,BRYTON TECH,12,CONT AFRICA,ORBIT,SUPPORT,2B7C1VH9ZCEPTKO,9.52
Pamela,Lindsey,AL93276,1819759,BRYTON TECH,12,CONT,ORBIT,SUPPORT,NO_TS_CONT,90.48
Randall,Aguilar,LG41520,6330324,BRYTON GROUP,12,MEA AMERICA,ATLAS,REGIE,JYY24WDGISM4RBF,9.52
Randall,Aguilar,LG41520,6330324,BRYTON GROUP,12,APAC,ATLAS,REGIE,NO_TS_APAC,90.48
Karl,Yates,LX71813,8527216,LUMEX SOLUTIONS,12,MEA MENA,NOVA,SUPPORT,5QPG5Y72YIV23FA,9.52
Karl,Yates,LX71813,8527216,LUMEX SOLUTIONS,12,NA,NOVA,SUPPORT,NO_TS_NA,90.48
Jasmine,Fisher,GK39960,9230632,GOLZEN TECH,12,APAC AFRICA,QUANTUM,SUPPORT,D4YN8O1IFJ11EOX,7.74
Jasmine,Fisher,GK39960,9230632,GOLZEN TECH,12,CONT,QUANTUM,SUPPORT,NO_TS_CONT,92.26
Catherine,Smith,RB19750,9717363,HYRION SOLUTIONS,12,LATAM EUROPE,PULSE,SUPPORT,92BB9N00QAQT3XA,11.9
Catherine,Smith,RB19750,9717363,HYRION SOLUTIONS,12,LATAM,PULSE,SUPPORT,NO_TS_LATAM,88.1
Chase,Acevedo,DO84339,7791529,FORVEX TECH,12,APAC OCEANIA,QUANTUM,REGIE,BRT3EST148N1TIC,8.63
Dennis,Mendez,GV06516,1444923,JALVIK TECH,12,MEA MENA,VERTEX,MAINTENANCE,FX65MWBEGYM3HF6,12.5
Dennis,Mendez,GV06516,1444923,JALVIK TECH,12,EMEA,VERTEX,MAINTENANCE,NO_TS_EMEA,87.5
Amy,Hatfield,ST67572,8698955,CENVEO DYNAMICS,12,LATAM EUROPE,VERTEX,SUPPORT,3WOFLKU3PG7X77F,9.52
Amy,Hatfield,ST67572,8698955,CENVEO DYNAMICS,12,LATAM,VERTEX,SUPPORT,NO_TS_LATAM,90.48
Donald,Turner,UZ12443,9510639,ETHOS DIGITAL,12,APAC AMERICA,PHOENIX,REGIE,TQB7T3W54M2H7C2,9.52
Donald,Turner,UZ12443,9510639,ETHOS DIGITAL,12,MEA,PHOENIX,REGIE,NO_TS_MEA,90.48
George,Gomez,YI79252,8599079,LUMEX DIGITAL,12,EMEA OCEANIA,NOVA,REGIE,C3OW76OW98H11KV,11.9
George,Gomez,YI79252,8599079,LUMEX DIGITAL,12,LATAM,NOVA,REGIE,NO_TS_LATAM,88.1
Charlene,Trujillo,ZE49101,3932238,FORVEX SOLUTIONS,12,NA ASIA,PHOENIX,FORFAIT,PJ86M78QXAAD3BN,10.42
Sherry,Wood,KS32029,4814979,KESTRA CONSULTING,12,NA ASIA,QUANTUM,MAINTENANCE,TTASK4669R3INJ6,9.52
Sherry,Wood,KS32029,4814979,KESTRA CONSULTING,12,MEA,QUANTUM,MAINTENANCE,NO_TS_MEA,90.48
Courtney,Mason,IU80750,2733498,GOLZEN SYSTEMS,12,MEA MENA,NOVA,MAINTENANCE,057XYKUQ2MAOF4F,8.78
Karen,Perry,AN33883,1437565,JALVIK VENTURES,12,APAC EUROPE,PHOENIX,MAINTENANCE,I465R54ATVF27FK,10.71
Karen,Perry,AN33883,1437565,JALVIK VENTURES,12,EMEA,PHOENIX,MAINTENANCE,NO_TS_EMEA,89.29
Laura,Moore,NA78737,5282527,CENVEO GLOBAL,12,CONT ASIA,VERTEX,RPS,HCQ0024DCJY4N95,10.12
Laura,Moore,NA78737,5282527,CENVEO GLOBAL,12,LATAM,VERTEX,RPS,NO_TS_LATAM,89.88
Sabrina,Hicks,PA84270,3704476,FORVEX TECH,12,MEA AMERICA,QUANTUM,REGIE,14X2DBXDNPTYJW8,14.29
Sabrina,Hicks,PA84270,3704476,FORVEX TECH,12,CONT,QUANTUM,REGIE,NO_TS_CONT,85.71
Richard,Brennan,ZM19357,5616522,DELVO TECH,12,EMEA EUROPE,NEXUS,MAINTENANCE,24DU1WPD2K4U6R4,10.71
Colton,Wang,OI22390,3901543,LUMEX CONSULTING,12,EMEA EUROPE,QUANTUM,FORFAIT,5HFUM20YTE9M1AS,7.74
Colton,Wang,OI22390,3901543,LUMEX CONSULTING,12,MEA,QUANTUM,FORFAIT,NO_TS_MEA,92.26
Daniel,Thornton,KN89438,5691936,HYRION GLOBAL,12,EMEA EUROPE,NOVA,SUPPORT,844ESZAHBBA86IY,11.9
Daniel,Thornton,KN89438,5691936,HYRION GLOBAL,12,LATAM,NOVA,SUPPORT,NO_TS_LATAM,88.1
Patricia,Rose,LU79257,9566660,GOLZEN SOLUTIONS,12,NA MENA,STELLAR,RPS,SFHR2GR5X98QXOV,14.29
Patricia,Rose,LU79257,9566660,GOLZEN SOLUTIONS,12,APAC,STELLAR,RPS,NO_TS_APAC,85.71
Frank,Massey,ZD84130,4903734,ALCOR GROUP,12,EMEA EUROPE,ATLAS,MAINTENANCE,3FYY24MLD7501YW,9.52
Frank,Massey,ZD84130,4903734,ALCOR GROUP,12,APAC,ATLAS,MAINTENANCE,NO_TS_APAC,90.48
Michelle,Hernandez,CX04210,4763144,FORVEX GROUP,12,MEA AFRICA,STELLAR,FORFAIT,XA38A527H0SOS6X,11.9
Michelle,Hernandez,CX04210,4763144,FORVEX GROUP,12,CONT,STELLAR,FORFAIT,NO_TS_CONT,88.1
Michelle,Nichols,IS51557,8094990,ALCOR TECH,12,APAC ASIA,NOVA,SUPPORT,HXYU7WLF4VENOAU,8.33
Peter,Atkins,VB97624,1958189,INOVA TECH,12,LATAM OCEANIA,ATLAS,RPS,G366416LRPLLPMV,10.71
Katherine,Chung,SR27632,6767947,KESTRA SOLUTIONS,12,APAC MENA,NOVA,RPS,9M7CG60JHDZT3RH,7.74
Katherine,Chung,SR27632,6767947,KESTRA SOLUTIONS,12,LATAM,NOVA,RPS,NO_TS_LATAM,92.26
Jeffrey,Mueller,JW12908,8348977,ETHOS CONSULTING,12,EMEA OCEANIA,QUANTUM,REGIE,KPGQMBBVNWNEK1L,9.52
Adrienne,Estrada,OY49651,3639278,BRYTON TECH,12,CONT AFRICA,PULSE,MAINTENANCE,CIHXWQGZD5WWLXK,9.52
Adrienne,Estrada,OY49651,3639278,BRYTON TECH,12,MEA,PULSE,MAINTENANCE,NO_TS_MEA,90.48
Carolyn,Duran,FS91229,1544806,DELVO DYNAMICS,12,CONT OCEANIA,STELLAR,MAINTENANCE,LCX5IHDP01VEAZQ,11.9
Bryan,Henry,BX37906,4061823,KESTRA GLOBAL,12,APAC MENA,PHOENIX,MAINTENANCE,Z45U6YG8NLH4XUD,9.38
Bryan,Henry,BX37906,4061823,KESTRA GLOBAL,12,APAC,PHOENIX,MAINTENANCE,NO_TS_APAC,90.63
Katherine,Dillon,CM92468,3619546,JALVIK GROUP,12,EMEA EUROPE,PHOENIX,REGIE,W1KGHNM9BK55BL8,14.29
Katherine,Dillon,CM92468,3619546,JALVIK GROUP,12,EMEA,PHOENIX,REGIE,NO_TS_EMEA,85.71
James,Adams,YY99112,7371391,ALCOR TECH,12,LATAM EUROPE,NOVA,FORFAIT,LNEQ4VU5B9A9S24,11.9
Jamie,Perez,LL14281,7623949,CENVEO SOLUTIONS,12,MEA AMERICA,STELLAR,MAINTENANCE,XVUWR8JFEFJV74J,9.62
Jamie,Perez,LL14281,7623949,CENVEO SOLUTIONS,12,EMEA,STELLAR,MAINTENANCE,NO_TS_EMEA,90.38
David,Blackwell,WE72044,7751569,FORVEX DIGITAL,12,CONT AFRICA,ATLAS,REGIE,WLO5IDOHH1631I3,15.0
Jennifer,Richards,OM56698,5515938,BRYTON TECH,12,CONT AMERICA,NOVA,SUPPORT,N1QL19K9SK54JFY,7.44
Jennifer,Richards,OM56698,5515938,BRYTON TECH,12,NA,NOVA,SUPPORT,NO_TS_NA,92.56
Tina,Fuller,YV64776,2612266,KESTRA GLOBAL,12,LATAM EUROPE,ATLAS,REGIE,YX3LP1KSKSJICQ6,8.93
Sarah,Adams,BQ00002,3879787,ALCOR SYSTEMS,12,LATAM AMERICA,STELLAR,MAINTENANCE,A5XMRW4R6JFV8P5,5.65
Leslie,Mcdaniel,OL31790,6298665,CENVEO SOLUTIONS,12,LATAM AMERICA,ORBIT,SUPPORT,ELA3X3153X9P6AR,9.82
Leslie,Mcdaniel,OL31790,6298665,CENVEO SOLUTIONS,12,LATAM,ORBIT,SUPPORT,NO_TS_LATAM,90.18
Vanessa,Cherry,BP45309,3944258,HYRION SOLUTIONS,12,APAC AMERICA,PULSE,MAINTENANCE,CJ02ZCXW2IF5BEJ,9.52
Vanessa,Cherry,BP45309,3944258,HYRION SOLUTIONS,12,NA,PULSE,MAINTENANCE,NO_TS_NA,90.48
Scott,Robinson,OZ26362,6108687,GOLZEN GLOBAL,12,EMEA AMERICA,NOVA,SUPPORT,GNIGA9DOZ1EMN4T,10.71
Scott,Robinson,OZ26362,6108687,GOLZEN GLOBAL,12,NA,NOVA,SUPPORT,NO_TS_NA,89.29
Ann,Gonzales,BM10947,9396680,DELVO TECH,12,NA EUROPE,STELLAR,REGIE,7NZER5MV5CFWQJQ,14.29
Benjamin,Thompson,BF75257,7797226,FORVEX DIGITAL,12,CONT MENA,PHOENIX,RPS,EJLIW3LW8TBI2WY,10.0
Joyce,Dickerson,JJ01663,6268380,GOLZEN DIGITAL,12,MEA EUROPE,ATLAS,MAINTENANCE,C046DXGQ5LY6GTL,8.33
Joyce,Dickerson,JJ01663,6268380,GOLZEN DIGITAL,12,APAC,ATLAS,MAINTENANCE,NO_TS_APAC,91.67
Alexander,Cannon,UU93555,9882056,INOVA SOLUTIONS,12,MEA MENA,NOVA,SUPPORT,6B6S23UJ4KX2OE9,8.33
Alexander,Cannon,UU93555,9882056,INOVA SOLUTIONS,12,MEA,NOVA,SUPPORT,NO_TS_MEA,91.67
Veronica,Wilson,GB52472,3784964,ETHOS SYSTEMS,12,NA AMERICA,NOVA,SUPPORT,ML0QB2O8IUNRCQ7,10.71
Nicole,Stone,SR58769,5774852,INOVA DIGITAL,12,CONT OCEANIA,STELLAR,MAINTENANCE,4KZXVD5501DN53N,9.52
Nicole,Stone,SR58769,5774852,INOVA DIGITAL,12,EMEA,STELLAR,MAINTENANCE,NO_TS_EMEA,90.48
Brandon,Moore,YS94562,5807638,HYRION VENTURES,12,APAC MENA,NEXUS,SUPPORT,DLEK1CX4BB2ZY66,13.69
Desiree,Harris,UT64161,5118596,ALCOR SOLUTIONS,12,MEA AFRICA,STELLAR,SUPPORT,QK5W107O7FP85BV,9.52
Desiree,Harris,UT64161,5118596,ALCOR SOLUTIONS,12,NA,STELLAR,SUPPORT,NO_TS_NA,90.48
Gloria,Clark,QI48423,2371597,ETHOS DYNAMICS,12,LATAM ASIA,NEXUS,REGIE,TC4K0MQIEA01ZZZ,8.63
Gloria,Clark,QI48423,2371597,ETHOS DYNAMICS,12,APAC,NEXUS,REGIE,NO_TS_APAC,91.37
Christopher,Williams,LL53874,4432810,INOVA CONSULTING,12,EMEA ASIA,PULSE,MAINTENANCE,VQT02JIM8V8RMRX,13.1
Christopher,Williams,LL53874,4432810,INOVA CONSULTING,12,NA,PULSE,MAINTENANCE,NO_TS_NA,86.9
William,Fuller,QJ19265,1205461,FORVEX TECH,12,NA ASIA,NEXUS,REGIE,BVEURHBGXA628NB,10.71
William,Fuller,QJ19265,1205461,FORVEX TECH,12,EMEA,NEXUS,REGIE,NO_TS_EMEA,89.29
Anne,Patel,WI68024,4807557,CENVEO SOLUTIONS,12,LATAM AFRICA,ORBIT,MAINTENANCE,B9WXR35W3MRKD90,9.52
Anne,Patel,WI68024,4807557,CENVEO SOLUTIONS,12,MEA,ORBIT,MAINTENANCE,NO_TS_MEA,90.48
Thomas,Brewer,ZS13999,7859298,KESTRA DYNAMICS,12,MEA OCEANIA,PULSE,MAINTENANCE,7D9YBPIRGWZVNJX,9.52
Thomas,Brewer,ZS13999,7859298,KESTRA DYNAMICS,12,APAC,PULSE,MAINTENANCE,NO_TS_APAC,90.48
Teresa,Stevens,AP09148,6677841,DELVO VENTURES,12,CONT MENA,NOVA,REGIE,8JS91S6U4FXRH29,8.93
Teresa,Stevens,AP09148,6677841,DELVO VENTURES,12,APAC,NOVA,REGIE,NO_TS_APAC,91.07
James,Hale,LC34221,2050527,BRYTON GROUP,12,APAC AFRICA,ATLAS,RPS,HVX78U587TE583V,11.9
James,Hale,LC34221,2050527,BRYTON GROUP,12,MEA,ATLAS,RPS,NO_TS_MEA,88.1
Tamara,Roberts,YX92205,7134957,ALCOR DIGITAL,12,LATAM ASIA,NEXUS,SUPPORT,DA17Z8MJ7MI77XS,7.74
Tamara,Roberts,YX92205,7134957,ALCOR DIGITAL,12,LATAM,NEXUS,SUPPORT,NO_TS_LATAM,92.26
Melanie,Robinson,FE01768,9398364,LUMEX CONSULTING,12,MEA AMERICA,PHOENIX,FORFAIT,HY785H971TS3KX3,9.52
Melanie,Robinson,FE01768,9398364,LUMEX CONSULTING,12,EMEA,PHOENIX,FORFAIT,NO_TS_EMEA,90.48
Abigail,Adams,RO06346,7749179,BRYTON GROUP,12,EMEA OCEANIA,ATLAS,FORFAIT,7CWEB7EWHPLY0E1,6.7
Abigail,Adams,RO06346,7749179,BRYTON GROUP,12,APAC,ATLAS,FORFAIT,NO_TS_APAC,93.3
Jennifer,Sheppard,GK80169,4012747,CENVEO TECH,12,CONT EUROPE,VERTEX,FORFAIT,GRGZXFQ0BNFC9Z6,10.12
Jennifer,Sheppard,GK80169,4012747,CENVEO TECH,12,APAC,VERTEX,FORFAIT,NO_TS_APAC,89.88
Matthew,Richardson,BD87015,3524537,HYRION CONSULTING,12,MEA MENA,PHOENIX,FORFAIT,SL1TOO9P4DAQ9BV,9.52
Anne,Pugh,WT55538,3127731,HYRION DIGITAL,12,EMEA AFRICA,ATLAS,REGIE,D5KVZMO88KCDTW1,12.5
Anne,Pugh,WT55538,3127731,HYRION DIGITAL,12,CONT,ATLAS,REGIE,NO_TS_CONT,87.5
Mary,Rivera,UY10631,1533008,LUMEX SOLUTIONS,12,NA AMERICA,ORBIT,MAINTENANCE,WPGBC0TP8YRZAYO,7.89
Mary,Rivera,UY10631,1533008,LUMEX SOLUTIONS,12,EMEA,ORBIT,MAINTENANCE,NO_TS_EMEA,92.11
Nicholas,Taylor,EF95267,8611525,FORVEX VENTURES,12,APAC OCEANIA,NEXUS,MAINTENANCE,AQ49V6QOSYM014S,38.28
Lori,Shields,RI66283,2727697,ALCOR GROUP,12,NA ASIA,ORBIT,REGIE,CUQRW7TTC12MRHR,10.69
Lori,Shields,RI66283,2727697,ALCOR GROUP,12,LATAM,ORBIT,REGIE,NO_TS_LATAM,89.31
Samantha,Padilla,FR42883,8161751,KESTRA DYNAMICS,12,NA OCEANIA,QUANTUM,REGIE,NEWB09U7TKYK8L2,11.9
Derek,Jones,YM64351,8523069,BRYTON SYSTEMS,12,NA OCEANIA,ATLAS,MAINTENANCE,Y0SQBPRJOK7QV3R,11.9
Derek,Jones,YM64351,8523069,BRYTON SYSTEMS,12,APAC,ATLAS,MAINTENANCE,NO_TS_APAC,88.1
Daniel,Hall,NG29511,9090259,HYRION DYNAMICS,12,CONT EUROPE,STELLAR,REGIE,MNAY5W5CNIYZD6O,9.52
Cynthia,Adams,VV86653,7894641,KESTRA SYSTEMS,12,EMEA AMERICA,VERTEX,REGIE,V2P6ELRY2DPVSN2,12.5
Cynthia,Adams,VV86653,7894641,KESTRA SYSTEMS,12,APAC,VERTEX,REGIE,NO_TS_APAC,87.5
Colin,Wu,BE63904,5902044,INOVA VENTURES,12,MEA ASIA,STELLAR,RPS,7DHKYPJMJOKAY3V,7.44
Colin,Wu,BE63904,5902044,INOVA VENTURES,12,CONT,STELLAR,RPS,NO_TS_CONT,92.56
Timothy,Carson,WN09285,1715948,KESTRA SYSTEMS,12,NA EUROPE,ORBIT,SUPPORT,56C5YDI19M9C4U3,11.9
Kimberly,Jones,RF35974,9293696,DELVO DIGITAL,12,CONT AFRICA,STELLAR,REGIE,W7Y5TOP8FA1C7VU,10.42
James,Nelson,OV28290,4907979,FORVEX TECH,12,APAC OCEANIA,STELLAR,SUPPORT,RYW0RVJVPVN5UR8,11.9
Laura,Burns,DB88355,4267657,JALVIK SOLUTIONS,12,EMEA OCEANIA,STELLAR,FORFAIT,MBR14B2EYIP4FI0,9.52
Laura,Burns,DB88355,4267657,JALVIK SOLUTIONS,12,NA,STELLAR,FORFAIT,NO_TS_NA,90.48
Allison,Thompson,RK36739,4380095,GOLZEN TECH,12,MEA MENA,PULSE,FORFAIT,BBDPZ7IBN39UL4Q,8.93
Allison,Thompson,RK36739,4380095,GOLZEN TECH,12,NA,PULSE,FORFAIT,NO_TS_NA,91.07
Chad,Gordon,TC29213,4038408,CENVEO CONSULTING,12,LATAM MENA,NOVA,SUPPORT,DMRSV8QGI8ZAI0Z,10.12
Chad,Gordon,TC29213,4038408,CENVEO CONSULTING,12,EMEA,NOVA,SUPPORT,NO_TS_EMEA,89.88
Nathan,Thompson,TK78201,6536653,CENVEO TECH,12,CONT EUROPE,PULSE,REGIE,5H14KIHCPVW0WZM,7.14
Meghan,Day,SV97661,6623509,BRYTON GROUP,12,APAC ASIA,VERTEX,MAINTENANCE,AC6G9199DY55U5Z,11.9
Tamara,Roach,MM71522,3582992,BRYTON VENTURES,12,EMEA AMERICA,NEXUS,RPS,8D5ZR994P993H64,15.0
Tamara,Roach,MM71522,3582992,BRYTON VENTURES,12,MEA,NEXUS,RPS,NO_TS_MEA,85.0
Randall,Gonzales,YI56562,7876841,DELVO VENTURES,12,MEA MENA,PULSE,RPS,E40FFX35W4DUS8O,8.93
Randall,Gonzales,YI56562,7876841,DELVO VENTURES,12,LATAM,PULSE,RPS,NO_TS_LATAM,91.07
Kimberly,Hurley,HT11296,1822974,LUMEX SYSTEMS,12,LATAM OCEANIA,VERTEX,REGIE,ANBB4VBWMIDBSUO,11.9
Kimberly,Hurley,HT11296,1822974,LUMEX SYSTEMS,12,NA,VERTEX,REGIE,NO_TS_NA,88.1
Alexandra,Brooks,DY18632,3117060,ETHOS VENTURES,12,CONT ASIA,PHOENIX,FORFAIT,R20VQ3QEJXQX6XW,12.2
Gregory,Perez,ML85121,6583312,ALCOR DIGITAL,12,LATAM EUROPE,PHOENIX,REGIE,8DOS4BZ9F32607Q,9.52
Gregory,Perez,ML85121,6583312,ALCOR DIGITAL,12,APAC,PHOENIX,REGIE,NO_TS_APAC,90.48
Anna,Obrien,SH45624,3477724,BRYTON DYNAMICS,12,APAC AMERICA,STELLAR,RPS,16O35ATWNGHFENC,6.7
Anna,Obrien,SH45624,3477724,BRYTON DYNAMICS,12,EMEA,STELLAR,RPS,NO_TS_EMEA,93.3
Holly,Hines,VG13472,7517590,FORVEX GLOBAL,12,EMEA MENA,PULSE,MAINTENANCE,8CJP9IWGI5EMHKE,8.04
Taylor,Liu,VA65547,2891556,GOLZEN DIGITAL,12,EMEA OCEANIA,NEXUS,RPS,ZC97YFWMWSMTO55,7.14
Taylor,Liu,VA65547,2891556,GOLZEN DIGITAL,12,APAC,NEXUS,RPS,NO_TS_APAC,92.86
Melissa,Logan,FI30473,7251164,ETHOS DIGITAL,12,LATAM MENA,ATLAS,MAINTENANCE,XVK6TBVBWVVAE6R,8.04
Teresa,Taylor,XZ02798,4116616,ALCOR TECH,12,LATAM MENA,ORBIT,REGIE,8S0NVTX08N6GCF5,9.67
Teresa,Taylor,XZ02798,4116616,ALCOR TECH,12,APAC,ORBIT,REGIE,NO_TS_APAC,90.33
Megan,Cox,YM66969,2515717,INOVA CONSULTING,12,MEA AMERICA,ORBIT,REGIE,ETE881VYSZN0DK5,9.52
Megan,Cox,YM66969,2515717,INOVA CONSULTING,12,NA,ORBIT,REGIE,NO_TS_NA,90.48
Lauren,Harvey,FH95509,4692065,ALCOR SYSTEMS,12,NA AMERICA,PULSE,MAINTENANCE,KKGGW0V3KF21MPI,7.44
Lauren,Harvey,FH95509,4692065,ALCOR SYSTEMS,12,CONT,PULSE,MAINTENANCE,NO_TS_CONT,92.56
Amanda,Murray,LZ09723,7721043,ALCOR SOLUTIONS,12,CONT ASIA,NEXUS,REGIE,7ECKR4M2PLVYUDC,8.63
Amanda,Murray,LZ09723,7721043,ALCOR SOLUTIONS,12,LATAM,NEXUS,REGIE,NO_TS_LATAM,91.37
David,Fox,HQ59955,2659050,ETHOS SYSTEMS,12,LATAM AFRICA,VERTEX,RPS,8RP7I4YHZVOQMR3,10.12
David,Fox,HQ59955,2659050,ETHOS SYSTEMS,12,MEA,VERTEX,RPS,NO_TS_MEA,89.88
Michael,Crosby,JU40337,6047728,ETHOS DIGITAL,12,MEA MENA,STELLAR,REGIE,FYX7FKVCA9SWZ09,8.33
Michael,Crosby,JU40337,6047728,ETHOS DIGITAL,12,APAC,STELLAR,REGIE,NO_TS_APAC,91.67
Norma,Martinez,MQ07137,4165238,JALVIK SOLUTIONS,12,APAC ASIA,PULSE,SUPPORT,Y1U10IXYFE0P8XL,7.29
Melissa,Walker,JQ70828,1060332,FORVEX GLOBAL,12,EMEA EUROPE,VERTEX,SUPPORT,4QIYLLCJSV55NLD,10.12
Melissa,Walker,JQ70828,1060332,FORVEX GLOBAL,12,CONT,VERTEX,SUPPORT,NO_TS_CONT,89.88
Gerald,Martinez,XW02646,6108949,GOLZEN TECH,12,NA EUROPE,VERTEX,REGIE,GVC5P7GT03MFRMN,11.9
Gerald,Martinez,XW02646,6108949,GOLZEN TECH,12,LATAM,VERTEX,REGIE,NO_TS_LATAM,88.1
Crystal,Higgins,CB90674,4035245,LUMEX CONSULTING,12,MEA OCEANIA,PHOENIX,RPS,44N4A943GX574Y4,9.82
Crystal,Higgins,CB90674,4035245,LUMEX CONSULTING,12,CONT,PHOENIX,RPS,NO_TS_CONT,90.18
Frances,Burch,VA70043,2525517,JALVIK TECH,12,CONT ASIA,QUANTUM,REGIE,40PG6P658PN9Z7X,9.52
Sara,Jacobson,DW06297,6220158,GOLZEN CONSULTING,12,APAC EUROPE,PULSE,RPS,A7Z5IOUIMOXBCWY,12.2
Sara,Jacobson,DW06297,6220158,GOLZEN CONSULTING,12,EMEA,PULSE,RPS,NO_TS_EMEA,87.8
Richard,Browning,DD87370,7065546,INOVA GLOBAL,12,MEA AFRICA,QUANTUM,MAINTENANCE,19FSF9LTJOWHWCL,8.63
Richard,Browning,DD87370,7065546,INOVA GLOBAL,12,MEA,QUANTUM,MAINTENANCE,NO_TS_MEA,91.37
Bryan,Daniel,LV10688,6049537,INOVA TECH,12,APAC ASIA,QUANTUM,REGIE,7TJMO8A1T8CQ42O,14.88
Theodore,Williams,PI32157,3774128,GOLZEN SYSTEMS,12,LATAM AMERICA,STELLAR,FORFAIT,0CLUVU31SSJF0BN,13.69
Theodore,Williams,PI32157,3774128,GOLZEN SYSTEMS,12,MEA,STELLAR,FORFAIT,NO_TS_MEA,86.31
Matthew,Johnston,UP23422,6135615,CENVEO SOLUTIONS,12,MEA OCEANIA,VERTEX,REGIE,ZAYJMKTKQN3W5LO,16.96
Matthew,Johnston,UP23422,6135615,CENVEO SOLUTIONS,12,APAC,VERTEX,REGIE,NO_TS_APAC,83.04
Rachel,Baker,VL35276,6278086,JALVIK VENTURES,12,APAC AFRICA,ATLAS,RPS,OT0YPN2ILENB3DP,9.52
Joseph,Rivera,NW08040,1887217,GOLZEN DYNAMICS,12,NA MENA,STELLAR,FORFAIT,JGNJPEIPP6CIW21,9.52
Joseph,Rivera,NW08040,1887217,GOLZEN DYNAMICS,12,NA,STELLAR,FORFAIT,NO_TS_NA,90.48
Amber,Baldwin,LF84153,5175033,DELVO VENTURES,12,CONT ASIA,NOVA,MAINTENANCE,KT8UKMAT8O75FR3,9.67
Amber,Baldwin,LF84153,5175033,DELVO VENTURES,12,APAC,NOVA,MAINTENANCE,NO_TS_APAC,90.33
Jacob,Nguyen,MM87065,6182022,BRYTON TECH,12,APAC AFRICA,PHOENIX,MAINTENANCE,01AOGQMMDNDHXDP,9.52
Jacob,Nguyen,MM87065,6182022,BRYTON TECH,12,MEA,PHOENIX,MAINTENANCE,NO_TS_MEA,90.48
Timothy,Marshall,GS33232,7084650,GOLZEN CONSULTING,12,LATAM AMERICA,VERTEX,FORFAIT,W0HYTZ9K52Z3K8H,8.93
Timothy,Marshall,GS33232,7084650,GOLZEN CONSULTING,12,APAC,VERTEX,FORFAIT,NO_TS_APAC,91.07
Jeffrey,Solis,DU93279,8376255,INOVA SYSTEMS,12,MEA OCEANIA,NEXUS,FORFAIT,5HPV4KH7WW2FB6S,7.44
Jeffrey,Solis,DU93279,8376255,INOVA SYSTEMS,12,EMEA,NEXUS,FORFAIT,NO_TS_EMEA,92.56
Michelle,Steele,MN15961,6082180,FORVEX VENTURES,12,NA AFRICA,STELLAR,FORFAIT,GFCUAAAGBVYQ2UY,6.25
Michelle,Steele,MN15961,6082180,FORVEX VENTURES,12,MEA,STELLAR,FORFAIT,NO_TS_MEA,93.75
Michael,Carroll,AI00634,9002960,FORVEX DIGITAL,12,LATAM EUROPE,ORBIT,SUPPORT,6K7XGH7IICBHKX6,9.52
Michael,Carroll,AI00634,9002960,FORVEX DIGITAL,12,NA,ORBIT,SUPPORT,NO_TS_NA,90.48
Matthew,Lane,FF85949,4505023,HYRION DYNAMICS,12,EMEA ASIA,STELLAR,MAINTENANCE,BR229I74EJ9PS4M,9.52
Matthew,Lane,FF85949,4505023,HYRION DYNAMICS,12,EMEA,STELLAR,MAINTENANCE,NO_TS_EMEA,90.48
Kristine,Graves,HT30331,3685540,KESTRA CONSULTING,12,LATAM MENA,PULSE,RPS,5SVWBENNMEFHKN5,10.57
Kristine,Graves,HT30331,3685540,KESTRA CONSULTING,12,APAC,PULSE,RPS,NO_TS_APAC,89.43
Cheryl,Jackson,AJ03845,8300289,INOVA CONSULTING,12,CONT MENA,ATLAS,REGIE,L7N3HZB0M6ZOG9J,8.04
Randy,Benson,RM11896,7202808,LUMEX DIGITAL,12,CONT EUROPE,PHOENIX,RPS,MUAENWKAX36PP5G,9.82
Randy,Benson,RM11896,7202808,LUMEX DIGITAL,12,CONT,PHOENIX,RPS,NO_TS_CONT,90.18
Caleb,Hamilton,KY49693,1112473,LUMEX DYNAMICS,12,LATAM ASIA,ORBIT,REGIE,AM77G4OSKZIFPT7,10.71
Lisa,Mcknight,ID53153,6984679,FORVEX VENTURES,12,MEA AMERICA,NEXUS,FORFAIT,E5N5M3MHJXHVGIY,8.04
Lisa,Mcknight,ID53153,6984679,FORVEX VENTURES,12,CONT,NEXUS,FORFAIT,NO_TS_CONT,91.96
Nicole,Sweeney,KV61368,6293693,HYRION DIGITAL,12,NA AMERICA,ORBIT,RPS,LRRTX6U4XLAEGEY,9.52
Elizabeth,Webb,XO85919,2351838,HYRION CONSULTING,12,EMEA AMERICA,PULSE,SUPPORT,VBNHEA3O266IIFP,8.33
Ronald,King,MU36659,2610387,HYRION GROUP,12,NA ASIA,ORBIT,MAINTENANCE,F2T2JYUE9OH5Q3F,5.95
Ronald,King,MU36659,2610387,HYRION GROUP,12,NA,ORBIT,MAINTENANCE,NO_TS_NA,94.05
Christopher,Thomas,QS51918,6237264,FORVEX CONSULTING,12,EMEA AMERICA,ATLAS,REGIE,6HI7E3PL2OEYCJ9,13.39
Christopher,Thomas,QS51918,6237264,FORVEX CONSULTING,12,APAC,ATLAS,REGIE,NO_TS_APAC,86.61
Deanna,Wiley,CY81428,3203396,JALVIK CONSULTING,12,CONT EUROPE,QUANTUM,REGIE,8YFANQ1KHHYS5RL,8.33
Michelle,Espinoza,ZX51752,8714650,ALCOR CONSULTING,12,LATAM AFRICA,STELLAR,MAINTENANCE,7PN5BQTM0MTY3SJ,5.51
Michelle,Espinoza,ZX51752,8714650,ALCOR CONSULTING,12,MEA,STELLAR,MAINTENANCE,NO_TS_MEA,94.49
Blake,Pruitt,JI27219,1783255,HYRION SYSTEMS,12,EMEA MENA,NEXUS,MAINTENANCE,4FPEBTH46J6J84K,7.29
Elizabeth,Thomas,WR48135,4020864,ALCOR CONSULTING,12,LATAM ASIA,PULSE,FORFAIT,V1JFPP4X6CW2YWO,7.44
Elizabeth,Thomas,WR48135,4020864,ALCOR CONSULTING,12,EMEA,PULSE,FORFAIT,NO_TS_EMEA,92.56
Joyce,Murray,QV47890,1583772,JALVIK GLOBAL,12,LATAM OCEANIA,PHOENIX,MAINTENANCE,T7FM8173ZMNY9LU,14.29
Joyce,Murray,QV47890,1583772,JALVIK GLOBAL,12,EMEA,PHOENIX,MAINTENANCE,NO_TS_EMEA,85.71
Dana,Cox,XP02897,7691231,INOVA VENTURES,12,MEA OCEANIA,ORBIT,MAINTENANCE,WLC7FUN53EBW9A8,11.9
Dana,Cox,XP02897,7691231,INOVA VENTURES,12,LATAM,ORBIT,MAINTENANCE,NO_TS_LATAM,88.1
Katelyn,Smith,RL98373,7922387,HYRION DYNAMICS,12,APAC EUROPE,QUANTUM,RPS,BYST00KSAGMAHHO,7.44
Katelyn,Smith,RL98373,7922387,HYRION DYNAMICS,12,EMEA,QUANTUM,RPS,NO_TS_EMEA,92.56
Michael,Grimes,ME91984,9094933,GOLZEN GLOBAL,12,CONT AFRICA,PHOENIX,MAINTENANCE,F45ZOA1TQFS51Y4,7.14
Michael,Grimes,ME91984,9094933,GOLZEN GLOBAL,12,APAC,PHOENIX,MAINTENANCE,NO_TS_APAC,92.86
John,Gomez,KR48126,9543721,GOLZEN CONSULTING,12,EMEA MENA,VERTEX,RPS,1JDWG766LP1WC40,14.29
John,Gomez,KR48126,9543721,GOLZEN CONSULTING,12,CONT,VERTEX,RPS,NO_TS_CONT,85.71
Laura,Cole,EO58890,9639384,DELVO SYSTEMS,12,APAC MENA,STELLAR,RPS,YJT2CR4583LOC8U,9.52
Laura,Cole,EO58890,9639384,DELVO SYSTEMS,12,CONT,STELLAR,RPS,NO_TS_CONT,90.48
Joy,Chen,AU81665,5904643,ETHOS CONSULTING,12,MEA EUROPE,VERTEX,MAINTENANCE,4OHLWVZZKG01E9T,9.52
Tim,Glass,QR89552,2945848,KESTRA TECH,12,MEA ASIA,PULSE,RPS,WTIZNPTDEWTA2SN,7.74
Tim,Glass,QR89552,2945848,KESTRA TECH,12,EMEA,PULSE,RPS,NO_TS_EMEA,92.26
Suzanne,Wood,SL90486,2147011,ETHOS GROUP,12,LATAM AMERICA,PHOENIX,FORFAIT,4D8FD5TWYY9RGFI,10.12
Suzanne,Wood,SL90486,2147011,ETHOS GROUP,12,CONT,PHOENIX,FORFAIT,NO_TS_CONT,89.88
Stacy,Hunt,YM91850,1255707,ETHOS GROUP,12,CONT OCEANIA,ORBIT,SUPPORT,SR793D9S6B9Y4ZD,10.71
Stacy,Hunt,YM91850,1255707,ETHOS GROUP,12,LATAM,ORBIT,SUPPORT,NO_TS_LATAM,89.29
Megan,Poole,IJ17959,1772238,INOVA CONSULTING,12,EMEA AFRICA,STELLAR,REGIE,KPB6HGFFL2E9PZ5,8.33
Megan,Poole,IJ17959,1772238,INOVA CONSULTING,12,NA,STELLAR,REGIE,NO_TS_NA,91.67
Marc,Clark,QO61914,5047137,ETHOS VENTURES,12,LATAM OCEANIA,ATLAS,REGIE,VWI1W21KLJDKQNO,10.86
Marc,Clark,QO61914,5047137,ETHOS VENTURES,12,MEA,ATLAS,REGIE,NO_TS_MEA,89.14
Gregory,Clayton,IL14748,7821177,HYRION CONSULTING,12,MEA AMERICA,NEXUS,SUPPORT,N944NX4X7RGI629,7.59
Gregory,Clayton,IL14748,7821177,HYRION CONSULTING,12,APAC,NEXUS,SUPPORT,NO_TS_APAC,92.41
Mary,Griffin,HP42104,6497280,LUMEX SYSTEMS,12,LATAM EUROPE,PHOENIX,RPS,DYB1SR1RXYE4VS4,11.9
Mary,Griffin,HP42104,6497280,LUMEX SYSTEMS,12,MEA,PHOENIX,RPS,NO_TS_MEA,88.1
Roger,Robinson,CA20644,1474738,JALVIK DYNAMICS,12,LATAM MENA,ORBIT,FORFAIT,ZUX8OPE1OSWNKNW,8.18
Derrick,Vega,HB33227,1612237,LUMEX CONSULTING,12,EMEA AMERICA,QUANTUM,FORFAIT,901RL5YWPSKYUHX,9.52
Stacey,Carney,NM04689,5179694,ALCOR GROUP,12,APAC AMERICA,PULSE,REGIE,94V566FGSVVEEN4,7.74
Stacey,Carney,NM04689,5179694,ALCOR GROUP,12,APAC,PULSE,REGIE,NO_TS_APAC,92.26
Melissa,Johnson,WD27297,1941851,KESTRA DYNAMICS,12,MEA OCEANIA,NOVA,MAINTENANCE,CR8SFV63TZXXCEB,9.52
Melissa,Johnson,WD27297,1941851,KESTRA DYNAMICS,12,CONT,NOVA,MAINTENANCE,NO_TS_CONT,90.48
Denise,Alvarez,WJ22069,1937045,INOVA CONSULTING,12,APAC EUROPE,NEXUS,FORFAIT,34I1JG34TYBUIPX,8.33
Denise,Alvarez,WJ22069,1937045,INOVA CONSULTING,12,MEA,NEXUS,FORFAIT,NO_TS_MEA,91.67
Sherry,Perez,BK76056,1770835,KESTRA SOLUTIONS,12,MEA EUROPE,PHOENIX,MAINTENANCE,F0LOOGGHMSHVSX7,7.59
Sherry,Perez,BK76056,1770835,KESTRA SOLUTIONS,12,LATAM,PHOENIX,MAINTENANCE,NO_TS_LATAM,92.41
Kevin,Long,BO07698,1243860,CENVEO GROUP,12,CONT AFRICA,PHOENIX,FORFAIT,ZAQQ0N14OY2O9KZ,6.85
Kevin,Long,BO07698,1243860,CENVEO GROUP,12,NA,PHOENIX,FORFAIT,NO_TS_NA,93.15
Jesse,Graham,ZE82621,6100848,KESTRA VENTURES,12,APAC ASIA,STELLAR,RPS,F9MD5DG6YDZ15WG,11.9
Jesse,Graham,ZE82621,6100848,KESTRA VENTURES,12,MEA,STELLAR,RPS,NO_TS_MEA,88.1
Jill,King,VJ19240,3984481,ETHOS SOLUTIONS,12,MEA OCEANIA,PHOENIX,REGIE,77YSGL07KAITWGV,9.52
Jill,King,VJ19240,3984481,ETHOS SOLUTIONS,12,MEA,PHOENIX,REGIE,NO_TS_MEA,90.48
Paul,Robinson,LY76034,8927224,DELVO TECH,12,LATAM AMERICA,VERTEX,FORFAIT,VJRD3V3WR2Q74WA,11.9
Paul,Robinson,LY76034,8927224,DELVO TECH,12,EMEA,VERTEX,FORFAIT,NO_TS_EMEA,88.1
Jason,Hudson,SO13408,4372859,KESTRA SYSTEMS,12,MEA OCEANIA,ATLAS,REGIE,OUPG98DXENO4F63,9.52
Jason,Hudson,SO13408,4372859,KESTRA SYSTEMS,12,MEA,ATLAS,REGIE,NO_TS_MEA,90.48
Andre,Johnson,UE18017,5816649,FORVEX SYSTEMS,12,APAC MENA,PHOENIX,MAINTENANCE,F0UOA9TJHV3SS6D,9.38
Justin,Mathews,RP08250,5634174,CENVEO CONSULTING,12,CONT MENA,STELLAR,FORFAIT,8J7763JK6C0QF8R,11.9
Justin,Mathews,RP08250,5634174,CENVEO CONSULTING,12,CONT,STELLAR,FORFAIT,NO_TS_CONT,88.1
Natalie,Moore,MU22052,1073403,ALCOR GROUP,12,LATAM AFRICA,NOVA,MAINTENANCE,SC1ERFJWZW74RCE,9.52
Natalie,Moore,MU22052,1073403,ALCOR GROUP,12,MEA,NOVA,MAINTENANCE,NO_TS_MEA,90.48
Savannah,Alexander,CL04564,1698118,LUMEX SYSTEMS,12,CONT AFRICA,PHOENIX,MAINTENANCE,TSNRHKVSGYM82C3,6.51
Savannah,Alexander,CL04564,1698118,LUMEX SYSTEMS,12,MEA,PHOENIX,MAINTENANCE,NO_TS_MEA,93.49
Raymond,Roberts,FU10465,8458212,GOLZEN TECH,12,CONT MENA,ORBIT,MAINTENANCE,FOLX1D2XK5KFIQP,11.9
Raymond,Roberts,FU10465,8458212,GOLZEN TECH,12,CONT,ORBIT,MAINTENANCE,NO_TS_CONT,88.1
Amanda,Nolan,EC59605,7201723,INOVA DIGITAL,12,APAC ASIA,ORBIT,RPS,JNOT3SQASRU8BCM,11.9
Amanda,Nolan,EC59605,7201723,INOVA DIGITAL,12,NA,ORBIT,RPS,NO_TS_NA,88.1
Isaiah,Stephens,UD85171,9009704,CENVEO GROUP,12,NA AFRICA,ATLAS,REGIE,9NL92PGERACF99G,12.5
Isaiah,Stephens,UD85171,9009704,CENVEO GROUP,12,MEA,ATLAS,REGIE,NO_TS_MEA,87.5
Hannah,Carter,AR26006,2219110,GOLZEN GROUP,12,NA EUROPE,QUANTUM,FORFAIT,2HA2EVQLBTTW8FL,11.25
James,Higgins,DZ75789,6156384,LUMEX VENTURES,12,EMEA AFRICA,PHOENIX,SUPPORT,VQKEZHLY5IF5Z06,9.52
John,Ryan,HT54373,6480005,BRYTON SYSTEMS,12,CONT OCEANIA,PULSE,SUPPORT,WD3AAD4USBZYFJP,9.97
John,Ryan,HT54373,6480005,BRYTON SYSTEMS,12,APAC,PULSE,SUPPORT,NO_TS_APAC,90.03
Lisa,Martin,WW07104,6890035,GOLZEN GLOBAL,12,MEA ASIA,PHOENIX,MAINTENANCE,DHI1QBFUWAF3475,11.9
Kelly,Parks,NX50567,1958029,ALCOR SOLUTIONS,12,NA AFRICA,PHOENIX,REGIE,6ZS9EB5BBPJ6PZA,11.01
Seth,Matthews,RW46720,6375262,BRYTON VENTURES,12,APAC ASIA,NOVA,MAINTENANCE,W5BFQACY2OMRYPG,14.29
Seth,Matthews,RW46720,6375262,BRYTON VENTURES,12,MEA,NOVA,MAINTENANCE,NO_TS_MEA,85.71
Carolyn,Larson,JD62941,6497965,HYRION CONSULTING,12,NA ASIA,ATLAS,REGIE,63C46329ERVE5KD,8.33
Carolyn,Larson,JD62941,6497965,HYRION CONSULTING,12,CONT,ATLAS,REGIE,NO_TS_CONT,91.67
John,Wheeler,AA25919,9158158,INOVA DYNAMICS,12,NA AMERICA,VERTEX,FORFAIT,XWQ9SFASVKJ0GMR,9.82
Brandon,Mendoza,LB98111,5159918,INOVA DIGITAL,12,CONT ASIA,PULSE,REGIE,RYL3V8VYB1JABCB,10.71
Brandon,Mendoza,LB98111,5159918,INOVA DIGITAL,12,EMEA,PULSE,REGIE,NO_TS_EMEA,89.29
Robert,Meyer,RH87504,7060141,HYRION SYSTEMS,12,EMEA AFRICA,QUANTUM,RPS,3MEVDN81H68A0R4,11.01
Robert,Meyer,RH87504,7060141,HYRION SYSTEMS,12,NA,QUANTUM,RPS,NO_TS_NA,88.99
Ian,Brewer,TZ04941,1753138,GOLZEN GLOBAL,12,LATAM OCEANIA,PHOENIX,FORFAIT,9FMK8C2W3I2U3PQ,11.9
Ian,Brewer,TZ04941,1753138,GOLZEN GLOBAL,12,EMEA,PHOENIX,FORFAIT,NO_TS_EMEA,88.1
Daisy,Hurley,KS77230,5354798,INOVA DYNAMICS,12,NA AMERICA,STELLAR,RPS,E9E2Y3X54CVCJNB,9.52
Daisy,Hurley,KS77230,5354798,INOVA DYNAMICS,12,MEA,STELLAR,RPS,NO_TS_MEA,90.48
Aaron,Parker,MO41583,8121544,ALCOR GLOBAL,12,EMEA AMERICA,VERTEX,FORFAIT,37GJDS8B7SEDXNU,10.71
Jonathan,Delgado,VH95553,4266687,CENVEO DYNAMICS,12,MEA MENA,ATLAS,REGIE,PPZHLKML4JUAHOJ,9.52
Mary,Bates,WJ36694,5579762,ALCOR VENTURES,12,EMEA ASIA,PULSE,RPS,S39CYB5NXHMHIXE,10.42
Mary,Bates,WJ36694,5579762,ALCOR VENTURES,12,APAC,PULSE,RPS,NO_TS_APAC,89.58
Thomas,Love,PY12395,5730402,LUMEX DYNAMICS,12,EMEA ASIA,VERTEX,FORFAIT,AA3JW9BA0C800T3,10.27
Thomas,Love,PY12395,5730402,LUMEX DYNAMICS,12,MEA,VERTEX,FORFAIT,NO_TS_MEA,89.73
Michael,Leon,ZD41558,7383074,GOLZEN GROUP,12,LATAM OCEANIA,VERTEX,FORFAIT,QYQDB7LCMJYAUQC,6.85
Michael,Leon,ZD41558,7383074,GOLZEN GROUP,12,APAC,VERTEX,FORFAIT,NO_TS_APAC,93.15
Daniel,Conner,YC35968,1952107,JALVIK TECH,12,EMEA EUROPE,NEXUS,REGIE,KNS2G5IT68A3J5Z,9.82
Daniel,Conner,YC35968,1952107,JALVIK TECH,12,APAC,NEXUS,REGIE,NO_TS_APAC,90.18
Shawn,Gross,NZ72615,4848078,INOVA GLOBAL,12,CONT MENA,PHOENIX,RPS,FOYCN6S700F8NWO,10.71
Shawn,Gross,NZ72615,4848078,INOVA GLOBAL,12,APAC,PHOENIX,RPS,NO_TS_APAC,89.29
Derek,Russell,YY99025,9003746,ALCOR VENTURES,12,NA MENA,QUANTUM,MAINTENANCE,1E7H66HRHK0A50N,9.52
Derek,Russell,YY99025,9003746,ALCOR VENTURES,12,CONT,QUANTUM,MAINTENANCE,NO_TS_CONT,90.48
Gloria,Petersen,GX90186,5983443,BRYTON TECH,12,NA OCEANIA,PULSE,SUPPORT,KHO89C2QVBIYYZP,13.1
Amber,Moore,PF12081,5869475,JALVIK DIGITAL,12,APAC ASIA,NOVA,RPS,T9A41WSWVC38QNF,7.44
Amber,Moore,PF12081,5869475,JALVIK DIGITAL,12,NA,NOVA,RPS,NO_TS_NA,92.56
Samuel,Baker,ME59855,7658548,KESTRA GLOBAL,12,NA MENA,ATLAS,REGIE,8W7SU705HETBH23,10.42
Jeffrey,Burke,WJ77151,6954789,LUMEX DIGITAL,12,CONT AMERICA,NOVA,MAINTENANCE,HPUWCCE1EO2DZMF,11.9
Jeffrey,Burke,WJ77151,6954789,LUMEX DIGITAL,12,APAC,NOVA,MAINTENANCE,NO_TS_APAC,88.1
Adam,Ford,KI15642,3981475,HYRION GLOBAL,12,EMEA AMERICA,NEXUS,SUPPORT,I2TK6FB7P1WK95R,14.29
Adam,Ford,KI15642,3981475,HYRION GLOBAL,12,LATAM,NEXUS,SUPPORT,NO_TS_LATAM,85.71
Jasmin,Thomas,OD88632,5711062,ALCOR DYNAMICS,12,APAC AFRICA,QUANTUM,FORFAIT,7PSHCMZRDKPXT1J,8.33
Jasmin,Thomas,OD88632,5711062,ALCOR DYNAMICS,12,EMEA,QUANTUM,FORFAIT,NO_TS_EMEA,91.67
Donald,Perkins,JB66595,2868141,KESTRA CONSULTING,12,APAC AFRICA,ATLAS,SUPPORT,1NVYJYK3650W1C7,5.76
Brandon,Garner,WF94367,2868519,INOVA GLOBAL,12,LATAM ASIA,PHOENIX,SUPPORT,5TWCCIT5EBTH0HI,8.33
Brandon,Garner,WF94367,2868519,INOVA GLOBAL,12,NA,PHOENIX,SUPPORT,NO_TS_NA,91.67
Jennifer,Gross,RR28587,5369994,INOVA DIGITAL,12,MEA EUROPE,QUANTUM,SUPPORT,8UJUW0VWZSERUE8,8.33
Jesus,Allen,JE14557,6623253,FORVEX GLOBAL,12,LATAM ASIA,NEXUS,MAINTENANCE,QKCSSDIGKNGAO1I,16.22
Jesus,Allen,JE14557,6623253,FORVEX GLOBAL,12,LATAM,NEXUS,MAINTENANCE,NO_TS_LATAM,83.78
Angela,Palmer,IV37257,2883154,FORVEX SOLUTIONS,12,MEA ASIA,ATLAS,RPS,TV0U87CEHRSJYIP,9.67
Angela,Palmer,IV37257,2883154,FORVEX SOLUTIONS,12,MEA,ATLAS,RPS,NO_TS_MEA,90.33
Michael,Pugh,YB62124,2610504,CENVEO SYSTEMS,12,MEA EUROPE,QUANTUM,MAINTENANCE,MTYGL5UMBBS0MB8,8.33
Michael,Pugh,YB62124,2610504,CENVEO SYSTEMS,12,NA,QUANTUM,MAINTENANCE,NO_TS_NA,91.67
Jeffrey,Nichols,MG83853,4584404,JALVIK CONSULTING,12,EMEA EUROPE,PULSE,SUPPORT,73Q9T9TMJKEWE4M,11.9
Jeffrey,Nichols,MG83853,4584404,JALVIK CONSULTING,12,LATAM,PULSE,SUPPORT,NO_TS_LATAM,88.1
Aaron,Chang,YE46974,2435607,BRYTON DIGITAL,12,LATAM ASIA,PHOENIX,FORFAIT,IC5X0C5T7UIK5GP,10.27
Aaron,Chang,YE46974,2435607,BRYTON DIGITAL,12,EMEA,PHOENIX,FORFAIT,NO_TS_EMEA,89.73
Julie,Todd,XX75344,4883388,GOLZEN VENTURES,12,APAC ASIA,VERTEX,SUPPORT,MB0J2OMPR0P80CN,8.93
Julie,Todd,XX75344,4883388,GOLZEN VENTURES,12,APAC,VERTEX,SUPPORT,NO_TS_APAC,91.07
Diana,Russo,TJ84740,7153709,HYRION DYNAMICS,12,LATAM EUROPE,QUANTUM,MAINTENANCE,EKE7V9UPNDXOKZJ,9.52
Eric,Kim,RX11366,2999566,ALCOR GLOBAL,12,APAC AMERICA,VERTEX,RPS,DL35G6VNULS6W4K,10.71
Eric,Kim,RX11366,2999566,ALCOR GLOBAL,12,NA,VERTEX,RPS,NO_TS_NA,89.29
Jennifer,Casey,OZ33484,3496203,ALCOR DIGITAL,12,CONT ASIA,VERTEX,REGIE,ZZJ36HG3BG0E74H,9.52
Michael,Pierce,PV69260,1005949,JALVIK VENTURES,12,EMEA ASIA,STELLAR,FORFAIT,3E43GF4NBN4U5TX,11.9
Susan,Green,RP15380,2999766,KESTRA GROUP,12,MEA OCEANIA,QUANTUM,REGIE,7C1KW8CU09TX8KA,10.12
Jacob,Olsen,YM71421,7731274,GOLZEN TECH,12,CONT AMERICA,QUANTUM,MAINTENANCE,A02P626ET5CHR4U,9.52
Jacob,Olsen,YM71421,7731274,GOLZEN TECH,12,EMEA,QUANTUM,MAINTENANCE,NO_TS_EMEA,90.48
Mathew,Cobb,DK44462,4537520,LUMEX SOLUTIONS,12,APAC ASIA,ORBIT,RPS,JAWTGHAY4T4VEJ7,11.9
Mathew,Cobb,DK44462,4537520,LUMEX SOLUTIONS,12,NA,ORBIT,RPS,NO_TS_NA,88.1
Joshua,Navarro,GN76072,7361671,LUMEX DIGITAL,12,LATAM EUROPE,ATLAS,SUPPORT,3JYOA3V42XD4FCP,8.93
Joshua,Navarro,GN76072,7361671,LUMEX DIGITAL,12,CONT,ATLAS,SUPPORT,NO_TS_CONT,91.07
Diana,Mcguire,TC80538,1032699,CENVEO DYNAMICS,12,APAC MENA,PULSE,FORFAIT,DSCBJ5HNJQPHSWQ,7.89
Sharon,Lopez,OE90221,1328843,ETHOS DIGITAL,12,APAC MENA,ORBIT,REGIE,X2LYFBZX8MKTBB2,6.25
Sharon,Lopez,OE90221,1328843,ETHOS DIGITAL,12,APAC,ORBIT,REGIE,NO_TS_APAC,93.75
Amanda,Fisher,FC49383,5876853,LUMEX TECH,12,CONT AMERICA,PULSE,RPS,CI0CNZA8EIEJZR1,9.52
Amanda,Fisher,FC49383,5876853,LUMEX TECH,12,EMEA,PULSE,RPS,NO_TS_EMEA,90.48
Emily,Sullivan,PH59059,8377540,KESTRA TECH,12,NA ASIA,PHOENIX,SUPPORT,59LDPPTBAVHUTQL,14.29
Emily,Sullivan,PH59059,8377540,KESTRA TECH,12,NA,PHOENIX,SUPPORT,NO_TS_NA,85.71
Ryan,Levine,WQ79564,1725936,DELVO SOLUTIONS,12,LATAM AFRICA,STELLAR,FORFAIT,279AXZN311LGGMM,11.9
Allison,Holmes,RH02583,5137151,JALVIK DIGITAL,12,EMEA AFRICA,STELLAR,FORFAIT,64K0074ERI3I952,11.9
Glenn,Luna,CS53777,9576663,INOVA SYSTEMS,12,NA AFRICA,QUANTUM,RPS,WDJML1FL2QTOUL7,9.67
Glenn,Luna,CS53777,9576663,INOVA SYSTEMS,12,APAC,QUANTUM,RPS,NO_TS_APAC,90.33
Becky,Snyder,UT05778,1398320,ETHOS DYNAMICS,12,MEA AMERICA,VERTEX,FORFAIT,1VBZ6YT92R6LXPP,8.78
Becky,Snyder,UT05778,1398320,ETHOS DYNAMICS,12,LATAM,VERTEX,FORFAIT,NO_TS_LATAM,91.22
Roger,Haas,XW12023,1622443,FORVEX DYNAMICS,12,LATAM MENA,NOVA,REGIE,JJY0SP1168WXVZ1,11.9
Roger,Haas,XW12023,1622443,FORVEX DYNAMICS,12,LATAM,NOVA,REGIE,NO_TS_LATAM,88.1
Kristin,Brown,DG38421,3512160,GOLZEN GLOBAL,12,APAC AMERICA,ORBIT,SUPPORT,7QLLMU7OPETPTRL,9.52
Kristin,Brown,DG38421,3512160,GOLZEN GLOBAL,12,EMEA,ORBIT,SUPPORT,NO_TS_EMEA,90.48
Brian,Boone,LV83534,1655666,GOLZEN GROUP,12,CONT OCEANIA,PULSE,SUPPORT,7D9TFQ9UO7S4GW2,8.33
Brian,Boone,LV83534,1655666,GOLZEN GROUP,12,CONT,PULSE,SUPPORT,NO_TS_CONT,91.67
Mindy,Townsend,OX47778,3285030,CENVEO SOLUTIONS,12,NA OCEANIA,NOVA,RPS,HTBXM7Z2BH17D1U,11.9
Craig,Glover,AJ71906,5796044,FORVEX VENTURES,12,CONT OCEANIA,NEXUS,MAINTENANCE,WMQYZ7108QY0H2S,10.57
Craig,Glover,AJ71906,5796044,FORVEX VENTURES,12,MEA,NEXUS,MAINTENANCE,NO_TS_MEA,89.43
Crystal,King,VK95528,4346288,ALCOR DIGITAL,12,EMEA ASIA,VERTEX,SUPPORT,UVYO82IQZEJKDCO,5.65
Crystal,King,VK95528,4346288,ALCOR DIGITAL,12,EMEA,VERTEX,SUPPORT,NO_TS_EMEA,94.35
Candice,Benson,MZ85089,4861138,FORVEX VENTURES,12,EMEA AMERICA,PHOENIX,FORFAIT,I5GOO6V9SCW162Q,8.93
Candice,Benson,MZ85089,4861138,FORVEX VENTURES,12,NA,PHOENIX,FORFAIT,NO_TS_NA,91.07
Timothy,Nelson,YC33344,8887531,INOVA DIGITAL,12,CONT EUROPE,ATLAS,FORFAIT,3K2JDHF48EEK2PE,9.52
Sean,Baird,LY53302,1478855,KESTRA TECH,12,CONT MENA,PHOENIX,MAINTENANCE,I8A7XMOU7DR7PEJ,9.38
Sean,Baird,LY53302,1478855,KESTRA TECH,12,LATAM,PHOENIX,MAINTENANCE,NO_TS_LATAM,90.63
Sara,Brown,DW43278,2415661,KESTRA SOLUTIONS,12,NA EUROPE,STELLAR,MAINTENANCE,KJV8DOCB2ZINQCI,7.14
Sara,Brown,DW43278,2415661,KESTRA SOLUTIONS,12,NA,STELLAR,MAINTENANCE,NO_TS_NA,92.86
Jennifer,Aguilar,GY19465,4079019,JALVIK DIGITAL,12,LATAM MENA,ORBIT,RPS,JE9MHBYLZLF3IAP,10.71
Rebecca,Cooper,TK73305,7925554,FORVEX SOLUTIONS,12,LATAM OCEANIA,ORBIT,REGIE,KO734WYOI4KLCPZ,7.14
Jonathan,Proctor,NJ37595,7287443,JALVIK SOLUTIONS,12,CONT AMERICA,NOVA,SUPPORT,PVHDSPCUOXVP45L,9.52
Jonathan,Proctor,NJ37595,7287443,JALVIK SOLUTIONS,12,LATAM,NOVA,SUPPORT,NO_TS_LATAM,90.48
Nancy,Pineda,GR81623,9484741,FORVEX CONSULTING,12,NA AMERICA,NOVA,SUPPORT,1RM0VY5DBOGAZR6,11.9
Vanessa,Jones,BX41232,3307581,GOLZEN DYNAMICS,12,LATAM AMERICA,PHOENIX,FORFAIT,JPY3RUY5RXD2OY4,11.9
Jeremy,Mack,JF00976,7260375,DELVO DYNAMICS,12,EMEA MENA,STELLAR,SUPPORT,W6NWWQG8EXJBYSI,6.25
Jeremy,Mack,JF00976,7260375,DELVO DYNAMICS,12,APAC,STELLAR,SUPPORT,NO_TS_APAC,93.75
Christine,Ross,KX69100,4941913,HYRION CONSULTING,12,LATAM AFRICA,QUANTUM,SUPPORT,4W3USTKZZ04ILPD,7.14
Christine,Ross,KX69100,4941913,HYRION CONSULTING,12,MEA,QUANTUM,SUPPORT,NO_TS_MEA,92.86
Krystal,Matthews,BZ98848,7372435,JALVIK CONSULTING,12,LATAM AFRICA,ATLAS,FORFAIT,3ZYVR9OTGP8O8Y3,8.93
Lisa,Wright,ZI16437,6299581,ALCOR DYNAMICS,12,APAC EUROPE,NOVA,FORFAIT,AYPARW77KYZ37DG,3.27
Lisa,Wright,ZI16437,6299581,ALCOR DYNAMICS,12,CONT,NOVA,FORFAIT,NO_TS_CONT,96.73
Dennis,Galvan,MO69064,4268096,KESTRA VENTURES,12,NA MENA,NOVA,SUPPORT,9YKCEE3YV3FXQ19,11.9
Dennis,Galvan,MO69064,4268096,KESTRA VENTURES,12,NA,NOVA,SUPPORT,NO_TS_NA,88.1
Carlos,Bowen,VN15097,9356805,GOLZEN SOLUTIONS,12,NA AFRICA,ATLAS,REGIE,U8WOFHNFYIS9U1U,9.52
Carlos,Bowen,VN15097,9356805,GOLZEN SOLUTIONS,12,EMEA,ATLAS,REGIE,NO_TS_EMEA,90.48
Lynn,Foster,SP26059,1888156,GOLZEN SOLUTIONS,12,APAC EUROPE,PULSE,RPS,L7SLOROY67VBIRV,8.93
Lynn,Foster,SP26059,1888156,GOLZEN SOLUTIONS,12,EMEA,PULSE,RPS,NO_TS_EMEA,91.07
Robert,Hunt,WM13128,9675485,GOLZEN DIGITAL,12,MEA MENA,PHOENIX,REGIE,LDP961GKOQBCVZ4,16.67
Christopher,Harris,CQ01804,1286322,BRYTON CONSULTING,12,MEA MENA,NEXUS,FORFAIT,UGX95KWSB7DFH28,5.95
Christopher,Harris,CQ01804,1286322,BRYTON CONSULTING,12,APAC,NEXUS,FORFAIT,NO_TS_APAC,94.05
Nicholas,Holloway,GE86627,9117249,ETHOS TECH,12,APAC ASIA,PHOENIX,MAINTENANCE,RC1OMHJ3J6EO1UX,28.13
Ronnie,Armstrong,SW62354,8279578,HYRION DIGITAL,12,CONT EUROPE,ATLAS,RPS,AJZVUDQ9XC6PVJY,11.9
Ronnie,Armstrong,SW62354,8279578,HYRION DIGITAL,12,LATAM,ATLAS,RPS,NO_TS_LATAM,88.1
Bryan,Cochran,YE32314,7438422,BRYTON DIGITAL,12,MEA AFRICA,ORBIT,REGIE,97B5PWPTQI3OB0Q,12.8
Bryan,Cochran,YE32314,7438422,BRYTON DIGITAL,12,MEA,ORBIT,REGIE,NO_TS_MEA,87.2
Gloria,Joseph,IV52899,4002413,ALCOR DYNAMICS,12,MEA MENA,VERTEX,SUPPORT,B2BX93CYXE1YOOF,9.52
Gloria,Joseph,IV52899,4002413,ALCOR DYNAMICS,12,NA,VERTEX,SUPPORT,NO_TS_NA,90.48
Danielle,Brown,MB26951,8258529,FORVEX GROUP,12,MEA ASIA,STELLAR,REGIE,IDCDPNT8BH6M5TU,9.52
Daniel,Hampton,CS27480,2264560,DELVO SYSTEMS,12,CONT ASIA,QUANTUM,FORFAIT,VEOW1LZ96AFV35Q,9.52
Michael,Rice,NU41176,4015489,LUMEX VENTURES,12,NA EUROPE,ATLAS,SUPPORT,0598J0994BBWFRA,9.52
Michael,Rice,NU41176,4015489,LUMEX VENTURES,12,EMEA,ATLAS,SUPPORT,NO_TS_EMEA,90.48
Nicholas,Meyer,WJ54499,6749800,INOVA DIGITAL,12,NA OCEANIA,ATLAS,REGIE,77ZXA0LP2UQO0ZC,9.52
Nicholas,Meyer,WJ54499,6749800,INOVA DIGITAL,12,LATAM,ATLAS,REGIE,NO_TS_LATAM,90.48
Katherine,Burton,KD47720,9457343,JALVIK SOLUTIONS,12,CONT ASIA,PULSE,MAINTENANCE,K8ZSZC0Y84V6NPI,9.82
Katherine,Burton,KD47720,9457343,JALVIK SOLUTIONS,12,APAC,PULSE,MAINTENANCE,NO_TS_APAC,90.18
Michael,Castro,XO90452,1284521,LUMEX GLOBAL,12,CONT AMERICA,VERTEX,FORFAIT,F6M0XETZIJU40GR,7.74
Michael,Castro,XO90452,1284521,LUMEX GLOBAL,12,CONT,VERTEX,FORFAIT,NO_TS_CONT,92.26
Antonio,Schultz,EE62230,6322190,CENVEO GROUP,12,CONT MENA,ORBIT,REGIE,D0Q3YRTGNCAFYX4,11.9
Antonio,Schultz,EE62230,6322190,CENVEO GROUP,12,LATAM,ORBIT,REGIE,NO_TS_LATAM,88.1
Susan,Thomas,VT72983,5574461,CENVEO GROUP,12,NA OCEANIA,VERTEX,REGIE,YFJHVOZWF1OBPN5,11.9
Susan,Thomas,VT72983,5574461,CENVEO GROUP,12,MEA,VERTEX,REGIE,NO_TS_MEA,88.1
Daniel,Jackson,TO36552,8813169,ALCOR CONSULTING,12,LATAM AFRICA,NEXUS,RPS,UFB4OP5REDEE064,11.9
Daniel,Jackson,TO36552,8813169,ALCOR CONSULTING,12,EMEA,NEXUS,RPS,NO_TS_EMEA,88.1
Collin,Padilla,VC68456,5655165,KESTRA GROUP,12,APAC OCEANIA,NEXUS,SUPPORT,71WSP5RW79Y609G,9.52
Collin,Padilla,VC68456,5655165,KESTRA GROUP,12,EMEA,NEXUS,SUPPORT,NO_TS_EMEA,90.48
Tiffany,Curtis,RR71397,9199757,DELVO GLOBAL,12,LATAM AMERICA,NEXUS,MAINTENANCE,R9S1M5DTA9LXINK,9.52
Tiffany,Curtis,RR71397,9199757,DELVO GLOBAL,12,LATAM,NEXUS,MAINTENANCE,NO_TS_LATAM,90.48
Daniel,Chaney,EQ87630,6018013,LUMEX DIGITAL,12,LATAM EUROPE,STELLAR,RPS,YJHQKFX2HKLCXMR,7.29
Daniel,Chaney,EQ87630,6018013,LUMEX DIGITAL,12,NA,STELLAR,RPS,NO_TS_NA,92.71
Derrick,Shaffer,MG82509,9430486,KESTRA TECH,12,EMEA ASIA,ATLAS,REGIE,2ROPUJ38QR2AT9R,8.93
Derrick,Shaffer,MG82509,9430486,KESTRA TECH,12,CONT,ATLAS,REGIE,NO_TS_CONT,91.07
Ann,Fowler,LI06050,5356820,BRYTON DIGITAL,12,LATAM AMERICA,PULSE,FORFAIT,I2T4GYMXKOLJ4I8,11.31
Ann,Fowler,LI06050,5356820,BRYTON DIGITAL,12,NA,PULSE,FORFAIT,NO_TS_NA,88.69
Steven,Houston,GH73024,7772697,CENVEO DYNAMICS,12,LATAM AMERICA,ATLAS,FORFAIT,6EQ9FRLAVMYKXPV,14.29
Steven,Houston,GH73024,7772697,CENVEO DYNAMICS,12,NA,ATLAS,FORFAIT,NO_TS_NA,85.71
Gerald,Hawkins,GN57136,1588180,INOVA VENTURES,12,LATAM MENA,NOVA,RPS,C4ATS9QBT1BVQIH,9.52
Gerald,Hawkins,GN57136,1588180,INOVA VENTURES,12,CONT,NOVA,RPS,NO_TS_CONT,90.48
Jill,Fowler,OY61243,3921701,KESTRA DYNAMICS,12,MEA EUROPE,PHOENIX,FORFAIT,K90GO0CQ5VUQ0CB,8.93
Virginia,Pierce,LZ13055,8031218,ETHOS SOLUTIONS,12,APAC ASIA,PHOENIX,RPS,Q95JN1HOTLUBHL2,8.63
Timothy,Fowler,YD56780,4456400,HYRION GROUP,12,APAC MENA,STELLAR,MAINTENANCE,9RXEYD0ZF937YNK,14.43
Timothy,Fowler,YD56780,4456400,HYRION GROUP,12,MEA,STELLAR,MAINTENANCE,NO_TS_MEA,85.57
Matthew,Jones,ON17894,6096292,DELVO GLOBAL,12,EMEA OCEANIA,PULSE,MAINTENANCE,LD60I0A5DHF9C1E,10.71
Matthew,Jones,ON17894,6096292,DELVO GLOBAL,12,EMEA,PULSE,MAINTENANCE,NO_TS_EMEA,89.29
Erica,Wilson,XM65041,2737022,JALVIK SOLUTIONS,12,CONT OCEANIA,PULSE,RPS,Q9Q8VTMETX3YFPA,8.33
Erica,Wilson,XM65041,2737022,JALVIK SOLUTIONS,12,NA,PULSE,RPS,NO_TS_NA,91.67
Julie,Williams,HS59955,6493728,DELVO DIGITAL,12,APAC AFRICA,NEXUS,MAINTENANCE,J7153WTC643HXSU,9.52
Julie,Williams,HS59955,6493728,DELVO DIGITAL,12,APAC,NEXUS,MAINTENANCE,NO_TS_APAC,90.48
Charles,Brown,SH73116,8631365,INOVA CONSULTING,12,APAC AMERICA,STELLAR,MAINTENANCE,NCP8GCP2S0MQ7MU,9.52
Charles,Brown,SH73116,8631365,INOVA CONSULTING,12,MEA,STELLAR,MAINTENANCE,NO_TS_MEA,90.48
Nicholas,Scott,SM67200,8509033,ALCOR CONSULTING,12,NA AMERICA,VERTEX,RPS,5YBAHSRIE4A3AYC,11.9
Nicholas,Scott,SM67200,8509033,ALCOR CONSULTING,12,NA,VERTEX,RPS,NO_TS_NA,88.1
Kayla,Andrews,JI86905,1160277,KESTRA DYNAMICS,12,APAC AMERICA,ORBIT,FORFAIT,D31LL7EP1YT6G8I,9.52
Kimberly,Scott,KU76477,1173858,DELVO GLOBAL,12,EMEA AMERICA,NOVA,RPS,29SVIJAB1U8SBPW,42.19
Derek,Griffin,OJ85451,7734200,GOLZEN TECH,12,MEA MENA,VERTEX,SUPPORT,AT693CEPC6HYYME,8.33
Derek,Griffin,OJ85451,7734200,GOLZEN TECH,12,APAC,VERTEX,SUPPORT,NO_TS_APAC,91.67
Chelsea,Mitchell,OE48511,1733589,DELVO DYNAMICS,12,NA AFRICA,NEXUS,MAINTENANCE,NW7NJTFSVMKQ482,7.14
Chelsea,Mitchell,OE48511,1733589,DELVO DYNAMICS,12,APAC,NEXUS,MAINTENANCE,NO_TS_APAC,92.86
Richard,Williams,NG63930,9995939,HYRION DYNAMICS,12,APAC MENA,QUANTUM,FORFAIT,NNVOVZ4FG37WPQZ,11.31
Richard,Williams,NG63930,9995939,HYRION DYNAMICS,12,NA,QUANTUM,FORFAIT,NO_TS_NA,88.69
Ashley,Burgess,UZ13669,9716519,LUMEX GROUP,12,CONT OCEANIA,PHOENIX,FORFAIT,6X49M36SID41ICK,9.52
Caroline,Howard,UQ69608,3650949,LUMEX SYSTEMS,12,LATAM AMERICA,STELLAR,REGIE,EXRCJOC1DZEDHDF,6.4
Caroline,Howard,UQ69608,3650949,LUMEX SYSTEMS,12,MEA,STELLAR,REGIE,NO_TS_MEA,93.6
Daniel,Armstrong,AO60707,5494931,DELVO DYNAMICS,12,EMEA AMERICA,PULSE,FORFAIT,633YBH0JHE8P6A3,13.99
Daniel,Armstrong,AO60707,5494931,DELVO DYNAMICS,12,EMEA,PULSE,FORFAIT,NO_TS_EMEA,86.01
Robyn,Snyder,FM13085,2651108,LUMEX DIGITAL,12,LATAM EUROPE,ATLAS,REGIE,GOUE7MF2M8P3VU8,11.9
Robyn,Snyder,FM13085,2651108,LUMEX DIGITAL,12,LATAM,ATLAS,REGIE,NO_TS_LATAM,88.1
Ethan,Hicks,ZT87311,5377550,GOLZEN DYNAMICS,12,NA MENA,PULSE,SUPPORT,UC1LG4H9YT8FMW3,11.9
Ethan,Hicks,ZT87311,5377550,GOLZEN DYNAMICS,12,NA,PULSE,SUPPORT,NO_TS_NA,88.1
David,Davis,WC79538,3253924,HYRION VENTURES,12,APAC OCEANIA,PHOENIX,SUPPORT,ZGCBJF3FLJBXH2B,8.63
David,Davis,WC79538,3253924,HYRION VENTURES,12,LATAM,PHOENIX,SUPPORT,NO_TS_LATAM,91.37
Zachary,Lowery,TQ03119,6343499,BRYTON SOLUTIONS,12,LATAM AMERICA,NEXUS,RPS,R61BVZMBKNVR3ZL,11.9
Zachary,Lowery,TQ03119,6343499,BRYTON SOLUTIONS,12,CONT,NEXUS,RPS,NO_TS_CONT,88.1
Susan,Jones,JS18699,1300199,GOLZEN SYSTEMS,12,APAC AFRICA,ORBIT,FORFAIT,YM2R3ZRUFYKXYD5,9.52
Susan,Jones,JS18699,1300199,GOLZEN SYSTEMS,12,MEA,ORBIT,FORFAIT,NO_TS_MEA,90.48
Haley,Morrow,UV19293,2615601,CENVEO SYSTEMS,12,NA EUROPE,PULSE,FORFAIT,JDBF26INTLBDMCW,9.52
Haley,Morrow,UV19293,2615601,CENVEO SYSTEMS,12,NA,PULSE,FORFAIT,NO_TS_NA,90.48
Paul,Murphy,HD31393,1624644,ALCOR SYSTEMS,12,NA ASIA,ORBIT,SUPPORT,GKVIEPCVLEEFB88,11.9
Paul,Murphy,HD31393,1624644,ALCOR SYSTEMS,12,APAC,ORBIT,SUPPORT,NO_TS_APAC,88.1
Roberto,Buchanan,MA61754,5980793,ALCOR DYNAMICS,12,LATAM MENA,NEXUS,MAINTENANCE,BZT0QWRRU1FSG1Q,7.44
Roberto,Buchanan,MA61754,5980793,ALCOR DYNAMICS,12,LATAM,NEXUS,MAINTENANCE,NO_TS_LATAM,92.56
Patrick,Trevino,DP50258,6856411,GOLZEN GROUP,12,MEA ASIA,PHOENIX,REGIE,1MSFYVADMCRL8IT,9.52
Patrick,Trevino,DP50258,6856411,GOLZEN GROUP,12,APAC,PHOENIX,REGIE,NO_TS_APAC,90.48
Kelly,Brewer,UD37878,9118039,CENVEO VENTURES,12,MEA MENA,QUANTUM,SUPPORT,L4G0MNR71BVLNND,9.52
Kelly,Brewer,UD37878,9118039,CENVEO VENTURES,12,MEA,QUANTUM,SUPPORT,NO_TS_MEA,90.48
Jessica,Wheeler,CS11539,7188982,LUMEX GLOBAL,12,MEA MENA,PHOENIX,FORFAIT,M8QTL0JJFTPRS5L,8.33
Jessica,Wheeler,CS11539,7188982,LUMEX GLOBAL,12,NA,PHOENIX,FORFAIT,NO_TS_NA,91.67
Robin,Hunter,RY34858,5130072,FORVEX GROUP,12,LATAM AFRICA,PHOENIX,SUPPORT,NKOQ65FMZ2EOEMG,9.52
Randy,Harris,JY01181,2306509,CENVEO GLOBAL,12,EMEA ASIA,PULSE,REGIE,AZJZ1S946DKG1GP,11.9
Randy,Harris,JY01181,2306509,CENVEO GLOBAL,12,NA,PULSE,REGIE,NO_TS_NA,88.1
Bobby,Jones,YY91976,7400929,JALVIK CONSULTING,12,NA AMERICA,NEXUS,SUPPORT,22FSFD3TDU75S5P,11.9
Christopher,Hampton,LF54274,4270112,ALCOR DYNAMICS,12,MEA ASIA,ATLAS,RPS,QG70QXJ3OLO3TTT,8.33
Christopher,Hampton,LF54274,4270112,ALCOR DYNAMICS,12,CONT,ATLAS,RPS,NO_TS_CONT,91.67
Lisa,Williams,VK95122,4856953,FORVEX TECH,12,CONT AMERICA,ATLAS,RPS,4ELJ0R7021I2ZYT,9.52
Lisa,Williams,VK95122,4856953,FORVEX TECH,12,LATAM,ATLAS,RPS,NO_TS_LATAM,90.48
Johnathan,Taylor,NJ67392,2371409,INOVA DIGITAL,12,MEA OCEANIA,NEXUS,SUPPORT,MW0YD7HCXP3E4N9,7.14
Johnathan,Taylor,NJ67392,2371409,INOVA DIGITAL,12,LATAM,NEXUS,SUPPORT,NO_TS_LATAM,92.86
Edward,Hunter,IX06323,6251551,CENVEO CONSULTING,12,NA MENA,ATLAS,MAINTENANCE,0G5X41N41IDI9B5,16.07
Edward,Hunter,IX06323,6251551,CENVEO CONSULTING,12,APAC,ATLAS,MAINTENANCE,NO_TS_APAC,83.93
Stephanie,White,FW41837,7837634,KESTRA GLOBAL,12,MEA OCEANIA,ORBIT,FORFAIT,672SGE1OJPEUJX3,7.74
Stephanie,White,FW41837,7837634,KESTRA GLOBAL,12,EMEA,ORBIT,FORFAIT,NO_TS_EMEA,92.26
Cathy,Jackson,YK29583,3823514,HYRION CONSULTING,12,APAC AMERICA,ATLAS,REGIE,E01SQ5OKC9Q97XX,8.33
Cathy,Jackson,YK29583,3823514,HYRION CONSULTING,12,EMEA,ATLAS,REGIE,NO_TS_EMEA,91.67
Jacqueline,Patel,YQ90824,9189719,CENVEO VENTURES,12,MEA MENA,NOVA,MAINTENANCE,03URZ2HMGGU7WIR,10.12
Morgan,Rubio,GA08841,2381199,HYRION CONSULTING,12,MEA AFRICA,STELLAR,SUPPORT,OIHPKNR546VIQ26,9.52
Morgan,Rubio,GA08841,2381199,HYRION CONSULTING,12,EMEA,STELLAR,SUPPORT,NO_TS_EMEA,90.48
David,Koch,WW56130,7158997,LUMEX CONSULTING,12,APAC AFRICA,NEXUS,RPS,R0AHQP5I4ZVLG23,9.97
David,Koch,WW56130,7158997,LUMEX CONSULTING,12,MEA,NEXUS,RPS,NO_TS_MEA,90.03
Justin,Strickland,HV21201,4000546,HYRION SOLUTIONS,12,APAC EUROPE,QUANTUM,REGIE,FQFICU5ZDE3WCPK,11.9
Justin,Strickland,HV21201,4000546,HYRION SOLUTIONS,12,APAC,QUANTUM,REGIE,NO_TS_APAC,88.1
Barbara,Dean,FF23709,2197849,BRYTON GROUP,12,LATAM MENA,VERTEX,FORFAIT,GN5DERW3R8K5WLN,3.87
Manuel,Ramos,AC89616,9625193,ETHOS DIGITAL,12,APAC EUROPE,QUANTUM,RPS,JN8SDYHMOE2QJ5K,8.33
Manuel,Ramos,AC89616,9625193,ETHOS DIGITAL,12,EMEA,QUANTUM,RPS,NO_TS_EMEA,91.67
Dana,Watson,NK30729,7360054,LUMEX GROUP,12,NA AFRICA,STELLAR,FORFAIT,65KJCH2CZRUPTO6,4.76
Dana,Watson,NK30729,7360054,LUMEX GROUP,12,LATAM,STELLAR,FORFAIT,NO_TS_LATAM,95.24
Shelley,Williams,FD97943,2466460,LUMEX CONSULTING,12,CONT AFRICA,NOVA,FORFAIT,JLF8H507GUM4JGF,7.14
Shelley,Williams,FD97943,2466460,LUMEX CONSULTING,12,NA,NOVA,FORFAIT,NO_TS_NA,92.86
Cynthia,Castaneda,GD40403,3028216,HYRION CONSULTING,12,APAC MENA,NOVA,REGIE,JEXTBUXPLGDFUWL,6.55
Cynthia,Castaneda,GD40403,3028216,HYRION CONSULTING,12,CONT,NOVA,REGIE,NO_TS_CONT,93.45
Brittany,Gomez,CZ53791,2060475,INOVA GROUP,12,MEA AMERICA,PHOENIX,REGIE,VAJBFAJWU3CG87K,9.19
Victoria,Powell,LQ89473,7627693,JALVIK SOLUTIONS,12,LATAM EUROPE,ATLAS,REGIE,ZFKCCHTP8ZMHRXS,11.9
Victoria,Powell,LQ89473,7627693,JALVIK SOLUTIONS,12,LATAM,ATLAS,REGIE,NO_TS_LATAM,88.1
Aaron,Lawrence,LB20333,6744257,ALCOR GROUP,12,APAC EUROPE,VERTEX,SUPPORT,84BMHIVXCDTNIOQ,9.23
Antonio,Rodriguez,LZ02391,2002142,JALVIK GROUP,12,EMEA AMERICA,NEXUS,MAINTENANCE,MPIHNXQJGRASQWO,8.33
Antonio,Rodriguez,LZ02391,2002142,JALVIK GROUP,12,CONT,NEXUS,MAINTENANCE,NO_TS_CONT,91.67
Martha,Brown,XL99019,2059195,INOVA GROUP,12,CONT AFRICA,ORBIT,RPS,XPUH8VZPCFFEBJN,13.28
Martha,Brown,XL99019,2059195,INOVA GROUP,12,LATAM,ORBIT,RPS,NO_TS_LATAM,86.72
Kristi,Chambers,NI39029,4358333,INOVA SOLUTIONS,12,APAC AMERICA,NEXUS,FORFAIT,XOXYBSRRY7Z75RO,9.52
Nicole,Cox,QK46166,4586198,LUMEX SYSTEMS,12,APAC EUROPE,QUANTUM,FORFAIT,F7NU9RG15M11OEL,9.82
Jason,Calhoun,WV75914,4362163,CENVEO DYNAMICS,12,APAC ASIA,QUANTUM,REGIE,DSZW5XYVA4NDJM5,11.9
Jason,Calhoun,WV75914,4362163,CENVEO DYNAMICS,12,CONT,QUANTUM,REGIE,NO_TS_CONT,88.1
Isaiah,Peck,AG06181,3624184,FORVEX SOLUTIONS,12,EMEA ASIA,ATLAS,FORFAIT,UH18KLT9O0U2IXN,9.52
Isaiah,Peck,AG06181,3624184,FORVEX SOLUTIONS,12,EMEA,ATLAS,FORFAIT,NO_TS_EMEA,90.48
Kyle,Jones,GA76979,8595434,LUMEX GROUP,12,LATAM MENA,NEXUS,FORFAIT,KXCOUYOMTF0Q9OA,9.52
Kyle,Jones,GA76979,8595434,LUMEX GROUP,12,CONT,NEXUS,FORFAIT,NO_TS_CONT,90.48
Harold,Allen,GP33654,5491929,DELVO SOLUTIONS,12,NA EUROPE,PHOENIX,RPS,3YRFY8FTDVSB53Z,11.9
Scott,Miller,YQ64530,1809007,BRYTON TECH,12,NA ASIA,PHOENIX,FORFAIT,SZNTG86ZJG43CJ1,11.9
Scott,Miller,YQ64530,1809007,BRYTON TECH,12,APAC,PHOENIX,FORFAIT,NO_TS_APAC,88.1
Kenneth,Shaw,FY65881,6149460,JALVIK GLOBAL,12,MEA MENA,ORBIT,RPS,H0PRVA70D1AH0YT,9.52
Kenneth,Shaw,FY65881,6149460,JALVIK GLOBAL,12,NA,ORBIT,RPS,NO_TS_NA,90.48
Eric,Bowers,KF40678,3226342,ALCOR DIGITAL,12,NA AMERICA,PULSE,MAINTENANCE,EQOFO3MTP9EF0AS,14.29
Eric,Bowers,KF40678,3226342,ALCOR DIGITAL,12,NA,PULSE,MAINTENANCE,NO_TS_NA,85.71
Adam,Shaw,AD50804,1465535,CENVEO GROUP,12,LATAM EUROPE,NEXUS,REGIE,5JTHXKF2F00OA5U,8.33
Adam,Shaw,AD50804,1465535,CENVEO GROUP,12,LATAM,NEXUS,REGIE,NO_TS_LATAM,91.67
Alexis,Sanchez,HJ53356,8723152,LUMEX CONSULTING,12,CONT MENA,STELLAR,SUPPORT,IWU3Y9HR9427WNI,7.74
Amanda,White,TO31988,1014323,HYRION SYSTEMS,12,APAC AMERICA,STELLAR,RPS,ZOMPUMOVHJYNQDK,10.53
Amanda,White,TO31988,1014323,HYRION SYSTEMS,12,MEA,STELLAR,RPS,NO_TS_MEA,89.47
Matthew,Turner,NX97587,7761759,BRYTON SYSTEMS,12,MEA OCEANIA,QUANTUM,MAINTENANCE,P0BWD64H6V9FK2B,7.14
Troy,Gutierrez,NK29765,5872369,LUMEX DYNAMICS,12,NA AMERICA,NOVA,MAINTENANCE,FX2BGSSDMKDGNIW,11.61
Troy,Gutierrez,NK29765,5872369,LUMEX DYNAMICS,12,EMEA,NOVA,MAINTENANCE,NO_TS_EMEA,88.39
Timothy,Marshall,CG48931,4719264,ALCOR VENTURES,12,LATAM EUROPE,VERTEX,MAINTENANCE,2IBEGQ1IJD02EJJ,7.59
Timothy,Marshall,CG48931,4719264,ALCOR VENTURES,12,APAC,VERTEX,MAINTENANCE,NO_TS_APAC,92.41
Paul,Douglas,GN35741,9169983,ETHOS VENTURES,12,CONT EUROPE,VERTEX,REGIE,YBPS1Q0IDEBX41Y,8.33
Paul,Douglas,GN35741,9169983,ETHOS VENTURES,12,MEA,VERTEX,REGIE,NO_TS_MEA,91.67
Justin,Garza,LB94219,2601000,LUMEX DYNAMICS,12,CONT AMERICA,PULSE,SUPPORT,VWWKW49FZH0CY3L,9.52
Justin,Garza,LB94219,2601000,LUMEX DYNAMICS,12,APAC,PULSE,SUPPORT,NO_TS_APAC,90.48
Robert,Roberts,AB98387,1593399,DELVO GLOBAL,12,CONT AFRICA,QUANTUM,SUPPORT,8EN4GD6JS7BZB0W,5.65
Robert,Roberts,AB98387,1593399,DELVO GLOBAL,12,NA,QUANTUM,SUPPORT,NO_TS_NA,94.35
David,Stephens,TA44875,7031079,BRYTON SOLUTIONS,12,EMEA AMERICA,PULSE,RPS,BDLX8AQRUUTAKJP,9.52
Steven,Ingram,YA40054,3761524,ETHOS SYSTEMS,12,MEA AFRICA,STELLAR,REGIE,XUO7CLCGPQJE5TJ,10.42
Kyle,Kim,RG17310,8375845,CENVEO DIGITAL,12,APAC ASIA,QUANTUM,REGIE,NYQG6L3AURMNJ0K,14.29
Kyle,Kim,RG17310,8375845,CENVEO DIGITAL,12,CONT,QUANTUM,REGIE,NO_TS_CONT,85.71
Mark,Clark,BP11881,6397716,ETHOS SOLUTIONS,12,CONT OCEANIA,NEXUS,RPS,ZDDWUDBTAM7739U,9.67
Mark,Clark,BP11881,6397716,ETHOS SOLUTIONS,12,APAC,NEXUS,RPS,NO_TS_APAC,90.33
David,Benjamin,EP17479,7935645,CENVEO SOLUTIONS,12,NA MENA,VERTEX,RPS,EWCNMTQQIPZ8II5,11.31
David,Benjamin,EP17479,7935645,CENVEO SOLUTIONS,12,CONT,VERTEX,RPS,NO_TS_CONT,88.69
Lindsay,Sanchez,SJ42471,4693885,LUMEX DIGITAL,12,APAC AFRICA,NEXUS,SUPPORT,F2KBOTDCG1PTCGA,6.85
Lindsay,Sanchez,SJ42471,4693885,LUMEX DIGITAL,12,LATAM,NEXUS,SUPPORT,NO_TS_LATAM,93.15
Michael,Jones,TF38951,8530431,DELVO SYSTEMS,12,EMEA EUROPE,QUANTUM,MAINTENANCE,1O50ICMPD9TZLM8,8.63
Michael,Jones,TF38951,8530431,DELVO SYSTEMS,12,EMEA,QUANTUM,MAINTENANCE,NO_TS_EMEA,91.37
Christine,Brown,JB61696,9707783,ETHOS SOLUTIONS,12,APAC EUROPE,ATLAS,SUPPORT,EGWWC7R8QOLG2YB,11.9
Selena,Perkins,DC49989,6741624,HYRION GLOBAL,12,APAC ASIA,NEXUS,MAINTENANCE,0TCB38JPZOLE7SF,7.44
Michael,Rodriguez,ZY88555,8506132,LUMEX GROUP,12,MEA MENA,QUANTUM,SUPPORT,E8XW91HOM1LI2KG,11.9
Michael,Rodriguez,ZY88555,8506132,LUMEX GROUP,12,CONT,QUANTUM,SUPPORT,NO_TS_CONT,88.1
Richard,Brown,XI80103,1309196,FORVEX VENTURES,12,LATAM OCEANIA,QUANTUM,RPS,521T4P82KBBG96P,10.27
Richard,Brown,XI80103,1309196,FORVEX VENTURES,12,MEA,QUANTUM,RPS,NO_TS_MEA,89.73
Nicole,Sanchez,ZK95398,1354568,JALVIK GROUP,12,MEA ASIA,ORBIT,REGIE,TLBJHGSXD5EBL5Q,8.18
Nicole,Sanchez,ZK95398,1354568,JALVIK GROUP,12,EMEA,ORBIT,REGIE,NO_TS_EMEA,91.82
Stephen,Ward,NJ94915,2514515,FORVEX DIGITAL,12,EMEA MENA,STELLAR,SUPPORT,F0O4MHWU7G1XL17,8.33
Stephen,Ward,NJ94915,2514515,FORVEX DIGITAL,12,LATAM,STELLAR,SUPPORT,NO_TS_LATAM,91.67
Adrian,Hunter,KX41280,6193518,CENVEO TECH,12,NA AFRICA,PHOENIX,RPS,RZEGDC7Z6EVUDJ8,9.52
Adrian,Hunter,KX41280,6193518,CENVEO TECH,12,EMEA,PHOENIX,RPS,NO_TS_EMEA,90.48
Frances,Cobb,IG74195,9061958,CENVEO DIGITAL,12,LATAM MENA,ATLAS,FORFAIT,AXS8FII0SZB0BCN,9.52
Tiffany,Washington,JZ09306,8756081,HYRION DIGITAL,12,APAC AMERICA,ATLAS,FORFAIT,9XIPMR01IGWCAXC,14.29
Tiffany,Washington,JZ09306,8756081,HYRION DIGITAL,12,MEA,ATLAS,FORFAIT,NO_TS_MEA,85.71
Richard,Munoz,DK62324,4931221,INOVA DIGITAL,12,NA ASIA,QUANTUM,SUPPORT,8E6IRE9NGIERBN1,10.12
Richard,Munoz,DK62324,4931221,INOVA DIGITAL,12,APAC,QUANTUM,SUPPORT,NO_TS_APAC,89.88
Robert,Austin,GR49272,7487997,BRYTON VENTURES,12,CONT MENA,VERTEX,REGIE,468WHL1WCMM2CHG,5.65
Robert,Austin,GR49272,7487997,BRYTON VENTURES,12,LATAM,VERTEX,REGIE,NO_TS_LATAM,94.35
Tony,Gonzalez,ME93098,7189703,KESTRA CONSULTING,12,NA AFRICA,STELLAR,MAINTENANCE,EQZZRF9KZH9P2JA,7.29
Tony,Gonzalez,ME93098,7189703,KESTRA CONSULTING,12,CONT,STELLAR,MAINTENANCE,NO_TS_CONT,92.71
Michelle,Nelson,LL35723,9667347,JALVIK DYNAMICS,12,CONT AFRICA,NEXUS,RPS,A0XMGUXT8QGN0ES,11.31
Michelle,Nelson,LL35723,9667347,JALVIK DYNAMICS,12,NA,NEXUS,RPS,NO_TS_NA,88.69
Elizabeth,Mendoza,ZJ81338,3152283,LUMEX DYNAMICS,12,APAC AFRICA,STELLAR,FORFAIT,JFFECDJJBRCVUKJ,3.57
Elizabeth,Mendoza,ZJ81338,3152283,LUMEX DYNAMICS,12,CONT,STELLAR,FORFAIT,NO_TS_CONT,96.43
Suzanne,Mcpherson,GH12069,1549318,DELVO TECH,12,MEA OCEANIA,PHOENIX,MAINTENANCE,V7C1GEYRMZ7ZVJ0,11.9
Suzanne,Mcpherson,GH12069,1549318,DELVO TECH,12,APAC,PHOENIX,MAINTENANCE,NO_TS_APAC,88.1
Lori,Morrison,DX57516,6620701,ALCOR DYNAMICS,12,APAC OCEANIA,PULSE,FORFAIT,7YAKV5J8SAKS8QA,10.42
Lori,Morrison,DX57516,6620701,ALCOR DYNAMICS,12,APAC,PULSE,FORFAIT,NO_TS_APAC,89.58
Meredith,Hart,PL14158,5697533,ALCOR SYSTEMS,12,CONT AMERICA,NEXUS,SUPPORT,QZTF6CY53AS1GS4,9.52
Meredith,Hart,PL14158,5697533,ALCOR SYSTEMS,12,NA,NEXUS,SUPPORT,NO_TS_NA,90.48
Christine,Chambers,FT15637,4473953,BRYTON GROUP,12,MEA AMERICA,VERTEX,RPS,DL88IQCK7XSHOLC,8.04
Christine,Chambers,FT15637,4473953,BRYTON GROUP,12,APAC,VERTEX,RPS,NO_TS_APAC,91.96
Brenda,Sharp,JJ55128,3572567,LUMEX CONSULTING,12,EMEA AMERICA,STELLAR,RPS,ORAX7167RMVM985,12.95
Brenda,Sharp,JJ55128,3572567,LUMEX CONSULTING,12,CONT,STELLAR,RPS,NO_TS_CONT,87.05
Brandon,Davis,KB15187,2383809,LUMEX GLOBAL,12,LATAM AFRICA,PHOENIX,RPS,JB7GHKDIOKEEAZU,8.93
Jenna,Young,LQ89410,9225229,GOLZEN GROUP,12,LATAM ASIA,NOVA,SUPPORT,C6Z2KRJO3K4PB5Y,9.52
Catherine,Hartman,UQ10949,7159632,HYRION GLOBAL,12,EMEA AMERICA,ATLAS,FORFAIT,6QM2CJZSLGUH996,9.82
Catherine,Hartman,UQ10949,7159632,HYRION GLOBAL,12,MEA,ATLAS,FORFAIT,NO_TS_MEA,90.18
Jillian,Snyder,JE19591,3420844,ALCOR DIGITAL,12,LATAM AFRICA,ORBIT,MAINTENANCE,JXLN3SBPMBCEVCC,10.12
Jillian,Snyder,JE19591,3420844,ALCOR DIGITAL,12,LATAM,ORBIT,MAINTENANCE,NO_TS_LATAM,89.88
Cynthia,Smith,YW96291,3996609,JALVIK GLOBAL,12,EMEA EUROPE,PULSE,SUPPORT,LQDLAEZDSWMN3WX,12.5
Anna,Cole,FX24667,3279755,GOLZEN DIGITAL,12,MEA MENA,NOVA,RPS,NRV6DGUWUDWOHTJ,9.52
Anna,Cole,FX24667,3279755,GOLZEN DIGITAL,12,APAC,NOVA,RPS,NO_TS_APAC,90.48
Samuel,Simpson,ZT52677,6800661,ETHOS CONSULTING,12,MEA MENA,PHOENIX,FORFAIT,8RNEY5XEJ8DQS4I,4.61
Samuel,Simpson,ZT52677,6800661,ETHOS CONSULTING,12,LATAM,PHOENIX,FORFAIT,NO_TS_LATAM,95.39
Steven,Miller,NN55922,7703998,DELVO SOLUTIONS,12,LATAM AMERICA,ORBIT,SUPPORT,HJDPH1O0ZMGT6TK,7.74
Steven,Miller,NN55922,7703998,DELVO SOLUTIONS,12,MEA,ORBIT,SUPPORT,NO_TS_MEA,92.26
Justin,Cook,FH64702,9848976,ETHOS VENTURES,12,NA EUROPE,ORBIT,SUPPORT,G9NKG6SDOP0UGCJ,14.29
Justin,Cook,FH64702,9848976,ETHOS VENTURES,12,APAC,ORBIT,SUPPORT,NO_TS_APAC,85.71
Caitlin,Blanchard,SI95637,1829151,FORVEX GROUP,12,CONT EUROPE,PHOENIX,FORFAIT,KK96R42CYLBTAYT,14.29
Annette,Oneal,ML86326,3531753,KESTRA SOLUTIONS,12,APAC OCEANIA,ORBIT,FORFAIT,RLQSDM4QNHSOWCF,9.52
Sean,Sanchez,DT61897,4412140,DELVO SOLUTIONS,12,APAC OCEANIA,NEXUS,RPS,YG9V9XE2T73RDDC,7.74
Sean,Sanchez,DT61897,4412140,DELVO SOLUTIONS,12,EMEA,NEXUS,RPS,NO_TS_EMEA,92.26
Joseph,Good,ZM50052,4127216,JALVIK SYSTEMS,12,LATAM OCEANIA,ATLAS,SUPPORT,9G96HH3H6FSMPOD,9.52
Alice,Pittman,YH17682,3825784,JALVIK GROUP,12,MEA ASIA,PHOENIX,REGIE,V1LW3GH09GESLOL,7.14
Jasmine,Jones,GH55189,3157428,LUMEX DYNAMICS,12,LATAM ASIA,PHOENIX,FORFAIT,C7PO0A4P23XQ0EQ,9.52
Jasmine,Jones,GH55189,3157428,LUMEX DYNAMICS,12,CONT,PHOENIX,FORFAIT,NO_TS_CONT,90.48
Crystal,Hess,FN42686,8719968,JALVIK SYSTEMS,12,NA EUROPE,VERTEX,RPS,NV2QPLOZ3TZSM1G,13.69
Aaron,Dorsey,LH53064,9411269,DELVO GROUP,12,LATAM OCEANIA,NEXUS,REGIE,4R7HQAHROFKAO7E,8.33
Aaron,Dorsey,LH53064,9411269,DELVO GROUP,12,EMEA,NEXUS,REGIE,NO_TS_EMEA,91.67
Richard,Compton,XF31236,1618314,CENVEO GROUP,12,LATAM EUROPE,NEXUS,MAINTENANCE,PLE4M11TFQFCIIT,7.44
Richard,Compton,XF31236,1618314,CENVEO GROUP,12,APAC,NEXUS,MAINTENANCE,NO_TS_APAC,92.56
Brittany,Wells,YE16983,4985697,INOVA CONSULTING,12,CONT AFRICA,PHOENIX,RPS,CSUEX0IJ2Y8A5MC,9.52
Brittany,Wells,YE16983,4985697,INOVA CONSULTING,12,LATAM,PHOENIX,RPS,NO_TS_LATAM,90.48
Tiffany,Perry,VK65397,6941161,ALCOR GROUP,12,MEA ASIA,NEXUS,SUPPORT,X46AXEW2MLUEZ82,9.52
Charles,Jones,RF87061,4390031,KESTRA SYSTEMS,12,LATAM ASIA,QUANTUM,SUPPORT,9O1RL72CW4OHG56,10.71
Charles,Jones,RF87061,4390031,KESTRA SYSTEMS,12,NA,QUANTUM,SUPPORT,NO_TS_NA,89.29
Michael,Lopez,TI71863,2300787,FORVEX DIGITAL,12,LATAM EUROPE,ORBIT,SUPPORT,734RC8P6LC34ESN,9.52
Danny,Matthews,DU34952,5934857,LUMEX CONSULTING,12,LATAM ASIA,NOVA,FORFAIT,7GMBAON9A00AO13,8.48
Danny,Matthews,DU34952,5934857,LUMEX CONSULTING,12,CONT,NOVA,FORFAIT,NO_TS_CONT,91.52
Heather,Bruce,RP71304,8203435,ETHOS DIGITAL,12,LATAM EUROPE,QUANTUM,FORFAIT,50150GA12UH23H1,8.33
Linda,Hobbs,YG01479,5114318,LUMEX GROUP,12,NA EUROPE,NOVA,FORFAIT,MDAE55ADO8SG3ZP,11.9
Linda,Hobbs,YG01479,5114318,LUMEX GROUP,12,EMEA,NOVA,FORFAIT,NO_TS_EMEA,88.1
Kevin,Cisneros,UB01353,7268627,DELVO DIGITAL,12,APAC AMERICA,ATLAS,REGIE,LEPXEZV1JUDCYSF,7.14
David,Brown,SA07276,4873681,GOLZEN VENTURES,12,APAC AFRICA,NOVA,MAINTENANCE,AIH3JXO9H3K2D7Y,11.9
David,Brown,SA07276,4873681,GOLZEN VENTURES,12,NA,NOVA,MAINTENANCE,NO_TS_NA,88.1
Jennifer,Smith,LZ38379,1985679,INOVA GROUP,12,LATAM MENA,PHOENIX,SUPPORT,9KDEIDDKZVDM1XW,6.4
Jennifer,Smith,LZ38379,1985679,INOVA GROUP,12,APAC,PHOENIX,SUPPORT,NO_TS_APAC,93.6
Michelle,Jones,ZF09411,1845546,GOLZEN SYSTEMS,12,APAC AFRICA,VERTEX,MAINTENANCE,IL64Y10XIOPPPMB,4.46
Emily,Harper,DF61497,8141158,GOLZEN DYNAMICS,12,APAC MENA,QUANTUM,FORFAIT,9K9UBAJV6FB0EEG,7.29
Emily,Harper,DF61497,8141158,GOLZEN DYNAMICS,12,LATAM,QUANTUM,FORFAIT,NO_TS_LATAM,92.71
Theresa,Davidson,OQ42323,7449521,LUMEX DIGITAL,12,EMEA AMERICA,ORBIT,MAINTENANCE,MUXHOMOW0RPLKQQ,9.52
Theresa,Davidson,OQ42323,7449521,LUMEX DIGITAL,12,LATAM,ORBIT,MAINTENANCE,NO_TS_LATAM,90.48
Brandon,Lambert,YI68660,1085090,HYRION DIGITAL,12,EMEA ASIA,VERTEX,MAINTENANCE,1B6CCZZ6D4864X7,12.02
Brandon,Lambert,YI68660,1085090,HYRION DIGITAL,12,CONT,VERTEX,MAINTENANCE,NO_TS_CONT,87.98
Brittney,Kim,YZ55269,1026557,BRYTON SYSTEMS,12,APAC AFRICA,STELLAR,RPS,PBYHTR2S0CEWZBD,7.44
Brittney,Kim,YZ55269,1026557,BRYTON SYSTEMS,12,NA,STELLAR,RPS,NO_TS_NA,92.56
Cody,Bradshaw,LD94698,4283743,FORVEX GROUP,12,NA ASIA,VERTEX,MAINTENANCE,NFIRPQ82G299ZM5,11.9
Michael,Webster,CH11095,6041209,HYRION CONSULTING,12,EMEA AFRICA,ATLAS,RPS,QD5HPPGW01D80Y4,5.95
Lacey,Johnson,GB53612,3729477,FORVEX SYSTEMS,12,LATAM AFRICA,NOVA,MAINTENANCE,LVC9HC8XPVGP9QR,8.93
Lacey,Johnson,GB53612,3729477,FORVEX SYSTEMS,12,APAC,NOVA,MAINTENANCE,NO_TS_APAC,91.07
John,Roach,PV27365,4351703,BRYTON DYNAMICS,12,APAC AMERICA,PHOENIX,RPS,BY8ERUXLKFA5B1M,11.01
John,Roach,PV27365,4351703,BRYTON DYNAMICS,12,MEA,PHOENIX,RPS,NO_TS_MEA,88.99
Tammy,Jones,HK13474,7709852,CENVEO GROUP,12,LATAM AFRICA,ORBIT,SUPPORT,KC3XREREBV6VVOK,12.35
Tammy,Jones,HK13474,7709852,CENVEO GROUP,12,MEA,ORBIT,SUPPORT,NO_TS_MEA,87.65
Matthew,Santiago,PQ69248,5178236,BRYTON DIGITAL,12,EMEA OCEANIA,NOVA,MAINTENANCE,UAR98K4PWCOWAG6,11.9
Matthew,Santiago,PQ69248,5178236,BRYTON DIGITAL,12,EMEA,NOVA,MAINTENANCE,NO_TS_EMEA,88.1
Erin,Garcia,FI09213,9438742,INOVA SYSTEMS,12,APAC ASIA,QUANTUM,RPS,Y12WGIAYMZPEAC2,11.9
Erin,Garcia,FI09213,9438742,INOVA SYSTEMS,12,NA,QUANTUM,RPS,NO_TS_NA,88.1
Emily,Curtis,HJ90271,6411070,HYRION TECH,12,NA EUROPE,NEXUS,REGIE,9TA4K50V8L6JOJU,11.9
Emily,Curtis,HJ90271,6411070,HYRION TECH,12,MEA,NEXUS,REGIE,NO_TS_MEA,88.1
Ryan,Thornton,KB48876,5514215,ALCOR CONSULTING,12,APAC AMERICA,PULSE,FORFAIT,EK1ALQIMAW1G7SF,8.63
Ryan,Thornton,KB48876,5514215,ALCOR CONSULTING,12,APAC,PULSE,FORFAIT,NO_TS_APAC,91.37
Brian,Webb,BP57142,4700706,ALCOR VENTURES,12,MEA AFRICA,VERTEX,SUPPORT,UOXP72QR6ZZBRBR,8.93
Jesse,Wright,CK28941,3163451,DELVO SOLUTIONS,12,LATAM MENA,PULSE,REGIE,80BRN8O7FM77ASW,6.55
Walter,Page,GL34004,1392449,HYRION VENTURES,12,NA AMERICA,ORBIT,RPS,CY80BSQMJAJ2GQH,9.52
Walter,Page,GL34004,1392449,HYRION VENTURES,12,CONT,ORBIT,RPS,NO_TS_CONT,90.48
David,Walker,LC66447,6937469,DELVO DYNAMICS,12,MEA AFRICA,ATLAS,RPS,QTY7KBGQMIMI3OQ,9.52
Richard,Casey,JK60895,1731673,JALVIK CONSULTING,12,NA EUROPE,ORBIT,SUPPORT,42DNV5V20MFIPQL,9.52
Erik,Parsons,FV87864,5391393,CENVEO GROUP,12,NA ASIA,ATLAS,MAINTENANCE,7I1ZXSQI51A1K4X,10.71
Charles,Simpson,ZH19255,1337618,KESTRA GROUP,12,EMEA EUROPE,ORBIT,SUPPORT,EW8H9YPVX5E4R57,11.9
Charles,Simpson,ZH19255,1337618,KESTRA GROUP,12,MEA,ORBIT,SUPPORT,NO_TS_MEA,88.1
Richard,Sutton,MX20367,2415549,GOLZEN SOLUTIONS,12,APAC OCEANIA,NOVA,MAINTENANCE,2NO1KZU6VBOIFNE,8.33
Kimberly,Perez,KN83585,5416783,BRYTON DIGITAL,12,MEA AMERICA,PHOENIX,RPS,5BN81NKBJNS349A,9.82
Kimberly,Perez,KN83585,5416783,BRYTON DIGITAL,12,APAC,PHOENIX,RPS,NO_TS_APAC,90.18
Jesse,Barron,IQ16980,9862463,CENVEO GLOBAL,12,NA MENA,VERTEX,REGIE,G50OKQTBFZXA1L2,10.12
Jesse,Ochoa,ZZ78657,1281667,FORVEX TECH,12,NA MENA,STELLAR,MAINTENANCE,O1J17KL579HK3AL,10.12
Jesse,Ochoa,ZZ78657,1281667,FORVEX TECH,12,LATAM,STELLAR,MAINTENANCE,NO_TS_LATAM,89.88
Sonya,Whitney,BU04592,1048680,GOLZEN GLOBAL,12,LATAM EUROPE,ORBIT,MAINTENANCE,R5VLXZU3KQYVV0V,11.01
Sonya,Whitney,BU04592,1048680,GOLZEN GLOBAL,12,APAC,ORBIT,MAINTENANCE,NO_TS_APAC,88.99
Matthew,Glass,KA45637,3116123,ETHOS TECH,12,EMEA EUROPE,PULSE,REGIE,QUP5EYDC38YQHMC,8.93
Matthew,Glass,KA45637,3116123,ETHOS TECH,12,MEA,PULSE,REGIE,NO_TS_MEA,91.07
Thomas,Frey,SE47337,6178485,HYRION TECH,12,CONT EUROPE,PULSE,MAINTENANCE,CAW4HXUIMBB63OK,10.71
Thomas,Frey,SE47337,6178485,HYRION TECH,12,MEA,PULSE,MAINTENANCE,NO_TS_MEA,89.29
Beth,Norman,AZ98557,5690163,KESTRA SOLUTIONS,12,MEA EUROPE,VERTEX,FORFAIT,49B9SOHJ724304S,8.63
Jason,Diaz,CV59345,6639797,JALVIK DYNAMICS,12,NA MENA,PHOENIX,REGIE,DO9TN4M991Y5GAM,11.31
Jason,Diaz,CV59345,6639797,JALVIK DYNAMICS,12,EMEA,PHOENIX,REGIE,NO_TS_EMEA,88.69
Erica,Wilson,HP56608,7103600,ALCOR CONSULTING,12,APAC ASIA,PHOENIX,MAINTENANCE,RQMAI49SVBG7XI1,12.05
Erica,Wilson,HP56608,7103600,ALCOR CONSULTING,12,MEA,PHOENIX,MAINTENANCE,NO_TS_MEA,87.95
Kaitlyn,Johnson,EG82867,7352580,DELVO SOLUTIONS,12,APAC MENA,PHOENIX,MAINTENANCE,ANHCT151HVW5GX7,9.52
John,Browning,JG37858,3739973,DELVO DYNAMICS,12,CONT AMERICA,ATLAS,RPS,I46O3W1F1CEE3AX,12.2
Eric,Hartman,BR22504,1764503,KESTRA DIGITAL,12,NA AFRICA,STELLAR,REGIE,OOGE77AWSOA730E,9.97
Eric,Hartman,BR22504,1764503,KESTRA DIGITAL,12,EMEA,STELLAR,REGIE,NO_TS_EMEA,90.03
Benjamin,Day,IT72651,2175640,LUMEX SOLUTIONS,12,APAC ASIA,QUANTUM,MAINTENANCE,9NS2AIL4LRN2D5C,5.36
Benjamin,Day,IT72651,2175640,LUMEX SOLUTIONS,12,CONT,QUANTUM,MAINTENANCE,NO_TS_CONT,94.64
Jon,Golden,DJ15213,6962165,DELVO SYSTEMS,12,LATAM AMERICA,NOVA,REGIE,WYX52IPUGVBMNC9,5.06
Jon,Golden,DJ15213,6962165,DELVO SYSTEMS,12,LATAM,NOVA,REGIE,NO_TS_LATAM,94.94
Lisa,Mills,MX19377,1614338,GOLZEN GROUP,12,APAC AFRICA,NOVA,RPS,4XMTKZP1VPYPGWV,9.82
Lisa,Mills,MX19377,1614338,GOLZEN GROUP,12,MEA,NOVA,RPS,NO_TS_MEA,90.18
Mark,Cohen,DY06975,7805485,LUMEX DYNAMICS,12,NA OCEANIA,QUANTUM,REGIE,RM6WCM4D1CXY4TA,9.52
Patricia,Macdonald,PJ17628,2146768,INOVA DIGITAL,12,MEA ASIA,QUANTUM,SUPPORT,4MXKQ8JLVQZHU13,5.06
Patricia,Macdonald,PJ17628,2146768,INOVA DIGITAL,12,APAC,QUANTUM,SUPPORT,NO_TS_APAC,94.94
Tiffany,Garcia,JN01838,6727645,CENVEO DYNAMICS,12,CONT AMERICA,NEXUS,REGIE,VMBMYRC6GFAKUNK,7.44
Tiffany,Garcia,JN01838,6727645,CENVEO DYNAMICS,12,CONT,NEXUS,REGIE,NO_TS_CONT,92.56
Robert,Clark,DY29615,3088154,HYRION DIGITAL,12,APAC MENA,ATLAS,REGIE,C0KE61UPBN89M3Y,9.67
Robert,Clark,DY29615,3088154,HYRION DIGITAL,12,APAC,ATLAS,REGIE,NO_TS_APAC,90.33
Sarah,Green,OG11676,9338751,LUMEX SOLUTIONS,12,NA EUROPE,PHOENIX,MAINTENANCE,DIII3J1G0FUV8K7,9.52
Sarah,Green,OG11676,9338751,LUMEX SOLUTIONS,12,APAC,PHOENIX,MAINTENANCE,NO_TS_APAC,90.48
Reginald,Powell,VO52918,6780351,ALCOR VENTURES,12,EMEA OCEANIA,VERTEX,RPS,HP4DTUD1RA1715E,9.23
Jennifer,Martin,AT23743,8898912,BRYTON SOLUTIONS,12,CONT AFRICA,NEXUS,RPS,SWM3Y9PQ1JYNVXW,9.52
Jennifer,Martin,AT23743,8898912,BRYTON SOLUTIONS,12,LATAM,NEXUS,RPS,NO_TS_LATAM,90.48
Jennifer,Morrow,SE72324,8276538,HYRION TECH,12,EMEA ASIA,QUANTUM,REGIE,CLGVZZQCVJ1XXNG,9.52
Russell,Williamson,DG39476,5525321,ALCOR GROUP,12,CONT MENA,QUANTUM,MAINTENANCE,LSDDY37W30O336B,9.52
Russell,Williamson,DG39476,5525321,ALCOR GROUP,12,EMEA,QUANTUM,MAINTENANCE,NO_TS_EMEA,90.48
Michael,Clark,MZ07978,3880797,JALVIK GROUP,12,APAC ASIA,ORBIT,RPS,0TAQ1C1JXEILK4R,7.44
Michael,Clark,MZ07978,3880797,JALVIK GROUP,12,NA,ORBIT,RPS,NO_TS_NA,92.56
Luis,Larsen,QQ88533,4889584,JALVIK CONSULTING,12,NA AFRICA,PHOENIX,RPS,U9AMLD9TBVGMVOA,8.93
Luis,Larsen,QQ88533,4889584,JALVIK CONSULTING,12,LATAM,PHOENIX,RPS,NO_TS_LATAM,91.07
Nicholas,Williams,PY62768,9409580,FORVEX SYSTEMS,12,LATAM ASIA,STELLAR,MAINTENANCE,G5R9SRBV2IS48KG,6.85
Nicholas,Williams,PY62768,9409580,FORVEX SYSTEMS,12,LATAM,STELLAR,MAINTENANCE,NO_TS_LATAM,93.15
John,Bowen,EB44734,5460472,BRYTON GROUP,12,LATAM MENA,PULSE,REGIE,KI6LUY0T9B6PBN2,9.82
John,Bowen,EB44734,5460472,BRYTON GROUP,12,APAC,PULSE,REGIE,NO_TS_APAC,90.18
Zachary,White,GZ21100,1191963,ALCOR VENTURES,12,NA ASIA,NEXUS,SUPPORT,AQ9KD2JSMSLAR4Z,6.4
Zachary,White,GZ21100,1191963,ALCOR VENTURES,12,MEA,NEXUS,SUPPORT,NO_TS_MEA,93.6
Michael,Rivera,AY84683,8887356,ALCOR CONSULTING,12,LATAM ASIA,NEXUS,SUPPORT,THVLF7U0V9G3JB5,11.9
Michael,Rivera,AY84683,8887356,ALCOR CONSULTING,12,APAC,NEXUS,SUPPORT,NO_TS_APAC,88.1
Kenneth,Deleon,RB09024,1021241,LUMEX SYSTEMS,12,LATAM ASIA,PHOENIX,MAINTENANCE,4MMC4HB204TQO4U,7.44
Kenneth,Deleon,RB09024,1021241,LUMEX SYSTEMS,12,NA,PHOENIX,MAINTENANCE,NO_TS_NA,92.56
Kim,Reilly,CK52617,6687114,GOLZEN GROUP,12,APAC AMERICA,STELLAR,SUPPORT,UED8R43PJ8EQ3ES,9.52
Kim,Reilly,CK52617,6687114,GOLZEN GROUP,12,APAC,STELLAR,SUPPORT,NO_TS_APAC,90.48
Joshua,Greer,FU85761,1612581,BRYTON SYSTEMS,12,CONT EUROPE,VERTEX,MAINTENANCE,QLYKFRJJY34IHNK,10.12
Joshua,Greer,FU85761,1612581,BRYTON SYSTEMS,12,APAC,VERTEX,MAINTENANCE,NO_TS_APAC,89.88
Gary,Wells,NI36882,6421586,ALCOR DYNAMICS,12,MEA ASIA,PULSE,FORFAIT,ZP63I3GDVICHO1G,10.71
Gary,Wells,NI36882,6421586,ALCOR DYNAMICS,12,LATAM,PULSE,FORFAIT,NO_TS_LATAM,89.29
Todd,Gray,OR93237,6713039,CENVEO DYNAMICS,12,LATAM AFRICA,PULSE,MAINTENANCE,L02ALT7ZOTVK0XO,6.25
Todd,Gray,OR93237,6713039,CENVEO DYNAMICS,12,NA,PULSE,MAINTENANCE,NO_TS_NA,93.75
Christian,Gallegos,OR56326,5919768,INOVA CONSULTING,12,CONT AFRICA,PHOENIX,RPS,76XBP3MK3JBOY2Y,11.9
Christian,Gallegos,OR56326,5919768,INOVA CONSULTING,12,EMEA,PHOENIX,RPS,NO_TS_EMEA,88.1
Paula,Rodgers,YO28827,9950911,ETHOS TECH,12,MEA ASIA,NOVA,REGIE,B6L8XEQA75N43CP,7.29
Paula,Rodgers,YO28827,9950911,ETHOS TECH,12,MEA,NOVA,REGIE,NO_TS_MEA,92.71
Brittany,Patel,RT21518,5421219,LUMEX DIGITAL,12,LATAM MENA,STELLAR,REGIE,F9KNJXV0DJWXA5C,8.93
Brittany,Patel,RT21518,5421219,LUMEX DIGITAL,12,APAC,STELLAR,REGIE,NO_TS_APAC,91.07
Zachary,Bailey,WE44867,7760945,KESTRA SYSTEMS,12,EMEA EUROPE,ATLAS,SUPPORT,MJEU318BO7PJ636,8.63
Zachary,Bailey,WE44867,7760945,KESTRA SYSTEMS,12,CONT,ATLAS,SUPPORT,NO_TS_CONT,91.37
Katherine,Banks,FL14901,9378470,GOLZEN VENTURES,12,CONT ASIA,PULSE,SUPPORT,HM30XJM8K3MJWSI,10.12
Katherine,Banks,FL14901,9378470,GOLZEN VENTURES,12,NA,PULSE,SUPPORT,NO_TS_NA,89.88
Donna,Thomas,FV91086,7823423,FORVEX DIGITAL,12,LATAM ASIA,ATLAS,REGIE,7AF8XX4CR5IGMH9,11.9
Donna,Thomas,FV91086,7823423,FORVEX DIGITAL,12,NA,ATLAS,REGIE,NO_TS_NA,88.1
Ashley,Thompson,DM11190,8497687,ETHOS DYNAMICS,12,NA ASIA,ORBIT,FORFAIT,IDUEJR2NAOVVN0O,11.61
Richard,Farmer,SL36674,9899693,JALVIK GLOBAL,12,EMEA MENA,ATLAS,FORFAIT,PSW9NAA6RIAQS7J,9.52
Richard,Farmer,SL36674,9899693,JALVIK GLOBAL,12,NA,ATLAS,FORFAIT,NO_TS_NA,90.48
William,Hughes,HG20161,2876781,ETHOS SOLUTIONS,12,NA OCEANIA,STELLAR,SUPPORT,187O4ODCR9Z1FJS,13.67
William,Smith,VR84943,5605743,FORVEX TECH,12,CONT EUROPE,QUANTUM,RPS,TEFNP02AZGZTHR5,9.82
Jennifer,Hunter,JF75184,5023680,KESTRA GROUP,12,NA ASIA,STELLAR,REGIE,U0AZKYFY4WKVVW5,11.9
Julie,Adams,LG51061,2921667,LUMEX CONSULTING,12,NA MENA,ATLAS,FORFAIT,7ZVK41AFOU1FDXD,12.02
Julie,Adams,LG51061,2921667,LUMEX CONSULTING,12,CONT,ATLAS,FORFAIT,NO_TS_CONT,87.98
Jennifer,Bean,MH15320,5456320,ETHOS VENTURES,12,NA EUROPE,PHOENIX,FORFAIT,PM8KPVPKI3R43D4,9.52
Jennifer,Bean,MH15320,5456320,ETHOS VENTURES,12,LATAM,PHOENIX,FORFAIT,NO_TS_LATAM,90.48
Michael,Miller,ZK42741,5173364,JALVIK CONSULTING,12,CONT OCEANIA,VERTEX,RPS,6MIUJAI7N08UV84,11.9
Michael,Miller,ZK42741,5173364,JALVIK CONSULTING,12,EMEA,VERTEX,RPS,NO_TS_EMEA,88.1
Wendy,Brady,TJ11642,3160527,DELVO GLOBAL,12,LATAM MENA,STELLAR,MAINTENANCE,575P5BEOKWA82TR,8.63
Wendy,Brady,TJ11642,3160527,DELVO GLOBAL,12,CONT,STELLAR,MAINTENANCE,NO_TS_CONT,91.37
Bradley,Smith,RQ30146,8166666,FORVEX TECH,12,LATAM AFRICA,NOVA,RPS,GA64LLG74MZSAL8,11.9
Michael,Woodward,AP05384,5480199,INOVA DIGITAL,12,NA MENA,QUANTUM,RPS,KY90HN1YNB57YSX,11.9
Michael,Woodward,AP05384,5480199,INOVA DIGITAL,12,CONT,QUANTUM,RPS,NO_TS_CONT,88.1
Sarah,Wolfe,YR97651,8681384,ETHOS CONSULTING,12,APAC OCEANIA,QUANTUM,RPS,LA9TPANV9LFWR4O,11.31
Mark,Gibson,PR23198,9990756,CENVEO TECH,12,APAC OCEANIA,PHOENIX,MAINTENANCE,5LD7EQTTXW3OZKR,8.33
Mark,Gibson,PR23198,9990756,CENVEO TECH,12,MEA,PHOENIX,MAINTENANCE,NO_TS_MEA,91.67
Tanya,Bennett,AO40370,8873946,BRYTON SOLUTIONS,12,NA AFRICA,STELLAR,RPS,EEWB11TRV5NDSPH,9.52
Tanya,Bennett,AO40370,8873946,BRYTON SOLUTIONS,12,NA,STELLAR,RPS,NO_TS_NA,90.48
Michael,Estrada,DX40600,8530333,FORVEX VENTURES,12,NA OCEANIA,STELLAR,REGIE,IDS1AZQWYYP4E9U,14.29
Michael,Estrada,DX40600,8530333,FORVEX VENTURES,12,CONT,STELLAR,REGIE,NO_TS_CONT,85.71
John,Chapman,IC76236,2415548,JALVIK DYNAMICS,12,EMEA AMERICA,NEXUS,MAINTENANCE,QAP559DL4J3FBVE,9.52
John,Chapman,IC76236,2415548,JALVIK DYNAMICS,12,NA,NEXUS,MAINTENANCE,NO_TS_NA,90.48
Krista,Fletcher,QI98615,9259236,INOVA TECH,12,EMEA AMERICA,STELLAR,RPS,IZHGQYC2KWFD3KR,11.9
Krista,Fletcher,QI98615,9259236,INOVA TECH,12,MEA,STELLAR,RPS,NO_TS_MEA,88.1
Jeremy,Crosby,OB77500,5124876,ETHOS TECH,12,MEA EUROPE,PULSE,MAINTENANCE,VZLC6OJURF5AN2G,9.52
Jeremy,Crosby,OB77500,5124876,ETHOS TECH,12,NA,PULSE,MAINTENANCE,NO_TS_NA,90.48
Christine,Flores,VM41773,2584442,ETHOS DIGITAL,12,EMEA ASIA,NEXUS,FORFAIT,1YRY9EYWEBF5ZY6,11.9
Stephanie,Chapman,CM57939,3378339,ALCOR SOLUTIONS,12,LATAM AFRICA,QUANTUM,MAINTENANCE,1EW1U49QQTBDJRR,9.82
Kristen,Davis,UM83380,1172242,HYRION SYSTEMS,12,APAC EUROPE,ORBIT,MAINTENANCE,04L4S9T4QJV2H4R,9.52
Kristen,Davis,UM83380,1172242,HYRION SYSTEMS,12,MEA,ORBIT,MAINTENANCE,NO_TS_MEA,90.48
Latasha,Chen,RS84032,1753782,ETHOS CONSULTING,12,NA EUROPE,STELLAR,RPS,05YB7OH7R0CJU0E,8.33
Latasha,Chen,RS84032,1753782,ETHOS CONSULTING,12,MEA,STELLAR,RPS,NO_TS_MEA,91.67
Toni,Walter,HY53083,9476920,DELVO GLOBAL,12,NA AMERICA,QUANTUM,REGIE,3G3QOZDHLSCEAZQ,8.18
Toni,Walter,HY53083,9476920,DELVO GLOBAL,12,MEA,QUANTUM,REGIE,NO_TS_MEA,91.82
Kathryn,Nelson,BL16086,6583562,INOVA CONSULTING,12,LATAM MENA,NOVA,RPS,MY1JIHBZIK2OY3Z,9.52
Kathryn,Nelson,BL16086,6583562,INOVA CONSULTING,12,MEA,NOVA,RPS,NO_TS_MEA,90.48
Jessica,Johnson,ZL55527,2271027,JALVIK CONSULTING,12,APAC ASIA,PULSE,SUPPORT,VIGCMX3U0VV6DNX,8.48
Jessica,Johnson,ZL55527,2271027,JALVIK CONSULTING,12,LATAM,PULSE,SUPPORT,NO_TS_LATAM,91.52
Andrew,Ferguson,CU95774,6629976,GOLZEN CONSULTING,12,MEA OCEANIA,ATLAS,RPS,FOIQ053290HMMJ0,9.52
Andrew,Ferguson,CU95774,6629976,GOLZEN CONSULTING,12,MEA,ATLAS,RPS,NO_TS_MEA,90.48
Jason,Gonzalez,CZ14294,3292047,KESTRA GLOBAL,12,MEA AFRICA,QUANTUM,SUPPORT,BMVQ4UX47Z8RIDJ,11.9
Lauren,Shelton,FH19368,7619725,DELVO GROUP,12,EMEA ASIA,PHOENIX,REGIE,ZGSLPT2BBM87XV9,11.9
Lauren,Shelton,FH19368,7619725,DELVO GROUP,12,NA,PHOENIX,REGIE,NO_TS_NA,88.1
Curtis,Grimes,FF35726,4605026,JALVIK SOLUTIONS,12,CONT EUROPE,NEXUS,FORFAIT,N2TUDAHOCM79JH8,9.52
Curtis,Grimes,FF35726,4605026,JALVIK SOLUTIONS,12,NA,NEXUS,FORFAIT,NO_TS_NA,90.48
Michelle,Ibarra,LN68334,9703479,ALCOR GLOBAL,12,CONT AMERICA,PHOENIX,SUPPORT,AGN9TN51IALX3Z6,7.14
Michelle,Ibarra,LN68334,9703479,ALCOR GLOBAL,12,APAC,PHOENIX,SUPPORT,NO_TS_APAC,92.86
Thomas,Jackson,KJ59050,6472415,ETHOS DYNAMICS,12,CONT MENA,PHOENIX,SUPPORT,CZPMWRNLAGB8SN2,40.63
Aaron,Harris,TV12870,8661025,JALVIK CONSULTING,12,APAC MENA,PHOENIX,REGIE,S50VPONKUYWO3Y4,4.32
James,Carlson,JO49358,7853307,JALVIK TECH,12,MEA EUROPE,VERTEX,FORFAIT,4Y5LEA07Y821ND1,12.5
Bonnie,Carpenter,IQ62000,1259293,DELVO GLOBAL,12,APAC AMERICA,ORBIT,MAINTENANCE,M5238CHQFWF26LH,10.42
Stephanie,Ward,QC72623,6734429,DELVO SOLUTIONS,12,MEA MENA,QUANTUM,SUPPORT,7QOJYE5160AQAWE,9.52
Stephanie,Ward,QC72623,6734429,DELVO SOLUTIONS,12,CONT,QUANTUM,SUPPORT,NO_TS_CONT,90.48
Gregory,Myers,XW50699,2270883,BRYTON TECH,12,EMEA MENA,NOVA,RPS,XY505CW72RO2QMZ,9.52
Amy,Hill,JC32405,6212576,KESTRA TECH,12,MEA OCEANIA,NEXUS,RPS,I1N7XKYO72NIQCL,10.42
Amy,Hill,JC32405,6212576,KESTRA TECH,12,EMEA,NEXUS,RPS,NO_TS_EMEA,89.58
Steven,Francis,LD58926,5518486,KESTRA SOLUTIONS,12,APAC ASIA,ATLAS,MAINTENANCE,LJI145SCCG4JD5U,7.14
Steven,Francis,LD58926,5518486,KESTRA SOLUTIONS,12,LATAM,ATLAS,MAINTENANCE,NO_TS_LATAM,92.86
Cameron,Price,ZV30067,8609295,BRYTON VENTURES,12,CONT AFRICA,ORBIT,REGIE,K1S2A25CQ0G1ETA,11.9
Cameron,Price,ZV30067,8609295,BRYTON VENTURES,12,NA,ORBIT,REGIE,NO_TS_NA,88.1
Frank,Adams,RO94596,4087850,KESTRA GROUP,12,EMEA MENA,ATLAS,RPS,HG4HRVPYM6GSY30,10.12
Tina,Watson,MM90508,8577758,GOLZEN SOLUTIONS,12,CONT AMERICA,NEXUS,FORFAIT,2V011A3K5YAS7HE,5.36
Tina,Watson,MM90508,8577758,GOLZEN SOLUTIONS,12,LATAM,NEXUS,FORFAIT,NO_TS_LATAM,94.64
Mitchell,Shelton,BT82762,2972096,FORVEX GROUP,12,APAC ASIA,NEXUS,MAINTENANCE,6CZ4BT5DDZH3XRB,10.12
Jeanette,Shaw,ZM19159,8680063,DELVO GLOBAL,12,LATAM AMERICA,ATLAS,FORFAIT,6WM883FXTT4XDZP,11.01
Jeanette,Shaw,ZM19159,8680063,DELVO GLOBAL,12,NA,ATLAS,FORFAIT,NO_TS_NA,88.99
John,Pittman,DT52073,1328858,BRYTON SYSTEMS,12,MEA OCEANIA,VERTEX,SUPPORT,26F5I1T7N571K4V,10.71
John,Pittman,DT52073,1328858,BRYTON SYSTEMS,12,EMEA,VERTEX,SUPPORT,NO_TS_EMEA,89.29
Elizabeth,Galvan,BI31837,3609223,ALCOR DYNAMICS,12,CONT AMERICA,PHOENIX,REGIE,POF14DG5VY03654,12.8
Elizabeth,Galvan,BI31837,3609223,ALCOR DYNAMICS,12,CONT,PHOENIX,REGIE,NO_TS_CONT,87.2
Christopher,Sullivan,ZH02420,1037002,BRYTON SYSTEMS,12,APAC EUROPE,ATLAS,REGIE,58IF3E5DOZFACJC,9.52
Christopher,Sullivan,ZH02420,1037002,BRYTON SYSTEMS,12,LATAM,ATLAS,REGIE,NO_TS_LATAM,90.48
Kenneth,Perez,GX15275,1274651,FORVEX SYSTEMS,12,CONT AFRICA,NOVA,MAINTENANCE,CYZ7MOJ4QZ10C6T,10.12
Michael,Chan,WC54199,4988330,ETHOS VENTURES,12,NA EUROPE,PHOENIX,REGIE,SDVK6UW9P8MCRC4,7.44
Michael,Chan,WC54199,4988330,ETHOS VENTURES,12,MEA,PHOENIX,REGIE,NO_TS_MEA,92.56
Mark,Hernandez,TI20227,4931700,CENVEO CONSULTING,12,NA ASIA,PULSE,REGIE,C74LSYZTNSHVZYK,10.71
Mark,Hernandez,TI20227,4931700,CENVEO CONSULTING,12,NA,PULSE,REGIE,NO_TS_NA,89.29
Michael,Rhodes,JE64909,2275787,ALCOR DIGITAL,12,EMEA AMERICA,VERTEX,FORFAIT,E87WXDRZJFX9Z2D,8.63
Laura,Smith,EQ52878,1203552,GOLZEN GLOBAL,12,CONT EUROPE,STELLAR,MAINTENANCE,JQX441QH9LUD6YF,7.29
Laura,Smith,EQ52878,1203552,GOLZEN GLOBAL,12,NA,STELLAR,MAINTENANCE,NO_TS_NA,92.71
Christopher,Smith,DR54360,5536086,ETHOS TECH,12,EMEA EUROPE,NEXUS,RPS,UOKV0664P5IZWHU,8.33
Christopher,Smith,DR54360,5536086,ETHOS TECH,12,APAC,NEXUS,RPS,NO_TS_APAC,91.67
Lynn,Johnson,WR13180,4312637,GOLZEN CONSULTING,12,APAC ASIA,ATLAS,MAINTENANCE,R48NFSUJ9FZPNMI,9.23
Lynn,Johnson,WR13180,4312637,GOLZEN CONSULTING,12,MEA,ATLAS,MAINTENANCE,NO_TS_MEA,90.77
Aaron,White,AJ20264,2545405,JALVIK DIGITAL,12,LATAM OCEANIA,NOVA,FORFAIT,2L4FNWZSCX92SOH,9.82
Aaron,White,AJ20264,2545405,JALVIK DIGITAL,12,MEA,NOVA,FORFAIT,NO_TS_MEA,90.18
Jeremiah,Hill,DI01351,7142526,JALVIK GLOBAL,12,MEA MENA,ORBIT,REGIE,11C8OPJXNIXTD3D,8.33
Jeremiah,Hill,DI01351,7142526,JALVIK GLOBAL,12,MEA,ORBIT,REGIE,NO_TS_MEA,91.67
Joseph,Thomas,US31148,9562933,JALVIK TECH,12,NA EUROPE,NEXUS,MAINTENANCE,6OFYV601X02NDD8,9.82
Joseph,Thomas,US31148,9562933,JALVIK TECH,12,EMEA,NEXUS,MAINTENANCE,NO_TS_EMEA,90.18
Jennifer,Gentry,NC27691,3541361,KESTRA DIGITAL,12,CONT AMERICA,ORBIT,MAINTENANCE,W9SJQZH7MKUI47H,9.52
Amanda,Duke,XT24570,9746898,ALCOR GLOBAL,12,EMEA MENA,VERTEX,SUPPORT,3K1F7P2XLWS5O8C,14.29
Grant,Brown,YH34222,5608834,ETHOS VENTURES,12,LATAM AMERICA,VERTEX,REGIE,BXKGMIDCJ9URJA6,9.82
Justin,Zimmerman,KY45831,4971285,ETHOS SOLUTIONS,12,APAC AMERICA,STELLAR,SUPPORT,QZNKNEZ4K61CLFT,10.42
Brittany,Lane,LS14421,3020466,KESTRA SYSTEMS,12,EMEA OCEANIA,ORBIT,FORFAIT,6CC4OC5MLFH3QAI,11.9
Brittany,Lane,LS14421,3020466,KESTRA SYSTEMS,12,EMEA,ORBIT,FORFAIT,NO_TS_EMEA,88.1
Mark,Smith,UE60921,8794142,KESTRA TECH,12,CONT MENA,ATLAS,MAINTENANCE,0SZBQ5J30JXV470,8.93
Mark,Smith,UE60921,8794142,KESTRA TECH,12,MEA,ATLAS,MAINTENANCE,NO_TS_MEA,91.07
Elizabeth,Webster,EG49447,8831054,DELVO CONSULTING,12,CONT AMERICA,STELLAR,RPS,XK2JO8V0E3M23YZ,9.52
Elizabeth,Webster,EG49447,8831054,DELVO CONSULTING,12,LATAM,STELLAR,RPS,NO_TS_LATAM,90.48
Michelle,Stein,BT31127,8010140,DELVO DIGITAL,12,LATAM AMERICA,NOVA,REGIE,M81AV3N2FT34UN3,8.04
Julia,Thomas,VT80023,6920475,JALVIK DYNAMICS,12,LATAM EUROPE,PULSE,FORFAIT,SN179J0MF8ALUQH,7.29
Julia,Thomas,VT80023,6920475,JALVIK DYNAMICS,12,CONT,PULSE,FORFAIT,NO_TS_CONT,92.71
John,Gonzales,AK65085,7038096,BRYTON GROUP,12,APAC EUROPE,QUANTUM,RPS,J79ZILEG300CPZF,10.12
Janice,Allen,ZX73260,9731391,CENVEO CONSULTING,12,NA AFRICA,VERTEX,REGIE,SF2XKYBB7D49VS6,9.52
Janice,Allen,ZX73260,9731391,CENVEO CONSULTING,12,CONT,VERTEX,REGIE,NO_TS_CONT,90.48
Christopher,Anderson,IS24227,8737686,KESTRA SOLUTIONS,12,CONT AMERICA,QUANTUM,MAINTENANCE,H30BYERD2IW0FXE,16.52
Christopher,Anderson,IS24227,8737686,KESTRA SOLUTIONS,12,EMEA,QUANTUM,MAINTENANCE,NO_TS_EMEA,83.48
Carol,Mathews,MJ69256,2232434,HYRION DYNAMICS,12,LATAM AFRICA,NOVA,MAINTENANCE,PPL1QXUFFUC503T,12.2
Anita,Strickland,IZ24210,1577076,ALCOR SYSTEMS,12,APAC AFRICA,VERTEX,RPS,WX25QQLZ0FVEDQP,7.74
David,Dickson,LR68729,6707384,LUMEX GLOBAL,12,CONT MENA,STELLAR,RPS,NXB8H1WPA7TFUD9,8.33
Martin,Baker,IB43185,6303150,BRYTON GLOBAL,12,NA MENA,QUANTUM,REGIE,PSBEZPZ6WKC0QT1,11.9
Martin,Baker,IB43185,6303150,BRYTON GLOBAL,12,NA,QUANTUM,REGIE,NO_TS_NA,88.1
Donald,Peterson,MU49801,3131815,BRYTON CONSULTING,12,CONT ASIA,ATLAS,SUPPORT,0CE2DRMZQHLR7MV,9.52
Donald,Peterson,MU49801,3131815,BRYTON CONSULTING,12,CONT,ATLAS,SUPPORT,NO_TS_CONT,90.48
Lauren,Stewart,II37710,4438178,BRYTON GROUP,12,EMEA AFRICA,NOVA,MAINTENANCE,5DO396F79KM99QR,11.9
Brittany,Scott,ZE87598,1482813,ETHOS DYNAMICS,12,LATAM AMERICA,NOVA,RPS,O351FHYC8CYD406,9.52
Brittany,Scott,ZE87598,1482813,ETHOS DYNAMICS,12,APAC,NOVA,RPS,NO_TS_APAC,90.48
Alexis,Morrison,VD97863,8444986,CENVEO GLOBAL,12,EMEA AMERICA,STELLAR,REGIE,J7W2P8H5OUZCJTY,11.9
Amanda,Andrade,RW95393,1689447,INOVA TECH,12,EMEA AFRICA,STELLAR,SUPPORT,EQGTOKW7WARXEFK,9.52
Amanda,Andrade,RW95393,1689447,INOVA TECH,12,EMEA,STELLAR,SUPPORT,NO_TS_EMEA,90.48
Alec,Wyatt,YU04003,9009887,ETHOS VENTURES,12,APAC MENA,NEXUS,RPS,OSSKSYNEY8XM7E1,7.14
Alec,Wyatt,YU04003,9009887,ETHOS VENTURES,12,CONT,NEXUS,RPS,NO_TS_CONT,92.86
Charles,Hopkins,IG38538,3253942,HYRION GLOBAL,12,CONT OCEANIA,ORBIT,SUPPORT,SG25UR1F9PFO5XU,17.19
Charles,Hopkins,IG38538,3253942,HYRION GLOBAL,12,NA,ORBIT,SUPPORT,NO_TS_NA,82.81
Danielle,Goodman,BY15814,9855783,KESTRA VENTURES,12,APAC ASIA,ORBIT,MAINTENANCE,D1XIVBSB9O2PT9M,9.52
Brittany,Anderson,UA34034,6645851,KESTRA DYNAMICS,12,EMEA EUROPE,QUANTUM,MAINTENANCE,S4EJMWQ5MLKYVU6,9.52
Wayne,Ramirez,EB25580,5817696,INOVA GLOBAL,12,EMEA OCEANIA,PULSE,REGIE,X9VM9LFG8IIOPL0,9.67
Wayne,Ramirez,EB25580,5817696,INOVA GLOBAL,12,NA,PULSE,REGIE,NO_TS_NA,90.33
John,Daniel,IZ66059,3702769,HYRION GLOBAL,12,MEA OCEANIA,NEXUS,SUPPORT,SK3RW6E94QQRY2B,9.52
John,Daniel,IZ66059,3702769,HYRION GLOBAL,12,NA,NEXUS,SUPPORT,NO_TS_NA,90.48
Renee,Williamson,WC55487,8991153,JALVIK SOLUTIONS,12,CONT AMERICA,PULSE,REGIE,BRFEI7WLW1DHBZZ,11.9
Renee,Williamson,WC55487,8991153,JALVIK SOLUTIONS,12,MEA,PULSE,REGIE,NO_TS_MEA,88.1
Leslie,Velez,LN31060,3059861,DELVO CONSULTING,12,MEA ASIA,PULSE,FORFAIT,OLR3F4LGQH827V1,11.9
Leslie,Velez,LN31060,3059861,DELVO CONSULTING,12,EMEA,PULSE,FORFAIT,NO_TS_EMEA,88.1
Jose,Oconnor,CK28926,7404661,LUMEX SYSTEMS,12,LATAM EUROPE,NOVA,SUPPORT,T4RO2ZH7KJH5ERZ,7.74
Jose,Oconnor,CK28926,7404661,LUMEX SYSTEMS,12,MEA,NOVA,SUPPORT,NO_TS_MEA,92.26
April,Wright,TY59364,1818096,HYRION SYSTEMS,12,EMEA MENA,PHOENIX,FORFAIT,PI972QA9Z6V2BX5,8.04
April,Wright,TY59364,1818096,HYRION SYSTEMS,12,APAC,PHOENIX,FORFAIT,NO_TS_APAC,91.96
Jennifer,Jones,GE05573,9363030,JALVIK GROUP,12,NA ASIA,QUANTUM,REGIE,H9WOZ0CLM43OYLI,9.97
Jennifer,Jones,GE05573,9363030,JALVIK GROUP,12,EMEA,QUANTUM,REGIE,NO_TS_EMEA,90.03
Emily,Robinson,DV12949,1662709,FORVEX SYSTEMS,12,APAC MENA,VERTEX,REGIE,R3JNFOEPTJJIM5K,20.0
Brandon,Williams,CS72591,9728020,BRYTON SYSTEMS,12,APAC ASIA,ATLAS,SUPPORT,05HSDK1823AR8TR,10.71
Brandon,Williams,CS72591,9728020,BRYTON SYSTEMS,12,NA,ATLAS,SUPPORT,NO_TS_NA,89.29
Tammy,Miller,JQ63984,9973052,ETHOS SOLUTIONS,12,MEA AMERICA,ATLAS,SUPPORT,PU3IES2VJYJTOO4,9.52
Tammy,Miller,JQ63984,9973052,ETHOS SOLUTIONS,12,LATAM,ATLAS,SUPPORT,NO_TS_LATAM,90.48
Roger,Bond,AG76868,2047002,LUMEX DYNAMICS,12,EMEA AFRICA,STELLAR,MAINTENANCE,RIAQIEYL9ZXN2TG,6.85
Tony,Hansen,IK00559,4660422,ETHOS SOLUTIONS,12,NA EUROPE,PHOENIX,RPS,V07B8T5KZQPMQXT,7.44
Tony,Hansen,IK00559,4660422,ETHOS SOLUTIONS,12,NA,PHOENIX,RPS,NO_TS_NA,92.56
Andrew,Hodges,RY09929,1270483,KESTRA SOLUTIONS,12,NA AMERICA,STELLAR,RPS,592QJPNGV3R67B5,9.52
Andrew,Hodges,RY09929,1270483,KESTRA SOLUTIONS,12,NA,STELLAR,RPS,NO_TS_NA,90.48
Lauren,Young,UP96216,3763306,GOLZEN DIGITAL,12,MEA ASIA,NOVA,REGIE,3KKC19Y99SFTDDG,11.31
Lauren,Young,UP96216,3763306,GOLZEN DIGITAL,12,MEA,NOVA,REGIE,NO_TS_MEA,88.69
Brittany,Robinson,KW43107,5490152,INOVA DIGITAL,12,EMEA MENA,STELLAR,REGIE,4WQCQ4OW53VGU8I,8.33
Lauren,Cruz,PP88898,1482611,INOVA GLOBAL,12,LATAM AFRICA,NEXUS,REGIE,HJBQW4F32RDLRHQ,14.29
Lauren,Cruz,PP88898,1482611,INOVA GLOBAL,12,NA,NEXUS,REGIE,NO_TS_NA,85.71
Crystal,Reyes,FQ19633,8880557,FORVEX SOLUTIONS,12,NA ASIA,QUANTUM,SUPPORT,4WCF8XANPMIJD8R,7.14
Crystal,Reyes,FQ19633,8880557,FORVEX SOLUTIONS,12,APAC,QUANTUM,SUPPORT,NO_TS_APAC,92.86
Maria,Daniel,YE20082,1374053,CENVEO TECH,12,EMEA EUROPE,STELLAR,FORFAIT,MVEBFOINO0798UF,9.52
Denise,Johnson,GE79628,9336103,BRYTON GLOBAL,12,LATAM ASIA,STELLAR,MAINTENANCE,SBM0O7848UMO05C,9.52
Denise,Johnson,GE79628,9336103,BRYTON GLOBAL,12,CONT,STELLAR,MAINTENANCE,NO_TS_CONT,90.48
Jenna,Gilmore,LY11398,6872806,BRYTON SOLUTIONS,12,MEA EUROPE,NEXUS,RPS,P9LD0WL30ASWVDH,10.42
Jenna,Gilmore,LY11398,6872806,BRYTON SOLUTIONS,12,MEA,NEXUS,RPS,NO_TS_MEA,89.58
Chelsea,Wallace,IL99506,2590346,ETHOS DIGITAL,12,NA OCEANIA,NOVA,SUPPORT,E88KYZ2Q9X7GS00,9.52
Chelsea,Wallace,IL99506,2590346,ETHOS DIGITAL,12,APAC,NOVA,SUPPORT,NO_TS_APAC,90.48
Steven,Johnson,SH49372,3896272,GOLZEN SOLUTIONS,12,LATAM MENA,ATLAS,FORFAIT,W5CV4OW76XSEEJ2,14.58
Steven,Johnson,SH49372,3896272,GOLZEN SOLUTIONS,12,LATAM,ATLAS,FORFAIT,NO_TS_LATAM,85.42
Jonathan,Butler,EE21586,7270759,BRYTON CONSULTING,12,CONT EUROPE,PHOENIX,SUPPORT,2CXEZ2VG4PHQTZ4,9.52
Jonathan,Butler,EE21586,7270759,BRYTON CONSULTING,12,CONT,PHOENIX,SUPPORT,NO_TS_CONT,90.48
Sandra,Hendrix,XQ09352,8098376,ALCOR DYNAMICS,12,NA OCEANIA,NOVA,RPS,0V1QW3690GY42ZA,10.12
Andrew,Andrews,AC63152,7762281,LUMEX GLOBAL,12,NA OCEANIA,QUANTUM,SUPPORT,D63ZRSZVKS1Q0LX,9.52
Andrew,Andrews,AC63152,7762281,LUMEX GLOBAL,12,LATAM,QUANTUM,SUPPORT,NO_TS_LATAM,90.48
Gina,Sims,KU99225,3128846,ETHOS SYSTEMS,12,EMEA AFRICA,ORBIT,FORFAIT,0PTON3239WJ1V0P,9.52
Gina,Sims,KU99225,3128846,ETHOS SYSTEMS,12,CONT,ORBIT,FORFAIT,NO_TS_CONT,90.48
Lindsay,Hester,BJ55140,1008972,ALCOR TECH,12,CONT AMERICA,STELLAR,RPS,78PYV7F58TMAN3Z,5.73
Lindsay,Hester,BJ55140,1008972,ALCOR TECH,12,LATAM,STELLAR,RPS,NO_TS_LATAM,94.27
Carolyn,Franco,GH48179,8803974,GOLZEN SYSTEMS,12,APAC MENA,VERTEX,REGIE,T18Y2WNL6GWC3II,8.93
Carolyn,Franco,GH48179,8803974,GOLZEN SYSTEMS,12,CONT,VERTEX,REGIE,NO_TS_CONT,91.07
Leslie,White,TH41076,6396938,ALCOR SOLUTIONS,12,EMEA MENA,QUANTUM,FORFAIT,U8BXDFPB6W3MQ8C,7.74
Leslie,White,TH41076,6396938,ALCOR SOLUTIONS,12,APAC,QUANTUM,FORFAIT,NO_TS_APAC,92.26
Denise,Harris,UC35748,5976375,ETHOS DYNAMICS,12,EMEA AFRICA,ATLAS,REGIE,7DDQZ3VPPMI2G91,7.14
Denise,Harris,UC35748,5976375,ETHOS DYNAMICS,12,APAC,ATLAS,REGIE,NO_TS_APAC,92.86
Rebecca,Chambers,BN09157,5205978,DELVO DYNAMICS,12,APAC OCEANIA,STELLAR,SUPPORT,UYF43ZYQ8SA24N1,7.74
Rebecca,Chambers,BN09157,5205978,DELVO DYNAMICS,12,CONT,STELLAR,SUPPORT,NO_TS_CONT,92.26
Mark,Willis,BF96803,8360887,JALVIK VENTURES,12,MEA EUROPE,STELLAR,REGIE,YZY6Q45T0V4I1JP,7.29
Marie,Thomas,GS16480,5305020,INOVA CONSULTING,12,MEA OCEANIA,ATLAS,MAINTENANCE,R7PID5C7WSJAGM3,11.9
Marie,Thomas,GS16480,5305020,INOVA CONSULTING,12,NA,ATLAS,MAINTENANCE,NO_TS_NA,88.1
James,Walters,AK54485,9931685,GOLZEN SYSTEMS,12,MEA OCEANIA,PULSE,FORFAIT,1Z331M8W1Z6S3NY,9.52
James,Walters,AK54485,9931685,GOLZEN SYSTEMS,12,LATAM,PULSE,FORFAIT,NO_TS_LATAM,90.48
Steven,Patel,ZT76790,8764765,HYRION DYNAMICS,12,MEA EUROPE,PULSE,RPS,GFNA42IHCLKQ1DA,12.05
Troy,Fernandez,LH72293,6793156,DELVO SOLUTIONS,12,LATAM AFRICA,VERTEX,MAINTENANCE,YNQ25T55N3HPXHT,12.05
Troy,Fernandez,LH72293,6793156,DELVO SOLUTIONS,12,LATAM,VERTEX,MAINTENANCE,NO_TS_LATAM,87.95
Jennifer,King,WD59854,3378055,JALVIK DIGITAL,12,LATAM AMERICA,NOVA,RPS,OHA4ZHOROR4RM7R,9.52
Kristin,Benjamin,WL58105,5383095,ETHOS SYSTEMS,12,LATAM EUROPE,QUANTUM,REGIE,LHW4EDG5IFWCBH0,7.74
Kayla,Ferguson,HG88467,7576885,CENVEO CONSULTING,12,LATAM OCEANIA,ATLAS,RPS,VD7TYKLYDDQSHVJ,11.9
Kayla,Ferguson,HG88467,7576885,CENVEO CONSULTING,12,LATAM,ATLAS,RPS,NO_TS_LATAM,88.1
Jennifer,Carroll,KP26316,9973823,JALVIK VENTURES,12,NA OCEANIA,NOVA,FORFAIT,Y56XTU0EEULDNFN,9.52
Jenny,Martinez,OF52757,3132110,HYRION CONSULTING,12,LATAM AFRICA,PHOENIX,MAINTENANCE,7ZD65R9RC2UGV08,9.52
Jenny,Martinez,OF52757,3132110,HYRION CONSULTING,12,EMEA,PHOENIX,MAINTENANCE,NO_TS_EMEA,90.48
Daniel,Kim,UA58159,3112849,KESTRA VENTURES,12,MEA ASIA,ATLAS,RPS,8OVPGKF5QSV8KTO,9.52
Kara,Roberson,IM66697,1121146,KESTRA CONSULTING,12,LATAM OCEANIA,STELLAR,SUPPORT,D5UIDOUBRLZBS35,7.59
Kara,Roberson,IM66697,1121146,KESTRA CONSULTING,12,APAC,STELLAR,SUPPORT,NO_TS_APAC,92.41
Cynthia,Williams,PV59640,1408737,JALVIK SOLUTIONS,12,CONT AFRICA,ATLAS,SUPPORT,2SFESO6427T6DND,11.9
Jason,Wagner,LB71642,2498544,GOLZEN SOLUTIONS,12,EMEA EUROPE,ORBIT,SUPPORT,KQ36IIYFB049742,7.44
Jason,Wagner,LB71642,2498544,GOLZEN SOLUTIONS,12,APAC,ORBIT,SUPPORT,NO_TS_APAC,92.56
Michael,Bailey,OS22435,9080750,INOVA SYSTEMS,12,EMEA OCEANIA,QUANTUM,FORFAIT,9LWRI75AZSHUCWB,9.52
Michael,Bailey,OS22435,9080750,INOVA SYSTEMS,12,EMEA,QUANTUM,FORFAIT,NO_TS_EMEA,90.48
Kathleen,Duncan,WK99269,5992010,ETHOS SOLUTIONS,12,APAC AMERICA,VERTEX,REGIE,FMT0UEFRVAITU9T,7.89
Kathleen,Duncan,WK99269,5992010,ETHOS SOLUTIONS,12,APAC,VERTEX,REGIE,NO_TS_APAC,92.11
Valerie,Chapman,LN65934,2917205,FORVEX SYSTEMS,12,NA AMERICA,NEXUS,RPS,MNT3MBXVDCF5ZB9,9.82
Valerie,Chapman,LN65934,2917205,FORVEX SYSTEMS,12,CONT,NEXUS,RPS,NO_TS_CONT,90.18
Melissa,Chaney,HE34349,3965128,LUMEX DIGITAL,12,LATAM AFRICA,ATLAS,SUPPORT,BZ2T8FW5OTONM3Y,10.12
Melissa,Chaney,HE34349,3965128,LUMEX DIGITAL,12,MEA,ATLAS,SUPPORT,NO_TS_MEA,89.88
Larry,Holloway,UJ10629,5025311,GOLZEN GROUP,12,APAC AMERICA,ATLAS,REGIE,45E2TL2KGY653WG,10.12
Larry,Holloway,UJ10629,5025311,GOLZEN GROUP,12,NA,ATLAS,REGIE,NO_TS_NA,89.88
Denise,Hart,IC60896,5161666,HYRION SOLUTIONS,12,NA EUROPE,ORBIT,RPS,YGWCTAEO3R36ZY0,10.12
Denise,Hart,IC60896,5161666,HYRION SOLUTIONS,12,APAC,ORBIT,RPS,NO_TS_APAC,89.88
Joshua,Watkins,PB09886,6753370,FORVEX SYSTEMS,12,MEA OCEANIA,STELLAR,FORFAIT,C5839QW3LEOQSRK,6.1
Joshua,Watkins,PB09886,6753370,FORVEX SYSTEMS,12,EMEA,STELLAR,FORFAIT,NO_TS_EMEA,93.9
Angela,Johnson,ZT57605,2780794,ALCOR GROUP,12,CONT AFRICA,STELLAR,REGIE,S4V6AF8SUUNCRWX,7.44
Angela,Johnson,ZT57605,2780794,ALCOR GROUP,12,LATAM,STELLAR,REGIE,NO_TS_LATAM,92.56
Madison,Ramos,QP81821,1518325,JALVIK SOLUTIONS,12,NA MENA,NOVA,REGIE,3JP5MFI0JMASDPV,7.74
Madison,Ramos,QP81821,1518325,JALVIK SOLUTIONS,12,NA,NOVA,REGIE,NO_TS_NA,92.26
Stefanie,Boone,KM75636,4032614,ETHOS DYNAMICS,12,CONT AFRICA,STELLAR,RPS,RRMYZKOAWAJ5TGY,14.29
Stefanie,Boone,KM75636,4032614,ETHOS DYNAMICS,12,CONT,STELLAR,RPS,NO_TS_CONT,85.71
Harry,Kent,DJ76122,1250873,FORVEX SYSTEMS,12,EMEA ASIA,STELLAR,FORFAIT,VB11P339R2B0LET,8.33
Harry,Kent,DJ76122,1250873,FORVEX SYSTEMS,12,LATAM,STELLAR,FORFAIT,NO_TS_LATAM,91.67
Christopher,Cain,LM67686,5654479,LUMEX TECH,12,APAC ASIA,STELLAR,SUPPORT,2XMU5O9TZXWCX2U,9.52
Christopher,Cain,LM67686,5654479,LUMEX TECH,12,CONT,STELLAR,SUPPORT,NO_TS_CONT,90.48
Holly,Hernandez,LB07240,4919142,BRYTON SOLUTIONS,12,APAC OCEANIA,NOVA,FORFAIT,SY1AMYNW0NRFNRC,11.01
Holly,Hernandez,LB07240,4919142,BRYTON SOLUTIONS,12,EMEA,NOVA,FORFAIT,NO_TS_EMEA,88.99
Kevin,King,RO70713,8052745,JALVIK GLOBAL,12,EMEA ASIA,NEXUS,REGIE,PBI1WZ9D7MKDEIL,9.52
Kevin,King,RO70713,8052745,JALVIK GLOBAL,12,CONT,NEXUS,REGIE,NO_TS_CONT,90.48
Chad,Ferguson,KK70505,8776407,JALVIK CONSULTING,12,EMEA EUROPE,STELLAR,RPS,NYGIY4W6O3CDI5Q,14.29
Chad,Ferguson,KK70505,8776407,JALVIK CONSULTING,12,CONT,STELLAR,RPS,NO_TS_CONT,85.71
Kelly,Griffin,ZO81344,2403767,ETHOS SOLUTIONS,12,CONT MENA,QUANTUM,FORFAIT,FHSZJ4LLJRP5369,10.71
Brooke,Jimenez,TH92607,9570792,HYRION SYSTEMS,12,EMEA MENA,ATLAS,MAINTENANCE,R69JPDKZU2RX6XP,11.9
Brooke,Jimenez,TH92607,9570792,HYRION SYSTEMS,12,APAC,ATLAS,MAINTENANCE,NO_TS_APAC,88.1
Stacy,Schneider,LG57285,4772086,DELVO SYSTEMS,12,APAC ASIA,ATLAS,FORFAIT,GRV312AS9R9LSSA,9.52
Laura,Hammond,QY72772,5351587,HYRION GLOBAL,12,LATAM EUROPE,STELLAR,RPS,PRMAEX7Z8O533W3,10.12
Laura,Hammond,QY72772,5351587,HYRION GLOBAL,12,LATAM,STELLAR,RPS,NO_TS_LATAM,89.88
Eric,Patterson,PF67418,6544403,ALCOR SOLUTIONS,12,NA OCEANIA,NEXUS,MAINTENANCE,XMFXOFEYJ6DE8C0,10.71
Eric,Patterson,PF67418,6544403,ALCOR SOLUTIONS,12,CONT,NEXUS,MAINTENANCE,NO_TS_CONT,89.29
Dawn,Leonard,HV22422,1554905,JALVIK GLOBAL,12,EMEA MENA,PULSE,RPS,XDX3H2X2A0YXBLZ,11.9
Dawn,Leonard,HV22422,1554905,JALVIK GLOBAL,12,NA,PULSE,RPS,NO_TS_NA,88.1
Lauren,Downs,AW73794,4949975,DELVO TECH,12,APAC EUROPE,VERTEX,RPS,E9S0Y76M9EU5GWW,8.33
Lauren,Downs,AW73794,4949975,DELVO TECH,12,MEA,VERTEX,RPS,NO_TS_MEA,91.67
Kristina,Potts,YE60953,5567097,INOVA VENTURES,12,NA OCEANIA,STELLAR,SUPPORT,RCZE9HUBPG3TUKQ,13.1
Justin,Olsen,OU53896,9627245,HYRION SOLUTIONS,12,LATAM AMERICA,ORBIT,MAINTENANCE,TTLAIMM0EBBWICQ,10.71
Justin,Olsen,OU53896,9627245,HYRION SOLUTIONS,12,NA,ORBIT,MAINTENANCE,NO_TS_NA,89.29
Jamie,Lopez,XY00575,6344061,FORVEX GROUP,12,LATAM ASIA,NEXUS,MAINTENANCE,288BSIP9BYQ2MJE,12.05
Jamie,Lopez,XY00575,6344061,FORVEX GROUP,12,LATAM,NEXUS,MAINTENANCE,NO_TS_LATAM,87.95
Jacob,Barr,KV77067,4384691,DELVO TECH,12,NA AMERICA,NEXUS,MAINTENANCE,IWKM2XLE14FSRAJ,9.23
Jacob,Barr,KV77067,4384691,DELVO TECH,12,CONT,NEXUS,MAINTENANCE,NO_TS_CONT,90.77
Andrew,Austin,OK74096,8044546,FORVEX DYNAMICS,12,CONT AFRICA,NEXUS,SUPPORT,U5NCTB7EMOI4ZI3,9.82
Andrew,Austin,OK74096,8044546,FORVEX DYNAMICS,12,CONT,NEXUS,SUPPORT,NO_TS_CONT,90.18
Mark,Conley,LU26556,6892078,FORVEX DYNAMICS,12,NA AFRICA,PULSE,SUPPORT,M655HL0PITJ9SUM,9.52
Mark,Conley,LU26556,6892078,FORVEX DYNAMICS,12,NA,PULSE,SUPPORT,NO_TS_NA,90.48
Joshua,Snyder,UT66909,4120917,FORVEX DYNAMICS,12,CONT AFRICA,PHOENIX,SUPPORT,9CG3NFHM9M3HOPF,4.69
Joshua,Snyder,UT66909,4120917,FORVEX DYNAMICS,12,EMEA,PHOENIX,SUPPORT,NO_TS_EMEA,95.31
Kevin,Smith,LF81741,9383972,HYRION DYNAMICS,12,LATAM MENA,STELLAR,REGIE,GO3YYPYLAYWCXNP,10.12
Kevin,Smith,LF81741,9383972,HYRION DYNAMICS,12,CONT,STELLAR,REGIE,NO_TS_CONT,89.88
Jason,Wagner,OH21864,2147222,ETHOS VENTURES,12,APAC AMERICA,QUANTUM,SUPPORT,ANMPKZAY8YKXN8T,11.9
Jason,Wagner,OH21864,2147222,ETHOS VENTURES,12,EMEA,QUANTUM,SUPPORT,NO_TS_EMEA,88.1
Charles,Andrews,XH96198,3749428,DELVO TECH,12,APAC EUROPE,ORBIT,MAINTENANCE,X1IRXKBABPFS0YB,11.9
Lonnie,Davis,XF93606,7090541,CENVEO DIGITAL,12,CONT AFRICA,NEXUS,SUPPORT,B5NM7FT314NINRJ,9.52
Lonnie,Davis,XF93606,7090541,CENVEO DIGITAL,12,LATAM,NEXUS,SUPPORT,NO_TS_LATAM,90.48
Hannah,Drake,NX41058,1641214,DELVO DIGITAL,12,LATAM AFRICA,PHOENIX,MAINTENANCE,N48GIJ7J0JFNBXU,11.46
Hannah,Drake,NX41058,1641214,DELVO DIGITAL,12,EMEA,PHOENIX,MAINTENANCE,NO_TS_EMEA,88.54
Tara,Smith,KD60993,2925405,INOVA DIGITAL,12,CONT EUROPE,NOVA,RPS,LUUZZ8ACZ408Y2Q,8.72
Tara,Smith,KD60993,2925405,INOVA DIGITAL,12,NA,NOVA,RPS,NO_TS_NA,91.28
Lauren,Mendoza,PI87503,5171384,JALVIK DIGITAL,12,LATAM AMERICA,PHOENIX,RPS,MU7N1CZBLAVYZFD,10.12
Lauren,Mendoza,PI87503,5171384,JALVIK DIGITAL,12,MEA,PHOENIX,RPS,NO_TS_MEA,89.88
Nicole,Ryan,WD16734,7347745,GOLZEN GROUP,12,NA EUROPE,ORBIT,REGIE,7B27HY85M6CSYU1,9.52
Nicole,Ryan,WD16734,7347745,GOLZEN GROUP,12,CONT,ORBIT,REGIE,NO_TS_CONT,90.48
Jessica,Jimenez,NB55630,1460431,KESTRA GLOBAL,12,NA EUROPE,VERTEX,FORFAIT,SLRNZWIB226VNE5,9.52
Jessica,Jimenez,NB55630,1460431,KESTRA GLOBAL,12,NA,VERTEX,FORFAIT,NO_TS_NA,90.48
Michael,Peterson,PW19837,2783861,LUMEX TECH,12,NA AMERICA,STELLAR,RPS,LD59CS53RRD91N9,9.52
Steven,Delgado,ML63513,1999264,CENVEO TECH,12,EMEA AMERICA,ORBIT,FORFAIT,3D88MUSCUIIC7WK,11.9
Steven,Delgado,ML63513,1999264,CENVEO TECH,12,CONT,ORBIT,FORFAIT,NO_TS_CONT,88.1
Jacob,Mcdonald,HY72383,3839127,JALVIK SYSTEMS,12,MEA AMERICA,ATLAS,SUPPORT,45JAJ70FSHGC2MG,10.42
Jacob,Mcdonald,HY72383,3839127,JALVIK SYSTEMS,12,NA,ATLAS,SUPPORT,NO_TS_NA,89.58
Ricky,Santos,UH54817,3585230,HYRION VENTURES,12,EMEA AFRICA,QUANTUM,MAINTENANCE,YBRIGOZ3989CHST,11.9
Ricky,Santos,UH54817,3585230,HYRION VENTURES,12,NA,QUANTUM,MAINTENANCE,NO_TS_NA,88.1
Francisco,Young,JY69476,9877333,FORVEX SOLUTIONS,12,CONT EUROPE,NEXUS,FORFAIT,F9VZYK8671K1JTG,9.52
Francisco,Young,JY69476,9877333,FORVEX SOLUTIONS,12,EMEA,NEXUS,FORFAIT,NO_TS_EMEA,90.48
Christopher,Holland,CN90552,3771609,BRYTON SYSTEMS,12,NA AFRICA,NEXUS,RPS,MHXXH611GVKGHMY,9.52
Michael,Baker,EH66943,6591817,HYRION CONSULTING,12,CONT OCEANIA,QUANTUM,FORFAIT,IINIBD1RQ7EQSJD,10.53
Michael,Baker,EH66943,6591817,HYRION CONSULTING,12,EMEA,QUANTUM,FORFAIT,NO_TS_EMEA,89.47
Mason,Johnson,HN57501,6584686,FORVEX DIGITAL,12,APAC MENA,VERTEX,REGIE,NULO9YYEP6HMWT9,14.29
Mason,Johnson,HN57501,6584686,FORVEX DIGITAL,12,NA,VERTEX,REGIE,NO_TS_NA,85.71
Cheryl,Gonzalez,FH13023,5061275,ETHOS VENTURES,12,CONT ASIA,NOVA,REGIE,7F8P4J5DQC7BNMF,4.33
Cheryl,Gonzalez,FH13023,5061275,ETHOS VENTURES,12,NA,NOVA,REGIE,NO_TS_NA,95.67
Crystal,Sparks,YH83314,9889505,HYRION VENTURES,12,MEA EUROPE,PHOENIX,RPS,O07KZY7VCLEU5P5,11.9
Crystal,Sparks,YH83314,9889505,HYRION VENTURES,12,EMEA,PHOENIX,RPS,NO_TS_EMEA,88.1
Gary,Williams,LW19811,6647886,LUMEX GROUP,12,MEA EUROPE,NEXUS,MAINTENANCE,AF4D6NHQHEN5SYR,8.33
Gary,Williams,LW19811,6647886,LUMEX GROUP,12,LATAM,NEXUS,MAINTENANCE,NO_TS_LATAM,91.67
Joseph,Cunningham,DC48792,7463294,KESTRA TECH,12,MEA OCEANIA,STELLAR,REGIE,TS3JI7IE9H3XLUU,10.12
Anna,Armstrong,FC83851,4370148,HYRION SOLUTIONS,12,LATAM AMERICA,ORBIT,FORFAIT,VGD9YGIC68JOKQQ,11.9
Anna,Armstrong,FC83851,4370148,HYRION SOLUTIONS,12,LATAM,ORBIT,FORFAIT,NO_TS_LATAM,88.1
Jamie,Morales,LD49311,9805857,GOLZEN DYNAMICS,12,CONT ASIA,PHOENIX,MAINTENANCE,4Q6URJF4UF6OFAD,14.29
Jamie,Morales,LD49311,9805857,GOLZEN DYNAMICS,12,APAC,PHOENIX,MAINTENANCE,NO_TS_APAC,85.71
Molly,Stone,ZY46833,1642480,INOVA DIGITAL,12,EMEA EUROPE,NEXUS,REGIE,WJJYDWTQGT1TSQP,9.82
Antonio,Williams,WD51091,2894704,DELVO DYNAMICS,12,EMEA EUROPE,PHOENIX,FORFAIT,RGN1NQD6MUJUE2G,9.67
Emily,Duran,YN81506,1528872,HYRION CONSULTING,12,APAC MENA,NOVA,MAINTENANCE,M9F4KP57GWOS8MX,14.29
Joe,Hamilton,KA70651,4619480,KESTRA TECH,12,LATAM OCEANIA,VERTEX,REGIE,ONZTI0VT5YGC6CP,6.25
Joe,Hamilton,KA70651,4619480,KESTRA TECH,12,CONT,VERTEX,REGIE,NO_TS_CONT,93.75
David,Mitchell,OW15830,6612718,HYRION CONSULTING,12,CONT OCEANIA,NOVA,FORFAIT,0MFQG7272QY5XPJ,9.52
David,Mitchell,OW15830,6612718,HYRION CONSULTING,12,EMEA,NOVA,FORFAIT,NO_TS_EMEA,90.48
Rodney,Huerta,IG06185,5647574,KESTRA TECH,12,NA AFRICA,ORBIT,SUPPORT,9UZ5RBKY8XOEGXE,7.29
Rodney,Huerta,IG06185,5647574,KESTRA TECH,12,EMEA,ORBIT,SUPPORT,NO_TS_EMEA,92.71
William,Yang,TW36313,4242318,DELVO GLOBAL,12,APAC ASIA,QUANTUM,MAINTENANCE,QT2EO4D7XXMOWBB,14.29
William,Yang,TW36313,4242318,DELVO GLOBAL,12,MEA,QUANTUM,MAINTENANCE,NO_TS_MEA,85.71
Kevin,Johnson,GK62130,2934981,FORVEX DYNAMICS,12,MEA EUROPE,NOVA,RPS,MEI29EISC8S87NW,11.9
Kevin,Johnson,GK62130,2934981,FORVEX DYNAMICS,12,LATAM,NOVA,RPS,NO_TS_LATAM,88.1
Karen,Murphy,IQ56354,8061816,ALCOR TECH,12,CONT MENA,NOVA,MAINTENANCE,KHH8O8YDN44NFEF,11.9
Karen,Murphy,IQ56354,8061816,ALCOR TECH,12,LATAM,NOVA,MAINTENANCE,NO_TS_LATAM,88.1
Joshua,Montgomery,QZ24234,5821574,LUMEX GLOBAL,12,MEA OCEANIA,VERTEX,REGIE,W17QDL6LVXMR26T,9.52
Joshua,Montgomery,QZ24234,5821574,LUMEX GLOBAL,12,APAC,VERTEX,REGIE,NO_TS_APAC,90.48
Kevin,Delacruz,AF98985,7391499,GOLZEN VENTURES,12,MEA ASIA,NEXUS,REGIE,ES2L2CQVZ6K9F0J,9.52
Patrick,White,ET46478,5721702,INOVA DIGITAL,12,MEA MENA,PULSE,SUPPORT,KMRL48297GBKQK3,11.9
Patrick,White,ET46478,5721702,INOVA DIGITAL,12,EMEA,PULSE,SUPPORT,NO_TS_EMEA,88.1
Alexander,Sampson,RQ62553,5474560,FORVEX DYNAMICS,12,EMEA OCEANIA,PULSE,REGIE,LKZM0UBG83A8V8P,8.63
Meghan,Macias,FA02193,3085809,INOVA DIGITAL,12,CONT MENA,ORBIT,FORFAIT,BBBNCMCM59KXOTT,10.71
Andrea,Johnson,SL72423,2550243,INOVA GLOBAL,12,APAC AFRICA,ORBIT,REGIE,UKOTG2GIZBLH7BH,11.9
Alejandro,Perez,BZ47533,1107022,HYRION SYSTEMS,12,LATAM MENA,QUANTUM,FORFAIT,N3GF5FCHM0DJR39,9.52
Casey,Wade,EM72543,8332099,ETHOS DYNAMICS,12,APAC MENA,STELLAR,FORFAIT,SM21CJWFACU78G9,7.14
Casey,Wade,EM72543,8332099,ETHOS DYNAMICS,12,NA,STELLAR,FORFAIT,NO_TS_NA,92.86
Peter,Gamble,AT78929,2755201,ETHOS GROUP,12,EMEA EUROPE,NOVA,FORFAIT,5VMZEVSEMA9WQJM,7.74
Kathy,Ramsey,YK01963,5571506,JALVIK DYNAMICS,12,CONT MENA,PHOENIX,MAINTENANCE,98GR8VEK6UY8CO2,7.69
Kathy,Ramsey,YK01963,5571506,JALVIK DYNAMICS,12,LATAM,PHOENIX,MAINTENANCE,NO_TS_LATAM,92.31
Jack,Farmer,RW21130,2404410,CENVEO DYNAMICS,12,MEA EUROPE,VERTEX,SUPPORT,F8XXFCX2YM81C6A,11.9
Jack,Farmer,RW21130,2404410,CENVEO DYNAMICS,12,EMEA,VERTEX,SUPPORT,NO_TS_EMEA,88.1
Jesse,Wallace,RF76296,6542517,JALVIK DYNAMICS,12,EMEA ASIA,NOVA,RPS,WAFC0E7WU36LM89,5.06
Jesse,Wallace,RF76296,6542517,JALVIK DYNAMICS,12,MEA,NOVA,RPS,NO_TS_MEA,94.94
Gary,Rowe,OH14700,1907633,GOLZEN SOLUTIONS,12,EMEA ASIA,ATLAS,MAINTENANCE,BZPXN8OXVB0DLLS,7.14
Gary,Rowe,OH14700,1907633,GOLZEN SOLUTIONS,12,EMEA,ATLAS,MAINTENANCE,NO_TS_EMEA,92.86
Eugene,Cunningham,JY15647,9653945,ALCOR TECH,12,MEA MENA,PULSE,MAINTENANCE,BFWPG5AACYEBRUW,9.52
Amy,Harvey,VP73806,2410049,FORVEX GLOBAL,12,NA AMERICA,QUANTUM,MAINTENANCE,RMX5UV8TWLAK8KY,11.9
Amy,Harvey,VP73806,2410049,FORVEX GLOBAL,12,MEA,QUANTUM,MAINTENANCE,NO_TS_MEA,88.1
Matthew,Davis,XF99791,2413928,INOVA GLOBAL,12,LATAM ASIA,PHOENIX,REGIE,RNJD0GQRYUMNJN7,9.08
Zachary,Smith,XS03630,2299498,ETHOS SYSTEMS,12,EMEA MENA,STELLAR,SUPPORT,0S903D78WRL5M71,14.29
Antonio,Archer,ZB54244,3477245,GOLZEN GROUP,12,MEA ASIA,ORBIT,SUPPORT,J8THCZQE2PXA2J2,9.52
Antonio,Archer,ZB54244,3477245,GOLZEN GROUP,12,EMEA,ORBIT,SUPPORT,NO_TS_EMEA,90.48
Douglas,Keller,RZ06952,4157840,LUMEX SYSTEMS,12,LATAM AFRICA,NOVA,RPS,ANBQRM0AKKIIASL,16.67
Douglas,Keller,RZ06952,4157840,LUMEX SYSTEMS,12,CONT,NOVA,RPS,NO_TS_CONT,83.33
Katherine,Webb,MY35665,3134541,BRYTON VENTURES,12,LATAM OCEANIA,ORBIT,FORFAIT,75Q9B6RWXR2QLU2,14.29
Alexandra,Herman,UD11120,4551670,CENVEO SYSTEMS,12,NA OCEANIA,PULSE,REGIE,JTCEFK2824RLQ56,6.25
Carol,Garcia,PA26919,1733928,INOVA DYNAMICS,12,MEA ASIA,ATLAS,SUPPORT,DCV84UCOP2FY4HB,9.52
Carol,Garcia,PA26919,1733928,INOVA DYNAMICS,12,NA,ATLAS,SUPPORT,NO_TS_NA,90.48
Joshua,Johnson,VF35818,6391356,KESTRA CONSULTING,12,CONT AFRICA,NEXUS,MAINTENANCE,QT578SD9Q83V4FA,9.52
Joshua,Johnson,VF35818,6391356,KESTRA CONSULTING,12,LATAM,NEXUS,MAINTENANCE,NO_TS_LATAM,90.48
Charles,Dorsey,HV60714,3157962,HYRION DIGITAL,12,CONT AMERICA,STELLAR,FORFAIT,1ZCA2PPH47GOKJI,6.25
Charles,Dorsey,HV60714,3157962,HYRION DIGITAL,12,CONT,STELLAR,FORFAIT,NO_TS_CONT,93.75
Anna,Morales,XX82227,8391094,INOVA VENTURES,12,CONT MENA,PHOENIX,RPS,HINA6FA5XUIHC1V,10.71
Anna,Morales,XX82227,8391094,INOVA VENTURES,12,MEA,PHOENIX,RPS,NO_TS_MEA,89.29
Megan,Allen,JT56261,6605375,DELVO SOLUTIONS,12,EMEA ASIA,NEXUS,REGIE,54CSMWO0U5E96DQ,9.52
Megan,Allen,JT56261,6605375,DELVO SOLUTIONS,12,MEA,NEXUS,REGIE,NO_TS_MEA,90.48
John,Smith,WB34225,5079117,LUMEX TECH,12,APAC ASIA,NOVA,REGIE,P8V5330HNABTLC0,9.97
Anne,Montes,AI26910,5183393,CENVEO GLOBAL,12,APAC MENA,STELLAR,MAINTENANCE,EE63RHJD720NJ2Z,7.44
Jennifer,Lambert,MG49274,1658988,GOLZEN VENTURES,12,APAC AFRICA,STELLAR,REGIE,DNPRSRYVTYMYQ4T,9.52
Jennifer,Lambert,MG49274,1658988,GOLZEN VENTURES,12,APAC,STELLAR,REGIE,NO_TS_APAC,90.48
Travis,Harris,MS06226,9403823,ETHOS SOLUTIONS,12,CONT AMERICA,VERTEX,FORFAIT,4ES0N5UWVHEL1VQ,10.42
Travis,Harris,MS06226,9403823,ETHOS SOLUTIONS,12,EMEA,VERTEX,FORFAIT,NO_TS_EMEA,89.58
Travis,Sanders,YJ26124,9442648,ETHOS TECH,12,NA AFRICA,STELLAR,REGIE,0R43RLA0ZYBEVZ6,11.9
Connie,Marsh,DT18962,3042713,BRYTON SYSTEMS,12,MEA ASIA,ATLAS,FORFAIT,TVWHSDCLJABKWPQ,9.82
Connie,Marsh,DT18962,3042713,BRYTON SYSTEMS,12,APAC,ATLAS,FORFAIT,NO_TS_APAC,90.18
Adriana,Perry,AE26406,3359389,CENVEO DYNAMICS,12,EMEA OCEANIA,PULSE,RPS,BVDZNCHUEPE8I1T,11.9
Noah,Norton,NP96503,3614707,DELVO VENTURES,12,APAC MENA,VERTEX,RPS,I5QWG8YV43AA1C5,9.08
Noah,Norton,NP96503,3614707,DELVO VENTURES,12,NA,VERTEX,RPS,NO_TS_NA,90.92
Marie,Wilson,AE26410,4712255,LUMEX TECH,12,EMEA ASIA,QUANTUM,MAINTENANCE,JBYU44XT7PQOGMZ,7.89
Marie,Wilson,AE26410,4712255,LUMEX TECH,12,MEA,QUANTUM,MAINTENANCE,NO_TS_MEA,92.11
Henry,Fritz,BB53168,5958670,ALCOR SOLUTIONS,12,LATAM EUROPE,STELLAR,SUPPORT,D7HN3ERE9YEYN4X,8.33
Henry,Fritz,BB53168,5958670,ALCOR SOLUTIONS,12,EMEA,STELLAR,SUPPORT,NO_TS_EMEA,91.67
Laura,Wilson,TZ95872,4432392,GOLZEN TECH,12,MEA AMERICA,PHOENIX,MAINTENANCE,R30USKDPEHCR0S1,9.52
Laura,Wilson,TZ95872,4432392,GOLZEN TECH,12,CONT,PHOENIX,MAINTENANCE,NO_TS_CONT,90.48
David,Long,YW66557,5637598,KESTRA CONSULTING,12,LATAM MENA,STELLAR,RPS,6H7E92GH3HXI35Y,11.9
David,Long,YW66557,5637598,KESTRA CONSULTING,12,CONT,STELLAR,RPS,NO_TS_CONT,88.1
Donald,Roth,RG62650,1350547,CENVEO DIGITAL,12,CONT ASIA,VERTEX,REGIE,N0O940JB97OTAI5,7.29
Cheryl,Woodard,RB35152,5494258,DELVO GROUP,12,MEA AMERICA,VERTEX,RPS,51U41NJE3IDP5PK,11.9
Cheryl,Woodard,RB35152,5494258,DELVO GROUP,12,CONT,VERTEX,RPS,NO_TS_CONT,88.1
Edward,Bowman,VW77598,1161063,KESTRA GROUP,12,LATAM ASIA,STELLAR,SUPPORT,ZZX1WF7MY9J0U2N,8.33
Jason,Jones,VY87219,5569484,JALVIK SYSTEMS,12,LATAM EUROPE,ORBIT,SUPPORT,BVQQ940L7X6CH8L,10.12
Jason,Jones,VY87219,5569484,JALVIK SYSTEMS,12,MEA,ORBIT,SUPPORT,NO_TS_MEA,89.88
Kimberly,Foster,HV82003,8940601,DELVO TECH,12,EMEA MENA,NEXUS,MAINTENANCE,TJM6WV7IW3SXJR2,11.9
Nancy,Hunt,DC43820,8434708,CENVEO DIGITAL,12,LATAM AMERICA,QUANTUM,RPS,OL4QS3M3EK0JU06,10.12
Heather,White,ZS54367,3017697,LUMEX GROUP,12,EMEA EUROPE,PHOENIX,RPS,42ZDTSH4UCBRR2P,2.68
Heather,White,ZS54367,3017697,LUMEX GROUP,12,EMEA,PHOENIX,RPS,NO_TS_EMEA,97.32
John,Johnson,DE22457,7971048,BRYTON CONSULTING,12,CONT AFRICA,NEXUS,SUPPORT,IQB4UUGYUQY971Q,4.17
John,Johnson,DE22457,7971048,BRYTON CONSULTING,12,EMEA,NEXUS,SUPPORT,NO_TS_EMEA,95.83
Marvin,Dougherty,SO02934,8698545,INOVA GLOBAL,12,EMEA OCEANIA,ATLAS,SUPPORT,EXO77C4Q1DLMFLG,14.43
Marvin,Dougherty,SO02934,8698545,INOVA GLOBAL,12,CONT,ATLAS,SUPPORT,NO_TS_CONT,85.57
Scott,Knox,ST12250,8263645,BRYTON CONSULTING,12,NA MENA,PHOENIX,FORFAIT,92VH69BQHNFWNXM,2.6
Scott,Knox,ST12250,8263645,BRYTON CONSULTING,12,LATAM,PHOENIX,FORFAIT,NO_TS_LATAM,97.4
Cynthia,Garcia,YD47035,4451136,FORVEX SYSTEMS,12,LATAM EUROPE,ATLAS,REGIE,BV8YDQ5LIXWD9EG,10.12
Cynthia,Garcia,YD47035,4451136,FORVEX SYSTEMS,12,LATAM,ATLAS,REGIE,NO_TS_LATAM,89.88
Andrew,Davis,AW03075,7033864,JALVIK DYNAMICS,12,APAC EUROPE,NEXUS,REGIE,PHD393QCZ6OMX5Q,11.9
Andrew,Davis,AW03075,7033864,JALVIK DYNAMICS,12,NA,NEXUS,REGIE,NO_TS_NA,88.1
Daniel,Stephens,BP45021,4776833,FORVEX CONSULTING,12,MEA ASIA,PULSE,RPS,MK9TTV9SW6NSOBF,8.93
Daniel,Stephens,BP45021,4776833,FORVEX CONSULTING,12,LATAM,PULSE,RPS,NO_TS_LATAM,91.07
Susan,Medina,YD48372,1631384,CENVEO CONSULTING,12,APAC EUROPE,ORBIT,SUPPORT,K3RE4ZZW63CKCJW,9.52
James,Snow,XA37639,4690870,CENVEO CONSULTING,12,NA AFRICA,VERTEX,FORFAIT,S4SV8S4355IX9LP,7.44
Gary,Sloan,OH63741,2393948,LUMEX CONSULTING,12,MEA ASIA,NEXUS,SUPPORT,4Y6TM7JEF8ADNKS,9.52
Gary,Sloan,OH63741,2393948,LUMEX CONSULTING,12,LATAM,NEXUS,SUPPORT,NO_TS_LATAM,90.48
David,Ramirez,AV02488,3001036,DELVO TECH,12,MEA AMERICA,NOVA,SUPPORT,S7GX89QAKA9TH8E,10.71
David,Ramirez,AV02488,3001036,DELVO TECH,12,CONT,NOVA,SUPPORT,NO_TS_CONT,89.29
Edward,Mcconnell,RA63127,2733720,JALVIK SOLUTIONS,12,MEA EUROPE,QUANTUM,RPS,TV9CWT8AWGFE439,10.71
Jasmine,Camacho,OA52879,3111563,FORVEX VENTURES,12,APAC ASIA,STELLAR,REGIE,2MWAZ1LZLUWOFLM,11.9
Jasmine,Camacho,OA52879,3111563,FORVEX VENTURES,12,CONT,STELLAR,REGIE,NO_TS_CONT,88.1
Joanne,Cook,PO78623,7041804,KESTRA CONSULTING,12,LATAM AMERICA,NOVA,MAINTENANCE,ZBAPGFQX8Q0URMI,9.52
Joanne,Cook,PO78623,7041804,KESTRA CONSULTING,12,MEA,NOVA,MAINTENANCE,NO_TS_MEA,90.48
Toni,Allen,IU73463,6051045,JALVIK SOLUTIONS,12,EMEA ASIA,NEXUS,FORFAIT,Q921S85JZUFRSP1,5.06
Toni,Allen,IU73463,6051045,JALVIK SOLUTIONS,12,LATAM,NEXUS,FORFAIT,NO_TS_LATAM,94.94
Troy,Peterson,OW26475,4479160,HYRION DIGITAL,12,MEA MENA,NOVA,MAINTENANCE,O7PQ4BB8QA2V7LM,7.74
Troy,Peterson,OW26475,4479160,HYRION DIGITAL,12,MEA,NOVA,MAINTENANCE,NO_TS_MEA,92.26
Albert,Rodriguez,KV18771,4019414,ETHOS CONSULTING,12,CONT AFRICA,NOVA,MAINTENANCE,8RJC7YMMOOGKDV5,9.52
Albert,Rodriguez,KV18771,4019414,ETHOS CONSULTING,12,EMEA,NOVA,MAINTENANCE,NO_TS_EMEA,90.48
Kristy,Walker,IQ14478,2982072,DELVO SOLUTIONS,12,MEA AFRICA,STELLAR,REGIE,4TM0Q1Z7F9UJ46C,11.9
Kristy,Walker,IQ14478,2982072,DELVO SOLUTIONS,12,MEA,STELLAR,REGIE,NO_TS_MEA,88.1
Jared,Ryan,SU94292,5383953,DELVO SOLUTIONS,12,APAC AMERICA,QUANTUM,SUPPORT,RDZF0XC8KB9TLSN,5.8
Jared,Ryan,SU94292,5383953,DELVO SOLUTIONS,12,EMEA,QUANTUM,SUPPORT,NO_TS_EMEA,94.2
Stacy,Byrd,TL78910,3663439,DELVO DIGITAL,12,MEA AFRICA,VERTEX,RPS,UDIH7M5ZN2BGRFN,12.05
Stacy,Byrd,TL78910,3663439,DELVO DIGITAL,12,EMEA,VERTEX,RPS,NO_TS_EMEA,87.95
Jaime,Francis,XQ28574,1838006,KESTRA GROUP,12,NA OCEANIA,VERTEX,MAINTENANCE,GB6EBC4UMW2K7E9,9.52
Amy,Carter,EC63065,1124954,INOVA VENTURES,12,APAC MENA,PULSE,FORFAIT,QWN7QBT0OOGBWV3,11.9
Zachary,Sanders,IG63695,3928449,FORVEX SYSTEMS,12,LATAM AMERICA,ORBIT,FORFAIT,V4OCQ6UQ5S6ZWL7,7.44
Zachary,Sanders,IG63695,3928449,FORVEX SYSTEMS,12,APAC,ORBIT,FORFAIT,NO_TS_APAC,92.56
Matthew,Payne,HW07851,2768669,JALVIK DIGITAL,12,EMEA AFRICA,NEXUS,REGIE,OU9BE5U2AJKX57Q,7.44
Matthew,Payne,HW07851,2768669,JALVIK DIGITAL,12,APAC,NEXUS,REGIE,NO_TS_APAC,92.56
William,Horton,JC44325,3262492,GOLZEN VENTURES,12,NA EUROPE,ATLAS,SUPPORT,BHV7W4AN2CA2THQ,11.9
Julie,Hebert,XL69208,7352459,DELVO DIGITAL,12,APAC AMERICA,VERTEX,SUPPORT,QX9LKWGI882CS8B,5.95
Julie,Hebert,XL69208,7352459,DELVO DIGITAL,12,NA,VERTEX,SUPPORT,NO_TS_NA,94.05
Matthew,Porter,UF18821,5891516,CENVEO TECH,12,LATAM OCEANIA,VERTEX,MAINTENANCE,ZDUEEQG4OODCY9T,6.55
Matthew,Porter,UF18821,5891516,CENVEO TECH,12,EMEA,VERTEX,MAINTENANCE,NO_TS_EMEA,93.45
Timothy,Shields,OW39762,1210157,CENVEO DIGITAL,12,LATAM ASIA,STELLAR,MAINTENANCE,4O9KXGU0RY1R9LK,11.9
Timothy,Shields,OW39762,1210157,CENVEO DIGITAL,12,LATAM,STELLAR,MAINTENANCE,NO_TS_LATAM,88.1
Heidi,Guerra,RM08479,7451404,LUMEX DIGITAL,12,CONT EUROPE,PULSE,RPS,5FAXHVDS0HB6KUR,8.33
Heidi,Guerra,RM08479,7451404,LUMEX DIGITAL,12,EMEA,PULSE,RPS,NO_TS_EMEA,91.67
Andrea,Blevins,MN54076,4654401,DELVO GLOBAL,12,CONT AMERICA,NEXUS,FORFAIT,WM3XQEMA0CWMBQF,8.33
Andrea,Blevins,MN54076,4654401,DELVO GLOBAL,12,NA,NEXUS,FORFAIT,NO_TS_NA,91.67
Ana,Wyatt,AW03094,4069289,JALVIK DIGITAL,12,CONT AFRICA,ORBIT,FORFAIT,MZYZ8VM6NDXHR9C,9.52
Ana,Wyatt,AW03094,4069289,JALVIK DIGITAL,12,MEA,ORBIT,FORFAIT,NO_TS_MEA,90.48
Carlos,Perez,QB99662,7304979,CENVEO GLOBAL,12,MEA AMERICA,PHOENIX,FORFAIT,R7E0G8YOHI6HA2M,11.9
Carlos,Perez,QB99662,7304979,CENVEO GLOBAL,12,LATAM,PHOENIX,FORFAIT,NO_TS_LATAM,88.1
Dustin,Watkins,HA84016,4256612,FORVEX TECH,12,MEA OCEANIA,NEXUS,FORFAIT,PS58VLGBJVG5Q1K,9.82
Jenna,Carroll,CV09059,4797580,LUMEX DIGITAL,12,APAC EUROPE,ORBIT,RPS,Z5W6JWR2AMH21SB,9.52
Jenna,Carroll,CV09059,4797580,LUMEX DIGITAL,12,EMEA,ORBIT,RPS,NO_TS_EMEA,90.48
Sarah,Gibson,ZV44521,9824043,BRYTON DIGITAL,12,MEA AFRICA,ORBIT,RPS,JTZC4M0NAVQN1Q3,7.74
Sarah,Gibson,ZV44521,9824043,BRYTON DIGITAL,12,APAC,ORBIT,RPS,NO_TS_APAC,92.26
Jennifer,Johnson,OR94651,1395976,JALVIK TECH,12,APAC MENA,NOVA,RPS,XWPYRLY8NUDRHJR,9.52
Jennifer,Johnson,OR94651,1395976,JALVIK TECH,12,APAC,NOVA,RPS,NO_TS_APAC,90.48
Tracey,Garza,FY94496,9001324,HYRION SOLUTIONS,12,NA AMERICA,ATLAS,FORFAIT,I11ZP4KVVHHFGQK,10.57
Caitlyn,Garcia,LV35657,6784555,ALCOR SYSTEMS,12,MEA MENA,VERTEX,FORFAIT,7LZSGCPGETNMCDA,12.05
Caitlyn,Garcia,LV35657,6784555,ALCOR SYSTEMS,12,LATAM,VERTEX,FORFAIT,NO_TS_LATAM,87.95
Hannah,Moses,AW66607,2138195,FORVEX DYNAMICS,12,APAC AMERICA,STELLAR,REGIE,JGFS76L1WZN06WE,11.2
Hannah,Moses,AW66607,2138195,FORVEX DYNAMICS,12,APAC,STELLAR,REGIE,NO_TS_APAC,88.8
Katherine,Wells,FQ02952,6685131,INOVA SOLUTIONS,12,LATAM ASIA,PULSE,MAINTENANCE,IYKA37B50ZWGO4I,10.42
Katherine,Wells,FQ02952,6685131,INOVA SOLUTIONS,12,LATAM,PULSE,MAINTENANCE,NO_TS_LATAM,89.58
Stephen,Sanders,YW71035,1286381,GOLZEN CONSULTING,12,LATAM MENA,PULSE,SUPPORT,3X9GFVX2TSQWKHI,7.14
Stephen,Sanders,YW71035,1286381,GOLZEN CONSULTING,12,EMEA,PULSE,SUPPORT,NO_TS_EMEA,92.86
John,Dillon,SS72627,8482324,INOVA GLOBAL,12,MEA ASIA,ORBIT,RPS,IPZKVKGFR32UE9F,9.23
John,Dillon,SS72627,8482324,INOVA GLOBAL,12,NA,ORBIT,RPS,NO_TS_NA,90.77
Barbara,Knight,GD07019,9668232,DELVO TECH,12,NA MENA,NEXUS,FORFAIT,K4N1K4CL0MTZKHQ,8.33
Devin,Aguirre,MM40160,3930663,HYRION SYSTEMS,12,EMEA OCEANIA,STELLAR,REGIE,EYP76KVCC0FOHWF,9.52
Devin,Aguirre,MM40160,3930663,HYRION SYSTEMS,12,MEA,STELLAR,REGIE,NO_TS_MEA,90.48
Charles,Lopez,WZ29966,8423672,ALCOR VENTURES,12,EMEA MENA,STELLAR,FORFAIT,TYXYQDEXPRX16AC,11.9
Charles,Lopez,WZ29966,8423672,ALCOR VENTURES,12,APAC,STELLAR,FORFAIT,NO_TS_APAC,88.1
Colin,Summers,PG02251,2650047,HYRION SYSTEMS,12,NA AFRICA,ATLAS,RPS,PYU3GQ9OCV40DH2,11.9
Colin,Summers,PG02251,2650047,HYRION SYSTEMS,12,LATAM,ATLAS,RPS,NO_TS_LATAM,88.1
Gregory,Mason,YY35644,3702107,LUMEX GROUP,12,MEA ASIA,NEXUS,REGIE,6COX730C3QWOGQ5,11.9
Gregory,Mason,YY35644,3702107,LUMEX GROUP,12,EMEA,NEXUS,REGIE,NO_TS_EMEA,88.1
Jacob,Calhoun,XB14214,1413863,DELVO CONSULTING,12,MEA MENA,ORBIT,SUPPORT,MNHLE1CQ30O8VLP,11.46
Joshua,Brown,BU00904,3309064,JALVIK DYNAMICS,12,NA MENA,PHOENIX,MAINTENANCE,GFUFGFI7WE9TBS0,14.88
Adrian,Kaufman,MI20764,7055000,DELVO SOLUTIONS,12,MEA AMERICA,PULSE,RPS,BDO1P633RTJZCM3,6.55
Adrian,Kaufman,MI20764,7055000,DELVO SOLUTIONS,12,CONT,PULSE,RPS,NO_TS_CONT,93.45
Rachel,Carter,LD94715,3660309,LUMEX VENTURES,12,MEA EUROPE,QUANTUM,RPS,YDYUUJO6N0PK1NQ,14.29
Rachel,Carter,LD94715,3660309,LUMEX VENTURES,12,NA,QUANTUM,RPS,NO_TS_NA,85.71
Jack,Hall,OY31364,4638296,DELVO GLOBAL,12,CONT AFRICA,PHOENIX,MAINTENANCE,LMY91UOOSP34F1H,11.9
Andrew,White,KS29898,8810255,FORVEX VENTURES,12,APAC OCEANIA,PHOENIX,MAINTENANCE,HTKJK0OTOFVHGO9,13.1
Dalton,Barron,PJ30736,4316853,ETHOS VENTURES,12,LATAM AFRICA,NOVA,SUPPORT,D8SIS1UAV2ER2YH,5.06
Dalton,Barron,PJ30736,4316853,ETHOS VENTURES,12,EMEA,NOVA,SUPPORT,NO_TS_EMEA,94.94
Jennifer,Franco,SF15785,4918749,JALVIK SYSTEMS,12,LATAM AMERICA,STELLAR,FORFAIT,9NKB0GKIFUKM3T9,11.9
Glenn,Carter,TM44949,4792990,FORVEX GLOBAL,12,NA AMERICA,PULSE,MAINTENANCE,QSM08GOGSEIL7SV,7.29
Glenn,Carter,TM44949,4792990,FORVEX GLOBAL,12,CONT,PULSE,MAINTENANCE,NO_TS_CONT,92.71
Kristopher,Valentine,QZ25641,2017805,GOLZEN GLOBAL,12,MEA AMERICA,ATLAS,REGIE,JUZMD0L6O4XV585,9.52
Kristopher,Valentine,QZ25641,2017805,GOLZEN GLOBAL,12,MEA,ATLAS,REGIE,NO_TS_MEA,90.48
Sarah,Wong,VB66323,2158303,BRYTON GLOBAL,12,MEA EUROPE,PULSE,REGIE,5G8EGKXWKZ3DMT1,6.99
David,Brewer,SW52708,5835905,DELVO GROUP,12,CONT AMERICA,ORBIT,SUPPORT,0J4F8WIZYQRE917,8.33
David,Brewer,SW52708,5835905,DELVO GROUP,12,NA,ORBIT,SUPPORT,NO_TS_NA,91.67
Jennifer,Harrison,EL14556,4950019,HYRION DYNAMICS,12,APAC OCEANIA,ORBIT,REGIE,5MK0S64E508ATRK,11.9
Jennifer,Harrison,EL14556,4950019,HYRION DYNAMICS,12,NA,ORBIT,REGIE,NO_TS_NA,88.1
Colleen,Rios,LN58821,1184636,GOLZEN SYSTEMS,12,NA EUROPE,VERTEX,RPS,13HEFK6COY9PQYC,9.52
Colleen,Rios,LN58821,1184636,GOLZEN SYSTEMS,12,CONT,VERTEX,RPS,NO_TS_CONT,90.48
Timothy,Hardin,JR87192,3345053,ETHOS VENTURES,12,CONT ASIA,VERTEX,SUPPORT,0V3V6PTZT30SG3Y,9.52
Timothy,Hardin,JR87192,3345053,ETHOS VENTURES,12,APAC,VERTEX,SUPPORT,NO_TS_APAC,90.48
Robert,Boyd,RF60768,8124994,INOVA SOLUTIONS,12,APAC AMERICA,NOVA,REGIE,6F04NXSM6A5HAM0,14.29
Robert,Boyd,RF60768,8124994,INOVA SOLUTIONS,12,CONT,NOVA,REGIE,NO_TS_CONT,85.71
Lisa,Gallagher,TF67387,7064846,GOLZEN GLOBAL,12,APAC AMERICA,ORBIT,FORFAIT,VWBSZIRRZ3C6Z3S,7.29
Lisa,Gallagher,TF67387,7064846,GOLZEN GLOBAL,12,CONT,ORBIT,FORFAIT,NO_TS_CONT,92.71
Jade,Munoz,SD60912,4036909,ETHOS VENTURES,12,APAC AMERICA,NOVA,FORFAIT,XBF947IDCML5TG2,8.93
Jade,Munoz,SD60912,4036909,ETHOS VENTURES,12,EMEA,NOVA,FORFAIT,NO_TS_EMEA,91.07
David,Farmer,HM41095,2749895,FORVEX DYNAMICS,12,MEA EUROPE,VERTEX,SUPPORT,3WO48VDC0XLIBCN,7.74
David,Farmer,HM41095,2749895,FORVEX DYNAMICS,12,APAC,VERTEX,SUPPORT,NO_TS_APAC,92.26
Denise,Marsh,PC05599,2932501,FORVEX SYSTEMS,12,EMEA AFRICA,PULSE,REGIE,R61RXT5P9FHF0N0,10.42
Denise,Marsh,PC05599,2932501,FORVEX SYSTEMS,12,EMEA,PULSE,REGIE,NO_TS_EMEA,89.58
Jeremy,Lee,MC71415,4655342,LUMEX SOLUTIONS,12,EMEA AMERICA,PHOENIX,REGIE,LZS01PCADRQUANW,9.52
Joseph,English,ON29908,6708364,GOLZEN SOLUTIONS,12,EMEA EUROPE,STELLAR,RPS,2FDXCCE5C09JCZQ,9.23
Joseph,English,ON29908,6708364,GOLZEN SOLUTIONS,12,EMEA,STELLAR,RPS,NO_TS_EMEA,90.77
Debbie,Larsen,IG98285,3698438,KESTRA CONSULTING,12,MEA EUROPE,PHOENIX,REGIE,F4QLQT08EO46R4M,10.12
Debbie,Larsen,IG98285,3698438,KESTRA CONSULTING,12,EMEA,PHOENIX,REGIE,NO_TS_EMEA,89.88
Danny,King,ED25700,7904530,INOVA CONSULTING,12,NA AFRICA,ATLAS,MAINTENANCE,36VA5Y9SADHL2Q1,14.29
Danny,King,ED25700,7904530,INOVA CONSULTING,12,MEA,ATLAS,MAINTENANCE,NO_TS_MEA,85.71
Julie,Harmon,GP93113,8456620,ETHOS TECH,12,EMEA OCEANIA,ORBIT,SUPPORT,IDA9B695N2AR5X0,9.52
Julie,Harmon,GP93113,8456620,ETHOS TECH,12,MEA,ORBIT,SUPPORT,NO_TS_MEA,90.48
Christopher,Wilson,PR62637,6526943,KESTRA GROUP,12,LATAM MENA,QUANTUM,SUPPORT,K1OUBA2AYEYBQZG,9.52
Christopher,Wilson,PR62637,6526943,KESTRA GROUP,12,CONT,QUANTUM,SUPPORT,NO_TS_CONT,90.48
Joseph,Callahan,VJ81437,9902847,JALVIK TECH,12,CONT EUROPE,NOVA,REGIE,ITJEWUUIYHE6FLN,5.65
Joseph,Callahan,VJ81437,9902847,JALVIK TECH,12,NA,NOVA,REGIE,NO_TS_NA,94.35
Joanne,Dixon,SA52859,2910307,LUMEX GLOBAL,12,MEA OCEANIA,ORBIT,MAINTENANCE,DP0EKNS3RT8K4VP,11.9
Jo,Paul,PB19124,3444689,KESTRA SOLUTIONS,12,LATAM ASIA,QUANTUM,REGIE,R9S7VBPOK3QEOL1,11.9
Jo,Paul,PB19124,3444689,KESTRA SOLUTIONS,12,MEA,QUANTUM,REGIE,NO_TS_MEA,88.1
Jenny,Hoffman,EM11620,8750560,HYRION VENTURES,12,EMEA MENA,NEXUS,FORFAIT,VGS7NLTXC5E6HGD,13.1
Jenny,Hoffman,EM11620,8750560,HYRION VENTURES,12,CONT,NEXUS,FORFAIT,NO_TS_CONT,86.9
Christy,Clark,CO84035,5734149,ALCOR SYSTEMS,12,MEA MENA,NOVA,SUPPORT,PSDPMEUBTEAOA5H,10.12
Christy,Clark,CO84035,5734149,ALCOR SYSTEMS,12,NA,NOVA,SUPPORT,NO_TS_NA,89.88
Kristina,Mathis,ZS42303,2118829,GOLZEN GLOBAL,12,LATAM AFRICA,ATLAS,SUPPORT,AC6BSMIMVGAW93J,9.52
Kristina,Mathis,ZS42303,2118829,GOLZEN GLOBAL,12,CONT,ATLAS,SUPPORT,NO_TS_CONT,90.48
Andrea,Hardin,QW58089,3206021,ALCOR GLOBAL,12,NA AFRICA,NOVA,REGIE,8TYQYZIW3WGY26B,11.9
Andrea,Hardin,QW58089,3206021,ALCOR GLOBAL,12,LATAM,NOVA,REGIE,NO_TS_LATAM,88.1
Luis,Harris,VY44158,7107496,KESTRA VENTURES,12,LATAM AFRICA,ATLAS,MAINTENANCE,DRR296I5D108S0U,8.78
Lisa,Romero,GB08082,4572383,ETHOS DYNAMICS,12,MEA MENA,PHOENIX,FORFAIT,0PMPZOYYWH1CND5,8.33
Sabrina,Wolf,HQ96724,4872089,JALVIK VENTURES,12,CONT AMERICA,NEXUS,FORFAIT,9Q8800QWH0SRNMD,6.99
Sabrina,Wolf,HQ96724,4872089,JALVIK VENTURES,12,CONT,NEXUS,FORFAIT,NO_TS_CONT,93.01
Jordan,Long,XQ78881,9615913,ETHOS GLOBAL,12,LATAM AFRICA,VERTEX,SUPPORT,AU2022TZEXVI2VR,9.08
Jordan,Long,XQ78881,9615913,ETHOS GLOBAL,12,APAC,VERTEX,SUPPORT,NO_TS_APAC,90.92
Amanda,Brown,WG66615,6835856,GOLZEN CONSULTING,12,APAC MENA,PHOENIX,REGIE,SHZ2EWQKEWUSBGD,8.33
Amanda,Brown,WG66615,6835856,GOLZEN CONSULTING,12,CONT,PHOENIX,REGIE,NO_TS_CONT,91.67
Kristina,Ayala,JE26765,9425519,INOVA DYNAMICS,12,LATAM MENA,NEXUS,RPS,8KR4BHKKZYR6XTF,7.59
Sydney,Rodriguez,OK34888,8421148,FORVEX SYSTEMS,12,NA MENA,QUANTUM,RPS,RG00YS9OWYZEXWN,8.33
Sydney,Rodriguez,OK34888,8421148,FORVEX SYSTEMS,12,NA,QUANTUM,RPS,NO_TS_NA,91.67
Tim,Wilson,BJ82822,2948573,BRYTON DIGITAL,12,EMEA OCEANIA,NOVA,SUPPORT,SCSLQIHO4Q0W5GN,7.89
Tim,Wilson,BJ82822,2948573,BRYTON DIGITAL,12,NA,NOVA,SUPPORT,NO_TS_NA,92.11
Brandon,Hudson,YZ19746,8886928,KESTRA TECH,12,LATAM OCEANIA,VERTEX,REGIE,9E2ZJBPA5E50QXY,11.9
Teresa,Morgan,KU99176,1140508,ALCOR DYNAMICS,12,APAC MENA,PULSE,REGIE,YA45BCRHY0RZQ1S,11.9
Teresa,Morgan,KU99176,1140508,ALCOR DYNAMICS,12,EMEA,PULSE,REGIE,NO_TS_EMEA,88.1
Brenda,Schmidt,CY26884,3936862,ETHOS GLOBAL,12,LATAM AFRICA,ORBIT,REGIE,M05BX7RRY8POAS4,11.9
Holly,Tucker,JX19947,7451220,ETHOS TECH,12,EMEA EUROPE,ATLAS,MAINTENANCE,M9GQA4HFZP232CO,10.12
Holly,Tucker,JX19947,7451220,ETHOS TECH,12,LATAM,ATLAS,MAINTENANCE,NO_TS_LATAM,89.88
Timothy,Whitehead,SW37110,1643415,INOVA SOLUTIONS,12,EMEA OCEANIA,NOVA,REGIE,EG3YGFWHHS22VJ1,11.9
Timothy,Whitehead,SW37110,1643415,INOVA SOLUTIONS,12,NA,NOVA,REGIE,NO_TS_NA,88.1
Rita,Harris,LW66119,1199625,CENVEO GROUP,12,NA EUROPE,VERTEX,REGIE,EC4P78ZNM1QRJ5J,5.29
Rita,Harris,LW66119,1199625,CENVEO GROUP,12,LATAM,VERTEX,REGIE,NO_TS_LATAM,94.71
Anthony,Barnes,LD07494,7607758,GOLZEN CONSULTING,12,MEA MENA,QUANTUM,FORFAIT,7EFP9QKJBIJT922,9.52
Anthony,Barnes,LD07494,7607758,GOLZEN CONSULTING,12,APAC,QUANTUM,FORFAIT,NO_TS_APAC,90.48
Jamie,Scott,MZ81701,8751810,JALVIK DIGITAL,12,EMEA ASIA,NEXUS,MAINTENANCE,VNYP0HI7E5Q38NM,11.9
Jamie,Scott,MZ81701,8751810,JALVIK DIGITAL,12,LATAM,NEXUS,MAINTENANCE,NO_TS_LATAM,88.1
Jacqueline,Bailey,OM12090,3557727,CENVEO DIGITAL,12,EMEA MENA,PULSE,FORFAIT,8W9NOL5CL2W8OX4,11.31
Jacqueline,Bailey,OM12090,3557727,CENVEO DIGITAL,12,LATAM,PULSE,FORFAIT,NO_TS_LATAM,88.69
Helen,Carter,CB30870,3684533,LUMEX GLOBAL,12,APAC EUROPE,ATLAS,RPS,9G5HGUQCFFF1HX1,8.33
Helen,Carter,CB30870,3684533,LUMEX GLOBAL,12,APAC,ATLAS,RPS,NO_TS_APAC,91.67
Claudia,Morgan,BY98039,2356110,BRYTON CONSULTING,12,NA ASIA,STELLAR,RPS,UIHYFNCZEZF51Y9,16.67
Claudia,Morgan,BY98039,2356110,BRYTON CONSULTING,12,NA,STELLAR,RPS,NO_TS_NA,83.33
Amy,Smith,VB16071,4380436,BRYTON GROUP,12,NA EUROPE,ORBIT,RPS,72HK9IWD3RI5PIC,14.29
Amy,Smith,VB16071,4380436,BRYTON GROUP,12,APAC,ORBIT,RPS,NO_TS_APAC,85.71
Danny,Ferguson,IT23844,8637238,ALCOR SOLUTIONS,12,LATAM MENA,STELLAR,RPS,FFITUOY53A6GO7Z,5.51
Danny,Ferguson,IT23844,8637238,ALCOR SOLUTIONS,12,APAC,STELLAR,RPS,NO_TS_APAC,94.49
Megan,Hawkins,KO63983,9087752,INOVA GROUP,12,LATAM MENA,QUANTUM,RPS,IYSDRDE92ZUJ1C1,9.52
Megan,Hawkins,KO63983,9087752,INOVA GROUP,12,APAC,QUANTUM,RPS,NO_TS_APAC,90.48
Timothy,Horton,EY21146,5967865,BRYTON SOLUTIONS,12,EMEA AFRICA,ORBIT,FORFAIT,8CKA3LHUIJXB23G,9.52
Timothy,Horton,EY21146,5967865,BRYTON SOLUTIONS,12,NA,ORBIT,FORFAIT,NO_TS_NA,90.48
Anita,Johnson,QQ56210,7656130,BRYTON SYSTEMS,12,CONT MENA,QUANTUM,REGIE,M7YSGBD9MQDLFG2,7.14
Anita,Johnson,QQ56210,7656130,BRYTON SYSTEMS,12,APAC,QUANTUM,REGIE,NO_TS_APAC,92.86
Jasmin,Hall,ZM83636,5114186,HYRION VENTURES,12,CONT MENA,ATLAS,SUPPORT,K7GH3YQE71SEV1U,8.33
Sara,Sullivan,YW98960,8292960,LUMEX SOLUTIONS,12,LATAM ASIA,STELLAR,SUPPORT,QADCCKHNHFVTYGR,9.52
Christopher,Ballard,TT34080,9603461,FORVEX CONSULTING,12,NA OCEANIA,STELLAR,RPS,2WPZJJY1O54W4JZ,11.9
Christopher,Ballard,TT34080,9603461,FORVEX CONSULTING,12,EMEA,STELLAR,RPS,NO_TS_EMEA,88.1
Nancy,Smith,GX42750,2821089,GOLZEN GLOBAL,12,LATAM AFRICA,PHOENIX,SUPPORT,WZ2XOO3YS1BL3UY,10.86
Nancy,Smith,GX42750,2821089,GOLZEN GLOBAL,12,MEA,PHOENIX,SUPPORT,NO_TS_MEA,89.14
Ashley,Schultz,LE72618,1360903,CENVEO CONSULTING,12,EMEA AFRICA,VERTEX,REGIE,A1GK62UHQP6FHLA,8.33
Ashley,Schultz,LE72618,1360903,CENVEO CONSULTING,12,NA,VERTEX,REGIE,NO_TS_NA,91.67
Brandi,Cunningham,UE87294,6243418,BRYTON DIGITAL,12,APAC EUROPE,ORBIT,RPS,JHOT9HRNYJPLBR3,6.85
Gina,Simon,AB33931,4507933,FORVEX DYNAMICS,12,EMEA AMERICA,NOVA,REGIE,D8C8NIOKIG4V0YR,9.52
Gina,Simon,AB33931,4507933,FORVEX DYNAMICS,12,LATAM,NOVA,REGIE,NO_TS_LATAM,90.48
Heather,Silva,SK90910,8508767,HYRION TECH,12,MEA AFRICA,STELLAR,SUPPORT,HRSUR9TMDB5TQUZ,9.52
Heather,Silva,SK90910,8508767,HYRION TECH,12,EMEA,STELLAR,SUPPORT,NO_TS_EMEA,90.48
Kari,Davis,HO54613,8974620,ALCOR SYSTEMS,12,NA OCEANIA,ORBIT,SUPPORT,BV89RNQU55W70TF,12.26
Kari,Davis,HO54613,8974620,ALCOR SYSTEMS,12,EMEA,ORBIT,SUPPORT,NO_TS_EMEA,87.74
Christopher,Garcia,LU15917,1066807,GOLZEN VENTURES,12,NA ASIA,PHOENIX,SUPPORT,Y2R5ATOBJM8YP1P,8.33
Karen,Walker,IF80858,6493403,DELVO VENTURES,12,APAC ASIA,ATLAS,RPS,H27YKA7MRYX160R,9.52
Karen,Walker,IF80858,6493403,DELVO VENTURES,12,EMEA,ATLAS,RPS,NO_TS_EMEA,90.48
Kenneth,Garcia,HW42149,7507537,FORVEX VENTURES,12,APAC AFRICA,NOVA,FORFAIT,8QPMFLCRKU1AGZ1,9.52
Kenneth,Garcia,HW42149,7507537,FORVEX VENTURES,12,APAC,NOVA,FORFAIT,NO_TS_APAC,90.48
Christopher,Cox,YC11786,5629037,CENVEO GLOBAL,12,MEA AFRICA,NOVA,MAINTENANCE,7ZOKG0LGAM179KH,11.9
Jennifer,Raymond,BT32351,8715053,CENVEO SOLUTIONS,12,NA ASIA,ATLAS,SUPPORT,FQW3S5ZM2GE6LL0,9.52
Robin,Fuller,GE28107,8424089,BRYTON CONSULTING,12,APAC MENA,QUANTUM,REGIE,TRAFHQYE7A32JQC,7.44
Robin,Fuller,GE28107,8424089,BRYTON CONSULTING,12,LATAM,QUANTUM,REGIE,NO_TS_LATAM,92.56
Lauren,Foster,BG06697,8746578,KESTRA CONSULTING,12,EMEA ASIA,PHOENIX,MAINTENANCE,OLFZLZAW7E6XRGR,9.52
Richard,Jones,EX07549,6388166,FORVEX CONSULTING,12,MEA AMERICA,VERTEX,MAINTENANCE,E2GQS76G0D0W2CJ,10.12
Richard,Jones,EX07549,6388166,FORVEX CONSULTING,12,MEA,VERTEX,MAINTENANCE,NO_TS_MEA,89.88
Brian,Preston,AE74030,9785706,HYRION VENTURES,12,CONT EUROPE,VERTEX,MAINTENANCE,3TBU7F3282TZ3RN,11.9
Brian,Preston,AE74030,9785706,HYRION VENTURES,12,APAC,VERTEX,MAINTENANCE,NO_TS_APAC,88.1
Matthew,Cooper,BD17737,5788110,INOVA TECH,12,APAC EUROPE,VERTEX,FORFAIT,F8NLLM8MD7GG4R2,3.42
Matthew,Cooper,BD17737,5788110,INOVA TECH,12,NA,VERTEX,FORFAIT,NO_TS_NA,96.58
Tracey,Neal,CJ98794,3495576,INOVA TECH,12,APAC MENA,NEXUS,REGIE,OED6HA7O9OH3E1X,11.61
Cynthia,Rubio,BI85736,2121794,INOVA SOLUTIONS,12,NA MENA,STELLAR,RPS,PU1KCHAISH11QJQ,11.31
Cynthia,Rubio,BI85736,2121794,INOVA SOLUTIONS,12,NA,STELLAR,RPS,NO_TS_NA,88.69
Carla,Tran,IH65526,3958462,GOLZEN GLOBAL,12,MEA MENA,PULSE,SUPPORT,3LT98GA4OSMNKXJ,8.33
Carla,Tran,IH65526,3958462,GOLZEN GLOBAL,12,MEA,PULSE,SUPPORT,NO_TS_MEA,91.67
Jonathan,Sanchez,IC40348,4319080,INOVA DYNAMICS,12,NA AFRICA,NEXUS,MAINTENANCE,R1QRLXZEBC55I8C,9.97
Laura,Brooks,QH28518,3896672,JALVIK GLOBAL,12,MEA AFRICA,QUANTUM,MAINTENANCE,MCXVZSAV3ARTLTA,11.9
Laura,Brooks,QH28518,3896672,JALVIK GLOBAL,12,NA,QUANTUM,MAINTENANCE,NO_TS_NA,88.1
Dean,Schmidt,MU81866,4477453,LUMEX TECH,12,NA AFRICA,STELLAR,RPS,82EQZUG8ZYD5YRM,5.06
Dean,Schmidt,MU81866,4477453,LUMEX TECH,12,MEA,STELLAR,RPS,NO_TS_MEA,94.94
Madeline,Reed,ZB60156,7487107,ALCOR DYNAMICS,12,NA EUROPE,PHOENIX,MAINTENANCE,OSG1N0ITIBKN0NY,9.52
Madeline,Reed,ZB60156,7487107,ALCOR DYNAMICS,12,NA,PHOENIX,MAINTENANCE,NO_TS_NA,90.48
Ronald,Thompson,TP73015,2181061,KESTRA GLOBAL,12,LATAM MENA,VERTEX,FORFAIT,56KQ9FENQZ28ZOF,8.33
Ronald,Thompson,TP73015,2181061,KESTRA GLOBAL,12,APAC,VERTEX,FORFAIT,NO_TS_APAC,91.67
Mitchell,Hernandez,AR88059,5383241,CENVEO TECH,12,EMEA ASIA,QUANTUM,FORFAIT,JXMU5ZQYNSOKY92,12.05
Mitchell,Hernandez,AR88059,5383241,CENVEO TECH,12,APAC,QUANTUM,FORFAIT,NO_TS_APAC,87.95
Ronnie,Smith,TD76874,7391933,HYRION DIGITAL,12,MEA AFRICA,NEXUS,FORFAIT,3I24PIRPGGPD4FA,8.33
Ronnie,Smith,TD76874,7391933,HYRION DIGITAL,12,EMEA,NEXUS,FORFAIT,NO_TS_EMEA,91.67
Amber,Harris,KR57716,3442674,CENVEO SOLUTIONS,12,NA OCEANIA,ATLAS,RPS,X4JF0XWFH4JRHKX,11.9
Amber,Harris,KR57716,3442674,CENVEO SOLUTIONS,12,CONT,ATLAS,RPS,NO_TS_CONT,88.1
Christopher,Lopez,MK28167,6536560,ETHOS SYSTEMS,12,EMEA MENA,PHOENIX,MAINTENANCE,V9M9E9H2UB2ZQAU,10.12
Christopher,Lopez,MK28167,6536560,ETHOS SYSTEMS,12,NA,PHOENIX,MAINTENANCE,NO_TS_NA,89.88
Tyler,Keith,FR07085,8928545,FORVEX GROUP,12,CONT EUROPE,NOVA,SUPPORT,W51UNEUKSFWYKVM,7.44
Tyler,Keith,FR07085,8928545,FORVEX GROUP,12,CONT,NOVA,SUPPORT,NO_TS_CONT,92.56
Steven,Smith,GN71434,3696234,ETHOS GLOBAL,12,CONT MENA,PHOENIX,RPS,E9N74B5MJZRCVSJ,9.82
Timothy,Hunter,ZE19591,9477416,LUMEX VENTURES,12,APAC MENA,PHOENIX,MAINTENANCE,JWP0GTFVIRTDPM6,11.46
Timothy,Hunter,ZE19591,9477416,LUMEX VENTURES,12,CONT,PHOENIX,MAINTENANCE,NO_TS_CONT,88.54
Craig,Ramirez,SD23908,1480451,CENVEO TECH,12,LATAM ASIA,PHOENIX,RPS,0JPLH771HKLG183,9.52
Charles,Meza,TO90274,7271825,GOLZEN DIGITAL,12,NA ASIA,STELLAR,FORFAIT,9ERQ7U54TSH55I7,9.52
Charles,Meza,TO90274,7271825,GOLZEN DIGITAL,12,LATAM,STELLAR,FORFAIT,NO_TS_LATAM,90.48
Joseph,Freeman,MP96181,6896192,CENVEO CONSULTING,12,CONT ASIA,PHOENIX,FORFAIT,QV6QGSHTR7EZF4V,10.71
Joseph,Freeman,MP96181,6896192,CENVEO CONSULTING,12,MEA,PHOENIX,FORFAIT,NO_TS_MEA,89.29
Kenneth,Mitchell,SG12870,3374447,FORVEX CONSULTING,12,CONT AFRICA,NEXUS,REGIE,7VRJ2IHFKF5D4NJ,14.29
Kenneth,Mitchell,SG12870,3374447,FORVEX CONSULTING,12,NA,NEXUS,REGIE,NO_TS_NA,85.71
Jeremy,Baker,CD68026,8487747,GOLZEN SYSTEMS,12,LATAM EUROPE,NEXUS,REGIE,UWH4FSK5C5MBNV4,9.82
Tyler,Galloway,BW03434,8323310,DELVO SOLUTIONS,12,LATAM AFRICA,PULSE,SUPPORT,YAVBNV2RV691E76,11.9
Tyler,Galloway,BW03434,8323310,DELVO SOLUTIONS,12,MEA,PULSE,SUPPORT,NO_TS_MEA,88.1
Gloria,Marquez,IF66559,8722362,JALVIK SOLUTIONS,12,CONT ASIA,PULSE,SUPPORT,F45NRIVFU7QEIOQ,9.52
Gloria,Marquez,IF66559,8722362,JALVIK SOLUTIONS,12,MEA,PULSE,SUPPORT,NO_TS_MEA,90.48
Zachary,Duran,CI57284,3451777,LUMEX SYSTEMS,12,CONT AFRICA,PHOENIX,SUPPORT,LXMLRJ8ZFTXBBJM,11.9
Zachary,Duran,CI57284,3451777,LUMEX SYSTEMS,12,LATAM,PHOENIX,SUPPORT,NO_TS_LATAM,88.1
Daniel,Chang,CJ41003,4250893,CENVEO TECH,12,EMEA MENA,ATLAS,RPS,NQJF5XVKU4RG09I,8.33
Daniel,Chang,CJ41003,4250893,CENVEO TECH,12,CONT,ATLAS,RPS,NO_TS_CONT,91.67
Dawn,Garcia,XH89019,9275433,FORVEX DYNAMICS,12,NA EUROPE,VERTEX,RPS,LYYS0W154HIRK5Z,8.48
Jill,Berry,TR87946,3122402,LUMEX VENTURES,12,EMEA EUROPE,STELLAR,REGIE,HCZD597RBY2RLH4,8.63
Jill,Berry,TR87946,3122402,LUMEX VENTURES,12,EMEA,STELLAR,REGIE,NO_TS_EMEA,91.37
Kristine,Rivera,NY64654,3047257,BRYTON TECH,12,EMEA MENA,VERTEX,FORFAIT,EBZHYLR1V5Z5A6O,11.9
Alvin,Casey,BZ28312,8534398,DELVO TECH,12,LATAM MENA,STELLAR,FORFAIT,39SSGML96FE6NGC,9.67
