FirstName,LastName,Identifier,RegistrationNumber,Company,period,OrganizationalUnit,product,ActivityNature,AccountingCode,Ratio
Rebecca,Davis,XP22846,7415232,INOVA GLOBAL,5,NA AFRICA,ATLAS,FORFAIT,AT2E4YVBVCDNECR,9.09
Rebecca,Davis,XP22846,7415232,INOVA GLOBAL,5,MEA,ATLAS,FORFAIT,NO_TS_MEA,90.91
Olivia,Bryan,PC25819,7034044,FORVEX SOLUTIONS,5,LATAM OCEANIA,QUANTUM,REGIE,FZV7OFKFK1I48AF,9.66
Olivia,Bryan,PC25819,7034044,FORVEX SOLUTIONS,5,MEA,QUANTUM,REGIE,NO_TS_MEA,90.34
Nicole,Phelps,ZR67036,5623686,CENVEO DYNAMICS,5,MEA EUROPE,QUANTUM,FORFAIT,BBHWDXKDB8GHC8D,10.09
Nicole,Phelps,ZR67036,5623686,CENVEO DYNAMICS,5,MEA,QUANTUM,FORFAIT,NO_TS_MEA,89.91
Christina,Jones,UO61892,5342562,INOVA GROUP,5,EMEA EUROPE,VERTEX,REGIE,LXU4C1O5JVW0UZN,11.36
Joann,Garcia,XA44850,8728893,CENVEO VENTURES,5,LATAM EUROPE,VERTEX,MAINTENANCE,3YYPD3ELE6S5ZO1,5.97
Joann,Garcia,XA44850,8728893,CENVEO VENTURES,5,CONT,VERTEX,MAINTENANCE,NO_TS_CONT,94.03
Lisa,Kemp,IB79756,3115247,HYRION DIGITAL,5,APAC AFRICA,PULSE,RPS,JIKJ858K2L18KB9,5.68
Lisa,Kemp,IB79756,3115247,HYRION DIGITAL,5,APAC,PULSE,RPS,NO_TS_APAC,94.32
John,Joseph,BJ51910,2970530,KESTRA SOLUTIONS,5,APAC ASIA,NEXUS,RPS,5Q9QYPNZ2OMAQN0,11.22
John,Joseph,BJ51910,2970530,KESTRA SOLUTIONS,5,MEA,NEXUS,RPS,NO_TS_MEA,88.78
Michael,Dean,BX68759,9760319,GOLZEN CONSULTING,5,CONT AMERICA,QUANTUM,SUPPORT,ZGZT0S1V1X13C9Z,6.39
Michael,Dean,BX68759,9760319,GOLZEN CONSULTING,5,NA,QUANTUM,SUPPORT,NO_TS_NA,93.61
Andrew,Lee,ZY23422,3856805,DELVO DYNAMICS,5,LATAM MENA,PHOENIX,SUPPORT,MCKZHVIW612C4SV,11.65
Patricia,Brown,HK29258,4312819,KESTRA DYNAMICS,5,EMEA EUROPE,NOVA,FORFAIT,L32Z5THA1OGZ2GK,13.64
Patricia,Brown,HK29258,4312819,KESTRA DYNAMICS,5,NA,NOVA,FORFAIT,NO_TS_NA,86.36
Patricia,Parker,FQ32979,6265787,HYRION DYNAMICS,5,APAC ASIA,ATLAS,SUPPORT,NR4PHYQYHSUZHDC,10.23
Patricia,Parker,FQ32979,6265787,HYRION DYNAMICS,5,MEA,ATLAS,SUPPORT,NO_TS_MEA,89.77
Daniel,Gross,AG65110,5411629,ALCOR GROUP,5,MEA OCEANIA,VERTEX,SUPPORT,4130F5BDBNWPO77,11.08
Daniel,Gross,AG65110,5411629,ALCOR GROUP,5,EMEA,VERTEX,SUPPORT,NO_TS_EMEA,88.92
John,Bailey,SG05834,5830228,DELVO GLOBAL,5,APAC EUROPE,PHOENIX,RPS,EQYADYPFA18LE8Q,11.93
John,Bailey,SG05834,5830228,DELVO GLOBAL,5,LATAM,PHOENIX,RPS,NO_TS_LATAM,88.07
Amber,Myers,BC46580,6942416,INOVA VENTURES,5,MEA AFRICA,ORBIT,REGIE,X5TKJ4CS8IRXZ60,4.69
Amber,Myers,BC46580,6942416,INOVA VENTURES,5,MEA,ORBIT,REGIE,NO_TS_MEA,95.31
Jessica,Johnson,HY31526,1346925,BRYTON DYNAMICS,5,LATAM AMERICA,ATLAS,FORFAIT,5EYKVIS8QBW4UT6,7.1
Jessica,Johnson,HY31526,1346925,BRYTON DYNAMICS,5,APAC,ATLAS,FORFAIT,NO_TS_APAC,92.9
Daisy,Foster,OS88375,4990482,INOVA DIGITAL,5,CONT MENA,PHOENIX,FORFAIT,I9W46HT2YTE2D3D,12.36
Daisy,Foster,OS88375,4990482,INOVA DIGITAL,5,NA,PHOENIX,FORFAIT,NO_TS_NA,87.64
Daniel,Johnson,YQ85667,4672681,JALVIK CONSULTING,5,CONT EUROPE,ATLAS,MAINTENANCE,55NANN67CPFFSIJ,12.93
James,Lawson,WE27774,5419843,DELVO GLOBAL,5,APAC AMERICA,NOVA,REGIE,FB9WYER7YVVBI7A,11.36
James,Lawson,WE27774,5419843,DELVO GLOBAL,5,LATAM,NOVA,REGIE,NO_TS_LATAM,88.64
Derek,Hayes,KX73488,3904777,GOLZEN SOLUTIONS,5,NA EUROPE,NOVA,MAINTENANCE,MZNC3BQAZGQ1ENN,9.09
Sherri,Sanders,VD96299,6158178,INOVA CONSULTING,5,CONT AFRICA,QUANTUM,RPS,9MANMYOSULAAK5U,11.36
Sherri,Sanders,VD96299,6158178,INOVA CONSULTING,5,LATAM,QUANTUM,RPS,NO_TS_LATAM,88.64
Pamela,Ray,PW13595,4961809,CENVEO TECH,5,MEA ASIA,VERTEX,SUPPORT,ICRIW4I20SMY8MU,7.1
Pamela,Ray,PW13595,4961809,CENVEO TECH,5,EMEA,VERTEX,SUPPORT,NO_TS_EMEA,92.9
Jennifer,Johnson,EL05166,3090335,FORVEX CONSULTING,5,LATAM EUROPE,ATLAS,SUPPORT,W0BD1KPQ33ILGT0,11.79
Jennifer,Johnson,EL05166,3090335,FORVEX CONSULTING,5,APAC,ATLAS,SUPPORT,NO_TS_APAC,88.21
Scott,Meadows,HI93382,3770029,ETHOS TECH,5,APAC OCEANIA,STELLAR,FORFAIT,7AP3JX1MWDZQ7EL,11.08
Scott,Meadows,HI93382,3770029,ETHOS TECH,5,MEA,STELLAR,FORFAIT,NO_TS_MEA,88.92
Laura,Gibbs,AF88419,9022375,FORVEX SYSTEMS,5,CONT AMERICA,VERTEX,MAINTENANCE,J6F3ANYHAF63O0W,11.93
Laura,Gibbs,AF88419,9022375,FORVEX SYSTEMS,5,LATAM,VERTEX,MAINTENANCE,NO_TS_LATAM,88.07
Cory,Martinez,UC33479,2762716,KESTRA GLOBAL,5,APAC EUROPE,ORBIT,RPS,RCTZ6BY9BLI470N,12.93
Cory,Martinez,UC33479,2762716,KESTRA GLOBAL,5,NA,ORBIT,RPS,NO_TS_NA,87.07
Katie,Flores,YU01298,7888735,BRYTON GLOBAL,5,LATAM ASIA,STELLAR,REGIE,IQHYDSY77AV8PG0,10.23
Andrew,Sullivan,AV57787,4428153,FORVEX VENTURES,5,NA AFRICA,STELLAR,SUPPORT,GHAKRYCY60061ZN,9.38
Matthew,Wright,SB53130,4316759,LUMEX DYNAMICS,5,CONT AMERICA,ATLAS,SUPPORT,TILMMRB9YVA78KY,10.8
Matthew,Wright,SB53130,4316759,LUMEX DYNAMICS,5,EMEA,ATLAS,SUPPORT,NO_TS_EMEA,89.2
Lisa,Wilson,JA10419,5665993,ETHOS DIGITAL,5,LATAM ASIA,ATLAS,MAINTENANCE,I0NWX0YDSSFE39Q,11.36
Lisa,Wilson,JA10419,5665993,ETHOS DIGITAL,5,EMEA,ATLAS,MAINTENANCE,NO_TS_EMEA,88.64
Linda,Stephenson,QV85683,5596773,ETHOS SYSTEMS,5,MEA AFRICA,VERTEX,REGIE,C8ZHF2H3FSAA2QG,13.64
Patricia,Pearson,WY23924,4401503,HYRION DYNAMICS,5,LATAM AFRICA,QUANTUM,FORFAIT,R4OEKEVJVBX42P7,12.07
Patricia,Pearson,WY23924,4401503,HYRION DYNAMICS,5,MEA,QUANTUM,FORFAIT,NO_TS_MEA,87.93
Meghan,Williams,QS00814,5948832,KESTRA TECH,5,LATAM ASIA,PULSE,SUPPORT,IPEC2NIA92M04F9,15.91
Meghan,Williams,QS00814,5948832,KESTRA TECH,5,MEA,PULSE,SUPPORT,NO_TS_MEA,84.09
Lisa,Chambers,SF83939,2500329,LUMEX DYNAMICS,5,NA AFRICA,QUANTUM,MAINTENANCE,8811RUM6CIA6648,4.97
Lisa,Chambers,SF83939,2500329,LUMEX DYNAMICS,5,APAC,QUANTUM,MAINTENANCE,NO_TS_APAC,95.03
Jacqueline,Rodriguez,NE38268,8579807,INOVA GLOBAL,5,NA MENA,PHOENIX,MAINTENANCE,A29WGSRCUEQ98Y0,9.23
Jacqueline,Rodriguez,NE38268,8579807,INOVA GLOBAL,5,APAC,PHOENIX,MAINTENANCE,NO_TS_APAC,90.77
Susan,Anderson,YY29777,8588352,LUMEX DYNAMICS,5,LATAM ASIA,QUANTUM,SUPPORT,2WFYHPI9ZVPEQ4M,13.64
Susan,Anderson,YY29777,8588352,LUMEX DYNAMICS,5,EMEA,QUANTUM,SUPPORT,NO_TS_EMEA,86.36
Cheryl,Thompson,XR91064,9506943,JALVIK SYSTEMS,5,APAC AFRICA,STELLAR,MAINTENANCE,U8A9SU743CAIC62,11.36
Melissa,Williams,MJ21915,5761364,BRYTON SYSTEMS,5,CONT EUROPE,STELLAR,MAINTENANCE,J8NI1UX86B6AIO3,9.09
Melissa,Williams,MJ21915,5761364,BRYTON SYSTEMS,5,LATAM,STELLAR,MAINTENANCE,NO_TS_LATAM,90.91
Corey,George,VV26485,8482593,DELVO CONSULTING,5,EMEA EUROPE,NEXUS,FORFAIT,6R6T71PCYFICO69,9.66
Corey,George,VV26485,8482593,DELVO CONSULTING,5,NA,NEXUS,FORFAIT,NO_TS_NA,90.34
Deanna,Garner,VK86001,6242833,GOLZEN GROUP,5,CONT AFRICA,PULSE,MAINTENANCE,QUBWB2F7SZQKXHR,12.5
Deanna,Garner,VK86001,6242833,GOLZEN GROUP,5,NA,PULSE,MAINTENANCE,NO_TS_NA,87.5
Lindsay,Krause,CA37867,1901718,DELVO TECH,5,EMEA MENA,NEXUS,MAINTENANCE,3WXX0VJ2XT0X9NU,5.54
Lindsay,Krause,CA37867,1901718,DELVO TECH,5,EMEA,NEXUS,MAINTENANCE,NO_TS_EMEA,94.46
Brandon,Barnes,DU43234,8424853,LUMEX SOLUTIONS,5,EMEA AMERICA,STELLAR,RPS,5S51CMVEKY5HRGI,9.38
Brandon,Barnes,DU43234,8424853,LUMEX SOLUTIONS,5,MEA,STELLAR,RPS,NO_TS_MEA,90.63
Ashley,Wong,HF75635,3537368,BRYTON TECH,5,APAC EUROPE,NEXUS,REGIE,3NZ70QZZAMGN40Q,11.93
Ashley,Wong,HF75635,3537368,BRYTON TECH,5,MEA,NEXUS,REGIE,NO_TS_MEA,88.07
Donald,Day,PV09229,7053678,ALCOR SOLUTIONS,5,LATAM OCEANIA,PHOENIX,FORFAIT,WKXGILD4TD0FB51,10.23
Donald,Day,PV09229,7053678,ALCOR SOLUTIONS,5,EMEA,PHOENIX,FORFAIT,NO_TS_EMEA,89.77
Ian,Holmes,DF65243,9965070,CENVEO GROUP,5,CONT MENA,NOVA,RPS,4DDYGY90P3EBP7B,12.5
Ian,Holmes,DF65243,9965070,CENVEO GROUP,5,APAC,NOVA,RPS,NO_TS_APAC,87.5
Lisa,Berger,QB59674,7547552,KESTRA DYNAMICS,5,EMEA ASIA,STELLAR,RPS,M7BZ7GMO1SWMX07,9.8
Lisa,Berger,QB59674,7547552,KESTRA DYNAMICS,5,LATAM,STELLAR,RPS,NO_TS_LATAM,90.2
Casey,Thomas,WE39712,3292472,KESTRA SYSTEMS,5,LATAM AMERICA,STELLAR,FORFAIT,PKADOKBAXFV2B2W,11.08
Casey,Thomas,WE39712,3292472,KESTRA SYSTEMS,5,LATAM,STELLAR,FORFAIT,NO_TS_LATAM,88.92
Kimberly,Williams,CZ66404,8217408,INOVA TECH,5,NA ASIA,STELLAR,MAINTENANCE,X7XU2KH02NTLIGQ,7.81
Patricia,Johnson,FS46300,3593913,DELVO GLOBAL,5,APAC AFRICA,ORBIT,RPS,SJ3BB3UE3QBL2Z0,12.5
Patricia,Johnson,FS46300,3593913,DELVO GLOBAL,5,LATAM,ORBIT,RPS,NO_TS_LATAM,87.5
Ashley,Cuevas,LP45827,9318522,LUMEX TECH,5,APAC EUROPE,PULSE,SUPPORT,UKH29KP70MJMI2U,9.38
Michael,Wolf,OC86992,3800029,CENVEO TECH,5,LATAM AFRICA,STELLAR,SUPPORT,84HN3KSNM8CZFXA,11.36
Michael,Wolf,OC86992,3800029,CENVEO TECH,5,NA,STELLAR,SUPPORT,NO_TS_NA,88.64
Jonathan,Hernandez,QG90822,6452271,INOVA SYSTEMS,5,MEA EUROPE,NEXUS,MAINTENANCE,8OQQ4IJ7OGAW7PO,9.09
Jonathan,Hernandez,QG90822,6452271,INOVA SYSTEMS,5,MEA,NEXUS,MAINTENANCE,NO_TS_MEA,90.91
Daniel,Gould,ZC23223,5549427,BRYTON GLOBAL,5,NA MENA,ATLAS,FORFAIT,69WNC43EBWWY7SN,7.67
Daniel,Gould,ZC23223,5549427,BRYTON GLOBAL,5,NA,ATLAS,FORFAIT,NO_TS_NA,92.33
Debra,Sharp,TQ03778,7972291,JALVIK SOLUTIONS,5,APAC MENA,VERTEX,RPS,ULP3A4MDD9CA33M,8.66
Anne,Bonilla,OA56643,1262623,FORVEX SYSTEMS,5,MEA AFRICA,NOVA,REGIE,MM4IKQXBAMFZJYM,10.23
Grace,Torres,VG59135,2971751,ETHOS VENTURES,5,EMEA ASIA,ATLAS,RPS,YE4ZONEM9SBT798,9.66
Grace,Torres,VG59135,2971751,ETHOS VENTURES,5,EMEA,ATLAS,RPS,NO_TS_EMEA,90.34
Jesus,Martin,FP40303,3459208,DELVO DYNAMICS,5,APAC OCEANIA,VERTEX,FORFAIT,M9VIUJ8CF1Y3Q9D,12.5
Jesus,Martin,FP40303,3459208,DELVO DYNAMICS,5,EMEA,VERTEX,FORFAIT,NO_TS_EMEA,87.5
Ronald,Leonard,BI89472,9248409,ALCOR GLOBAL,5,LATAM AFRICA,PHOENIX,REGIE,RBGJHFC58P8GPQE,11.36
Ronald,Leonard,BI89472,9248409,ALCOR GLOBAL,5,APAC,PHOENIX,REGIE,NO_TS_APAC,88.64
Justin,Thomas,XW28151,2061502,FORVEX DIGITAL,5,CONT,ATLAS,REGIE,NO_TS_CONT,100.0
Marcus,Hutchinson,FR46932,5505671,DELVO SYSTEMS,5,LATAM OCEANIA,ATLAS,REGIE,PGU20SBL81CY9FO,10.65
Marcus,Hutchinson,FR46932,5505671,DELVO SYSTEMS,5,LATAM,ATLAS,REGIE,NO_TS_LATAM,89.35
Jacqueline,Kline,EP34684,4174797,HYRION DIGITAL,5,NA MENA,PHOENIX,REGIE,PIIV6TKQI6S8L49,9.23
Jennifer,Turner,FG94517,3598135,GOLZEN TECH,5,APAC OCEANIA,VERTEX,FORFAIT,N99D8721JWCKR59,14.77
April,Mitchell,UL66825,2526122,GOLZEN DIGITAL,5,EMEA EUROPE,PULSE,FORFAIT,PW4USD8EV72SQ2O,10.23
John,Herrera,WX07647,9623170,INOVA SOLUTIONS,5,MEA EUROPE,VERTEX,RPS,TGV6QN3XVCX2Z9I,7.67
John,Herrera,WX07647,9623170,INOVA SOLUTIONS,5,NA,VERTEX,RPS,NO_TS_NA,92.33
David,David,KB42102,7850067,CENVEO TECH,5,APAC AFRICA,NEXUS,RPS,499H41U8JB1ZFN6,7.67
David,David,KB42102,7850067,CENVEO TECH,5,CONT,NEXUS,RPS,NO_TS_CONT,92.33
Todd,Bryant,CD81870,2469335,DELVO SOLUTIONS,5,NA ASIA,NOVA,RPS,05HLO7G4SFCY1K7,14.49
Todd,Bryant,CD81870,2469335,DELVO SOLUTIONS,5,MEA,NOVA,RPS,NO_TS_MEA,85.51
Joshua,Aguilar,GF80363,8387130,JALVIK SYSTEMS,5,EMEA AMERICA,STELLAR,MAINTENANCE,BR43A2PV8TSNA6F,9.66
Joshua,Aguilar,GF80363,8387130,JALVIK SYSTEMS,5,CONT,STELLAR,MAINTENANCE,NO_TS_CONT,90.34
Jerry,Rodriguez,LM43365,2852136,ALCOR DYNAMICS,5,CONT OCEANIA,QUANTUM,REGIE,5J07RIRAL88J9Q8,12.78
Michael,Yoder,HV96191,6477653,BRYTON DIGITAL,5,LATAM OCEANIA,ATLAS,MAINTENANCE,XSC6UYXNCYBYB13,9.38
Michael,Yoder,HV96191,6477653,BRYTON DIGITAL,5,NA,ATLAS,MAINTENANCE,NO_TS_NA,90.63
Jessica,Harris,NH28718,7208082,DELVO DIGITAL,5,APAC AMERICA,NEXUS,REGIE,5DT92TRQXJ5YJ0C,11.65
Jessica,Harris,NH28718,7208082,DELVO DIGITAL,5,LATAM,NEXUS,REGIE,NO_TS_LATAM,88.35
Scott,Ferguson,WI48798,8231184,INOVA TECH,5,APAC AMERICA,NOVA,REGIE,HNKWT5L2WPI5W8F,13.64
Scott,Ferguson,WI48798,8231184,INOVA TECH,5,CONT,NOVA,REGIE,NO_TS_CONT,86.36
Jacob,Banks,LY82499,1153302,KESTRA SYSTEMS,5,MEA AFRICA,PULSE,REGIE,RI524EOD4Z64FX6,10.8
Jacob,Banks,LY82499,1153302,KESTRA SYSTEMS,5,LATAM,PULSE,REGIE,NO_TS_LATAM,89.2
Timothy,Thomas,SE67640,1101377,INOVA TECH,5,CONT AMERICA,PULSE,REGIE,ROOQYPDK23BTPRH,10.23
Timothy,Thomas,SE67640,1101377,INOVA TECH,5,CONT,PULSE,REGIE,NO_TS_CONT,89.77
Michael,Ward,JN25244,1367643,CENVEO DIGITAL,5,NA EUROPE,ATLAS,FORFAIT,OZO68B7EWFI3PL3,11.36
Michael,Ward,JN25244,1367643,CENVEO DIGITAL,5,MEA,ATLAS,FORFAIT,NO_TS_MEA,88.64
Austin,Simpson,QN12482,2225077,CENVEO DIGITAL,5,CONT AFRICA,STELLAR,FORFAIT,QOCJC7FVYO8B722,2.56
Austin,Simpson,QN12482,2225077,CENVEO DIGITAL,5,MEA,STELLAR,FORFAIT,NO_TS_MEA,97.44
Elizabeth,Johnson,FD64807,1832286,CENVEO TECH,5,CONT AFRICA,ATLAS,SUPPORT,B0T8OTTEQPXVWAB,9.09
Melinda,Bell,BL05644,3300998,INOVA SOLUTIONS,5,EMEA MENA,NEXUS,SUPPORT,VO99SLVRKKJ6GL1,11.93
Melinda,Bell,BL05644,3300998,INOVA SOLUTIONS,5,APAC,NEXUS,SUPPORT,NO_TS_APAC,88.07
Michelle,Jones,DX74287,1974705,BRYTON DIGITAL,5,EMEA ASIA,NEXUS,MAINTENANCE,8V6MBSD6PG3RDN1,11.36
Michelle,Jones,DX74287,1974705,BRYTON DIGITAL,5,MEA,NEXUS,MAINTENANCE,NO_TS_MEA,88.64
April,Lam,TE12378,4748240,ALCOR TECH,5,NA ASIA,STELLAR,SUPPORT,9A2MQI9Z9QFG1SB,11.36
April,Lam,TE12378,4748240,ALCOR TECH,5,LATAM,STELLAR,SUPPORT,NO_TS_LATAM,88.64
Erik,Rice,WY33337,8405381,ALCOR SYSTEMS,5,EMEA AFRICA,PHOENIX,RPS,78IAFGITZOLC0PS,12.5
Erik,Rice,WY33337,8405381,ALCOR SYSTEMS,5,APAC,PHOENIX,RPS,NO_TS_APAC,87.5
Jonathan,Fernandez,ML73667,1043905,KESTRA GROUP,5,CONT AMERICA,STELLAR,RPS,WMZOTZEAV9CPL3W,11.65
Richard,Shea,YR70841,2168465,ALCOR DIGITAL,5,APAC OCEANIA,ATLAS,FORFAIT,24CYMPB06981Q5O,10.23
Richard,Shea,YR70841,2168465,ALCOR DIGITAL,5,NA,ATLAS,FORFAIT,NO_TS_NA,89.77
Jennifer,Carroll,TO88229,4981218,ALCOR GROUP,5,EMEA ASIA,STELLAR,REGIE,IH0BVOU55ZE7YHK,11.36
Jennifer,Carroll,TO88229,4981218,ALCOR GROUP,5,NA,STELLAR,REGIE,NO_TS_NA,88.64
Kaitlyn,Klein,FQ28053,7660702,GOLZEN GROUP,5,NA MENA,PULSE,RPS,XEK8NTFDJT3DM7U,13.07
Bernard,Thomas,FL67297,7460093,GOLZEN VENTURES,5,CONT MENA,NEXUS,REGIE,UV2F08HJTR6F3BI,9.38
Bernard,Thomas,FL67297,7460093,GOLZEN VENTURES,5,APAC,NEXUS,REGIE,NO_TS_APAC,90.63
Robert,Clayton,RV65002,2916934,ETHOS VENTURES,5,APAC MENA,NEXUS,SUPPORT,LOX6DUSQXGDVFNH,11.65
Robert,Clayton,RV65002,2916934,ETHOS VENTURES,5,CONT,NEXUS,SUPPORT,NO_TS_CONT,88.35
Danielle,Anderson,IW90957,4163728,CENVEO SYSTEMS,5,CONT AFRICA,NOVA,SUPPORT,IM9QJKSWZLYNV1B,9.23
Danielle,Anderson,IW90957,4163728,CENVEO SYSTEMS,5,MEA,NOVA,SUPPORT,NO_TS_MEA,90.77
Stephanie,Clark,YR51682,4289789,ALCOR TECH,5,LATAM AMERICA,STELLAR,SUPPORT,W2QJ7Y5B3BHV10D,11.93
Stephanie,Clark,YR51682,4289789,ALCOR TECH,5,EMEA,STELLAR,SUPPORT,NO_TS_EMEA,88.07
Eugene,Lawson,AL85999,1600676,KESTRA SOLUTIONS,5,CONT AMERICA,PULSE,RPS,LOOIYJBE5XFQLLY,8.81
Eugene,Lawson,AL85999,1600676,KESTRA SOLUTIONS,5,LATAM,PULSE,RPS,NO_TS_LATAM,91.19
Joshua,Williams,TX50970,3586396,JALVIK DIGITAL,5,EMEA OCEANIA,NOVA,RPS,73BHPLIT4LRPZ68,9.38
Joshua,Williams,TX50970,3586396,JALVIK DIGITAL,5,EMEA,NOVA,RPS,NO_TS_EMEA,90.63
Pamela,Moody,YI11165,8672627,GOLZEN SYSTEMS,5,NA OCEANIA,NOVA,SUPPORT,3AR4DNO8ETGLEB5,7.39
Pamela,Moody,YI11165,8672627,GOLZEN SYSTEMS,5,CONT,NOVA,SUPPORT,NO_TS_CONT,92.61
Ashley,Smith,RI88804,9255922,DELVO CONSULTING,5,CONT OCEANIA,PHOENIX,SUPPORT,PI2VHVYHLNMDV3K,11.93
Ashley,Smith,RI88804,9255922,DELVO CONSULTING,5,CONT,PHOENIX,SUPPORT,NO_TS_CONT,88.07
Katie,Rowland,NQ47504,8993657,LUMEX DIGITAL,5,NA AFRICA,NEXUS,SUPPORT,9KQ3JJO72PPFUHW,10.51
Katie,Rowland,NQ47504,8993657,LUMEX DIGITAL,5,MEA,NEXUS,SUPPORT,NO_TS_MEA,89.49
Kristina,Tate,SD70137,4003401,HYRION GLOBAL,5,APAC AFRICA,PHOENIX,MAINTENANCE,BEG847WSE7RJ4WI,9.66
Holly,Hernandez,RN05134,2935688,GOLZEN DYNAMICS,5,EMEA AMERICA,NEXUS,FORFAIT,KZJ31TLEZB0DCO3,8.38
Holly,Hernandez,RN05134,2935688,GOLZEN DYNAMICS,5,EMEA,NEXUS,FORFAIT,NO_TS_EMEA,91.62
William,Miller,UP98599,6496552,LUMEX GROUP,5,MEA OCEANIA,PHOENIX,REGIE,I3NVUSTRZ8ZPQLW,10.23
William,Miller,UP98599,6496552,LUMEX GROUP,5,NA,PHOENIX,REGIE,NO_TS_NA,89.77
Carrie,Harrington,XJ40931,2687370,FORVEX SOLUTIONS,5,CONT ASIA,NOVA,SUPPORT,HXR70OC9WXUI05T,14.29
Carrie,Harrington,XJ40931,2687370,FORVEX SOLUTIONS,5,MEA,NOVA,SUPPORT,NO_TS_MEA,85.71
Oscar,Cooper,SM59402,5778149,ALCOR DYNAMICS,5,APAC MENA,NOVA,FORFAIT,MUPE62CO9KGYAI5,10.51
Oscar,Cooper,SM59402,5778149,ALCOR DYNAMICS,5,NA,NOVA,FORFAIT,NO_TS_NA,89.49
George,Boyd,MK58636,8425428,LUMEX DIGITAL,5,NA EUROPE,QUANTUM,REGIE,OXCZZAH7VDPCUID,13.64
George,Boyd,MK58636,8425428,LUMEX DIGITAL,5,CONT,QUANTUM,REGIE,NO_TS_CONT,86.36
Bryan,Cooke,GV86948,8041063,ALCOR DIGITAL,5,LATAM EUROPE,NEXUS,MAINTENANCE,TD8BFLWO60OVANA,11.93
Anthony,Bowman,UN74090,8431440,BRYTON SOLUTIONS,5,EMEA ASIA,PHOENIX,FORFAIT,ZKDUU5HE10VTYZ3,13.64
Anthony,Bowman,UN74090,8431440,BRYTON SOLUTIONS,5,NA,PHOENIX,FORFAIT,NO_TS_NA,86.36
Mitchell,Mercado,YQ98912,3023112,KESTRA DYNAMICS,5,APAC AMERICA,QUANTUM,MAINTENANCE,X923K8BKT7EH1XF,11.93
Mitchell,Mercado,YQ98912,3023112,KESTRA DYNAMICS,5,LATAM,QUANTUM,MAINTENANCE,NO_TS_LATAM,88.07
Alexandria,Hebert,AJ74776,9800727,JALVIK DIGITAL,5,CONT AFRICA,VERTEX,RPS,YNFFNVTN8YOK0OB,7.39
Alexandria,Hebert,AJ74776,9800727,JALVIK DIGITAL,5,EMEA,VERTEX,RPS,NO_TS_EMEA,92.61
Laura,Solis,WX24112,8627359,FORVEX TECH,5,NA ASIA,ORBIT,MAINTENANCE,7H2H4TKQKY5LSZ5,9.66
Laura,Solis,WX24112,8627359,FORVEX TECH,5,APAC,ORBIT,MAINTENANCE,NO_TS_APAC,90.34
Michael,Wilson,MA53042,4544068,CENVEO GROUP,5,EMEA MENA,PULSE,SUPPORT,P84XOI944R69XDT,6.53
Michael,Wilson,MA53042,4544068,CENVEO GROUP,5,NA,PULSE,SUPPORT,NO_TS_NA,93.47
Rachel,Murphy,NZ04003,2084558,JALVIK GLOBAL,5,MEA EUROPE,NEXUS,MAINTENANCE,38GVXHVA2Y6U20S,11.08
Rachel,Murphy,NZ04003,2084558,JALVIK GLOBAL,5,MEA,NEXUS,MAINTENANCE,NO_TS_MEA,88.92
Jamie,Riley,ML96325,9038396,KESTRA VENTURES,5,LATAM MENA,NEXUS,REGIE,H81BZWIOCCTNFJ6,9.66
Jamie,Riley,ML96325,9038396,KESTRA VENTURES,5,CONT,NEXUS,REGIE,NO_TS_CONT,90.34
Matthew,Garrett,HP85791,6977180,KESTRA SOLUTIONS,5,APAC MENA,NOVA,REGIE,BOKUKLUQ40X9P2J,12.78
Matthew,Garrett,HP85791,6977180,KESTRA SOLUTIONS,5,EMEA,NOVA,REGIE,NO_TS_EMEA,87.22
Bruce,Pope,QY00550,2259486,ETHOS VENTURES,5,CONT MENA,ATLAS,RPS,5HYDP0FKIZHA8WC,7.95
Bruce,Pope,QY00550,2259486,ETHOS VENTURES,5,NA,ATLAS,RPS,NO_TS_NA,92.05
Kayla,Park,RN81781,9753305,FORVEX DIGITAL,5,EMEA AFRICA,ATLAS,MAINTENANCE,74N0THZLPQ5WXQ8,9.8
Andrea,Barrett,MC08132,1909388,GOLZEN TECH,5,CONT EUROPE,VERTEX,SUPPORT,5SSKRFEYKM508C4,10.8
Andrea,Barrett,MC08132,1909388,GOLZEN TECH,5,CONT,VERTEX,SUPPORT,NO_TS_CONT,89.2
Donna,Munoz,IG11646,9133101,INOVA GROUP,5,APAC MENA,PULSE,MAINTENANCE,7O4HPRKY4G6YXR8,9.52
Donna,Munoz,IG11646,9133101,INOVA GROUP,5,NA,PULSE,MAINTENANCE,NO_TS_NA,90.48
Joan,Barrett,AS82835,7229966,HYRION TECH,5,EMEA OCEANIA,QUANTUM,REGIE,3LR7DCUSB5ZM40V,10.23
Joan,Barrett,AS82835,7229966,HYRION TECH,5,EMEA,QUANTUM,REGIE,NO_TS_EMEA,89.77
Kyle,Martinez,XW78444,6141483,ALCOR VENTURES,5,NA MENA,PULSE,MAINTENANCE,LS74B1JJ3P4R2GF,9.8
Andrew,Mcdaniel,TV48167,9183828,CENVEO DIGITAL,5,CONT ASIA,PHOENIX,MAINTENANCE,NVA5JGBF8MUAAOG,8.52
Andrew,Mcdaniel,TV48167,9183828,CENVEO DIGITAL,5,MEA,PHOENIX,MAINTENANCE,NO_TS_MEA,91.48
Aaron,Walsh,JL27390,4040880,ETHOS GLOBAL,5,APAC ASIA,NOVA,REGIE,SKUID09W9MPYXQL,12.78
Peter,Martinez,FE60653,9422213,ETHOS VENTURES,5,EMEA MENA,STELLAR,SUPPORT,FD0PWTWZGVS68QN,10.8
Peter,Martinez,FE60653,9422213,ETHOS VENTURES,5,MEA,STELLAR,SUPPORT,NO_TS_MEA,89.2
Erica,Jones,FF11065,5312937,FORVEX DYNAMICS,5,APAC MENA,NEXUS,FORFAIT,EWJAPF9R1MPREHW,10.09
Erica,Jones,FF11065,5312937,FORVEX DYNAMICS,5,CONT,NEXUS,FORFAIT,NO_TS_CONT,89.91
Justin,Hutchinson,UY46938,7505901,INOVA GROUP,5,MEA MENA,ATLAS,MAINTENANCE,GOOJ7CT4JB7XM9G,12.22
Justin,Hutchinson,UY46938,7505901,INOVA GROUP,5,MEA,ATLAS,MAINTENANCE,NO_TS_MEA,87.78
Larry,Harrison,QT99791,7033983,HYRION VENTURES,5,CONT MENA,STELLAR,REGIE,N5ZWXIYC3KK7I7W,8.24
Larry,Harrison,QT99791,7033983,HYRION VENTURES,5,EMEA,STELLAR,REGIE,NO_TS_EMEA,91.76
Jerry,Phillips,LZ00843,1863341,INOVA TECH,5,CONT MENA,NEXUS,FORFAIT,Y5DNEWKE3CMJTDF,13.07
Kenneth,Downs,ZX02254,7725033,JALVIK GROUP,5,APAC MENA,NOVA,SUPPORT,8XA2K0KAMI9MZ33,15.91
Kenneth,Downs,ZX02254,7725033,JALVIK GROUP,5,MEA,NOVA,SUPPORT,NO_TS_MEA,84.09
Tyrone,Martinez,EP47903,8634486,INOVA SYSTEMS,5,LATAM MENA,ORBIT,MAINTENANCE,M9NID4LRKQ8IZEU,9.23
Tyrone,Martinez,EP47903,8634486,INOVA SYSTEMS,5,MEA,ORBIT,MAINTENANCE,NO_TS_MEA,90.77
Samantha,Sullivan,SP92759,5782327,HYRION CONSULTING,5,EMEA ASIA,PHOENIX,REGIE,E90UAKM5FCAZEGI,13.78
Samantha,Sullivan,SP92759,5782327,HYRION CONSULTING,5,LATAM,PHOENIX,REGIE,NO_TS_LATAM,86.22
Mark,Garcia,OL42101,5981407,DELVO DIGITAL,5,CONT MENA,QUANTUM,FORFAIT,A8WMS59DUD509A1,12.78
Mark,Garcia,OL42101,5981407,DELVO DIGITAL,5,MEA,QUANTUM,FORFAIT,NO_TS_MEA,87.22
David,Burton,MY88486,9839884,JALVIK CONSULTING,5,LATAM ASIA,NOVA,REGIE,RIUA20YRY4OVKII,13.33
David,Burton,MY88486,9839884,JALVIK CONSULTING,5,MEA,NOVA,REGIE,NO_TS_MEA,86.67
Brittany,Bass,CL49992,3684740,FORVEX GROUP,5,LATAM EUROPE,NOVA,RPS,0W5VGE867B93OBT,9.66
Andrew,Blair,UU62958,3943627,CENVEO SYSTEMS,5,MEA ASIA,NOVA,MAINTENANCE,XWN9CK3UZPTY688,11.93
Andrew,Blair,UU62958,3943627,CENVEO SYSTEMS,5,CONT,NOVA,MAINTENANCE,NO_TS_CONT,88.07
Jeffrey,Contreras,MB19438,8808427,BRYTON DIGITAL,5,APAC EUROPE,NEXUS,MAINTENANCE,6IFNM9NCRQVI9H7,11.36
Jeffrey,Contreras,MB19438,8808427,BRYTON DIGITAL,5,LATAM,NEXUS,MAINTENANCE,NO_TS_LATAM,88.64
Susan,Jones,CL18804,3694668,GOLZEN CONSULTING,5,EMEA ASIA,PULSE,RPS,F9CPFTRAF55HOMI,13.92
Susan,Jones,CL18804,3694668,GOLZEN CONSULTING,5,CONT,PULSE,RPS,NO_TS_CONT,86.08
Mark,Jones,LI73996,2441532,DELVO SYSTEMS,5,MEA AMERICA,NOVA,SUPPORT,J1PEVA8BK4XH429,10.51
Mark,Jones,LI73996,2441532,DELVO SYSTEMS,5,LATAM,NOVA,SUPPORT,NO_TS_LATAM,89.49
Brian,Myers,KX66348,4923596,HYRION SYSTEMS,5,EMEA AFRICA,VERTEX,MAINTENANCE,8T51KX8LM2QRL2T,5.82
Brian,Myers,KX66348,4923596,HYRION SYSTEMS,5,MEA,VERTEX,MAINTENANCE,NO_TS_MEA,94.18
Scott,Hendrix,SH56894,3335911,DELVO GLOBAL,5,CONT ASIA,ORBIT,FORFAIT,3OPQ08JG4JGINYM,11.93
Scott,Hendrix,SH56894,3335911,DELVO GLOBAL,5,EMEA,ORBIT,FORFAIT,NO_TS_EMEA,88.07
Janice,Merritt,VV22951,1205609,HYRION DYNAMICS,5,LATAM OCEANIA,PULSE,SUPPORT,RIY1Z6DEAKKH9YB,11.93
Janice,Merritt,VV22951,1205609,HYRION DYNAMICS,5,CONT,PULSE,SUPPORT,NO_TS_CONT,88.07
Kelsey,Young,TJ98955,3215957,DELVO GROUP,5,MEA ASIA,NOVA,RPS,16Q6PAL23PNG39O,7.24
Kelsey,Young,TJ98955,3215957,DELVO GROUP,5,EMEA,NOVA,RPS,NO_TS_EMEA,92.76
Jacob,Miranda,PN73620,7483992,INOVA GLOBAL,5,APAC EUROPE,VERTEX,RPS,5DFC9GA910FK38O,11.93
Jacob,Miranda,PN73620,7483992,INOVA GLOBAL,5,NA,VERTEX,RPS,NO_TS_NA,88.07
Brenda,Mcknight,NZ55604,6719922,LUMEX CONSULTING,5,EMEA ASIA,PHOENIX,SUPPORT,6UHESH53TLKLZQT,9.66
Thomas,Thomas,AX13777,5034819,KESTRA SYSTEMS,5,APAC AFRICA,NEXUS,SUPPORT,BRXQA63JY10ZM56,17.05
Thomas,Thomas,AX13777,5034819,KESTRA SYSTEMS,5,NA,NEXUS,SUPPORT,NO_TS_NA,82.95
Nicole,Miller,YP09679,2595782,ALCOR DIGITAL,5,LATAM AMERICA,STELLAR,MAINTENANCE,7P6K6R2LNJ9KDUI,9.52
Nicole,Miller,YP09679,2595782,ALCOR DIGITAL,5,EMEA,STELLAR,MAINTENANCE,NO_TS_EMEA,90.48
Lisa,Davis,HY59021,4301510,DELVO VENTURES,5,NA AMERICA,NOVA,RPS,PP39QSMAN8QLT9R,8.52
Lisa,Davis,HY59021,4301510,DELVO VENTURES,5,NA,NOVA,RPS,NO_TS_NA,91.48
Brian,Shaw,AU53118,1004178,KESTRA CONSULTING,5,CONT EUROPE,VERTEX,FORFAIT,XUXOQQBOJW7UNFN,12.5
Brian,Shaw,AU53118,1004178,KESTRA CONSULTING,5,LATAM,VERTEX,FORFAIT,NO_TS_LATAM,87.5
Cynthia,Miranda,QW01434,9530469,ALCOR GLOBAL,5,MEA AFRICA,PHOENIX,SUPPORT,C3OJ5HGGFTAS37W,7.39
Allison,Gonzalez,HV35210,4563448,JALVIK GLOBAL,5,MEA OCEANIA,VERTEX,SUPPORT,KD00KDGRHLD8VIV,11.36
Allison,Gonzalez,HV35210,4563448,JALVIK GLOBAL,5,APAC,VERTEX,SUPPORT,NO_TS_APAC,88.64
John,Jarvis,YR43206,3298503,FORVEX DYNAMICS,5,NA MENA,VERTEX,MAINTENANCE,QAWZFXUWR0HWQBA,13.64
Jeffrey,Rich,SV29226,4731793,HYRION GROUP,5,MEA OCEANIA,PHOENIX,SUPPORT,WQQ39NUSXKSG94R,9.52
Jeffrey,Rich,SV29226,4731793,HYRION GROUP,5,NA,PHOENIX,SUPPORT,NO_TS_NA,90.48
Angela,Coffey,XM33640,1659875,CENVEO GROUP,5,LATAM AMERICA,PHOENIX,SUPPORT,SHMY4PYUP3YJOZ7,9.8
Angela,Coffey,XM33640,1659875,CENVEO GROUP,5,APAC,PHOENIX,SUPPORT,NO_TS_APAC,90.2
Kimberly,Gray,PS69062,8337326,ETHOS VENTURES,5,CONT ASIA,QUANTUM,RPS,ARY8P2GUTUPZ0WU,11.51
Kimberly,Gray,PS69062,8337326,ETHOS VENTURES,5,MEA,QUANTUM,RPS,NO_TS_MEA,88.49
Vanessa,Heath,EH96722,3758625,GOLZEN TECH,5,EMEA EUROPE,NOVA,REGIE,X8LU725VY9LHE5Q,13.92
Vanessa,Heath,EH96722,3758625,GOLZEN TECH,5,EMEA,NOVA,REGIE,NO_TS_EMEA,86.08
Natasha,Schroeder,UV61021,4038354,HYRION CONSULTING,5,LATAM OCEANIA,QUANTUM,SUPPORT,L6AFFY9B2TOH3WJ,11.36
Natasha,Schroeder,UV61021,4038354,HYRION CONSULTING,5,EMEA,QUANTUM,SUPPORT,NO_TS_EMEA,88.64
Katie,Campbell,ON95112,2732231,CENVEO CONSULTING,5,EMEA MENA,QUANTUM,MAINTENANCE,GJWM4KK7VBEE9OI,9.8
Jeremy,Brooks,CJ67268,4279429,LUMEX TECH,5,MEA AMERICA,PULSE,RPS,KH1OHS9UI9ZX4G0,11.36
Jeremy,Brooks,CJ67268,4279429,LUMEX TECH,5,EMEA,PULSE,RPS,NO_TS_EMEA,88.64
David,Day,MJ31395,8730443,HYRION DYNAMICS,5,NA AFRICA,NOVA,FORFAIT,V1429NVSJVVNUM8,11.08
David,Day,MJ31395,8730443,HYRION DYNAMICS,5,APAC,NOVA,FORFAIT,NO_TS_APAC,88.92
Rickey,Stuart,VI45007,5316023,JALVIK DYNAMICS,5,EMEA AFRICA,QUANTUM,SUPPORT,OAGKLCJTCMG0OGD,9.66
Rickey,Stuart,VI45007,5316023,JALVIK DYNAMICS,5,MEA,QUANTUM,SUPPORT,NO_TS_MEA,90.34
Karen,Lee,YC58090,1107026,FORVEX DYNAMICS,5,LATAM ASIA,PHOENIX,MAINTENANCE,ZQ3RK1SHX2GUKJC,11.36
Karen,Lee,YC58090,1107026,FORVEX DYNAMICS,5,CONT,PHOENIX,MAINTENANCE,NO_TS_CONT,88.64
Courtney,Hughes,VD62902,8938138,HYRION GLOBAL,5,EMEA EUROPE,NOVA,MAINTENANCE,X2AYMIB3VCWEGKO,5.82
Courtney,Hughes,VD62902,8938138,HYRION GLOBAL,5,CONT,NOVA,MAINTENANCE,NO_TS_CONT,94.18
Meagan,Mills,KW84759,7843611,LUMEX GLOBAL,5,EMEA OCEANIA,NEXUS,REGIE,39MZC55TQW3CA5U,9.23
Meagan,Mills,KW84759,7843611,LUMEX GLOBAL,5,CONT,NEXUS,REGIE,NO_TS_CONT,90.77
Anthony,Ramirez,FA92132,5915235,BRYTON SOLUTIONS,5,EMEA ASIA,ATLAS,FORFAIT,OM5JP16UO0TQ5OY,13.35
Anthony,Ramirez,FA92132,5915235,BRYTON SOLUTIONS,5,CONT,ATLAS,FORFAIT,NO_TS_CONT,86.65
Craig,Adams,DS22668,6550641,LUMEX DYNAMICS,5,APAC EUROPE,PULSE,SUPPORT,RD9BNY3TR02VSNE,9.09
Craig,Adams,DS22668,6550641,LUMEX DYNAMICS,5,EMEA,PULSE,SUPPORT,NO_TS_EMEA,90.91
Tyler,Jackson,FT93795,8932882,KESTRA GROUP,5,LATAM ASIA,PHOENIX,REGIE,DLV2WF3NL2U2W3B,10.23
Tyler,Jackson,FT93795,8932882,KESTRA GROUP,5,APAC,PHOENIX,REGIE,NO_TS_APAC,89.77
Tanya,Solis,QS72455,8255971,DELVO TECH,5,APAC AMERICA,STELLAR,SUPPORT,CP69ZABHWEF9CVQ,9.66
Tanya,Solis,QS72455,8255971,DELVO TECH,5,MEA,STELLAR,SUPPORT,NO_TS_MEA,90.34
Alexander,Monroe,BO86972,4681865,INOVA SOLUTIONS,5,EMEA AMERICA,NEXUS,REGIE,FL69DUK8L7JSWEC,6.25
Alexander,Monroe,BO86972,4681865,INOVA SOLUTIONS,5,CONT,NEXUS,REGIE,NO_TS_CONT,93.75
Joseph,Rojas,DL36409,6497887,ETHOS CONSULTING,5,CONT AMERICA,VERTEX,SUPPORT,QARKOX3MPS4L7MF,10.8
Michael,Howard,ON31930,5212484,CENVEO SYSTEMS,5,MEA AFRICA,NOVA,MAINTENANCE,JU3SZAI2ZH9Z1Z4,9.8
Michael,Howard,ON31930,5212484,CENVEO SYSTEMS,5,EMEA,NOVA,MAINTENANCE,NO_TS_EMEA,90.2
Amber,Johnston,WJ62419,7205457,FORVEX TECH,5,CONT AMERICA,VERTEX,FORFAIT,9PW9DLV5QFNWL1M,10.23
Amber,Johnston,WJ62419,7205457,FORVEX TECH,5,NA,VERTEX,FORFAIT,NO_TS_NA,89.77
Harold,Davis,KU28111,1555806,ETHOS VENTURES,5,MEA OCEANIA,QUANTUM,SUPPORT,ZMF8XYOF45DNMO2,11.36
Harold,Davis,KU28111,1555806,ETHOS VENTURES,5,EMEA,QUANTUM,SUPPORT,NO_TS_EMEA,88.64
Laura,Moore,YP22693,5049393,JALVIK TECH,5,LATAM EUROPE,VERTEX,RPS,1E6IWC0KSLWQ11L,11.36
Laura,Moore,YP22693,5049393,JALVIK TECH,5,NA,VERTEX,RPS,NO_TS_NA,88.64
Carlos,Beard,TP37755,3692235,CENVEO GROUP,5,LATAM ASIA,ORBIT,REGIE,OARXJNFN0XBRZXJ,9.66
Carlos,Beard,TP37755,3692235,CENVEO GROUP,5,MEA,ORBIT,REGIE,NO_TS_MEA,90.34
Kristin,Johnson,KB31410,1680816,KESTRA DYNAMICS,5,EMEA MENA,NEXUS,MAINTENANCE,2G2MF3AVJUT34V2,15.63
Kristin,Johnson,KB31410,1680816,KESTRA DYNAMICS,5,APAC,NEXUS,MAINTENANCE,NO_TS_APAC,84.38
James,Carlson,AY07307,2120049,ETHOS DYNAMICS,5,MEA OCEANIA,VERTEX,REGIE,57QOYC2QT979DTV,11.79
James,Carlson,AY07307,2120049,ETHOS DYNAMICS,5,NA,VERTEX,REGIE,NO_TS_NA,88.21
Vincent,Campbell,GW92180,7559621,JALVIK CONSULTING,5,NA AMERICA,NOVA,REGIE,PSJE1I3L3J6Z3GK,9.66
Darrell,Burns,FF87942,2621128,BRYTON DYNAMICS,5,NA MENA,PULSE,REGIE,UPF81CE0PLKMSLP,11.65
Darrell,Burns,FF87942,2621128,BRYTON DYNAMICS,5,CONT,PULSE,REGIE,NO_TS_CONT,88.35
Elizabeth,Hodges,VD49916,3066862,ALCOR CONSULTING,5,EMEA OCEANIA,PHOENIX,FORFAIT,4HZ6U1T94XD4DDA,11.65
Elizabeth,Hodges,VD49916,3066862,ALCOR CONSULTING,5,NA,PHOENIX,FORFAIT,NO_TS_NA,88.35
John,Huffman,JY38621,2837631,DELVO DYNAMICS,5,EMEA AMERICA,PULSE,FORFAIT,2E4RYYH3E7KQBTU,11.93
John,Huffman,JY38621,2837631,DELVO DYNAMICS,5,MEA,PULSE,FORFAIT,NO_TS_MEA,88.07
Jacob,Frank,EQ47305,9459920,ALCOR CONSULTING,5,APAC ASIA,VERTEX,SUPPORT,BZA7B93SPKI7I9Y,11.51
Dwayne,Terry,CH94450,5128611,DELVO SYSTEMS,5,APAC AMERICA,NEXUS,REGIE,UV21AO8XZISWZ73,15.91
Dwayne,Terry,CH94450,5128611,DELVO SYSTEMS,5,NA,NEXUS,REGIE,NO_TS_NA,84.09
Chelsea,Larson,AS02769,2910004,ALCOR CONSULTING,5,CONT EUROPE,ATLAS,RPS,XG6CF5GS1R0NMZ8,10.23
Elizabeth,Melton,XO32816,3786246,DELVO SYSTEMS,5,NA AFRICA,NOVA,FORFAIT,WWA2D2NISMWZ32I,11.65
Elizabeth,Melton,XO32816,3786246,DELVO SYSTEMS,5,LATAM,NOVA,FORFAIT,NO_TS_LATAM,88.35
Matthew,Williams,DE16822,3400448,JALVIK DYNAMICS,5,MEA AMERICA,PULSE,REGIE,LFOVCU7EQU8YYRQ,8.24
Matthew,Williams,DE16822,3400448,JALVIK DYNAMICS,5,EMEA,PULSE,REGIE,NO_TS_EMEA,91.76
Traci,Bailey,WC39230,2774816,KESTRA GLOBAL,5,LATAM ASIA,ORBIT,REGIE,GUCNN5HIUR5QL91,15.91
Adam,Watson,XI65158,9562278,FORVEX DIGITAL,5,EMEA MENA,ORBIT,SUPPORT,Z2RLSNN69OIZ05A,15.91
Adam,Watson,XI65158,9562278,FORVEX DIGITAL,5,EMEA,ORBIT,SUPPORT,NO_TS_EMEA,84.09
Tina,Orozco,IX64015,3056099,JALVIK DYNAMICS,5,NA AMERICA,PULSE,REGIE,7B3KNLXJFTVGZVP,15.91
Tina,Orozco,IX64015,3056099,JALVIK DYNAMICS,5,MEA,PULSE,REGIE,NO_TS_MEA,84.09
John,Thomas,WV76602,6574100,LUMEX TECH,5,APAC MENA,PULSE,SUPPORT,66IP3AGHUKMHPM7,14.2
John,Thomas,WV76602,6574100,LUMEX TECH,5,NA,PULSE,SUPPORT,NO_TS_NA,85.8
John,Fuentes,TV18328,8034084,GOLZEN SYSTEMS,5,NA OCEANIA,ATLAS,RPS,GXPTORYWE8LF9YM,10.09
Nathaniel,Williams,NA00352,2483007,FORVEX SYSTEMS,5,APAC MENA,PHOENIX,SUPPORT,C8ZOASX3G25XU74,9.66
Jenny,Taylor,EQ90116,2615392,LUMEX SOLUTIONS,5,EMEA AMERICA,PULSE,RPS,YGHYLV8VAXZVRZZ,9.8
Jenny,Taylor,EQ90116,2615392,LUMEX SOLUTIONS,5,MEA,PULSE,RPS,NO_TS_MEA,90.2
Shawn,Smith,NQ27074,3486168,FORVEX DYNAMICS,5,LATAM ASIA,PHOENIX,REGIE,WSOOVBQCEPQLKEK,9.38
Shawn,Smith,NQ27074,3486168,FORVEX DYNAMICS,5,NA,PHOENIX,REGIE,NO_TS_NA,90.63
Nina,Floyd,ZB35892,8177361,BRYTON GROUP,5,EMEA OCEANIA,PHOENIX,RPS,12C67HLZODSF6WN,14.77
Nina,Floyd,ZB35892,8177361,BRYTON GROUP,5,MEA,PHOENIX,RPS,NO_TS_MEA,85.23
Rachel,Miller,IW57540,7748379,INOVA VENTURES,5,CONT AFRICA,QUANTUM,REGIE,GJR6X4LEU42TN0E,11.36
Rachel,Miller,IW57540,7748379,INOVA VENTURES,5,EMEA,QUANTUM,REGIE,NO_TS_EMEA,88.64
Dennis,Robinson,VN09796,1935604,INOVA TECH,5,NA OCEANIA,VERTEX,SUPPORT,0XXWQPRDYXBNSX2,9.09
Dennis,Robinson,VN09796,1935604,INOVA TECH,5,NA,VERTEX,SUPPORT,NO_TS_NA,90.91
Colleen,Estrada,NF85798,6923106,KESTRA SOLUTIONS,5,EMEA OCEANIA,NEXUS,RPS,D87HAOPIG0MB6SK,12.92
Colleen,Estrada,NF85798,6923106,KESTRA SOLUTIONS,5,NA,NEXUS,RPS,NO_TS_NA,87.08
Eric,Mueller,JQ75389,7350464,FORVEX TECH,5,APAC EUROPE,ORBIT,REGIE,90KJB7HHFK9Q13Y,11.93
Eric,Mueller,JQ75389,7350464,FORVEX TECH,5,LATAM,ORBIT,REGIE,NO_TS_LATAM,88.07
Mark,Cooley,QJ64366,2772956,LUMEX SOLUTIONS,5,LATAM AMERICA,VERTEX,RPS,PIVS6YW7VOXMHDU,10.23
Mark,Cooley,QJ64366,2772956,LUMEX SOLUTIONS,5,EMEA,VERTEX,RPS,NO_TS_EMEA,89.77
Eric,Joseph,CN47880,7191734,ALCOR GROUP,5,MEA ASIA,QUANTUM,SUPPORT,6Z779AQ1SMFV7BV,8.24
Heather,Castro,GY17362,8962556,ETHOS GROUP,5,EMEA MENA,NOVA,MAINTENANCE,ODLH70O32Z7L1DW,11.36
Heather,Castro,GY17362,8962556,ETHOS GROUP,5,MEA,NOVA,MAINTENANCE,NO_TS_MEA,88.64
Luis,Harrison,NW62918,1427758,FORVEX SOLUTIONS,5,EMEA OCEANIA,VERTEX,REGIE,UNF92DQWVB7E2G7,11.22
Luis,Harrison,NW62918,1427758,FORVEX SOLUTIONS,5,CONT,VERTEX,REGIE,NO_TS_CONT,88.78
Dan,Allen,WX55259,8259997,CENVEO SOLUTIONS,5,MEA AMERICA,ORBIT,FORFAIT,N547OD7M0IAD7WO,8.1
Dan,Allen,WX55259,8259997,CENVEO SOLUTIONS,5,EMEA,ORBIT,FORFAIT,NO_TS_EMEA,91.9
Brandon,Wright,XI98845,6265323,KESTRA CONSULTING,5,MEA AMERICA,QUANTUM,RPS,OPPSKGCA5W38U4F,10.23
Brandon,Wright,XI98845,6265323,KESTRA CONSULTING,5,CONT,QUANTUM,RPS,NO_TS_CONT,89.77
Alyssa,Lynch,SL83640,2215930,LUMEX SOLUTIONS,5,NA AMERICA,VERTEX,REGIE,MX8QQS1S6ONZ6V5,8.52
Jennifer,Jones,SF76855,9021118,ETHOS DYNAMICS,5,APAC AMERICA,QUANTUM,FORFAIT,MAZ4FVZIAJTDBOC,16.48
Jennifer,Jones,SF76855,9021118,ETHOS DYNAMICS,5,LATAM,QUANTUM,FORFAIT,NO_TS_LATAM,83.52
Russell,Smith,UT59883,8202066,CENVEO GROUP,5,LATAM MENA,NOVA,FORFAIT,21KFPRU88NG7920,9.66
Russell,Smith,UT59883,8202066,CENVEO GROUP,5,LATAM,NOVA,FORFAIT,NO_TS_LATAM,90.34
Travis,Ortiz,VL05742,8653611,INOVA TECH,5,APAC EUROPE,PULSE,FORFAIT,YADISQKDHUWZORZ,11.36
Travis,Ortiz,VL05742,8653611,INOVA TECH,5,EMEA,PULSE,FORFAIT,NO_TS_EMEA,88.64
Kaitlyn,Gordon,XK34404,4538649,DELVO GROUP,5,NA AFRICA,VERTEX,REGIE,7PDSST2X1F2WM53,8.66
Kaitlyn,Gordon,XK34404,4538649,DELVO GROUP,5,CONT,VERTEX,REGIE,NO_TS_CONT,91.34
Teresa,Dougherty,MD32902,8017173,HYRION GROUP,5,APAC MENA,STELLAR,RPS,4S71B0ORIBHEY3Z,11.08
Teresa,Dougherty,MD32902,8017173,HYRION GROUP,5,CONT,STELLAR,RPS,NO_TS_CONT,88.92
Angela,Evans,FL82802,1828110,INOVA TECH,5,APAC EUROPE,QUANTUM,MAINTENANCE,B1WFDDOZMII8LWN,9.09
Nicholas,Alvarez,OD01495,5089492,ALCOR TECH,5,LATAM EUROPE,PULSE,REGIE,L8HEDIAK08GZ5JN,7.67
Nicholas,Alvarez,OD01495,5089492,ALCOR TECH,5,MEA,PULSE,REGIE,NO_TS_MEA,92.33
Larry,Howell,GM17882,3227899,LUMEX SYSTEMS,5,NA AFRICA,ATLAS,FORFAIT,L65BUES09K4CQU5,13.64
Larry,Howell,GM17882,3227899,LUMEX SYSTEMS,5,NA,ATLAS,FORFAIT,NO_TS_NA,86.36
Patricia,Johnson,RI33771,7842751,ALCOR GROUP,5,EMEA ASIA,VERTEX,FORFAIT,XZ99A07VZJF2NTG,11.08
Patricia,Johnson,RI33771,7842751,ALCOR GROUP,5,EMEA,VERTEX,FORFAIT,NO_TS_EMEA,88.92
Jacob,Saunders,YX32322,2374151,GOLZEN TECH,5,LATAM ASIA,STELLAR,RPS,8W7Z2ZWEZD7K9IZ,11.79
Jacob,Saunders,YX32322,2374151,GOLZEN TECH,5,APAC,STELLAR,RPS,NO_TS_APAC,88.21
Mckenzie,Young,MY70320,8595594,ETHOS TECH,5,MEA OCEANIA,PULSE,REGIE,7OSUU2YJ21LCC8C,7.24
Leslie,Mitchell,BT71472,6254075,ALCOR DIGITAL,5,MEA MENA,ORBIT,SUPPORT,96UV85R5UOGXEED,13.64
Troy,Wells,GC96067,7103188,GOLZEN TECH,5,NA EUROPE,NEXUS,SUPPORT,7GD6P8T15C8XTRA,11.36
Troy,Wells,GC96067,7103188,GOLZEN TECH,5,LATAM,NEXUS,SUPPORT,NO_TS_LATAM,88.64
Erika,Mckee,YI54209,3107024,LUMEX GLOBAL,5,APAC EUROPE,VERTEX,SUPPORT,49Z2VYGIMXFCD1S,8.52
Sierra,Taylor,JH48216,9427308,JALVIK DYNAMICS,5,MEA EUROPE,PULSE,SUPPORT,G10B6NXVTM4L0YZ,11.36
Sierra,Taylor,JH48216,9427308,JALVIK DYNAMICS,5,NA,PULSE,SUPPORT,NO_TS_NA,88.64
Alan,Garcia,MQ61947,1188581,LUMEX GLOBAL,5,EMEA OCEANIA,NEXUS,MAINTENANCE,SVDLQ662G556V0U,12.22
Alan,Garcia,MQ61947,1188581,LUMEX GLOBAL,5,LATAM,NEXUS,MAINTENANCE,NO_TS_LATAM,87.78
Crystal,Brown,LD90036,1057185,JALVIK GLOBAL,5,NA MENA,QUANTUM,SUPPORT,707RLB13MMSVSGE,10.37
Crystal,Brown,LD90036,1057185,JALVIK GLOBAL,5,MEA,QUANTUM,SUPPORT,NO_TS_MEA,89.63
Lori,Mitchell,AE98381,8867064,INOVA TECH,5,LATAM OCEANIA,NEXUS,RPS,P19QK2QJDSO2RXA,10.65
Lori,Mitchell,AE98381,8867064,INOVA TECH,5,EMEA,NEXUS,RPS,NO_TS_EMEA,89.35
Samuel,Blankenship,RR56074,7486592,JALVIK VENTURES,5,LATAM MENA,PHOENIX,REGIE,ZXUG1WEDVQBFHGO,11.93
Samuel,Blankenship,RR56074,7486592,JALVIK VENTURES,5,LATAM,PHOENIX,REGIE,NO_TS_LATAM,88.07
David,Dillon,MH26247,3300729,CENVEO DYNAMICS,5,NA AMERICA,PULSE,MAINTENANCE,MGPZ69J56NMX20C,11.36
Steve,Bowman,GY31680,6244153,LUMEX SOLUTIONS,5,NA AFRICA,QUANTUM,SUPPORT,O2KZ4LJT6VGEBOD,11.65
Steve,Bowman,GY31680,6244153,LUMEX SOLUTIONS,5,LATAM,QUANTUM,SUPPORT,NO_TS_LATAM,88.35
Kimberly,Lee,OF28153,4522990,FORVEX GLOBAL,5,LATAM AFRICA,PHOENIX,MAINTENANCE,LSRB42DM3CMNZBB,9.09
Kimberly,Lee,OF28153,4522990,FORVEX GLOBAL,5,CONT,PHOENIX,MAINTENANCE,NO_TS_CONT,90.91
Christine,Phillips,FY31908,1727892,KESTRA CONSULTING,5,NA AFRICA,PULSE,FORFAIT,94TWL6YSDKK9ZHR,9.23
Christine,Phillips,FY31908,1727892,KESTRA CONSULTING,5,MEA,PULSE,FORFAIT,NO_TS_MEA,90.77
Haley,Anderson,RC00111,8665795,CENVEO SOLUTIONS,5,LATAM ASIA,ATLAS,RPS,2YZ0V8I53AB6PK9,8.66
Haley,Anderson,RC00111,8665795,CENVEO SOLUTIONS,5,CONT,ATLAS,RPS,NO_TS_CONT,91.34
Sharon,Landry,MP50299,3452285,FORVEX GLOBAL,5,EMEA AFRICA,NEXUS,REGIE,05N0XUXX00NPMF2,11.65
Sharon,Landry,MP50299,3452285,FORVEX GLOBAL,5,MEA,NEXUS,REGIE,NO_TS_MEA,88.35
Erik,Hart,RZ88636,6261264,HYRION SOLUTIONS,5,MEA AMERICA,NEXUS,MAINTENANCE,OMQ3CJVJK0JL6GG,18.18
Erik,Hart,RZ88636,6261264,HYRION SOLUTIONS,5,MEA,NEXUS,MAINTENANCE,NO_TS_MEA,81.82
Shaun,Parrish,CC59773,5203415,BRYTON CONSULTING,5,NA OCEANIA,NEXUS,MAINTENANCE,5RIPPICP4HCKNPB,10.51
Shaun,Parrish,CC59773,5203415,BRYTON CONSULTING,5,MEA,NEXUS,MAINTENANCE,NO_TS_MEA,89.49
Andrew,Kennedy,LG53050,7528314,DELVO CONSULTING,5,EMEA EUROPE,PULSE,MAINTENANCE,0FXOYZIROUSJCSL,10.37
Andrew,Kennedy,LG53050,7528314,DELVO CONSULTING,5,APAC,PULSE,MAINTENANCE,NO_TS_APAC,89.63
Rhonda,Davis,SU41441,8448578,GOLZEN SYSTEMS,5,EMEA ASIA,ATLAS,SUPPORT,89VVTTWN0P5D0V6,9.38
Rhonda,Davis,SU41441,8448578,GOLZEN SYSTEMS,5,MEA,ATLAS,SUPPORT,NO_TS_MEA,90.63
Stephen,Welch,UD00718,2627762,ALCOR GLOBAL,5,NA MENA,STELLAR,SUPPORT,972CK27HJXLZ13F,7.1
Stephen,Welch,UD00718,2627762,ALCOR GLOBAL,5,CONT,STELLAR,SUPPORT,NO_TS_CONT,92.9
William,Patel,ZT91181,4701612,CENVEO DYNAMICS,5,NA AFRICA,PULSE,RPS,WPDOQ4H3K9ZHIF8,13.64
Wendy,Johnson,QZ57798,7721002,ETHOS DIGITAL,5,EMEA AFRICA,VERTEX,RPS,JUSOQU04X5A9D6C,11.36
Wendy,Johnson,QZ57798,7721002,ETHOS DIGITAL,5,CONT,VERTEX,RPS,NO_TS_CONT,88.64
Michael,Campbell,KC81151,1431469,FORVEX GLOBAL,5,MEA AFRICA,VERTEX,SUPPORT,6ZE1JVVW5SQF4OJ,15.91
Michael,Campbell,KC81151,1431469,FORVEX GLOBAL,5,MEA,VERTEX,SUPPORT,NO_TS_MEA,84.09
Daniel,Horne,AJ80590,5258576,HYRION DYNAMICS,5,EMEA MENA,PULSE,FORFAIT,FFDBMQ4I9ENOQF8,6.96
Daniel,Horne,AJ80590,5258576,HYRION DYNAMICS,5,CONT,PULSE,FORFAIT,NO_TS_CONT,93.04
Johnathan,Fitzgerald,OJ44325,5587151,KESTRA DYNAMICS,5,MEA EUROPE,PHOENIX,REGIE,Q37795Q9K8UOIGP,9.94
Johnathan,Fitzgerald,OJ44325,5587151,KESTRA DYNAMICS,5,APAC,PHOENIX,REGIE,NO_TS_APAC,90.06
Samuel,Patterson,TP98682,4169711,ALCOR DYNAMICS,5,EMEA ASIA,NOVA,RPS,5VICSOSKMSELNVC,10.23
William,Pope,UT35872,6950754,BRYTON DIGITAL,5,APAC AMERICA,ATLAS,SUPPORT,XI2JA5XMVX9LO1G,13.64
William,Pope,UT35872,6950754,BRYTON DIGITAL,5,APAC,ATLAS,SUPPORT,NO_TS_APAC,86.36
Adam,Sullivan,CZ09058,2721561,INOVA VENTURES,5,MEA ASIA,STELLAR,MAINTENANCE,POT29G34QIQ3ADH,13.64
Cheryl,White,EU19404,9376751,HYRION TECH,5,APAC AFRICA,QUANTUM,FORFAIT,XMDCNNBSYS3UD5Y,15.91
Cheryl,White,EU19404,9376751,HYRION TECH,5,MEA,QUANTUM,FORFAIT,NO_TS_MEA,84.09
Crystal,Miller,JZ82130,4619665,DELVO GROUP,5,APAC AMERICA,NEXUS,REGIE,4W5AH24UAMJ0RND,11.51
Crystal,Miller,JZ82130,4619665,DELVO GROUP,5,MEA,NEXUS,REGIE,NO_TS_MEA,88.49
James,Smith,ES22483,4524525,LUMEX VENTURES,5,LATAM AMERICA,NEXUS,REGIE,XQ92Q80AOZ68NAR,10.23
Daniel,Davis,HK36312,7355347,JALVIK DIGITAL,5,LATAM AMERICA,STELLAR,MAINTENANCE,9H4VFWA9HLMUKCL,18.18
Diana,Green,PO08840,6283037,JALVIK TECH,5,LATAM ASIA,NEXUS,RPS,WD0F11JYOJ35O7C,13.92
Diana,Green,PO08840,6283037,JALVIK TECH,5,EMEA,NEXUS,RPS,NO_TS_EMEA,86.08
Logan,Schultz,WV04889,6527957,FORVEX GROUP,5,EMEA ASIA,PHOENIX,FORFAIT,YHOURSHCS4WB1YO,9.38
Logan,Schultz,WV04889,6527957,FORVEX GROUP,5,EMEA,PHOENIX,FORFAIT,NO_TS_EMEA,90.63
Karen,Jones,LD12589,4760549,ALCOR VENTURES,5,NA EUROPE,NOVA,RPS,KSU5712B7QO478N,10.23
Karen,Jones,LD12589,4760549,ALCOR VENTURES,5,NA,NOVA,RPS,NO_TS_NA,89.77
Joseph,West,HS98979,2556704,BRYTON DIGITAL,5,NA AMERICA,QUANTUM,REGIE,QF00M4AZG1T9CTH,12.36
Joseph,West,HS98979,2556704,BRYTON DIGITAL,5,MEA,QUANTUM,REGIE,NO_TS_MEA,87.64
Sandra,Elliott,XM64817,8026315,DELVO VENTURES,5,LATAM EUROPE,PULSE,SUPPORT,EVCI2ON5LPJZL6F,10.23
Sandra,Elliott,XM64817,8026315,DELVO VENTURES,5,MEA,PULSE,SUPPORT,NO_TS_MEA,89.77
Amy,Martinez,XI23252,1308959,KESTRA DYNAMICS,5,MEA AMERICA,NOVA,REGIE,RPS40QH1MAOAN0D,9.66
Amy,Martinez,XI23252,1308959,KESTRA DYNAMICS,5,APAC,NOVA,REGIE,NO_TS_APAC,90.34
Jonathan,Pratt,DH40381,1341814,ALCOR DIGITAL,5,CONT AMERICA,ATLAS,MAINTENANCE,58OQJHKGYGDUVXU,8.52
Jonathan,Pratt,DH40381,1341814,ALCOR DIGITAL,5,NA,ATLAS,MAINTENANCE,NO_TS_NA,91.48
Amy,Hanna,GS22261,4258654,KESTRA CONSULTING,5,EMEA AMERICA,ORBIT,REGIE,RRSMWGCV7UNEDP6,13.64
Amy,Hanna,GS22261,4258654,KESTRA CONSULTING,5,NA,ORBIT,REGIE,NO_TS_NA,86.36
Gregory,Monroe,PF36372,2532569,ETHOS DYNAMICS,5,EMEA MENA,PHOENIX,RPS,015A5LPM636JVN9,13.64
Gregory,Monroe,PF36372,2532569,ETHOS DYNAMICS,5,EMEA,PHOENIX,RPS,NO_TS_EMEA,86.36
Russell,Perry,GA18083,6472766,LUMEX DIGITAL,5,EMEA MENA,STELLAR,REGIE,5O3YONSV20CUGH3,9.94
Miguel,Marshall,NO44756,8193712,BRYTON GROUP,5,MEA ASIA,QUANTUM,RPS,L5AHNGBS7BMJWQ7,15.34
Miguel,Marshall,NO44756,8193712,BRYTON GROUP,5,CONT,QUANTUM,RPS,NO_TS_CONT,84.66
Natalie,Winters,WV39518,4467969,ALCOR GLOBAL,5,EMEA MENA,NEXUS,RPS,ZLJ80UCQV8N1ZKS,14.2
Natalie,Winters,WV39518,4467969,ALCOR GLOBAL,5,NA,NEXUS,RPS,NO_TS_NA,85.8
Ashley,Morris,GT21910,7218859,KESTRA SYSTEMS,5,CONT OCEANIA,STELLAR,RPS,112D4YG3T4AY9T9,9.8
Ashley,Morris,GT21910,7218859,KESTRA SYSTEMS,5,CONT,STELLAR,RPS,NO_TS_CONT,90.2
Bridget,Ortiz,AP69997,3665681,HYRION VENTURES,5,EMEA AFRICA,ORBIT,MAINTENANCE,53VFSHIWXL7NO2T,13.64
Dominic,Wilson,UJ86828,9494277,DELVO CONSULTING,5,CONT EUROPE,ORBIT,MAINTENANCE,EURE5JXC7XYS5JH,10.23
Kenneth,Hall,OG92020,6881773,LUMEX SYSTEMS,5,APAC AFRICA,QUANTUM,FORFAIT,JZIG4GCC4RXCZDV,12.5
Kenneth,Hall,OG92020,6881773,LUMEX SYSTEMS,5,EMEA,QUANTUM,FORFAIT,NO_TS_EMEA,87.5
Suzanne,Camacho,LE37385,7442068,KESTRA CONSULTING,5,CONT AMERICA,ATLAS,MAINTENANCE,PZEVD68KYLTVW5N,13.64
Suzanne,Camacho,LE37385,7442068,KESTRA CONSULTING,5,CONT,ATLAS,MAINTENANCE,NO_TS_CONT,86.36
Kevin,Melendez,JD45010,6089826,KESTRA GLOBAL,5,NA MENA,NEXUS,REGIE,70JEK0U1N0OH011,10.23
Kevin,Melendez,JD45010,6089826,KESTRA GLOBAL,5,MEA,NEXUS,REGIE,NO_TS_MEA,89.77
Patricia,Austin,AU48549,7653588,DELVO SYSTEMS,5,NA ASIA,NOVA,RPS,P9QWLQKM2F5FJYV,11.36
Patricia,Austin,AU48549,7653588,DELVO SYSTEMS,5,MEA,NOVA,RPS,NO_TS_MEA,88.64
Nathan,Pineda,GX65759,8309979,LUMEX GLOBAL,5,EMEA OCEANIA,NOVA,REGIE,8TCS24S81XBLAHQ,14.77
Nathan,Pineda,GX65759,8309979,LUMEX GLOBAL,5,LATAM,NOVA,REGIE,NO_TS_LATAM,85.23
Andrew,Tucker,XQ53410,3983142,BRYTON GLOBAL,5,CONT AMERICA,NOVA,MAINTENANCE,WQQK9DWTT7ELYMK,9.09
Andrew,Tucker,XQ53410,3983142,BRYTON GLOBAL,5,MEA,NOVA,MAINTENANCE,NO_TS_MEA,90.91
John,Lee,EL54096,8824823,INOVA DIGITAL,5,MEA AFRICA,VERTEX,MAINTENANCE,1QVZWAZ9I9TRB6O,13.64
John,Lee,EL54096,8824823,INOVA DIGITAL,5,EMEA,VERTEX,MAINTENANCE,NO_TS_EMEA,86.36
Ricardo,Perez,QN56948,5583661,HYRION TECH,5,APAC AMERICA,VERTEX,FORFAIT,M10VGORK1GJ5FTK,13.35
Ricardo,Perez,QN56948,5583661,HYRION TECH,5,APAC,VERTEX,FORFAIT,NO_TS_APAC,86.65
Victoria,Mcgrath,ZS52286,4289607,BRYTON GROUP,5,LATAM ASIA,NEXUS,FORFAIT,I8KDEQ5DOJI4BE1,9.52
Victoria,Mcgrath,ZS52286,4289607,BRYTON GROUP,5,CONT,NEXUS,FORFAIT,NO_TS_CONT,90.48
Ian,Roberts,EX02369,9814604,CENVEO SYSTEMS,5,LATAM EUROPE,VERTEX,REGIE,15WBQEFQVPH4LXI,10.8
Teresa,Butler,IA72804,9316395,BRYTON DIGITAL,5,EMEA MENA,VERTEX,MAINTENANCE,2J54I6UZYLO56A0,9.94
Teresa,Butler,IA72804,9316395,BRYTON DIGITAL,5,NA,VERTEX,MAINTENANCE,NO_TS_NA,90.06
Erika,Brown,KT10671,9300299,KESTRA SYSTEMS,5,APAC MENA,STELLAR,REGIE,7Q29C0L69WQHBW5,13.07
Erika,Brown,KT10671,9300299,KESTRA SYSTEMS,5,CONT,STELLAR,REGIE,NO_TS_CONT,86.93
Gary,Ward,WR60175,8165757,HYRION CONSULTING,5,LATAM AMERICA,ORBIT,MAINTENANCE,73Y63RC5IDJUTGL,8.24
Kathleen,Williams,KL33110,9297797,FORVEX TECH,5,APAC EUROPE,STELLAR,RPS,RV1TYLAPZWZDSZ3,11.93
Kathleen,Williams,KL33110,9297797,FORVEX TECH,5,NA,STELLAR,RPS,NO_TS_NA,88.07
Samuel,Harris,CJ54026,1528797,JALVIK DYNAMICS,5,MEA EUROPE,VERTEX,MAINTENANCE,YKY4MI15NTE9L4Z,13.07
Phillip,Goodman,TP54225,6781486,BRYTON DIGITAL,5,MEA ASIA,NOVA,SUPPORT,5HC1A7QDQIDSM77,9.94
Phillip,Goodman,TP54225,6781486,BRYTON DIGITAL,5,APAC,NOVA,SUPPORT,NO_TS_APAC,90.06
Amy,Miller,WN27326,1450857,HYRION DYNAMICS,5,EMEA AMERICA,NEXUS,RPS,3XDUBEVELAYLJ0Y,11.36
Amy,Miller,WN27326,1450857,HYRION DYNAMICS,5,CONT,NEXUS,RPS,NO_TS_CONT,88.64
Lance,James,XS07067,5921414,DELVO DYNAMICS,5,CONT OCEANIA,ORBIT,MAINTENANCE,JSHS8I7SC7PM2D2,13.92
Lance,James,XS07067,5921414,DELVO DYNAMICS,5,CONT,ORBIT,MAINTENANCE,NO_TS_CONT,86.08
Victoria,Cox,JJ43779,2881525,INOVA DYNAMICS,5,MEA OCEANIA,ATLAS,FORFAIT,C8RMCGQVVP8HP3H,7.92
Victoria,Cox,JJ43779,2881525,INOVA DYNAMICS,5,LATAM,ATLAS,FORFAIT,NO_TS_LATAM,92.08
Mary,Fox,LT85970,6936715,DELVO GLOBAL,5,MEA MENA,QUANTUM,SUPPORT,AD2CT2IQOBK3QT3,9.66
Mary,Fox,LT85970,6936715,DELVO GLOBAL,5,APAC,QUANTUM,SUPPORT,NO_TS_APAC,90.34
Joel,Graves,TE72081,3490563,INOVA TECH,5,MEA ASIA,VERTEX,FORFAIT,GK7DOQFA8KC0WL1,9.66
Mary,Martinez,FB90581,8242611,GOLZEN SYSTEMS,5,LATAM MENA,PHOENIX,MAINTENANCE,2KETUF92W02VPFM,11.51
Mary,Martinez,FB90581,8242611,GOLZEN SYSTEMS,5,EMEA,PHOENIX,MAINTENANCE,NO_TS_EMEA,88.49
David,Pruitt,GL52904,6070585,DELVO CONSULTING,5,CONT ASIA,NOVA,SUPPORT,YFNJ31ZILDA30Q5,7.53
David,Pruitt,GL52904,6070585,DELVO CONSULTING,5,NA,NOVA,SUPPORT,NO_TS_NA,92.47
Christopher,Romero,YW31515,7415496,BRYTON TECH,5,EMEA OCEANIA,ORBIT,FORFAIT,450J4TOVQ6K4JPB,13.64
Christopher,Romero,YW31515,7415496,BRYTON TECH,5,EMEA,ORBIT,FORFAIT,NO_TS_EMEA,86.36
James,Davis,NZ30242,2011523,HYRION GLOBAL,5,CONT OCEANIA,QUANTUM,FORFAIT,KX7M51KXR9AW968,11.51
Melanie,Walsh,LO74937,9058653,BRYTON SYSTEMS,5,CONT MENA,PHOENIX,FORFAIT,SWRCYPL1UXFSC1C,10.8
Melanie,Walsh,LO74937,9058653,BRYTON SYSTEMS,5,EMEA,PHOENIX,FORFAIT,NO_TS_EMEA,89.2
David,Anderson,HV06614,5989104,ETHOS DIGITAL,5,LATAM EUROPE,PULSE,REGIE,8BEURU0FSFMHUQX,13.64
Shelby,Robinson,UM14987,5711204,ETHOS DIGITAL,5,NA AFRICA,STELLAR,SUPPORT,1QJOG2PW5E4S3A8,13.64
Shelby,Robinson,UM14987,5711204,ETHOS DIGITAL,5,EMEA,STELLAR,SUPPORT,NO_TS_EMEA,86.36
Katie,Cook,RO93042,6541228,INOVA CONSULTING,5,CONT ASIA,PULSE,SUPPORT,BFM55QLL719NYNW,9.38
Katie,Cook,RO93042,6541228,INOVA CONSULTING,5,LATAM,PULSE,SUPPORT,NO_TS_LATAM,90.63
Michelle,Cisneros,WD48462,8508949,DELVO SOLUTIONS,5,LATAM AFRICA,NEXUS,SUPPORT,A2PHNKI60C0HW0F,5.11
Debbie,Todd,MJ13487,4186736,ALCOR DYNAMICS,5,APAC EUROPE,ATLAS,FORFAIT,U6N71M5F2OXO512,13.64
Debbie,Todd,MJ13487,4186736,ALCOR DYNAMICS,5,CONT,ATLAS,FORFAIT,NO_TS_CONT,86.36
Edward,Ingram,MZ47321,4339633,INOVA DYNAMICS,5,APAC AMERICA,VERTEX,FORFAIT,3GYZV9WYB158BIM,12.78
Edward,Ingram,MZ47321,4339633,INOVA DYNAMICS,5,LATAM,VERTEX,FORFAIT,NO_TS_LATAM,87.22
Jasmine,Peters,IF50274,2126613,KESTRA DIGITAL,5,LATAM AMERICA,ORBIT,RPS,FCT41M22XVRQ7LI,6.82
Jasmine,Peters,IF50274,2126613,KESTRA DIGITAL,5,EMEA,ORBIT,RPS,NO_TS_EMEA,93.18
Martin,Cortez,OH26059,2276403,ALCOR VENTURES,5,LATAM AMERICA,QUANTUM,MAINTENANCE,0F9YETVFMB3JYAF,10.23
Martin,Cortez,OH26059,2276403,ALCOR VENTURES,5,CONT,QUANTUM,MAINTENANCE,NO_TS_CONT,89.77
Kathy,Jordan,EA14743,9390029,FORVEX CONSULTING,5,LATAM ASIA,ATLAS,SUPPORT,HL6Z0SJQ8MEKQ9Y,14.49
Kathy,Jordan,EA14743,9390029,FORVEX CONSULTING,5,APAC,ATLAS,SUPPORT,NO_TS_APAC,85.51
Janet,Vaughn,YU40961,2351276,FORVEX SYSTEMS,5,CONT ASIA,NOVA,FORFAIT,AQ62CJLVFVAS4OS,11.93
Janet,Vaughn,YU40961,2351276,FORVEX SYSTEMS,5,EMEA,NOVA,FORFAIT,NO_TS_EMEA,88.07
Tamara,Browning,OG86193,9520444,LUMEX TECH,5,EMEA AMERICA,PHOENIX,RPS,LNF39IXMI437UWA,13.64
Tamara,Browning,OG86193,9520444,LUMEX TECH,5,LATAM,PHOENIX,RPS,NO_TS_LATAM,86.36
Trevor,Graham,JK55214,1651513,HYRION DYNAMICS,5,CONT MENA,NOVA,MAINTENANCE,EZGOR1F5S6XZ5FL,11.36
Trevor,Graham,JK55214,1651513,HYRION DYNAMICS,5,LATAM,NOVA,MAINTENANCE,NO_TS_LATAM,88.64
Morgan,Moore,JQ14389,6977229,FORVEX GROUP,5,MEA AMERICA,STELLAR,RPS,9RELWIUGWJ0YE55,9.52
Morgan,Moore,JQ14389,6977229,FORVEX GROUP,5,EMEA,STELLAR,RPS,NO_TS_EMEA,90.48
Brenda,Cook,HM09271,6072306,BRYTON TECH,5,CONT EUROPE,NEXUS,FORFAIT,ZOLXB8DFQZUI599,9.66
Andrew,Dougherty,QZ31104,7075857,GOLZEN VENTURES,5,MEA OCEANIA,NEXUS,REGIE,7LV9AXTMSJOJQY4,13.92
Andrew,Dougherty,QZ31104,7075857,GOLZEN VENTURES,5,NA,NEXUS,REGIE,NO_TS_NA,86.08
Jacob,Bennett,AW42942,9341946,KESTRA DIGITAL,5,EMEA OCEANIA,NEXUS,SUPPORT,FSM7R8EMY0TYRDA,9.94
Jacob,Bennett,AW42942,9341946,KESTRA DIGITAL,5,APAC,NEXUS,SUPPORT,NO_TS_APAC,90.06
Bailey,Ray,DR37432,2630518,FORVEX GROUP,5,NA MENA,PHOENIX,SUPPORT,JA65SOEOHW9SDTB,11.36
Bailey,Ray,DR37432,2630518,FORVEX GROUP,5,NA,PHOENIX,SUPPORT,NO_TS_NA,88.64
Jonathan,Hopkins,ZH34239,1436056,BRYTON DYNAMICS,5,NA OCEANIA,QUANTUM,MAINTENANCE,X1RTH2QYIGJGUVR,11.51
Jonathan,Hopkins,ZH34239,1436056,BRYTON DYNAMICS,5,MEA,QUANTUM,MAINTENANCE,NO_TS_MEA,88.49
Ralph,Hernandez,YM68126,9227883,CENVEO DIGITAL,5,CONT ASIA,ORBIT,SUPPORT,RTI8H7F6Q9G0JD7,8.96
Ralph,Hernandez,YM68126,9227883,CENVEO DIGITAL,5,EMEA,ORBIT,SUPPORT,NO_TS_EMEA,91.04
Kaitlyn,Miller,IG05874,5982035,ETHOS VENTURES,5,CONT EUROPE,ORBIT,MAINTENANCE,J0Y2ADZL8NLD0Q5,8.52
Kaitlyn,Miller,IG05874,5982035,ETHOS VENTURES,5,LATAM,ORBIT,MAINTENANCE,NO_TS_LATAM,91.48
Yvonne,Rodriguez,JJ04147,6008204,GOLZEN SOLUTIONS,5,LATAM EUROPE,PULSE,SUPPORT,FOT0JDFVI2LVYUI,11.36
Yvonne,Rodriguez,JJ04147,6008204,GOLZEN SOLUTIONS,5,NA,PULSE,SUPPORT,NO_TS_NA,88.64
Brian,Jones,SB96294,8879272,BRYTON SOLUTIONS,5,MEA AMERICA,NOVA,SUPPORT,BQJXGNABQOCR2WW,11.08
Brian,Jones,SB96294,8879272,BRYTON SOLUTIONS,5,NA,NOVA,SUPPORT,NO_TS_NA,88.92
Ruth,Collins,OJ81343,8290188,CENVEO TECH,5,LATAM EUROPE,ORBIT,SUPPORT,7K1JOMSBGT7H6HJ,10.94
Ruth,Collins,OJ81343,8290188,CENVEO TECH,5,NA,ORBIT,SUPPORT,NO_TS_NA,89.06
Sharon,Solis,AJ42254,4940409,DELVO VENTURES,5,APAC AFRICA,VERTEX,MAINTENANCE,JGQ55JG8BJG7JCX,5.97
Sharon,Solis,AJ42254,4940409,DELVO VENTURES,5,MEA,VERTEX,MAINTENANCE,NO_TS_MEA,94.03
Kyle,Diaz,UP29018,1704572,LUMEX CONSULTING,5,LATAM AMERICA,QUANTUM,MAINTENANCE,28FKC5XAQ6P4W6P,12.22
Kyle,Diaz,UP29018,1704572,LUMEX CONSULTING,5,EMEA,QUANTUM,MAINTENANCE,NO_TS_EMEA,87.78
Thomas,Perez,FH48940,4862488,HYRION GROUP,5,NA AFRICA,STELLAR,REGIE,UDT0W0KRGJGLX0B,10.23
Thomas,Perez,FH48940,4862488,HYRION GROUP,5,CONT,STELLAR,REGIE,NO_TS_CONT,89.77
Daniel,Wilson,LO60326,2681905,LUMEX GLOBAL,5,NA AFRICA,ORBIT,SUPPORT,ZN1IF34V3NOHHOF,13.64
Rachel,Lee,LE08857,7140122,DELVO SYSTEMS,5,EMEA AMERICA,VERTEX,REGIE,OUQR1G9IGBU3MC6,11.93
Anthony,Mays,UW70233,5379793,INOVA DIGITAL,5,APAC AMERICA,STELLAR,MAINTENANCE,R8S67KN3F9HOQNQ,6.68
Anthony,Mays,UW70233,5379793,INOVA DIGITAL,5,LATAM,STELLAR,MAINTENANCE,NO_TS_LATAM,93.32
Eric,Brown,OJ27828,2635736,INOVA SOLUTIONS,5,LATAM AMERICA,PULSE,SUPPORT,EXVS7HPSLTLF9AC,10.23
Denise,Butler,RN85238,4222935,BRYTON GROUP,5,APAC ASIA,PHOENIX,SUPPORT,DDTJ4Z1DB8NUTSB,10.23
Denise,Butler,RN85238,4222935,BRYTON GROUP,5,MEA,PHOENIX,SUPPORT,NO_TS_MEA,89.77
William,Miller,DZ07948,1102497,FORVEX DYNAMICS,5,APAC AFRICA,STELLAR,MAINTENANCE,C2VSHPZ3VDYBSCK,10.65
William,Miller,DZ07948,1102497,FORVEX DYNAMICS,5,APAC,STELLAR,MAINTENANCE,NO_TS_APAC,89.35
David,Parker,HH30368,9243749,INOVA GLOBAL,5,EMEA ASIA,QUANTUM,FORFAIT,ADKFGFR750O9UYB,9.38
David,Parker,HH30368,9243749,INOVA GLOBAL,5,LATAM,QUANTUM,FORFAIT,NO_TS_LATAM,90.63
Karen,Rose,AR48748,9129075,KESTRA VENTURES,5,NA AFRICA,NEXUS,SUPPORT,JZW7FYWDBX6DE8L,12.78
Karen,Rose,AR48748,9129075,KESTRA VENTURES,5,APAC,NEXUS,SUPPORT,NO_TS_APAC,87.22
Raymond,Ross,XO50739,6366992,ALCOR SOLUTIONS,5,APAC EUROPE,NOVA,RPS,EQLC7LNDVS5A4BB,16.48
Raymond,Ross,XO50739,6366992,ALCOR SOLUTIONS,5,MEA,NOVA,RPS,NO_TS_MEA,83.52
Wesley,Potter,YF59213,1810209,INOVA DYNAMICS,5,LATAM AMERICA,STELLAR,REGIE,AO2UQ4D29A9093B,8.66
Wesley,Potter,YF59213,1810209,INOVA DYNAMICS,5,CONT,STELLAR,REGIE,NO_TS_CONT,91.34
Amber,Davis,CP01166,4069347,JALVIK VENTURES,5,CONT EUROPE,PHOENIX,RPS,5PU84X6452N92BD,9.38
Amber,Davis,CP01166,4069347,JALVIK VENTURES,5,CONT,PHOENIX,RPS,NO_TS_CONT,90.63
David,Murphy,PW07661,5323455,HYRION CONSULTING,5,MEA OCEANIA,VERTEX,RPS,GHNMRO19FXYEOTV,13.64
Tara,Delgado,XQ77422,6503238,BRYTON CONSULTING,5,APAC AMERICA,STELLAR,MAINTENANCE,PWSUTKQ9XR6OB5W,10.23
Tara,Delgado,XQ77422,6503238,BRYTON CONSULTING,5,LATAM,STELLAR,MAINTENANCE,NO_TS_LATAM,89.77
Joshua,House,WN41635,1936490,BRYTON GROUP,5,MEA ASIA,QUANTUM,RPS,2PK38OGWMIOU3Y2,7.95
Joshua,House,WN41635,1936490,BRYTON GROUP,5,EMEA,QUANTUM,RPS,NO_TS_EMEA,92.05
Charles,Taylor,RI33721,9360593,KESTRA GLOBAL,5,MEA MENA,PULSE,RPS,GATEQRCISDVADE2,12.07
Charles,Taylor,RI33721,9360593,KESTRA GLOBAL,5,EMEA,PULSE,RPS,NO_TS_EMEA,87.93
Alexandria,Brown,VE14627,1959829,GOLZEN CONSULTING,5,EMEA ASIA,NEXUS,RPS,QD8KTMDPNLXMMLT,15.91
Alexandria,Brown,VE14627,1959829,GOLZEN CONSULTING,5,EMEA,NEXUS,RPS,NO_TS_EMEA,84.09
Adriana,Walker,AQ60918,8315468,LUMEX DYNAMICS,5,CONT AMERICA,PULSE,FORFAIT,7LCJIVXJKM8YAGA,10.8
Adriana,Walker,AQ60918,8315468,LUMEX DYNAMICS,5,MEA,PULSE,FORFAIT,NO_TS_MEA,89.2
Victoria,Salazar,ZS15250,3553701,BRYTON DYNAMICS,5,APAC OCEANIA,ATLAS,FORFAIT,Q29DVK9KQQYMM39,9.94
Victoria,Hamilton,LI48870,5323994,JALVIK GLOBAL,5,LATAM EUROPE,ATLAS,SUPPORT,9IYTS52KGSREK53,11.08
Victoria,Hamilton,LI48870,5323994,JALVIK GLOBAL,5,CONT,ATLAS,SUPPORT,NO_TS_CONT,88.92
Sherri,Valdez,KM30272,2503570,BRYTON GLOBAL,5,NA EUROPE,NOVA,REGIE,K00MD7SG9TZC4YE,13.64
Daniel,Mendoza,PR49182,4103824,ETHOS CONSULTING,5,APAC EUROPE,NOVA,MAINTENANCE,BDXWSJ82BHAS06H,11.36
Daniel,Mendoza,PR49182,4103824,ETHOS CONSULTING,5,EMEA,NOVA,MAINTENANCE,NO_TS_EMEA,88.64
Sarah,Hughes,FE41463,4766595,FORVEX DYNAMICS,5,APAC OCEANIA,ATLAS,REGIE,TUCTFUSLCZAB2II,12.36
Kimberly,Ortega,VM37485,1575088,LUMEX GROUP,5,CONT OCEANIA,ATLAS,MAINTENANCE,YDL61RHKL1NCGTX,11.93
Ruben,Phillips,LW36854,4589732,LUMEX CONSULTING,5,EMEA ASIA,PULSE,SUPPORT,U4PTG8I6LY4NL7S,7.67
Annette,Beasley,AH18273,3423886,KESTRA GLOBAL,5,CONT AMERICA,QUANTUM,MAINTENANCE,P6YX5NB65JOGK4G,11.51
Annette,Beasley,AH18273,3423886,KESTRA GLOBAL,5,NA,QUANTUM,MAINTENANCE,NO_TS_NA,88.49
James,Bauer,SX61715,7326867,ALCOR DYNAMICS,5,NA EUROPE,NEXUS,MAINTENANCE,F67JQ54O0HDS99W,9.09
James,Bauer,SX61715,7326867,ALCOR DYNAMICS,5,EMEA,NEXUS,MAINTENANCE,NO_TS_EMEA,90.91
Eric,Williams,YN97859,1279265,BRYTON GLOBAL,5,APAC MENA,STELLAR,FORFAIT,VEC7N1NF34Z00AA,9.66
Eric,Williams,YN97859,1279265,BRYTON GLOBAL,5,APAC,STELLAR,FORFAIT,NO_TS_APAC,90.34
Peter,David,ZB02154,1951171,DELVO VENTURES,5,CONT OCEANIA,QUANTUM,RPS,680U5BVNT5UVVOD,12.22
Peter,David,ZB02154,1951171,DELVO VENTURES,5,EMEA,QUANTUM,RPS,NO_TS_EMEA,87.78
Rhonda,Caldwell,HF19451,6695098,ALCOR VENTURES,5,APAC AMERICA,NEXUS,SUPPORT,SEP8WVLDT05UWR2,9.38
Rhonda,Caldwell,HF19451,6695098,ALCOR VENTURES,5,NA,NEXUS,SUPPORT,NO_TS_NA,90.63
Kristen,Brown,QY30314,9624269,ETHOS GROUP,5,MEA MENA,PHOENIX,SUPPORT,OUHBZ9B445ZTOUK,10.94
Chelsea,Freeman,BA77213,9762513,HYRION DYNAMICS,5,EMEA OCEANIA,NOVA,SUPPORT,9JDRWC04DOIVJHV,13.64
Chelsea,Freeman,BA77213,9762513,HYRION DYNAMICS,5,APAC,NOVA,SUPPORT,NO_TS_APAC,86.36
Matthew,Hall,WZ41137,9702434,INOVA DIGITAL,5,APAC OCEANIA,STELLAR,SUPPORT,9K9UO5QM4OU0SBU,11.79
Matthew,Hall,WZ41137,9702434,INOVA DIGITAL,5,NA,STELLAR,SUPPORT,NO_TS_NA,88.21
Joseph,Walls,TN08651,5446667,HYRION SYSTEMS,5,EMEA OCEANIA,NEXUS,FORFAIT,GB3MPLCY3AA7J00,12.22
Joseph,Walls,TN08651,5446667,HYRION SYSTEMS,5,APAC,NEXUS,FORFAIT,NO_TS_APAC,87.78
Adam,Rodriguez,OP46622,7938743,FORVEX DIGITAL,5,NA AFRICA,NEXUS,MAINTENANCE,404JO8WT10JLTVZ,13.35
Amber,Sanchez,RU47827,3502028,ALCOR SYSTEMS,5,APAC ASIA,ORBIT,RPS,OX4LEDOHFVMXB42,13.64
Robin,Peterson,EL99860,1724096,ALCOR VENTURES,5,CONT EUROPE,STELLAR,MAINTENANCE,Q2SLMUA2RHFS5M2,13.64
Robin,Peterson,EL99860,1724096,ALCOR VENTURES,5,APAC,STELLAR,MAINTENANCE,NO_TS_APAC,86.36
Jesus,Patterson,HD60878,5414603,DELVO SYSTEMS,5,MEA EUROPE,VERTEX,RPS,7QQSU2H1PLT4J4H,10.23
Jesus,Patterson,HD60878,5414603,DELVO SYSTEMS,5,LATAM,VERTEX,RPS,NO_TS_LATAM,89.77
Vanessa,Hoover,RM16366,9568965,KESTRA SYSTEMS,5,CONT MENA,NOVA,REGIE,EF0SBYM1WY3WDRD,11.36
Kyle,Lewis,IK67471,7590579,INOVA DIGITAL,5,CONT AFRICA,ORBIT,MAINTENANCE,ZAJ6DYM45CQ9QKE,10.23
Kyle,Lewis,IK67471,7590579,INOVA DIGITAL,5,LATAM,ORBIT,MAINTENANCE,NO_TS_LATAM,89.77
Christina,Yu,GJ89703,5888095,ALCOR GROUP,5,MEA EUROPE,STELLAR,REGIE,VKBDCB6OWNCJ5M5,11.93
David,Thompson,DH21227,1278796,KESTRA DYNAMICS,5,MEA ASIA,ATLAS,MAINTENANCE,MLIRMJ0DGQ0ZQN5,14.2
David,Thompson,DH21227,1278796,KESTRA DYNAMICS,5,APAC,ATLAS,MAINTENANCE,NO_TS_APAC,85.8
Angela,Wright,UX92613,8668878,GOLZEN VENTURES,5,APAC MENA,STELLAR,FORFAIT,3WUO7ND981EWE1N,9.23
Angela,Wright,UX92613,8668878,GOLZEN VENTURES,5,LATAM,STELLAR,FORFAIT,NO_TS_LATAM,90.77
Billy,Hernandez,ZX90851,4164699,INOVA SOLUTIONS,5,EMEA AFRICA,ORBIT,SUPPORT,4MZ4X87WAGS82U8,8.52
Billy,Hernandez,ZX90851,4164699,INOVA SOLUTIONS,5,LATAM,ORBIT,SUPPORT,NO_TS_LATAM,91.48
Timothy,Gonzalez,LS70765,2914622,FORVEX TECH,5,LATAM AMERICA,STELLAR,RPS,LN1V4I3LNBB7H7L,9.94
Lisa,Farrell,UW42862,1333020,GOLZEN SYSTEMS,5,NA EUROPE,STELLAR,RPS,TXNIPX8O2VU13RV,10.23
Lisa,Farrell,UW42862,1333020,GOLZEN SYSTEMS,5,NA,STELLAR,RPS,NO_TS_NA,89.77
Angela,Hanson,FJ87319,7906601,DELVO VENTURES,5,CONT EUROPE,STELLAR,REGIE,CS5WLIA4STYVYMX,8.66
Angela,Hanson,FJ87319,7906601,DELVO VENTURES,5,LATAM,STELLAR,REGIE,NO_TS_LATAM,91.34
Ashley,Aguilar,RY05334,9086536,ALCOR SOLUTIONS,5,LATAM MENA,STELLAR,MAINTENANCE,J2ZLOBXSZA4KM1C,10.51
Christina,Cabrera,CG32822,7566685,KESTRA GROUP,5,MEA AFRICA,ATLAS,MAINTENANCE,74O0MKNBFBI4L8E,9.09
Christina,Cabrera,CG32822,7566685,KESTRA GROUP,5,NA,ATLAS,MAINTENANCE,NO_TS_NA,90.91
Jeffrey,Jones,JE92361,7503359,HYRION GROUP,5,EMEA OCEANIA,ORBIT,MAINTENANCE,BOULULBGRSFFC3N,18.18
Jeffrey,Jones,JE92361,7503359,HYRION GROUP,5,CONT,ORBIT,MAINTENANCE,NO_TS_CONT,81.82
Angela,Henderson,OU20386,7303338,BRYTON CONSULTING,5,MEA EUROPE,ATLAS,RPS,CD7KEAP9WIESIPW,11.65
Angela,Henderson,OU20386,7303338,BRYTON CONSULTING,5,LATAM,ATLAS,RPS,NO_TS_LATAM,88.35
Stephanie,Stewart,XK28661,2869609,HYRION SOLUTIONS,5,APAC AFRICA,PHOENIX,MAINTENANCE,FRB7JEGVPUROEGS,13.64
John,Sullivan,OP07037,5950625,FORVEX DIGITAL,5,LATAM ASIA,ATLAS,REGIE,ZQNJLE5KL5XXH4D,15.91
John,Sullivan,OP07037,5950625,FORVEX DIGITAL,5,MEA,ATLAS,REGIE,NO_TS_MEA,84.09
Antonio,Vincent,BE32307,8853064,DELVO SOLUTIONS,5,LATAM ASIA,PULSE,MAINTENANCE,Z31S4M0VEEQZV7S,9.09
Antonio,Vincent,BE32307,8853064,DELVO SOLUTIONS,5,MEA,PULSE,MAINTENANCE,NO_TS_MEA,90.91
Eric,Lee,HP11570,9022268,LUMEX CONSULTING,5,CONT AFRICA,PULSE,SUPPORT,7J7KLWDOHQ43EFV,9.94
Cheyenne,Flores,AM36418,8048589,LUMEX GROUP,5,LATAM AFRICA,NEXUS,MAINTENANCE,39FQRRVQ1W0WXVH,14.77
Cheyenne,Flores,AM36418,8048589,LUMEX GROUP,5,EMEA,NEXUS,MAINTENANCE,NO_TS_EMEA,85.23
Rachel,Solomon,JU35409,1232521,HYRION TECH,5,NA AFRICA,NOVA,SUPPORT,MCXO7D6BL309FQ9,11.08
Rachel,Solomon,JU35409,1232521,HYRION TECH,5,EMEA,NOVA,SUPPORT,NO_TS_EMEA,88.92
Paul,Peterson,FR87492,8570418,INOVA CONSULTING,5,APAC EUROPE,ORBIT,SUPPORT,0U1WARZX2YRO7Z3,10.51
Paul,Peterson,FR87492,8570418,INOVA CONSULTING,5,EMEA,ORBIT,SUPPORT,NO_TS_EMEA,89.49
Gabrielle,Jackson,KB00266,8086380,LUMEX SOLUTIONS,5,MEA EUROPE,PULSE,SUPPORT,9VRKCL2M97TKNG8,11.36
Gabrielle,Jackson,KB00266,8086380,LUMEX SOLUTIONS,5,APAC,PULSE,SUPPORT,NO_TS_APAC,88.64
Michael,Garcia,EW92520,6049247,CENVEO GROUP,5,EMEA ASIA,STELLAR,SUPPORT,J4Z5E690IQUJYMT,12.5
Jessica,Scott,BR50847,8653413,JALVIK GLOBAL,5,EMEA AMERICA,STELLAR,FORFAIT,PSZ6TBBAKFNAVV8,10.09
Jessica,Scott,BR50847,8653413,JALVIK GLOBAL,5,MEA,STELLAR,FORFAIT,NO_TS_MEA,89.91
William,Pope,WW03032,2885183,CENVEO CONSULTING,5,LATAM AMERICA,NEXUS,MAINTENANCE,CVIQG2SUUGXVZBT,9.8
William,Pope,WW03032,2885183,CENVEO CONSULTING,5,NA,NEXUS,MAINTENANCE,NO_TS_NA,90.2
Brian,Long,HQ21913,6063080,CENVEO GLOBAL,5,APAC AFRICA,NOVA,REGIE,0ZAC990P2PS6EBO,9.94
Ronald,Mitchell,AI03354,8754503,FORVEX VENTURES,5,APAC MENA,NEXUS,SUPPORT,42T8C9MUF9WL5TN,7.1
Ronald,Mitchell,AI03354,8754503,FORVEX VENTURES,5,CONT,NEXUS,SUPPORT,NO_TS_CONT,92.9
Gina,Andrade,AR06925,4654820,JALVIK VENTURES,5,EMEA OCEANIA,QUANTUM,FORFAIT,72ALQPERYVW6LGF,7.67
Gina,Andrade,AR06925,4654820,JALVIK VENTURES,5,LATAM,QUANTUM,FORFAIT,NO_TS_LATAM,92.33
Zachary,Miller,PA48023,2798572,DELVO CONSULTING,5,APAC ASIA,VERTEX,RPS,IW99HVJ2HBIIQ3V,10.51
Zachary,Miller,PA48023,2798572,DELVO CONSULTING,5,MEA,VERTEX,RPS,NO_TS_MEA,89.49
Anthony,Rivera,CS81293,4751762,ALCOR TECH,5,EMEA AFRICA,ORBIT,RPS,XB6LCC2IW2E3A3Q,13.64
Anthony,Rivera,CS81293,4751762,ALCOR TECH,5,CONT,ORBIT,RPS,NO_TS_CONT,86.36
Michael,Brown,AO64145,2788340,KESTRA GLOBAL,5,NA AMERICA,NEXUS,RPS,AAUZKCMOGF3DX9D,11.36
Gary,Hall,UU84395,2900582,KESTRA TECH,5,EMEA AMERICA,NEXUS,RPS,Y41HKG13DK8XRU1,13.64
Gary,Hall,UU84395,2900582,KESTRA TECH,5,CONT,NEXUS,RPS,NO_TS_CONT,86.36
Peter,Morris,EE41655,4772637,JALVIK CONSULTING,5,CONT EUROPE,ATLAS,REGIE,UW613L9ACEV7F6W,13.21
David,Ellis,CM14610,8777790,ETHOS GROUP,5,APAC EUROPE,STELLAR,FORFAIT,4RQWILFH21E4EAR,16.07
David,Ellis,CM14610,8777790,ETHOS GROUP,5,CONT,STELLAR,FORFAIT,NO_TS_CONT,83.93
John,Mendoza,QE59504,5699150,KESTRA GLOBAL,5,NA OCEANIA,PHOENIX,MAINTENANCE,BXVL3BSQ9PWCPU7,13.07
John,Mendoza,QE59504,5699150,KESTRA GLOBAL,5,LATAM,PHOENIX,MAINTENANCE,NO_TS_LATAM,86.93
Jeffrey,Ramirez,AX73398,9705950,CENVEO DIGITAL,5,MEA AFRICA,ATLAS,SUPPORT,YSSHT1J0WJ6BR57,11.36
Chad,Wright,MG49606,1418596,BRYTON SYSTEMS,5,CONT MENA,PULSE,SUPPORT,8V6WUJWYZHD1LJH,11.36
Chad,Wright,MG49606,1418596,BRYTON SYSTEMS,5,APAC,PULSE,SUPPORT,NO_TS_APAC,88.64
Kyle,Jones,ZM71508,7303417,HYRION TECH,5,NA AMERICA,QUANTUM,RPS,O8R7H2K4U91D4UY,11.36
Kyle,Jones,ZM71508,7303417,HYRION TECH,5,EMEA,QUANTUM,RPS,NO_TS_EMEA,88.64
Hannah,Haynes,ON53281,2574941,ETHOS SYSTEMS,5,EMEA AFRICA,PULSE,RPS,FJWXS5H41L80Y3S,13.07
Hannah,Haynes,ON53281,2574941,ETHOS SYSTEMS,5,APAC,PULSE,RPS,NO_TS_APAC,86.93
Kenneth,Alexander,EC41126,2602487,KESTRA DYNAMICS,5,NA EUROPE,NOVA,REGIE,U8P9CK0TN5MH1IW,11.36
Kenneth,Alexander,EC41126,2602487,KESTRA DYNAMICS,5,MEA,NOVA,REGIE,NO_TS_MEA,88.64
Curtis,Werner,GH54556,3529594,CENVEO CONSULTING,5,APAC OCEANIA,VERTEX,REGIE,6CF1AEY54JWFF8P,14.77
Curtis,Werner,GH54556,3529594,CENVEO CONSULTING,5,CONT,VERTEX,REGIE,NO_TS_CONT,85.23
Christopher,Nguyen,XP53957,3242694,GOLZEN TECH,5,CONT AFRICA,STELLAR,RPS,Z8FI0GW0KRPM9A8,11.36
Christopher,Nguyen,XP53957,3242694,GOLZEN TECH,5,MEA,STELLAR,RPS,NO_TS_MEA,88.64
Eddie,Roach,GH79834,5260442,GOLZEN VENTURES,5,EMEA EUROPE,QUANTUM,MAINTENANCE,BLOZ8WJ92903E5K,13.64
Eddie,Roach,GH79834,5260442,GOLZEN VENTURES,5,CONT,QUANTUM,MAINTENANCE,NO_TS_CONT,86.36
Timothy,Johnson,KE75812,9030514,LUMEX DYNAMICS,5,LATAM AFRICA,QUANTUM,RPS,EF3ZRBKQHYMYIU1,13.64
Timothy,Johnson,KE75812,9030514,LUMEX DYNAMICS,5,APAC,QUANTUM,RPS,NO_TS_APAC,86.36
Kristen,Wilson,BC47934,9154402,INOVA TECH,5,LATAM OCEANIA,PULSE,REGIE,YTKDBT18ZAWMWMW,15.06
Kristen,Wilson,BC47934,9154402,INOVA TECH,5,MEA,PULSE,REGIE,NO_TS_MEA,84.94
Steven,Chan,JK18296,2773662,DELVO SYSTEMS,5,MEA AMERICA,NEXUS,RPS,Z2OO5R15ZQR7NCQ,8.81
Steven,Chan,JK18296,2773662,DELVO SYSTEMS,5,APAC,NEXUS,RPS,NO_TS_APAC,91.19
John,Simpson,XD36275,2460399,CENVEO GROUP,5,EMEA MENA,ORBIT,MAINTENANCE,PTDI6WWH0ESCM7Q,11.36
Casey,Figueroa,VG43660,6886463,GOLZEN CONSULTING,5,APAC OCEANIA,PULSE,SUPPORT,33QYNQWUXAUB5PW,10.23
Melinda,Harris,UH67161,1164147,LUMEX DIGITAL,5,CONT AFRICA,ATLAS,SUPPORT,HHU289IL24VFCPL,12.5
Melinda,Harris,UH67161,1164147,LUMEX DIGITAL,5,LATAM,ATLAS,SUPPORT,NO_TS_LATAM,87.5
Andrew,Burke,OA48281,8379701,JALVIK CONSULTING,5,MEA EUROPE,QUANTUM,MAINTENANCE,LDBA8UE4O8ZMQBZ,13.78
Andrew,Burke,OA48281,8379701,JALVIK CONSULTING,5,LATAM,QUANTUM,MAINTENANCE,NO_TS_LATAM,86.22
James,Nelson,YK03102,4290529,INOVA DYNAMICS,5,EMEA EUROPE,NEXUS,RPS,JJDIJEBWEBKPXP9,11.65
James,Nelson,YK03102,4290529,INOVA DYNAMICS,5,APAC,NEXUS,RPS,NO_TS_APAC,88.35
Jody,Burch,DB13150,8685420,KESTRA VENTURES,5,CONT ASIA,STELLAR,MAINTENANCE,TSMSV2GHL6LJ0SC,13.64
Christopher,Barrera,CY76523,5544449,JALVIK CONSULTING,5,MEA MENA,QUANTUM,REGIE,9AI8T5K598B32NA,12.5
Christopher,Barrera,CY76523,5544449,JALVIK CONSULTING,5,LATAM,QUANTUM,REGIE,NO_TS_LATAM,87.5
Nicholas,Potter,VI23547,2262100,CENVEO DIGITAL,5,CONT ASIA,ATLAS,SUPPORT,4DY5V44BVD34QHA,12.07
Nicholas,Potter,VI23547,2262100,CENVEO DIGITAL,5,MEA,ATLAS,SUPPORT,NO_TS_MEA,87.93
Samantha,Guerra,BX30027,6789883,ETHOS TECH,5,MEA AMERICA,NOVA,SUPPORT,Y6MTPONNYS29A96,11.93
Samantha,Guerra,BX30027,6789883,ETHOS TECH,5,LATAM,NOVA,SUPPORT,NO_TS_LATAM,88.07
Vicki,Vega,ZG83765,6642616,FORVEX GLOBAL,5,LATAM AMERICA,PULSE,FORFAIT,3B0ZJYKU6N0JZGV,11.51
Vicki,Vega,ZG83765,6642616,FORVEX GLOBAL,5,EMEA,PULSE,FORFAIT,NO_TS_EMEA,88.49
John,Li,NF09201,9018431,CENVEO GROUP,5,LATAM EUROPE,ORBIT,RPS,4IBPJW3TUV57Y65,13.35
George,Ryan,AR13912,3313368,HYRION CONSULTING,5,EMEA OCEANIA,ORBIT,FORFAIT,3AZJBODE4RSHRZ1,13.64
George,Ryan,AR13912,3313368,HYRION CONSULTING,5,EMEA,ORBIT,FORFAIT,NO_TS_EMEA,86.36
Jeffrey,Johnson,PA24152,4287867,JALVIK GLOBAL,5,MEA AMERICA,QUANTUM,REGIE,4BD6EQ3PJTBEAEN,9.38
Jeffrey,Johnson,PA24152,4287867,JALVIK GLOBAL,5,CONT,QUANTUM,REGIE,NO_TS_CONT,90.63
Kenneth,Lozano,OT25753,4801187,KESTRA TECH,5,APAC OCEANIA,ORBIT,REGIE,MI1306O5DRSCLLD,11.93
Kenneth,Lozano,OT25753,4801187,KESTRA TECH,5,APAC,ORBIT,REGIE,NO_TS_APAC,88.07
Katie,Rangel,VC14220,3051433,ETHOS DIGITAL,5,CONT OCEANIA,QUANTUM,RPS,5TGS8P3CV3K89ZN,10.23
Katie,Rangel,VC14220,3051433,ETHOS DIGITAL,5,CONT,QUANTUM,RPS,NO_TS_CONT,89.77
Robert,Huynh,JV19748,2922981,GOLZEN DYNAMICS,5,EMEA EUROPE,QUANTUM,REGIE,1PJU3XGXL12DRVO,9.38
Robert,Huynh,JV19748,2922981,GOLZEN DYNAMICS,5,APAC,QUANTUM,REGIE,NO_TS_APAC,90.63
David,Edwards,QT56555,7205412,DELVO DIGITAL,5,APAC EUROPE,STELLAR,RPS,4NBYP84GLJ8XJPW,9.66
David,Edwards,QT56555,7205412,DELVO DIGITAL,5,NA,STELLAR,RPS,NO_TS_NA,90.34
Alison,Hunter,XD50462,3808325,LUMEX DIGITAL,5,MEA AMERICA,PULSE,SUPPORT,INWWGYJQE31TW85,10.51
Alison,Hunter,XD50462,3808325,LUMEX DIGITAL,5,EMEA,PULSE,SUPPORT,NO_TS_EMEA,89.49
Patrick,Hill,UX79703,6733845,BRYTON DYNAMICS,5,EMEA AFRICA,NEXUS,FORFAIT,LJWQG2WY4A4ZRVB,8.95
Richard,Middleton,BA05486,6609604,ETHOS TECH,5,LATAM OCEANIA,VERTEX,SUPPORT,FL4I2PKNEHIY0A6,15.91
Richard,Middleton,BA05486,6609604,ETHOS TECH,5,EMEA,VERTEX,SUPPORT,NO_TS_EMEA,84.09
Jay,Decker,BV25205,9490545,DELVO DYNAMICS,5,CONT ASIA,PHOENIX,RPS,T6BWRJE4R5E0DF9,14.06
Jay,Decker,BV25205,9490545,DELVO DYNAMICS,5,CONT,PHOENIX,RPS,NO_TS_CONT,85.94
Chad,Cook,HD23866,5298571,GOLZEN TECH,5,NA AFRICA,QUANTUM,MAINTENANCE,K4FL3YTRQ970KUM,8.52
Chad,Cook,HD23866,5298571,GOLZEN TECH,5,CONT,QUANTUM,MAINTENANCE,NO_TS_CONT,91.48
Matthew,Mata,GJ10498,3093587,FORVEX VENTURES,5,LATAM AMERICA,NOVA,FORFAIT,23JM7XUUHZWDQH9,13.64
Matthew,Mata,GJ10498,3093587,FORVEX VENTURES,5,NA,NOVA,FORFAIT,NO_TS_NA,86.36
Lori,Mueller,DI05332,1186529,KESTRA CONSULTING,5,MEA MENA,NEXUS,REGIE,W1VAKOLLMMN5U0G,15.91
Lori,Mueller,DI05332,1186529,KESTRA CONSULTING,5,EMEA,NEXUS,REGIE,NO_TS_EMEA,84.09
Antonio,Evans,DV46680,8934981,DELVO TECH,5,MEA OCEANIA,NEXUS,REGIE,1YEXW6PL8SR3DPO,10.51
Antonio,Evans,DV46680,8934981,DELVO TECH,5,NA,NEXUS,REGIE,NO_TS_NA,89.49
Connor,Tucker,LA79711,5366133,KESTRA DIGITAL,5,MEA EUROPE,QUANTUM,FORFAIT,2H909D09JVBKQYE,7.95
Connor,Tucker,LA79711,5366133,KESTRA DIGITAL,5,NA,QUANTUM,FORFAIT,NO_TS_NA,92.05
Paul,Fernandez,CU50445,6491703,HYRION TECH,5,NA MENA,ORBIT,REGIE,JIR8I86DECHF6U9,9.8
Paul,Fernandez,CU50445,6491703,HYRION TECH,5,LATAM,ORBIT,REGIE,NO_TS_LATAM,90.2
Fred,Hernandez,IN57784,7065087,KESTRA CONSULTING,5,NA MENA,VERTEX,REGIE,G4YR192ECXKJFB2,11.93
Fred,Hernandez,IN57784,7065087,KESTRA CONSULTING,5,CONT,VERTEX,REGIE,NO_TS_CONT,88.07
Gina,Reed,DB99480,4272176,HYRION SOLUTIONS,5,NA ASIA,VERTEX,MAINTENANCE,GDHH8PC3GHNPVMB,9.66
Gina,Reed,DB99480,4272176,HYRION SOLUTIONS,5,NA,VERTEX,MAINTENANCE,NO_TS_NA,90.34
Peter,Rivera,KW34390,4490346,JALVIK SOLUTIONS,5,LATAM AFRICA,NEXUS,RPS,AFXCJMMNHCNZLBZ,9.66
Peter,Rivera,KW34390,4490346,JALVIK SOLUTIONS,5,NA,NEXUS,RPS,NO_TS_NA,90.34
Joseph,Ward,SJ72623,6860187,ALCOR SYSTEMS,5,CONT OCEANIA,NOVA,FORFAIT,SNQC1ZQ5D5MXL16,15.91
Joseph,Ward,SJ72623,6860187,ALCOR SYSTEMS,5,MEA,NOVA,FORFAIT,NO_TS_MEA,84.09
Timothy,Peterson,JS68847,9880944,FORVEX DIGITAL,5,EMEA MENA,NOVA,RPS,PNVOU4ZTI2SUWSU,11.65
Timothy,Peterson,JS68847,9880944,FORVEX DIGITAL,5,MEA,NOVA,RPS,NO_TS_MEA,88.35
John,Fitzgerald,PQ44896,4978809,FORVEX SYSTEMS,5,APAC ASIA,QUANTUM,FORFAIT,GMSAOXVK1P21LFW,11.36
John,Fitzgerald,PQ44896,4978809,FORVEX SYSTEMS,5,APAC,QUANTUM,FORFAIT,NO_TS_APAC,88.64
Roberto,Buckley,NE51108,3741061,ETHOS GROUP,5,NA AMERICA,NEXUS,RPS,P371FA3JJ9C2C9H,11.36
Crystal,Sanders,TG83064,5109264,JALVIK TECH,5,NA AFRICA,ATLAS,SUPPORT,HY2FO40852048XG,14.2
Crystal,Sanders,TG83064,5109264,JALVIK TECH,5,CONT,ATLAS,SUPPORT,NO_TS_CONT,85.8
Timothy,Diaz,UA58398,7121069,FORVEX TECH,5,MEA ASIA,ATLAS,RPS,GXQOHPG268DUWM7,9.09
Timothy,Diaz,UA58398,7121069,FORVEX TECH,5,NA,ATLAS,RPS,NO_TS_NA,90.91
Patricia,Smith,JQ40608,1040276,CENVEO TECH,5,NA ASIA,NOVA,REGIE,SNUO63M7F10754B,9.8
Daniel,Brennan,BM06492,2203600,HYRION SYSTEMS,5,LATAM OCEANIA,PULSE,RPS,CDKT3HSHSSKTT78,9.94
Daniel,Brennan,BM06492,2203600,HYRION SYSTEMS,5,CONT,PULSE,RPS,NO_TS_CONT,90.06
Joshua,Leonard,JY74218,2257440,INOVA GROUP,5,LATAM OCEANIA,QUANTUM,REGIE,9U8U1YPR9W0U4LK,11.51
Joshua,Leonard,JY74218,2257440,INOVA GROUP,5,CONT,QUANTUM,REGIE,NO_TS_CONT,88.49
Lori,Meyer,LQ84966,1100150,GOLZEN VENTURES,5,CONT MENA,PHOENIX,RPS,EGNYD4NJXK2OPLN,8.24
Lori,Meyer,LQ84966,1100150,GOLZEN VENTURES,5,APAC,PHOENIX,RPS,NO_TS_APAC,91.76
Robert,Hopkins,GK73419,5893497,CENVEO VENTURES,5,LATAM AMERICA,VERTEX,SUPPORT,8U54512FSPDMO9P,20.45
Robert,Hopkins,GK73419,5893497,CENVEO VENTURES,5,LATAM,VERTEX,SUPPORT,NO_TS_LATAM,79.55
Brianna,Hammond,LB81679,6984285,KESTRA VENTURES,5,LATAM AFRICA,STELLAR,REGIE,P8G8AEDIS52I2NL,9.09
Brianna,Hammond,LB81679,6984285,KESTRA VENTURES,5,CONT,STELLAR,REGIE,NO_TS_CONT,90.91
Daniel,Chen,LJ79395,2611955,LUMEX DIGITAL,5,CONT ASIA,ORBIT,FORFAIT,1RT2UKTE2TPT3RE,5.97
Daniel,Chen,LJ79395,2611955,LUMEX DIGITAL,5,MEA,ORBIT,FORFAIT,NO_TS_MEA,94.03
John,Parker,UD23371,5584821,INOVA SYSTEMS,5,APAC EUROPE,PULSE,SUPPORT,RPGSM5I2O2XKGIB,14.77
Brian,Tran,JA88161,7808816,BRYTON DYNAMICS,5,APAC EUROPE,ATLAS,MAINTENANCE,YL19MOE59G3455B,12.78
Brian,Tran,JA88161,7808816,BRYTON DYNAMICS,5,CONT,ATLAS,MAINTENANCE,NO_TS_CONT,87.22
Donna,Schneider,TK08775,3872177,BRYTON CONSULTING,5,APAC AMERICA,ATLAS,REGIE,73BN96DGVLOGHEV,9.09
Donna,Schneider,TK08775,3872177,BRYTON CONSULTING,5,MEA,ATLAS,REGIE,NO_TS_MEA,90.91
Todd,Morris,VQ95644,5577849,JALVIK DYNAMICS,5,LATAM EUROPE,ORBIT,MAINTENANCE,QRECHT0BS5RXRJ9,13.64
Nicole,Thomas,TW33432,2984289,DELVO GROUP,5,NA OCEANIA,STELLAR,FORFAIT,D9KSV1SAOW84Z7D,12.5
Nicole,Thomas,TW33432,2984289,DELVO GROUP,5,MEA,STELLAR,FORFAIT,NO_TS_MEA,87.5
Linda,Jones,ZL88957,7595437,FORVEX GROUP,5,EMEA OCEANIA,ATLAS,SUPPORT,0TTESEYMW69LFDK,12.78
Linda,Jones,ZL88957,7595437,FORVEX GROUP,5,MEA,ATLAS,SUPPORT,NO_TS_MEA,87.22
Samuel,Morris,LO84251,7252298,LUMEX SYSTEMS,5,LATAM MENA,PULSE,FORFAIT,IV4DI20J0W4HUQS,15.06
Samuel,Morris,LO84251,7252298,LUMEX SYSTEMS,5,LATAM,PULSE,FORFAIT,NO_TS_LATAM,84.94
Michael,Perkins,HR14056,5458644,BRYTON SYSTEMS,5,EMEA AFRICA,NEXUS,SUPPORT,ADJDTGZNLX7NPQS,10.8
Rachel,Howard,XM68206,7846122,CENVEO CONSULTING,5,NA AFRICA,STELLAR,REGIE,UPKXDXC6C6SKBY9,11.36
Rachel,Howard,XM68206,7846122,CENVEO CONSULTING,5,CONT,STELLAR,REGIE,NO_TS_CONT,88.64
Laura,Hudson,AX98625,8509782,GOLZEN CONSULTING,5,NA AMERICA,QUANTUM,MAINTENANCE,NOXZ4P487JALDJI,11.65
Laura,Hudson,AX98625,8509782,GOLZEN CONSULTING,5,LATAM,QUANTUM,MAINTENANCE,NO_TS_LATAM,88.35
Michael,Oconnor,XG73215,4289839,BRYTON SOLUTIONS,5,EMEA OCEANIA,PULSE,MAINTENANCE,GRGB6OXXIU6I8A8,9.23
Michael,Oconnor,XG73215,4289839,BRYTON SOLUTIONS,5,APAC,PULSE,MAINTENANCE,NO_TS_APAC,90.77
Daniel,Davenport,BS76791,4933034,KESTRA SYSTEMS,5,APAC MENA,PULSE,MAINTENANCE,JWLQDXOPNXI7U51,10.09
Daniel,Davenport,BS76791,4933034,KESTRA SYSTEMS,5,NA,PULSE,MAINTENANCE,NO_TS_NA,89.91
Robert,Harris,VE22988,1825004,GOLZEN DYNAMICS,5,LATAM AFRICA,NEXUS,MAINTENANCE,B3R5VEU3S2VWU7B,9.66
Robert,Harris,VE22988,1825004,GOLZEN DYNAMICS,5,CONT,NEXUS,MAINTENANCE,NO_TS_CONT,90.34
Danielle,Howard,VY38472,2351955,JALVIK CONSULTING,5,MEA AMERICA,VERTEX,RPS,M513S3MG04ZEDYI,9.66
Charles,Phillips,FB14195,5402829,BRYTON TECH,5,EMEA AMERICA,STELLAR,REGIE,T3IA239TNVGBDWW,11.51
Charles,Phillips,FB14195,5402829,BRYTON TECH,5,APAC,STELLAR,REGIE,NO_TS_APAC,88.49
John,Conrad,HL69408,2509059,BRYTON SYSTEMS,5,CONT MENA,STELLAR,RPS,T7CETPIW9FQXK14,9.8
Sara,Pham,MR77005,1027581,FORVEX SYSTEMS,5,LATAM MENA,VERTEX,FORFAIT,K3AABTIH7G5W2H6,9.23
Sara,Pham,MR77005,1027581,FORVEX SYSTEMS,5,MEA,VERTEX,FORFAIT,NO_TS_MEA,90.77
Jill,Palmer,WC91721,8098207,ETHOS DIGITAL,5,LATAM ASIA,ATLAS,MAINTENANCE,5BS4Z3PUY1B1S1E,8.24
Jill,Palmer,WC91721,8098207,ETHOS DIGITAL,5,EMEA,ATLAS,MAINTENANCE,NO_TS_EMEA,91.76
Samantha,Tate,SS17211,9610341,GOLZEN CONSULTING,5,APAC OCEANIA,VERTEX,SUPPORT,NV92M3197EAM46B,9.38
Amber,Pittman,QA51394,8054287,ALCOR GLOBAL,5,CONT AMERICA,STELLAR,MAINTENANCE,YELTQTX6YOBOTC4,10.23
Amber,Pittman,QA51394,8054287,ALCOR GLOBAL,5,EMEA,STELLAR,MAINTENANCE,NO_TS_EMEA,89.77
Mark,Schmidt,CX51882,6625196,GOLZEN SOLUTIONS,5,LATAM OCEANIA,STELLAR,REGIE,8M07WBATLRGGARC,9.23
Mark,Schmidt,CX51882,6625196,GOLZEN SOLUTIONS,5,NA,STELLAR,REGIE,NO_TS_NA,90.77
Beth,Barajas,WU06393,5229225,DELVO DYNAMICS,5,EMEA AMERICA,NOVA,REGIE,C6NDLDP7WCEG32K,11.93
Anthony,Beck,JM37969,6822685,LUMEX GLOBAL,5,EMEA AFRICA,ORBIT,MAINTENANCE,RF6Y0MX1JPMP9NZ,12.5
Chad,Clark,NY22557,7199946,INOVA CONSULTING,5,EMEA AFRICA,QUANTUM,MAINTENANCE,CWDEN5QAUS4V2T5,10.51
Chad,Clark,NY22557,7199946,INOVA CONSULTING,5,MEA,QUANTUM,MAINTENANCE,NO_TS_MEA,89.49
Jordan,Rojas,YI86808,1271022,HYRION GROUP,5,MEA EUROPE,PULSE,MAINTENANCE,ETJWNJ1HM4980LL,11.08
Scott,Carlson,DY69209,5899911,ETHOS GROUP,5,MEA EUROPE,VERTEX,RPS,HKMCXPT4CSV8V3R,9.09
Scott,Carlson,DY69209,5899911,ETHOS GROUP,5,NA,VERTEX,RPS,NO_TS_NA,90.91
Wendy,Mcgee,OU26405,5497200,ETHOS GLOBAL,5,APAC AFRICA,ATLAS,MAINTENANCE,PYQ7GIAIB6J3UPZ,13.07
Wendy,Mcgee,OU26405,5497200,ETHOS GLOBAL,5,APAC,ATLAS,MAINTENANCE,NO_TS_APAC,86.93
Nathaniel,Young,AP60036,6128545,KESTRA DYNAMICS,5,APAC MENA,NOVA,MAINTENANCE,RQ0YYF9NKJOWMLA,9.38
Nathaniel,Young,AP60036,6128545,KESTRA DYNAMICS,5,APAC,NOVA,MAINTENANCE,NO_TS_APAC,90.63
Jamie,Marquez,SS44851,8079295,BRYTON CONSULTING,5,APAC MENA,NOVA,FORFAIT,UDHFM7FHINFINKO,13.78
Jamie,Marquez,SS44851,8079295,BRYTON CONSULTING,5,APAC,NOVA,FORFAIT,NO_TS_APAC,86.22
John,Black,HG88269,5935399,ALCOR DIGITAL,5,NA MENA,QUANTUM,FORFAIT,QEXTI5P1FZLCSCU,11.22
John,Black,HG88269,5935399,ALCOR DIGITAL,5,NA,QUANTUM,FORFAIT,NO_TS_NA,88.78
Donna,Thomas,IE29210,6907680,GOLZEN TECH,5,LATAM EUROPE,VERTEX,MAINTENANCE,3ATG83E4OHZ29GX,9.38
Lisa,Gibson,DB07309,6934068,DELVO DYNAMICS,5,CONT AMERICA,STELLAR,FORFAIT,5OVLGCBH8CLQK0F,12.22
Lisa,Gibson,DB07309,6934068,DELVO DYNAMICS,5,APAC,STELLAR,FORFAIT,NO_TS_APAC,87.78
Nancy,Jacobs,QL31234,6479856,BRYTON DIGITAL,5,APAC AMERICA,NOVA,FORFAIT,4OX9VYZJ9QCBUFA,7.95
Nancy,Jacobs,QL31234,6479856,BRYTON DIGITAL,5,NA,NOVA,FORFAIT,NO_TS_NA,92.05
Christopher,Bishop,GB92996,6739260,ETHOS SOLUTIONS,5,CONT AMERICA,PHOENIX,REGIE,ZC3LDY940YKUJ3G,10.09
Christopher,Bishop,GB92996,6739260,ETHOS SOLUTIONS,5,APAC,PHOENIX,REGIE,NO_TS_APAC,89.91
Ashley,Lara,UQ09666,7231130,CENVEO DIGITAL,5,CONT MENA,QUANTUM,MAINTENANCE,B7MTX06FW7SW2VY,12.5
Ashley,Lara,UQ09666,7231130,CENVEO DIGITAL,5,EMEA,QUANTUM,MAINTENANCE,NO_TS_EMEA,87.5
Jacqueline,Phillips,GJ54901,7301120,JALVIK DIGITAL,5,EMEA AMERICA,STELLAR,MAINTENANCE,V85DUT4D42VX197,13.64
William,Gonzales,YC67975,5559104,LUMEX VENTURES,5,NA ASIA,NOVA,MAINTENANCE,6U9L1INFYR5QW6O,11.36
William,Gonzales,YC67975,5559104,LUMEX VENTURES,5,LATAM,NOVA,MAINTENANCE,NO_TS_LATAM,88.64
Brandy,Black,DW62769,6723676,CENVEO SYSTEMS,5,LATAM OCEANIA,STELLAR,SUPPORT,XY1AT918FEODFJX,12.5
Brandy,Black,DW62769,6723676,CENVEO SYSTEMS,5,EMEA,STELLAR,SUPPORT,NO_TS_EMEA,87.5
Trevor,Smith,XG07734,2860626,JALVIK VENTURES,5,CONT MENA,VERTEX,MAINTENANCE,4TYI5BZA5S13JDY,15.91
Trevor,Smith,XG07734,2860626,JALVIK VENTURES,5,APAC,VERTEX,MAINTENANCE,NO_TS_APAC,84.09
Chase,Murray,XD21986,7031483,GOLZEN CONSULTING,5,LATAM AFRICA,QUANTUM,RPS,HHC35YT3YMHEEED,12.07
Chase,Murray,XD21986,7031483,GOLZEN CONSULTING,5,LATAM,QUANTUM,RPS,NO_TS_LATAM,87.93
Sarah,Colon,TL45386,8425781,ETHOS TECH,5,APAC AFRICA,ATLAS,FORFAIT,DPEK95D5XY92IEK,10.23
Sarah,Colon,TL45386,8425781,ETHOS TECH,5,CONT,ATLAS,FORFAIT,NO_TS_CONT,89.77
Kathryn,Rivera,IB10103,2348107,GOLZEN CONSULTING,5,EMEA MENA,QUANTUM,MAINTENANCE,T275YWA9UFOOLNL,15.91
Kristina,Wright,YA32582,8039243,BRYTON SYSTEMS,5,NA ASIA,VERTEX,SUPPORT,ASI1AIL9KCKAIAH,11.36
Kristina,Wright,YA32582,8039243,BRYTON SYSTEMS,5,MEA,VERTEX,SUPPORT,NO_TS_MEA,88.64
Andrea,Allen,VZ28428,9539746,GOLZEN DYNAMICS,5,NA AFRICA,VERTEX,FORFAIT,TMM6BUEU3BZ6YFG,10.23
Andrea,Allen,VZ28428,9539746,GOLZEN DYNAMICS,5,NA,VERTEX,FORFAIT,NO_TS_NA,89.77
Richard,Clark,PK10219,7772613,GOLZEN VENTURES,5,MEA AMERICA,PULSE,MAINTENANCE,4YH8G80SA29SJ69,6.11
Richard,Clark,PK10219,7772613,GOLZEN VENTURES,5,LATAM,PULSE,MAINTENANCE,NO_TS_LATAM,93.89
Toni,Fields,UL39132,1865687,DELVO VENTURES,5,MEA EUROPE,NOVA,MAINTENANCE,SC494XJFRBVZ8XJ,11.93
Toni,Fields,UL39132,1865687,DELVO VENTURES,5,APAC,NOVA,MAINTENANCE,NO_TS_APAC,88.07
Julie,Jackson,AN90844,8986813,INOVA TECH,5,NA OCEANIA,NOVA,REGIE,D8F0U3LQ4EWBM9I,16.48
Hannah,Schmitt,GZ20534,8769785,KESTRA TECH,5,EMEA AMERICA,STELLAR,REGIE,BSON54R8HYS1P8G,12.22
Hannah,Schmitt,GZ20534,8769785,KESTRA TECH,5,MEA,STELLAR,REGIE,NO_TS_MEA,87.78
Jeremy,Werner,SU45181,9913570,HYRION DYNAMICS,5,NA ASIA,QUANTUM,SUPPORT,2NL1E2RVVU19AJW,13.64
Anna,Rhodes,RG15260,7193953,HYRION SOLUTIONS,5,MEA ASIA,QUANTUM,RPS,TCXZHLGYUQFUWWA,9.38
Anna,Rhodes,RG15260,7193953,HYRION SOLUTIONS,5,NA,QUANTUM,RPS,NO_TS_NA,90.63
Krista,Thomas,KM25589,9900632,ALCOR GROUP,5,CONT MENA,PULSE,SUPPORT,PZ7KQ70O3GGZ2C1,14.29
Krista,Thomas,KM25589,9900632,ALCOR GROUP,5,MEA,PULSE,SUPPORT,NO_TS_MEA,85.71
Angela,Boyd,HK18644,9129772,JALVIK DIGITAL,5,LATAM AMERICA,PHOENIX,SUPPORT,INHDWREL633EUFH,11.36
Jerry,Valencia,GM16702,3897567,JALVIK DYNAMICS,5,NA AFRICA,ATLAS,RPS,LO9CSWGKMWDNEFK,8.95
Jerry,Valencia,GM16702,3897567,JALVIK DYNAMICS,5,CONT,ATLAS,RPS,NO_TS_CONT,91.05
Brittany,Vargas,YU02445,8277777,CENVEO DIGITAL,5,LATAM AFRICA,PHOENIX,FORFAIT,NE3U9KSQGX8R65W,13.64
Antonio,Harris,OU93219,1714326,GOLZEN TECH,5,MEA EUROPE,QUANTUM,FORFAIT,GH7EMHPR683KRDR,11.08
Antonio,Harris,OU93219,1714326,GOLZEN TECH,5,CONT,QUANTUM,FORFAIT,NO_TS_CONT,88.92
Danielle,Robinson,AT51246,8981681,LUMEX DYNAMICS,5,MEA AFRICA,NOVA,RPS,2HUP4J3WWY2P00W,13.64
Danielle,Robinson,AT51246,8981681,LUMEX DYNAMICS,5,MEA,NOVA,RPS,NO_TS_MEA,86.36
Elizabeth,Snyder,EE84991,2860016,CENVEO VENTURES,5,LATAM OCEANIA,ORBIT,MAINTENANCE,TF1MWA7C9WCQ53A,10.8
Elizabeth,Snyder,EE84991,2860016,CENVEO VENTURES,5,MEA,ORBIT,MAINTENANCE,NO_TS_MEA,89.2
Monica,Bush,UI63194,9210374,FORVEX GROUP,5,EMEA OCEANIA,PHOENIX,SUPPORT,GMOOZECYDH6RANH,14.49
Jeffrey,Arnold,YN92867,7030611,FORVEX TECH,5,EMEA EUROPE,ATLAS,MAINTENANCE,Z6EQBCD4LTICZVX,10.23
Jeffrey,Arnold,YN92867,7030611,FORVEX TECH,5,CONT,ATLAS,MAINTENANCE,NO_TS_CONT,89.77
Amber,Hall,GG52680,2390541,INOVA TECH,5,EMEA AFRICA,STELLAR,MAINTENANCE,VW0SCY11N8LB29A,9.38
Amber,Hall,GG52680,2390541,INOVA TECH,5,CONT,STELLAR,MAINTENANCE,NO_TS_CONT,90.63
Dawn,Adams,HK60187,2571154,JALVIK GLOBAL,5,NA EUROPE,VERTEX,REGIE,1DY5804NH6WQG2F,5.54
Dawn,Adams,HK60187,2571154,JALVIK GLOBAL,5,NA,VERTEX,REGIE,NO_TS_NA,94.46
Frank,Morgan,SB22124,3596749,BRYTON GLOBAL,5,NA MENA,NOVA,MAINTENANCE,89BW8SURJEUMF6D,11.36
Frank,Morgan,SB22124,3596749,BRYTON GLOBAL,5,CONT,NOVA,MAINTENANCE,NO_TS_CONT,88.64
John,Fuller,FY31960,4388013,KESTRA CONSULTING,5,NA AMERICA,PULSE,RPS,3J4UFMWZWZLVVIJ,8.24
John,Fuller,FY31960,4388013,KESTRA CONSULTING,5,MEA,PULSE,RPS,NO_TS_MEA,91.76
Clayton,Morrison,PJ25061,3687913,CENVEO VENTURES,5,LATAM EUROPE,ORBIT,FORFAIT,PLUKS97DOVFD4WQ,11.93
Clayton,Morrison,PJ25061,3687913,CENVEO VENTURES,5,LATAM,ORBIT,FORFAIT,NO_TS_LATAM,88.07
Ricky,Cox,BV81337,9342517,KESTRA SYSTEMS,5,EMEA OCEANIA,ATLAS,FORFAIT,J64K5T82BBDC3FI,13.64
Ricky,Cox,BV81337,9342517,KESTRA SYSTEMS,5,NA,ATLAS,FORFAIT,NO_TS_NA,86.36
Melissa,Gutierrez,YQ97713,9534700,KESTRA VENTURES,5,APAC AFRICA,STELLAR,MAINTENANCE,99NXK8GTGCRF09X,10.23
John,Reed,BE13392,1101510,FORVEX SOLUTIONS,5,MEA EUROPE,PHOENIX,SUPPORT,Q7CA48NW6YW4DB3,13.64
Russell,Harvey,QG82439,4715747,KESTRA DIGITAL,5,LATAM ASIA,ATLAS,FORFAIT,BVFS6B4NLRRBCSL,11.36
Russell,Harvey,QG82439,4715747,KESTRA DIGITAL,5,CONT,ATLAS,FORFAIT,NO_TS_CONT,88.64
Tiffany,Bishop,CN88480,2050009,ALCOR CONSULTING,5,APAC OCEANIA,NEXUS,RPS,T4KAKPCF3FUY0CL,9.23
Tiffany,Bishop,CN88480,2050009,ALCOR CONSULTING,5,CONT,NEXUS,RPS,NO_TS_CONT,90.77
Christina,Ellis,KE56702,7037058,INOVA GLOBAL,5,MEA AFRICA,ATLAS,SUPPORT,DJFIQNDDGZRLX90,11.93
Kim,Martinez,SG39313,2331487,KESTRA GROUP,5,APAC AMERICA,NEXUS,RPS,3QOL0H508XQ2PNP,12.5
Kim,Martinez,SG39313,2331487,KESTRA GROUP,5,EMEA,NEXUS,RPS,NO_TS_EMEA,87.5
Tracy,Williams,GT80244,1046355,DELVO DYNAMICS,5,CONT AFRICA,STELLAR,SUPPORT,ODWJZI46CWB9GDE,10.37
Tracy,Williams,GT80244,1046355,DELVO DYNAMICS,5,NA,STELLAR,SUPPORT,NO_TS_NA,89.63
Curtis,Edwards,CV39433,2052705,ALCOR DYNAMICS,5,LATAM AFRICA,STELLAR,MAINTENANCE,DS62QS7B3JGFAE6,13.64
Curtis,Edwards,CV39433,2052705,ALCOR DYNAMICS,5,LATAM,STELLAR,MAINTENANCE,NO_TS_LATAM,86.36
Gary,Marsh,NS23911,1928705,LUMEX GLOBAL,5,MEA AFRICA,ORBIT,REGIE,0FTX4AGDFJ823YD,12.5
Gary,Marsh,NS23911,1928705,LUMEX GLOBAL,5,EMEA,ORBIT,REGIE,NO_TS_EMEA,87.5
David,Lozano,AU53295,6747031,JALVIK CONSULTING,5,EMEA MENA,ATLAS,REGIE,CW2WALFIBS5DTYQ,10.8
David,Lozano,AU53295,6747031,JALVIK CONSULTING,5,CONT,ATLAS,REGIE,NO_TS_CONT,89.2
Valerie,Ramirez,BV93314,3723346,GOLZEN SOLUTIONS,5,MEA OCEANIA,PHOENIX,REGIE,K5R65F9Y0ZE663F,5.82
Richard,Gamble,SX28247,4047984,ALCOR DYNAMICS,5,EMEA OCEANIA,QUANTUM,MAINTENANCE,TFA06IHF0CDOZ9A,9.8
Samantha,Smith,KZ71272,8486752,ALCOR GLOBAL,5,CONT MENA,STELLAR,RPS,0ZCTCSHO4V25PLK,7.81
Samantha,Smith,KZ71272,8486752,ALCOR GLOBAL,5,EMEA,STELLAR,RPS,NO_TS_EMEA,92.19
Aaron,Reese,EO61201,4849081,GOLZEN VENTURES,5,MEA MENA,VERTEX,RPS,2ZM6NX3HWVJBWQM,9.52
Aaron,Reese,EO61201,4849081,GOLZEN VENTURES,5,LATAM,VERTEX,RPS,NO_TS_LATAM,90.48
Melanie,Howell,XD97145,2960597,HYRION GLOBAL,5,MEA EUROPE,STELLAR,MAINTENANCE,T0BF5KNGAQFP82F,13.64
Melanie,Howell,XD97145,2960597,HYRION GLOBAL,5,EMEA,STELLAR,MAINTENANCE,NO_TS_EMEA,86.36
Krystal,Coleman,BK40562,9361637,FORVEX SOLUTIONS,5,MEA EUROPE,STELLAR,MAINTENANCE,Z54NM0VCRCCM41P,13.64
Krystal,Coleman,BK40562,9361637,FORVEX SOLUTIONS,5,LATAM,STELLAR,MAINTENANCE,NO_TS_LATAM,86.36
Sarah,Hammond,DA31406,2830095,GOLZEN CONSULTING,5,NA MENA,ATLAS,SUPPORT,VAGW1BPM8YBYBZ8,7.95
David,Vasquez,CH82315,1848151,LUMEX SOLUTIONS,5,CONT AFRICA,QUANTUM,RPS,U3CT12H1II127AQ,7.67
David,Vasquez,CH82315,1848151,LUMEX SOLUTIONS,5,EMEA,QUANTUM,RPS,NO_TS_EMEA,92.33
Victoria,Brewer,PU25150,8359104,ALCOR DYNAMICS,5,NA ASIA,NEXUS,SUPPORT,R1K8RONR00Y50SW,12.5
Victoria,Brewer,PU25150,8359104,ALCOR DYNAMICS,5,MEA,NEXUS,SUPPORT,NO_TS_MEA,87.5
Alexander,Marshall,JS86660,5719379,GOLZEN DYNAMICS,5,NA AFRICA,ATLAS,RPS,DUK98R3EJVG94UP,9.52
Alexander,Marshall,JS86660,5719379,GOLZEN DYNAMICS,5,EMEA,ATLAS,RPS,NO_TS_EMEA,90.48
Ryan,Wilson,IC51710,7780740,GOLZEN SYSTEMS,5,CONT OCEANIA,VERTEX,RPS,KJ13IP6ZDX0PXGH,11.93
Dustin,Brown,SR58300,4799589,GOLZEN TECH,5,EMEA OCEANIA,QUANTUM,FORFAIT,LKM5ZELWHH4SA4A,7.95
Dustin,Brown,SR58300,4799589,GOLZEN TECH,5,MEA,QUANTUM,FORFAIT,NO_TS_MEA,92.05
Mary,Young,GL81527,9334976,CENVEO TECH,5,NA EUROPE,NOVA,FORFAIT,7U5A1UM1ZTDUYA4,10.23
Mary,Young,GL81527,9334976,CENVEO TECH,5,LATAM,NOVA,FORFAIT,NO_TS_LATAM,89.77
Lindsey,Kelley,FP53746,6832791,FORVEX CONSULTING,5,APAC ASIA,PULSE,RPS,6WSM40M7VPCIGH6,7.95
Lindsey,Kelley,FP53746,6832791,FORVEX CONSULTING,5,LATAM,PULSE,RPS,NO_TS_LATAM,92.05
John,Brown,YJ56181,4665889,JALVIK GROUP,5,EMEA OCEANIA,NEXUS,SUPPORT,4IU2DYOTLVYSAPN,13.64
Debra,Torres,IU03274,2522967,JALVIK TECH,5,EMEA ASIA,QUANTUM,SUPPORT,LY7631RG4NUJJ02,11.36
Debra,Torres,IU03274,2522967,JALVIK TECH,5,LATAM,QUANTUM,SUPPORT,NO_TS_LATAM,88.64
James,Robinson,OR70983,7770871,JALVIK DYNAMICS,5,EMEA ASIA,QUANTUM,REGIE,P1WRY4N6UYHPU5T,7.1
James,Robinson,OR70983,7770871,JALVIK DYNAMICS,5,CONT,QUANTUM,REGIE,NO_TS_CONT,92.9
Amy,Carey,YQ18916,8095604,CENVEO SOLUTIONS,5,CONT OCEANIA,QUANTUM,SUPPORT,AL40BDMS8KRN7JG,9.09
Amy,Carey,YQ18916,8095604,CENVEO SOLUTIONS,5,NA,QUANTUM,SUPPORT,NO_TS_NA,90.91
Danielle,Thomas,HI64980,4055465,LUMEX DYNAMICS,5,APAC EUROPE,ATLAS,RPS,0AWTCQ3U3DLRQ6L,7.67
Danielle,Thomas,HI64980,4055465,LUMEX DYNAMICS,5,EMEA,ATLAS,RPS,NO_TS_EMEA,92.33
Brittany,Palmer,UE05133,7697078,BRYTON TECH,5,MEA MENA,VERTEX,MAINTENANCE,EYRHZ16OWXAFOX3,11.65
Brittany,Palmer,UE05133,7697078,BRYTON TECH,5,CONT,VERTEX,MAINTENANCE,NO_TS_CONT,88.35
Nicholas,Pratt,GY98721,6857813,GOLZEN CONSULTING,5,MEA OCEANIA,ORBIT,MAINTENANCE,W83O51WEUFSUU83,11.36
Nicholas,Pratt,GY98721,6857813,GOLZEN CONSULTING,5,NA,ORBIT,MAINTENANCE,NO_TS_NA,88.64
Andrea,Dudley,VH51570,4399907,ALCOR DYNAMICS,5,CONT AFRICA,STELLAR,FORFAIT,T9VC0FLBOT9AY0E,9.66
Andrea,Dudley,VH51570,4399907,ALCOR DYNAMICS,5,EMEA,STELLAR,FORFAIT,NO_TS_EMEA,90.34
Joseph,Saunders,PN46147,7325857,CENVEO GROUP,5,EMEA AMERICA,ATLAS,RPS,LLHCE1WRSJK6EAD,10.8
Joseph,Saunders,PN46147,7325857,CENVEO GROUP,5,LATAM,ATLAS,RPS,NO_TS_LATAM,89.2
John,Vaughn,CT69094,4195398,INOVA GROUP,5,LATAM MENA,STELLAR,RPS,D6S9FLGXLO61HTJ,11.08
John,Vaughn,CT69094,4195398,INOVA GROUP,5,CONT,STELLAR,RPS,NO_TS_CONT,88.92
Charles,Miller,ZO20629,9036879,ALCOR DYNAMICS,5,CONT ASIA,PHOENIX,FORFAIT,JZSVDMGI7NUM0RC,12.5
Sonya,Stephenson,QH90317,8060262,ETHOS SYSTEMS,5,NA OCEANIA,PULSE,RPS,C3JB3NMMCCHS89O,14.2
Sonya,Stephenson,QH90317,8060262,ETHOS SYSTEMS,5,CONT,PULSE,RPS,NO_TS_CONT,85.8
Alan,Peterson,TU91492,8616582,DELVO SOLUTIONS,5,MEA MENA,STELLAR,REGIE,TV5HCGXSYKQCGO4,13.64
Alan,Peterson,TU91492,8616582,DELVO SOLUTIONS,5,MEA,STELLAR,REGIE,NO_TS_MEA,86.36
Christopher,Le,UZ61849,3466399,FORVEX GROUP,5,CONT MENA,QUANTUM,RPS,S8V9TKX4749ZZ65,15.91
Christopher,Le,UZ61849,3466399,FORVEX GROUP,5,APAC,QUANTUM,RPS,NO_TS_APAC,84.09
Logan,Johns,GJ04619,2053174,ALCOR DYNAMICS,5,APAC AMERICA,NEXUS,SUPPORT,20F5BDJYGYGKF08,13.64
Logan,Johns,GJ04619,2053174,ALCOR DYNAMICS,5,APAC,NEXUS,SUPPORT,NO_TS_APAC,86.36
Christine,Davis,TA12976,7436922,DELVO GROUP,5,CONT MENA,PULSE,RPS,P3PFLN284BVWFC3,13.64
Timothy,Moore,HM60437,7640132,BRYTON SOLUTIONS,5,EMEA EUROPE,ATLAS,FORFAIT,NZDE68TJUN56P94,9.52
Jeremy,Ellis,FJ94527,3856761,KESTRA SOLUTIONS,5,EMEA ASIA,QUANTUM,SUPPORT,FFLHMMQ7RX36J06,6.53
Jeremy,Ellis,FJ94527,3856761,KESTRA SOLUTIONS,5,MEA,QUANTUM,SUPPORT,NO_TS_MEA,93.47
Emily,Gomez,QO34827,8654500,HYRION CONSULTING,5,EMEA ASIA,PULSE,FORFAIT,QMDF0M084Z48429,13.64
Emily,Gomez,QO34827,8654500,HYRION CONSULTING,5,APAC,PULSE,FORFAIT,NO_TS_APAC,86.36
James,Chung,PD01126,3289450,INOVA GROUP,5,EMEA EUROPE,STELLAR,FORFAIT,J9L5C8HLZU1RZA1,10.23
James,Chung,PD01126,3289450,INOVA GROUP,5,APAC,STELLAR,FORFAIT,NO_TS_APAC,89.77
Matthew,Liu,SA88567,1879863,KESTRA SYSTEMS,5,EMEA EUROPE,VERTEX,FORFAIT,YJSZF9FZWOQD9AG,11.65
Matthew,Liu,SA88567,1879863,KESTRA SYSTEMS,5,LATAM,VERTEX,FORFAIT,NO_TS_LATAM,88.35
Frank,Taylor,MM55026,3027089,LUMEX TECH,5,LATAM ASIA,QUANTUM,MAINTENANCE,NWUZYFLGF91JN2X,10.23
Frank,Taylor,MM55026,3027089,LUMEX TECH,5,EMEA,QUANTUM,MAINTENANCE,NO_TS_EMEA,89.77
Leon,Perez,XL48570,6460310,GOLZEN SYSTEMS,5,MEA EUROPE,VERTEX,REGIE,INJ98MOFYH4J26G,13.64
Carla,Hernandez,OH77680,3155423,ETHOS GLOBAL,5,MEA AMERICA,PHOENIX,MAINTENANCE,BBW3Q4J7VPV9XGA,9.09
Carla,Hernandez,OH77680,3155423,ETHOS GLOBAL,5,MEA,PHOENIX,MAINTENANCE,NO_TS_MEA,90.91
Christopher,Atkinson,IP31831,3428125,ETHOS GLOBAL,5,APAC MENA,STELLAR,REGIE,J500DTCGFLLM761,10.23
Christopher,Atkinson,IP31831,3428125,ETHOS GLOBAL,5,MEA,STELLAR,REGIE,NO_TS_MEA,89.77
Whitney,Lopez,SS62672,4295959,INOVA GLOBAL,5,MEA ASIA,ATLAS,REGIE,17CSL26VRL8NPPW,12.5
Whitney,Lopez,SS62672,4295959,INOVA GLOBAL,5,EMEA,ATLAS,REGIE,NO_TS_EMEA,87.5
Karla,Russell,QP72778,6137614,JALVIK GROUP,5,MEA MENA,NEXUS,RPS,M0N7F0AGL84JNU6,7.67
Karla,Russell,QP72778,6137614,JALVIK GROUP,5,MEA,NEXUS,RPS,NO_TS_MEA,92.33
Cynthia,Lucero,QO88691,5804803,JALVIK DIGITAL,5,NA MENA,QUANTUM,FORFAIT,LQ8YABL3YDNF5IV,13.64
Cynthia,Lucero,QO88691,5804803,JALVIK DIGITAL,5,CONT,QUANTUM,FORFAIT,NO_TS_CONT,86.36
Austin,Miller,PO02723,2863666,INOVA VENTURES,5,LATAM MENA,NEXUS,REGIE,R8AV8QSDXIQWAG4,12.5
Douglas,Ramirez,UF33446,1155296,DELVO CONSULTING,5,CONT ASIA,NEXUS,RPS,4GM3UZAZIYVARWU,11.36
Douglas,Ramirez,UF33446,1155296,DELVO CONSULTING,5,CONT,NEXUS,RPS,NO_TS_CONT,88.64
Zachary,Smith,IQ18294,5244567,CENVEO SOLUTIONS,5,NA MENA,NEXUS,SUPPORT,EFY14OY1GXKF0CF,11.36
Zachary,Smith,IQ18294,5244567,CENVEO SOLUTIONS,5,EMEA,NEXUS,SUPPORT,NO_TS_EMEA,88.64
Michelle,White,LC19075,4211808,DELVO SYSTEMS,5,LATAM EUROPE,PHOENIX,RPS,Z31H1LDZK5FXY03,11.36
Michelle,White,LC19075,4211808,DELVO SYSTEMS,5,MEA,PHOENIX,RPS,NO_TS_MEA,88.64
Robin,Fields,SU72778,4668088,JALVIK DYNAMICS,5,LATAM EUROPE,QUANTUM,MAINTENANCE,FT9265ZZ0KS7MPZ,15.91
Robin,Fields,SU72778,4668088,JALVIK DYNAMICS,5,MEA,QUANTUM,MAINTENANCE,NO_TS_MEA,84.09
Dakota,Sanders,JB98677,6752570,ETHOS DIGITAL,5,EMEA AFRICA,ORBIT,FORFAIT,O4CAH10VG5OGBH7,9.38
Dakota,Sanders,JB98677,6752570,ETHOS DIGITAL,5,EMEA,ORBIT,FORFAIT,NO_TS_EMEA,90.63
Brianna,Jones,NX58900,7730153,DELVO GROUP,5,MEA ASIA,PHOENIX,MAINTENANCE,H5RO6ZLIDHXNLL3,11.36
Brianna,Jones,NX58900,7730153,DELVO GROUP,5,LATAM,PHOENIX,MAINTENANCE,NO_TS_LATAM,88.64
Sandra,Glass,ZV43905,4664928,FORVEX SYSTEMS,5,CONT ASIA,QUANTUM,FORFAIT,XLIHZS09EDJMC6H,8.81
Sandra,Glass,ZV43905,4664928,FORVEX SYSTEMS,5,MEA,QUANTUM,FORFAIT,NO_TS_MEA,91.19
Justin,Aguilar,FB11983,6892808,BRYTON GLOBAL,5,APAC AMERICA,NOVA,REGIE,FWC4XNOUKQYL1KK,11.36
Cynthia,Smith,KP48384,5074549,ALCOR GROUP,5,NA EUROPE,PHOENIX,REGIE,2M1CPUJH0RSATDL,11.36
Cynthia,Smith,KP48384,5074549,ALCOR GROUP,5,MEA,PHOENIX,REGIE,NO_TS_MEA,88.64
Dustin,Webb,LE99434,3124637,DELVO GLOBAL,5,MEA OCEANIA,NEXUS,SUPPORT,N5HYLWN5VHW95AN,15.06
Nicole,Hodge,DM64848,6301134,ALCOR CONSULTING,5,LATAM OCEANIA,NEXUS,FORFAIT,KJSUDSHHD5C2M0Z,11.93
Nicole,Hodge,DM64848,6301134,ALCOR CONSULTING,5,EMEA,NEXUS,FORFAIT,NO_TS_EMEA,88.07
Leslie,Cooper,WW90304,6593499,HYRION SYSTEMS,5,NA AFRICA,ORBIT,RPS,QNHEVWCIA33RBHQ,11.93
Leslie,Cooper,WW90304,6593499,HYRION SYSTEMS,5,CONT,ORBIT,RPS,NO_TS_CONT,88.07
Michaela,Washington,JU55817,7843557,DELVO VENTURES,5,LATAM AMERICA,ORBIT,REGIE,V8AECG1VM6UWD6U,14.77
Jorge,Briggs,VC89802,1424104,ALCOR CONSULTING,5,CONT ASIA,NOVA,RPS,Q2Q62FEJ06KWFDU,11.36
Jorge,Briggs,VC89802,1424104,ALCOR CONSULTING,5,LATAM,NOVA,RPS,NO_TS_LATAM,88.64
Sarah,Medina,BJ51855,1835464,INOVA TECH,5,EMEA MENA,VERTEX,SUPPORT,GTPM5LLA5WZZAF7,6.82
Craig,Grimes,WI09277,2404864,FORVEX GROUP,5,CONT EUROPE,ORBIT,MAINTENANCE,G0JAPCGPSDLUA8P,9.09
Craig,Grimes,WI09277,2404864,FORVEX GROUP,5,MEA,ORBIT,MAINTENANCE,NO_TS_MEA,90.91
Steven,Clayton,ZF67604,6251233,ETHOS SOLUTIONS,5,MEA ASIA,QUANTUM,SUPPORT,LBUOZP31THELQ5H,8.81
Steven,Clayton,ZF67604,6251233,ETHOS SOLUTIONS,5,NA,QUANTUM,SUPPORT,NO_TS_NA,91.19
Marie,Carroll,QL63658,9640319,DELVO GLOBAL,5,MEA ASIA,QUANTUM,MAINTENANCE,AB0C7FWO1T4ZS8T,12.22
Patricia,White,VG06722,8888832,GOLZEN GLOBAL,5,LATAM AMERICA,PHOENIX,MAINTENANCE,XNVVUYPSU7L6623,11.79
Patricia,White,VG06722,8888832,GOLZEN GLOBAL,5,APAC,PHOENIX,MAINTENANCE,NO_TS_APAC,88.21
Cindy,Lopez,JM89174,9838759,ETHOS CONSULTING,5,EMEA MENA,ORBIT,MAINTENANCE,7NUOHBM3CAX9GPE,14.35
Robert,Moss,IC01455,6602164,HYRION CONSULTING,5,LATAM MENA,STELLAR,FORFAIT,LMTLU1UBQ5HWBO2,12.22
Robert,Moss,IC01455,6602164,HYRION CONSULTING,5,CONT,STELLAR,FORFAIT,NO_TS_CONT,87.78
Joshua,Green,HH91254,3022839,DELVO SYSTEMS,5,NA AFRICA,ORBIT,FORFAIT,NB2U2LY6062PR96,13.64
Joshua,Green,HH91254,3022839,DELVO SYSTEMS,5,LATAM,ORBIT,FORFAIT,NO_TS_LATAM,86.36
Tara,Ward,ZH97760,6513176,ETHOS VENTURES,5,LATAM MENA,ORBIT,RPS,BNI761AVXJUD2UZ,11.36
Amber,Melendez,UR24611,2497430,KESTRA CONSULTING,5,EMEA OCEANIA,PHOENIX,RPS,ANFGQJ2WQL8OT5Z,10.09
Amber,Melendez,UR24611,2497430,KESTRA CONSULTING,5,CONT,PHOENIX,RPS,NO_TS_CONT,89.91
Kayla,Perez,SE20855,7648331,INOVA TECH,5,NA AFRICA,STELLAR,FORFAIT,3R3WAMYJ64AM1T6,12.5
Kayla,Perez,SE20855,7648331,INOVA TECH,5,NA,STELLAR,FORFAIT,NO_TS_NA,87.5
Nicole,Johnson,VO05494,6682695,DELVO TECH,5,CONT ASIA,PULSE,RPS,5JLE55SFEGEK4B7,11.51
Nicole,Johnson,VO05494,6682695,DELVO TECH,5,CONT,PULSE,RPS,NO_TS_CONT,88.49
Leslie,Franco,HF62404,2940494,INOVA GROUP,5,EMEA ASIA,NEXUS,FORFAIT,4NZ7HCA4V1IWAN1,8.1
Leslie,Franco,HF62404,2940494,INOVA GROUP,5,LATAM,NEXUS,FORFAIT,NO_TS_LATAM,91.9
Christine,Knight,PN05313,7911727,LUMEX GROUP,5,LATAM AMERICA,QUANTUM,SUPPORT,URL3ONXKK2THH3D,12.78
Christine,Knight,PN05313,7911727,LUMEX GROUP,5,MEA,QUANTUM,SUPPORT,NO_TS_MEA,87.22
Marcus,Zimmerman,OX22825,6215654,BRYTON GLOBAL,5,MEA AFRICA,NOVA,REGIE,BCGJIWGHD4KIIFT,13.64
Marcus,Zimmerman,OX22825,6215654,BRYTON GLOBAL,5,EMEA,NOVA,REGIE,NO_TS_EMEA,86.36
David,Hernandez,GD70523,8625990,HYRION DYNAMICS,5,CONT EUROPE,VERTEX,RPS,5AK2BGNSF8IGYNT,13.92
Sergio,Harmon,LQ77868,5866079,HYRION GROUP,5,NA OCEANIA,NEXUS,SUPPORT,XMSJHCS8899293P,10.23
Donna,Gallagher,US68754,7091531,INOVA GLOBAL,5,CONT ASIA,NEXUS,SUPPORT,2EJN638KL323I1P,11.36
Donna,Gallagher,US68754,7091531,INOVA GLOBAL,5,MEA,NEXUS,SUPPORT,NO_TS_MEA,88.64
Robin,David,GN67507,3487097,DELVO GLOBAL,5,EMEA OCEANIA,ATLAS,RPS,96FSYR7S2VYGS3B,7.67
Robin,David,GN67507,3487097,DELVO GLOBAL,5,NA,ATLAS,RPS,NO_TS_NA,92.33
Billy,Taylor,YW32958,1216055,FORVEX SOLUTIONS,5,MEA AMERICA,ATLAS,REGIE,47GZ5PFXB1QGQZD,17.05
Billy,Taylor,YW32958,1216055,FORVEX SOLUTIONS,5,MEA,ATLAS,REGIE,NO_TS_MEA,82.95
Ashley,Shields,VI30769,1992575,BRYTON DIGITAL,5,EMEA MENA,VERTEX,RPS,X8CRRXNAIPWH57A,12.22
Ashley,Shields,VI30769,1992575,BRYTON DIGITAL,5,LATAM,VERTEX,RPS,NO_TS_LATAM,87.78
Jennifer,Liu,YI55645,7122172,JALVIK SYSTEMS,5,MEA ASIA,VERTEX,SUPPORT,VGMS1BD4LRZMCJW,10.8
Jennifer,Liu,YI55645,7122172,JALVIK SYSTEMS,5,EMEA,VERTEX,SUPPORT,NO_TS_EMEA,89.2
Christopher,Finley,LQ76526,5483889,HYRION GLOBAL,5,MEA OCEANIA,ORBIT,MAINTENANCE,CD4PE3SC2032G4D,8.24
Christopher,Finley,LQ76526,5483889,HYRION GLOBAL,5,MEA,ORBIT,MAINTENANCE,NO_TS_MEA,91.76
Sharon,Medina,CT41476,6727326,DELVO VENTURES,5,CONT AFRICA,PULSE,SUPPORT,5NB0GJIGIX0L8XI,8.95
Sharon,Medina,CT41476,6727326,DELVO VENTURES,5,LATAM,PULSE,SUPPORT,NO_TS_LATAM,91.05
Sandra,Hansen,WR47260,6907781,DELVO SYSTEMS,5,MEA ASIA,STELLAR,RPS,FGLK103EKCFA5OQ,10.23
Sandra,Hansen,WR47260,6907781,DELVO SYSTEMS,5,EMEA,STELLAR,RPS,NO_TS_EMEA,89.77
Jerry,Martinez,IO52263,2859907,GOLZEN GROUP,5,APAC AMERICA,STELLAR,REGIE,VWMONPX3YAG8Z0L,11.36
Jerry,Martinez,IO52263,2859907,GOLZEN GROUP,5,APAC,STELLAR,REGIE,NO_TS_APAC,88.64
Brian,Schroeder,PB57249,5498134,DELVO DIGITAL,5,NA EUROPE,PULSE,SUPPORT,4SZKN2M13PZ0LWQ,9.66
Brian,Schroeder,PB57249,5498134,DELVO DIGITAL,5,CONT,PULSE,SUPPORT,NO_TS_CONT,90.34
Jacqueline,Cortez,VC09674,9092412,GOLZEN VENTURES,5,NA AMERICA,NEXUS,RPS,2HA532YYWVXD9KG,10.23
Jacqueline,Cortez,VC09674,9092412,GOLZEN VENTURES,5,LATAM,NEXUS,RPS,NO_TS_LATAM,89.77
Tommy,Thompson,YN36784,2562785,KESTRA GLOBAL,5,EMEA EUROPE,NEXUS,FORFAIT,7WIZGX6X5BH3YG8,11.36
Michael,Anthony,FF74826,9004159,INOVA CONSULTING,5,LATAM EUROPE,NOVA,FORFAIT,NFX9K3J3AQQUVBN,9.38
Deanna,Hester,CI16154,9459791,KESTRA SOLUTIONS,5,EMEA OCEANIA,VERTEX,RPS,LM6U2FK0QK7RK65,9.09
Carlos,Bauer,GY72098,8363070,FORVEX SOLUTIONS,5,CONT AMERICA,PHOENIX,FORFAIT,AIJCJP7HONWA398,13.64
Carlos,Bauer,GY72098,8363070,FORVEX SOLUTIONS,5,LATAM,PHOENIX,FORFAIT,NO_TS_LATAM,86.36
Kristina,Parker,HL37051,3533663,GOLZEN GLOBAL,5,MEA AFRICA,VERTEX,MAINTENANCE,OKHZSJQSWRJERGS,10.51
Kristina,Parker,HL37051,3533663,GOLZEN GLOBAL,5,APAC,VERTEX,MAINTENANCE,NO_TS_APAC,89.49
Paul,Ramirez,UD16184,8819439,KESTRA DIGITAL,5,CONT AFRICA,STELLAR,RPS,G106LMSMEHK1XNR,11.93
Paul,Ramirez,UD16184,8819439,KESTRA DIGITAL,5,EMEA,STELLAR,RPS,NO_TS_EMEA,88.07
Tyler,Mendez,VG37918,2955172,BRYTON CONSULTING,5,LATAM AMERICA,NOVA,SUPPORT,CPVFPCW5968IAH5,13.64
Tyler,Mendez,VG37918,2955172,BRYTON CONSULTING,5,MEA,NOVA,SUPPORT,NO_TS_MEA,86.36
Kayla,Wheeler,KL40198,7165061,CENVEO GROUP,5,CONT OCEANIA,NOVA,FORFAIT,9KED1DZ4VJUL5FW,11.36
Kayla,Wheeler,KL40198,7165061,CENVEO GROUP,5,EMEA,NOVA,FORFAIT,NO_TS_EMEA,88.64
Elizabeth,Snow,CJ31493,6982437,HYRION SOLUTIONS,5,CONT AMERICA,QUANTUM,MAINTENANCE,T8635E1XP5IVSFG,11.36
Elizabeth,Snow,CJ31493,6982437,HYRION SOLUTIONS,5,EMEA,QUANTUM,MAINTENANCE,NO_TS_EMEA,88.64
Alexandria,Wolfe,EV23574,9703476,BRYTON GROUP,5,MEA ASIA,PULSE,RPS,8G9UWBT2H46V3LZ,11.36
Javier,Walsh,VI29749,1997518,JALVIK VENTURES,5,EMEA OCEANIA,PHOENIX,REGIE,HL1A8JWAOUBOJ3H,12.78
John,Johnson,SK29244,1878027,GOLZEN SYSTEMS,5,APAC AFRICA,QUANTUM,RPS,RH67UWIF05H3FO6,13.92
John,Johnson,SK29244,1878027,GOLZEN SYSTEMS,5,NA,QUANTUM,RPS,NO_TS_NA,86.08
Melissa,Jacobs,DA17058,4370097,FORVEX GROUP,5,CONT EUROPE,STELLAR,SUPPORT,X0SW6W89JUA0EDT,8.52
Melissa,Jacobs,DA17058,4370097,FORVEX GROUP,5,NA,STELLAR,SUPPORT,NO_TS_NA,91.48
Evan,Hatfield,BK99151,8794889,LUMEX DYNAMICS,5,CONT AMERICA,QUANTUM,RPS,KBHYWV3ODCSF1N3,13.64
Amanda,Andersen,MX32677,9518527,LUMEX GROUP,5,MEA OCEANIA,NEXUS,FORFAIT,AZP3CB9XHVX5XAC,11.36
Sharon,Wilson,EG07387,2605526,CENVEO DIGITAL,5,NA AMERICA,NEXUS,REGIE,N9DYCZEL9ZVV88M,13.64
Sharon,Wilson,EG07387,2605526,CENVEO DIGITAL,5,CONT,NEXUS,REGIE,NO_TS_CONT,86.36
Emily,Murray,UN87529,5020252,ALCOR SYSTEMS,5,MEA AFRICA,QUANTUM,SUPPORT,L6MOOVY3JVZC1I7,11.65
Emily,Murray,UN87529,5020252,ALCOR SYSTEMS,5,NA,QUANTUM,SUPPORT,NO_TS_NA,88.35
Crystal,Morgan,OH16773,1631733,BRYTON SYSTEMS,5,EMEA AFRICA,PULSE,MAINTENANCE,1M110I7X9OJOKVG,9.23
Joel,Rodriguez,UD79770,1765805,ETHOS CONSULTING,5,APAC MENA,NOVA,SUPPORT,8S1Y8YB5PUVKQIG,9.23
Joel,Rodriguez,UD79770,1765805,ETHOS CONSULTING,5,LATAM,NOVA,SUPPORT,NO_TS_LATAM,90.77
Pamela,Hall,XK09666,1314110,JALVIK VENTURES,5,NA AMERICA,PHOENIX,MAINTENANCE,439JNANQZ3F15QK,11.08
Pamela,Hall,XK09666,1314110,JALVIK VENTURES,5,LATAM,PHOENIX,MAINTENANCE,NO_TS_LATAM,88.92
Jennifer,Glover,TH97310,7193604,FORVEX GLOBAL,5,LATAM AMERICA,NOVA,FORFAIT,EIKFIIDWEFQK2BO,11.36
Jennifer,Glover,TH97310,7193604,FORVEX GLOBAL,5,LATAM,NOVA,FORFAIT,NO_TS_LATAM,88.64
Tina,Blake,XO77061,4374697,FORVEX DIGITAL,5,EMEA EUROPE,PULSE,SUPPORT,C5DTAW66KFI0AQ3,7.53
Brett,Anderson,CR38872,4195313,DELVO DIGITAL,5,NA EUROPE,NEXUS,FORFAIT,BHH8S0JJ86WE1Q9,13.64
Brett,Anderson,CR38872,4195313,DELVO DIGITAL,5,NA,NEXUS,FORFAIT,NO_TS_NA,86.36
Anthony,Barrett,RT31205,5788137,ETHOS DYNAMICS,5,CONT AFRICA,QUANTUM,SUPPORT,79XCV1AV146U0O9,12.5
Anthony,Barrett,RT31205,5788137,ETHOS DYNAMICS,5,NA,QUANTUM,SUPPORT,NO_TS_NA,87.5
Sarah,Brown,VV94621,6073917,ALCOR SOLUTIONS,5,NA OCEANIA,PULSE,MAINTENANCE,K504JE7IFNI4VAW,13.07
Sarah,Brown,VV94621,6073917,ALCOR SOLUTIONS,5,CONT,PULSE,MAINTENANCE,NO_TS_CONT,86.93
John,Nolan,JV00365,2030746,BRYTON GLOBAL,5,LATAM AFRICA,ORBIT,MAINTENANCE,U9DA6R0IFKSLJ1H,8.52
John,Nolan,JV00365,2030746,BRYTON GLOBAL,5,NA,ORBIT,MAINTENANCE,NO_TS_NA,91.48
Brian,Mccullough,ZM04647,3018613,FORVEX GROUP,5,LATAM AFRICA,ATLAS,REGIE,HSDRCBVVLGZJ90Y,16.34
Brian,Mccullough,ZM04647,3018613,FORVEX GROUP,5,MEA,ATLAS,REGIE,NO_TS_MEA,83.66
Erik,Skinner,VC34661,9889305,LUMEX DYNAMICS,5,EMEA ASIA,ATLAS,REGIE,F20KSIF8MKM22ME,9.38
Erik,Skinner,VC34661,9889305,LUMEX DYNAMICS,5,LATAM,ATLAS,REGIE,NO_TS_LATAM,90.63
Lauren,Macdonald,IU82158,4707384,KESTRA VENTURES,5,NA EUROPE,PULSE,MAINTENANCE,TGO8Q227ZLV0BCW,12.5
Lauren,Macdonald,IU82158,4707384,KESTRA VENTURES,5,LATAM,PULSE,MAINTENANCE,NO_TS_LATAM,87.5
Emily,Williams,TE44718,1122719,INOVA CONSULTING,5,APAC AMERICA,NOVA,REGIE,1X2DOQP77QPE2HU,10.23
Emily,Williams,TE44718,1122719,INOVA CONSULTING,5,LATAM,NOVA,REGIE,NO_TS_LATAM,89.77
Nicole,Lee,FP51046,4821957,FORVEX DYNAMICS,5,NA AMERICA,PHOENIX,SUPPORT,5IMHIQGO0FY1ZMR,11.93
Nicole,Lee,FP51046,4821957,FORVEX DYNAMICS,5,APAC,PHOENIX,SUPPORT,NO_TS_APAC,88.07
Natalie,Johns,IF50355,4081376,KESTRA GROUP,5,EMEA AMERICA,VERTEX,REGIE,4WYOGCDIUJ04WM5,12.5
Randall,Campbell,QL92248,2453160,JALVIK SOLUTIONS,5,EMEA OCEANIA,NOVA,RPS,HQZXQZB03BAPE22,11.65
Randall,Campbell,QL92248,2453160,JALVIK SOLUTIONS,5,LATAM,NOVA,RPS,NO_TS_LATAM,88.35
David,Humphrey,PG01153,7694469,ETHOS GLOBAL,5,NA OCEANIA,PULSE,SUPPORT,WV4AERPUR6NNM68,11.79
David,Humphrey,PG01153,7694469,ETHOS GLOBAL,5,MEA,PULSE,SUPPORT,NO_TS_MEA,88.21
Samantha,Schultz,ZL97084,5549247,HYRION GROUP,5,MEA OCEANIA,VERTEX,MAINTENANCE,5EU39KQI1SF91LP,11.93
Samantha,Schultz,ZL97084,5549247,HYRION GROUP,5,EMEA,VERTEX,MAINTENANCE,NO_TS_EMEA,88.07
Robert,Greene,UM78032,7867040,FORVEX GROUP,5,APAC AFRICA,PULSE,REGIE,2YUYH5HNJRELG3M,14.49
Karen,Wise,CX56787,5291221,ETHOS SYSTEMS,5,NA OCEANIA,QUANTUM,SUPPORT,W3TNPNHIC447USC,7.39
Karen,Wise,CX56787,5291221,ETHOS SYSTEMS,5,CONT,QUANTUM,SUPPORT,NO_TS_CONT,92.61
Cassidy,Calhoun,MT09324,8157292,HYRION GLOBAL,5,APAC AMERICA,VERTEX,REGIE,LP5QW0TR7K9SHLI,12.64
Cassidy,Calhoun,MT09324,8157292,HYRION GLOBAL,5,MEA,VERTEX,REGIE,NO_TS_MEA,87.36
Jamie,Barber,UJ48687,6390897,ETHOS TECH,5,APAC EUROPE,PHOENIX,REGIE,JCVSWHJTMGRUFHA,13.64
Jamie,Barber,UJ48687,6390897,ETHOS TECH,5,LATAM,PHOENIX,REGIE,NO_TS_LATAM,86.36
Sharon,Duran,RU21129,3166790,ETHOS GLOBAL,5,EMEA ASIA,NEXUS,FORFAIT,694J64TFWDVR10I,9.66
Sharon,Duran,RU21129,3166790,ETHOS GLOBAL,5,CONT,NEXUS,FORFAIT,NO_TS_CONT,90.34
Tara,Gibson,QZ80208,6516675,INOVA SYSTEMS,5,LATAM ASIA,PULSE,REGIE,GHFT3JI15XD4YXX,13.64
Shawn,Hernandez,KF21488,6616632,GOLZEN DYNAMICS,5,NA AFRICA,STELLAR,MAINTENANCE,1AUXZJZCAHHWV4N,10.8
Shawn,Hernandez,KF21488,6616632,GOLZEN DYNAMICS,5,EMEA,STELLAR,MAINTENANCE,NO_TS_EMEA,89.2
Rhonda,Schmitt,VC51164,9607077,HYRION VENTURES,5,MEA OCEANIA,STELLAR,RPS,FDHZXWGJPJM1QQV,7.39
Rhonda,Schmitt,VC51164,9607077,HYRION VENTURES,5,LATAM,STELLAR,RPS,NO_TS_LATAM,92.61
Brandy,Nelson,PF23160,4497631,ETHOS SOLUTIONS,5,MEA AFRICA,PULSE,SUPPORT,FLG4XDMI2VLZWCC,12.5
Brandy,Nelson,PF23160,4497631,ETHOS SOLUTIONS,5,EMEA,PULSE,SUPPORT,NO_TS_EMEA,87.5
Valerie,Wallace,KT09797,1188337,CENVEO DYNAMICS,5,APAC AFRICA,NOVA,SUPPORT,OYO6PWJVHSNDLUY,11.65
Blake,Moss,TJ30492,1074831,INOVA CONSULTING,5,APAC MENA,PULSE,REGIE,68KCRE8WBQBVZFE,10.23
Blake,Moss,TJ30492,1074831,INOVA CONSULTING,5,APAC,PULSE,REGIE,NO_TS_APAC,89.77
Diane,Hughes,PP59867,1168019,ALCOR CONSULTING,5,NA ASIA,VERTEX,FORFAIT,XHI52NKBGWNS0U7,11.36
Diane,Hughes,PP59867,1168019,ALCOR CONSULTING,5,CONT,VERTEX,FORFAIT,NO_TS_CONT,88.64
Cameron,Sweeney,MS49224,8985903,ETHOS VENTURES,5,LATAM MENA,PHOENIX,REGIE,NM1KDNBMIB3GSAR,7.1
Cameron,Sweeney,MS49224,8985903,ETHOS VENTURES,5,CONT,PHOENIX,REGIE,NO_TS_CONT,92.9
Jessica,Torres,IF64994,1143908,ETHOS GROUP,5,NA AMERICA,NEXUS,SUPPORT,HYBREY2IKNIPNDO,8.1
Jessica,Torres,IF64994,1143908,ETHOS GROUP,5,APAC,NEXUS,SUPPORT,NO_TS_APAC,91.9
David,Martinez,YW85437,5267173,ALCOR CONSULTING,5,APAC MENA,NEXUS,FORFAIT,NZ3BU9WWFN7LCOZ,13.64
Zachary,Watts,RH84023,6946662,ETHOS TECH,5,APAC AMERICA,PULSE,REGIE,Z1O2UA9R5F15MB8,12.22
Zachary,Watts,RH84023,6946662,ETHOS TECH,5,CONT,PULSE,REGIE,NO_TS_CONT,87.78
Stephen,Williams,WX01543,8190396,ALCOR TECH,5,MEA ASIA,ORBIT,REGIE,QZRYS4FB2PSC9P3,13.64
Robert,Bailey,EU07304,8301704,ETHOS DIGITAL,5,NA OCEANIA,STELLAR,FORFAIT,KYYA6CEAGIDZDR8,13.35
Robert,Bailey,EU07304,8301704,ETHOS DIGITAL,5,APAC,STELLAR,FORFAIT,NO_TS_APAC,86.65
William,Jones,EV11530,2322635,KESTRA CONSULTING,5,NA OCEANIA,STELLAR,REGIE,N89109EQFMD1JMK,11.93
William,Jones,EV11530,2322635,KESTRA CONSULTING,5,MEA,STELLAR,REGIE,NO_TS_MEA,88.07
Angela,Villanueva,WV16769,7349836,JALVIK GROUP,5,APAC AFRICA,ORBIT,MAINTENANCE,DTYNBUVYMMHBLX6,10.8
Angela,Villanueva,WV16769,7349836,JALVIK GROUP,5,MEA,ORBIT,MAINTENANCE,NO_TS_MEA,89.2
Laurie,Davidson,TP44765,3862860,INOVA GROUP,5,EMEA MENA,QUANTUM,SUPPORT,PVOUVUBNS7LKNAF,11.36
David,Rogers,EZ02785,8851610,ETHOS SYSTEMS,5,LATAM AFRICA,VERTEX,SUPPORT,SH2TLYRITMNPYIP,10.94
David,Rogers,EZ02785,8851610,ETHOS SYSTEMS,5,APAC,VERTEX,SUPPORT,NO_TS_APAC,89.06
Alexandra,Chen,PM03311,9308930,DELVO GLOBAL,5,LATAM AFRICA,PHOENIX,MAINTENANCE,NNP7PCC35JBB7I7,10.8
Alexandra,Chen,PM03311,9308930,DELVO GLOBAL,5,LATAM,PHOENIX,MAINTENANCE,NO_TS_LATAM,89.2
Katelyn,Rivers,XE75401,6020355,DELVO GROUP,5,APAC AFRICA,VERTEX,REGIE,BUWJEVIO2XKVWNB,9.09
Heather,Compton,PR25018,3246097,FORVEX VENTURES,5,EMEA EUROPE,ATLAS,SUPPORT,Z5H2TP9ON02AM2U,11.08
Elizabeth,Franklin,CO23343,8383535,FORVEX TECH,5,EMEA AMERICA,NEXUS,MAINTENANCE,WOVA7SZNZXLVLLX,9.38
Elizabeth,Franklin,CO23343,8383535,FORVEX TECH,5,APAC,NEXUS,MAINTENANCE,NO_TS_APAC,90.63
Melissa,Flores,CC59615,1503463,ALCOR SYSTEMS,5,EMEA OCEANIA,NEXUS,SUPPORT,HIM6L2QDKYN48O4,13.64
Melissa,Flores,CC59615,1503463,ALCOR SYSTEMS,5,APAC,NEXUS,SUPPORT,NO_TS_APAC,86.36
Gregory,Armstrong,RQ79171,3981727,FORVEX SYSTEMS,5,MEA OCEANIA,ORBIT,REGIE,64HSWBX7D76UK6Y,11.79
Gregory,Armstrong,RQ79171,3981727,FORVEX SYSTEMS,5,MEA,ORBIT,REGIE,NO_TS_MEA,88.21
Michael,Lee,BL57043,6001304,DELVO GROUP,5,CONT AMERICA,STELLAR,RPS,DKYD9AYDV3VNDIY,11.08
Michael,Lee,BL57043,6001304,DELVO GROUP,5,NA,STELLAR,RPS,NO_TS_NA,88.92
Suzanne,Vargas,OL12176,6747216,FORVEX CONSULTING,5,NA AFRICA,ORBIT,REGIE,4M2RR32516T1FV5,13.64
Suzanne,Vargas,OL12176,6747216,FORVEX CONSULTING,5,LATAM,ORBIT,REGIE,NO_TS_LATAM,86.36
Alex,Mcmillan,FS55955,9855429,LUMEX SYSTEMS,5,LATAM EUROPE,VERTEX,FORFAIT,4DV9IU97CKYVK39,9.09
Dustin,Bradley,NL41045,1759081,GOLZEN DYNAMICS,5,APAC MENA,STELLAR,FORFAIT,J90A411K2AHQN9R,15.91
Ryan,Schroeder,OF93921,8608071,ETHOS DIGITAL,5,APAC AMERICA,QUANTUM,FORFAIT,96B0MOBK70BSWXR,13.64
Ryan,Schroeder,OF93921,8608071,ETHOS DIGITAL,5,NA,QUANTUM,FORFAIT,NO_TS_NA,86.36
Michael,Harris,KW54740,8395211,ETHOS GLOBAL,5,MEA OCEANIA,QUANTUM,REGIE,7F1DKIXGISARQWQ,11.36
Michael,Harris,KW54740,8395211,ETHOS GLOBAL,5,CONT,QUANTUM,REGIE,NO_TS_CONT,88.64
Melissa,Hernandez,XW13790,3558954,LUMEX GLOBAL,5,MEA AMERICA,ATLAS,SUPPORT,WXNJVARXG1DRRSE,11.36
Melissa,Hernandez,XW13790,3558954,LUMEX GLOBAL,5,CONT,ATLAS,SUPPORT,NO_TS_CONT,88.64
Valerie,Miles,ZM04692,9578519,JALVIK DIGITAL,5,EMEA AFRICA,PULSE,MAINTENANCE,ALNV4RGDDO6JIM3,12.5
Valerie,Miles,ZM04692,9578519,JALVIK DIGITAL,5,NA,PULSE,MAINTENANCE,NO_TS_NA,87.5
Matthew,Davis,XD06365,1177946,CENVEO CONSULTING,5,EMEA OCEANIA,NEXUS,MAINTENANCE,0L0E7DRWRXVFAPL,12.5
Matthew,Davis,XD06365,1177946,CENVEO CONSULTING,5,MEA,NEXUS,MAINTENANCE,NO_TS_MEA,87.5
Sandra,Mendoza,CM74134,4940768,DELVO DYNAMICS,5,LATAM ASIA,STELLAR,RPS,Y91JOCIIAXRGJY5,12.78
Sandra,Mendoza,CM74134,4940768,DELVO DYNAMICS,5,EMEA,STELLAR,RPS,NO_TS_EMEA,87.22
Cory,Carey,KI40166,4252885,DELVO CONSULTING,5,CONT OCEANIA,ORBIT,REGIE,P5MNC89JMACMLXE,10.23
Lori,Underwood,VZ48935,8098928,FORVEX GROUP,5,LATAM AFRICA,VERTEX,SUPPORT,Q47Y0XZ1XPMY1EV,6.25
Lori,Underwood,VZ48935,8098928,FORVEX GROUP,5,LATAM,VERTEX,SUPPORT,NO_TS_LATAM,93.75
Brittany,Butler,NG57959,1425126,FORVEX GROUP,5,CONT ASIA,STELLAR,REGIE,KWK6Q4QM122B8EJ,9.94
Brittany,Butler,NG57959,1425126,FORVEX GROUP,5,NA,STELLAR,REGIE,NO_TS_NA,90.06
Kyle,Clayton,AV76869,1370509,GOLZEN DIGITAL,5,NA MENA,QUANTUM,SUPPORT,WGWSC2UDUWP2276,12.5
Kyle,Clayton,AV76869,1370509,GOLZEN DIGITAL,5,MEA,QUANTUM,SUPPORT,NO_TS_MEA,87.5
Juan,Ortega,KD04192,9917515,ETHOS SYSTEMS,5,APAC AFRICA,PHOENIX,FORFAIT,Q2EDUKZZM0NHGAH,13.07
Juan,Ortega,KD04192,9917515,ETHOS SYSTEMS,5,EMEA,PHOENIX,FORFAIT,NO_TS_EMEA,86.93
Randy,Stewart,IP59442,1064534,DELVO DYNAMICS,5,LATAM OCEANIA,STELLAR,SUPPORT,E99AEIYFBOS5LOX,15.91
Randy,Stewart,IP59442,1064534,DELVO DYNAMICS,5,APAC,STELLAR,SUPPORT,NO_TS_APAC,84.09
April,Murphy,PV43942,9374654,GOLZEN SYSTEMS,5,APAC AMERICA,NEXUS,SUPPORT,FHOB3CKQ3EYJI1A,7.1
April,Murphy,PV43942,9374654,GOLZEN SYSTEMS,5,EMEA,NEXUS,SUPPORT,NO_TS_EMEA,92.9
Wendy,Williams,PL32560,7777438,DELVO CONSULTING,5,APAC AFRICA,ORBIT,FORFAIT,2OFBVJ6B9M8EBXA,10.23
Wendy,Williams,PL32560,7777438,DELVO CONSULTING,5,CONT,ORBIT,FORFAIT,NO_TS_CONT,89.77
Raven,Woodward,BI28564,1037346,JALVIK CONSULTING,5,EMEA AMERICA,ORBIT,RPS,A4DOZBYM139XBTB,13.64
Raven,Woodward,BI28564,1037346,JALVIK CONSULTING,5,LATAM,ORBIT,RPS,NO_TS_LATAM,86.36
Susan,Herrera,OQ11570,5434274,HYRION SOLUTIONS,5,EMEA EUROPE,ATLAS,REGIE,IDU67NGG2B5UZ9W,9.23
Adam,Smith,YD67286,8266718,BRYTON CONSULTING,5,NA MENA,VERTEX,RPS,XSB3WALA5RHQ80I,11.36
Adam,Smith,YD67286,8266718,BRYTON CONSULTING,5,MEA,VERTEX,RPS,NO_TS_MEA,88.64
Bradley,Martin,YQ66643,3459988,FORVEX SYSTEMS,5,EMEA ASIA,NEXUS,MAINTENANCE,AVXQEXJWUBHCUU1,13.64
Bradley,Martin,YQ66643,3459988,FORVEX SYSTEMS,5,CONT,NEXUS,MAINTENANCE,NO_TS_CONT,86.36
Gabriel,Rodriguez,RE48732,8985349,JALVIK GROUP,5,CONT ASIA,ORBIT,MAINTENANCE,J2TTEL9FT2WMP1E,13.78
Gabriel,Rodriguez,RE48732,8985349,JALVIK GROUP,5,APAC,ORBIT,MAINTENANCE,NO_TS_APAC,86.22
Michelle,Smith,DD92317,8122774,ETHOS TECH,5,EMEA OCEANIA,PHOENIX,FORFAIT,4V6LW2FFXK919CG,14.77
Michelle,Smith,DD92317,8122774,ETHOS TECH,5,CONT,PHOENIX,FORFAIT,NO_TS_CONT,85.23
Frederick,Walsh,ZK91576,6644664,INOVA GROUP,5,EMEA AFRICA,ATLAS,MAINTENANCE,1Q3SKSRZGITHXGM,13.64
Frederick,Walsh,ZK91576,6644664,INOVA GROUP,5,NA,ATLAS,MAINTENANCE,NO_TS_NA,86.36
Justin,Casey,VV13230,6822774,JALVIK GLOBAL,5,LATAM AMERICA,PULSE,REGIE,1WV33CETS01L7OT,11.65
Justin,Casey,VV13230,6822774,JALVIK GLOBAL,5,APAC,PULSE,REGIE,NO_TS_APAC,88.35
Michael,Wheeler,PH15000,7262271,FORVEX DYNAMICS,5,APAC ASIA,NEXUS,REGIE,0CECOC2D6Q4HU91,7.81
Michael,Wheeler,PH15000,7262271,FORVEX DYNAMICS,5,EMEA,NEXUS,REGIE,NO_TS_EMEA,92.19
Anthony,Duncan,MH23952,7251709,BRYTON GLOBAL,5,LATAM AMERICA,NEXUS,FORFAIT,MVFAUAEAW5UOJ63,12.5
Jeffrey,Nguyen,EY60515,8960486,DELVO SYSTEMS,5,CONT OCEANIA,PULSE,SUPPORT,LN0F54UMBKPMTHJ,12.92
Maria,Martinez,BZ31767,5480025,FORVEX VENTURES,5,EMEA OCEANIA,PHOENIX,SUPPORT,HVQL6IQ5RBA1HI7,11.65
Maria,Martinez,BZ31767,5480025,FORVEX VENTURES,5,CONT,PHOENIX,SUPPORT,NO_TS_CONT,88.35
Cynthia,Adams,IY44871,1119507,CENVEO VENTURES,5,LATAM ASIA,NEXUS,REGIE,53JDDHRCRLLNTTU,16.48
Cynthia,Adams,IY44871,1119507,CENVEO VENTURES,5,MEA,NEXUS,REGIE,NO_TS_MEA,83.52
Robert,Martin,EH61809,6738466,FORVEX TECH,5,EMEA AMERICA,NOVA,REGIE,89CP252EKSAB4BK,14.2
Robert,Martin,EH61809,6738466,FORVEX TECH,5,MEA,NOVA,REGIE,NO_TS_MEA,85.8
Erica,Romero,CY76499,3549860,JALVIK DIGITAL,5,MEA EUROPE,QUANTUM,SUPPORT,ROP30JBE93SRU08,9.66
Erica,Romero,CY76499,3549860,JALVIK DIGITAL,5,CONT,QUANTUM,SUPPORT,NO_TS_CONT,90.34
Cody,Potter,TM43826,7204855,ALCOR SOLUTIONS,5,EMEA EUROPE,NEXUS,REGIE,T774N3K1KNJUZBA,13.64
Cody,Potter,TM43826,7204855,ALCOR SOLUTIONS,5,CONT,NEXUS,REGIE,NO_TS_CONT,86.36
Carly,Mason,ZV77271,3775826,HYRION VENTURES,5,MEA MENA,NOVA,MAINTENANCE,NJM0PQI4KZH33V7,11.65
Carly,Mason,ZV77271,3775826,HYRION VENTURES,5,NA,NOVA,MAINTENANCE,NO_TS_NA,88.35
Kristine,Lambert,YO13404,2850848,INOVA GLOBAL,5,MEA OCEANIA,ORBIT,RPS,XKYM1IG2G0KTAMO,13.64
Kristine,Lambert,YO13404,2850848,INOVA GLOBAL,5,CONT,ORBIT,RPS,NO_TS_CONT,86.36
Donald,Valentine,WF96549,2424055,ALCOR CONSULTING,5,LATAM AFRICA,PHOENIX,REGIE,8BYIQTMEFXYJKXB,10.8
Donald,Valentine,WF96549,2424055,ALCOR CONSULTING,5,NA,PHOENIX,REGIE,NO_TS_NA,89.2
Susan,Bailey,WJ17098,1361943,CENVEO VENTURES,5,APAC ASIA,ORBIT,MAINTENANCE,D16TAPU8O8ZSHSD,7.81
Susan,Bailey,WJ17098,1361943,CENVEO VENTURES,5,LATAM,ORBIT,MAINTENANCE,NO_TS_LATAM,92.19
Tara,Wagner,PG99369,5441847,LUMEX DYNAMICS,5,CONT AFRICA,NOVA,FORFAIT,2L3YBHQADGJV020,14.77
Jacqueline,West,WZ42360,9567471,GOLZEN GROUP,5,APAC OCEANIA,QUANTUM,MAINTENANCE,Y5UED5ILLRXX5QK,11.36
Jacqueline,West,WZ42360,9567471,GOLZEN GROUP,5,EMEA,QUANTUM,MAINTENANCE,NO_TS_EMEA,88.64
Bradley,Lee,WS46998,3778503,CENVEO TECH,5,NA MENA,NEXUS,FORFAIT,RUNVE2S33UG955N,11.22
Bradley,Lee,WS46998,3778503,CENVEO TECH,5,APAC,NEXUS,FORFAIT,NO_TS_APAC,88.78
Joseph,Gomez,SJ91876,2827836,ETHOS SYSTEMS,5,APAC AFRICA,ORBIT,REGIE,YJXL1XH1YTMLHQU,7.67
Joseph,Gomez,SJ91876,2827836,ETHOS SYSTEMS,5,CONT,ORBIT,REGIE,NO_TS_CONT,92.33
Jesse,Young,NG94968,3427157,LUMEX GLOBAL,5,NA ASIA,VERTEX,MAINTENANCE,X0KYM1GP31VV5C9,11.25
Jesse,Young,NG94968,3427157,LUMEX GLOBAL,5,CONT,VERTEX,MAINTENANCE,NO_TS_CONT,88.75
Samuel,Schroeder,TU53102,2081408,HYRION DYNAMICS,5,LATAM AMERICA,NOVA,FORFAIT,38QIEVNBP6NLBK1,8.52
Samuel,Schroeder,TU53102,2081408,HYRION DYNAMICS,5,APAC,NOVA,FORFAIT,NO_TS_APAC,91.48
Chelsey,Sanders,TP74513,6203078,GOLZEN GLOBAL,5,EMEA AFRICA,NOVA,FORFAIT,F1NJYPUH3LCAZSB,10.23
Chelsey,Sanders,TP74513,6203078,GOLZEN GLOBAL,5,LATAM,NOVA,FORFAIT,NO_TS_LATAM,89.77
Valerie,Shelton,BH57700,3963394,JALVIK DIGITAL,5,CONT MENA,NOVA,RPS,GKW3WWG07IK8VYQ,13.35
Valerie,Shelton,BH57700,3963394,JALVIK DIGITAL,5,APAC,NOVA,RPS,NO_TS_APAC,86.65
Rachel,Evans,WO79631,4843478,JALVIK DIGITAL,5,EMEA ASIA,PHOENIX,RPS,OJ4BUPIAYE1NU9D,11.65
Kathleen,Spencer,DO86427,2821483,BRYTON SYSTEMS,5,CONT AFRICA,NOVA,MAINTENANCE,SF44IC4QGSFD1AN,11.79
Kathleen,Spencer,DO86427,2821483,BRYTON SYSTEMS,5,LATAM,NOVA,MAINTENANCE,NO_TS_LATAM,88.21
Kenneth,Cook,YT92558,1038936,LUMEX CONSULTING,5,LATAM AFRICA,QUANTUM,SUPPORT,MBQQRIBDXCH8XNS,7.39
Kenneth,Cook,YT92558,1038936,LUMEX CONSULTING,5,CONT,QUANTUM,SUPPORT,NO_TS_CONT,92.61
Dawn,George,UY79036,1014114,LUMEX SOLUTIONS,5,MEA MENA,PHOENIX,RPS,RC9SIJLZSCYOF95,13.35
Jeanette,Lopez,VB43448,2976073,KESTRA GLOBAL,5,MEA ASIA,VERTEX,REGIE,C4HUUO40YUVT6PN,8.52
Jeanette,Lopez,VB43448,2976073,KESTRA GLOBAL,5,LATAM,VERTEX,REGIE,NO_TS_LATAM,91.48
Evan,Gomez,GB59417,9988771,KESTRA CONSULTING,5,LATAM OCEANIA,VERTEX,SUPPORT,GC2H3RP3S047I42,11.36
Evan,Gomez,GB59417,9988771,KESTRA CONSULTING,5,EMEA,VERTEX,SUPPORT,NO_TS_EMEA,88.64
April,Caldwell,QK72093,5442405,GOLZEN CONSULTING,5,EMEA OCEANIA,QUANTUM,FORFAIT,0CXW49VG4I6KVFW,11.65
April,Caldwell,QK72093,5442405,GOLZEN CONSULTING,5,APAC,QUANTUM,FORFAIT,NO_TS_APAC,88.35
Eric,Wade,OD73153,2696152,ALCOR TECH,5,MEA AMERICA,PHOENIX,MAINTENANCE,A0EWSLDULUJ8GDT,12.5
Eric,Wade,OD73153,2696152,ALCOR TECH,5,EMEA,PHOENIX,MAINTENANCE,NO_TS_EMEA,87.5
Russell,Watkins,XD25458,8445320,CENVEO GROUP,5,APAC AFRICA,PHOENIX,REGIE,SCGS84HHR0JRN7G,9.66
Russell,Watkins,XD25458,8445320,CENVEO GROUP,5,MEA,PHOENIX,REGIE,NO_TS_MEA,90.34
Jennifer,Burton,DR55325,4142691,FORVEX GROUP,5,LATAM AFRICA,NOVA,REGIE,B48JSWDR5UN63ET,13.64
Jennifer,Burton,DR55325,4142691,FORVEX GROUP,5,MEA,NOVA,REGIE,NO_TS_MEA,86.36
George,Thomas,AO66882,5724076,DELVO SYSTEMS,5,CONT EUROPE,STELLAR,MAINTENANCE,OYN7NMVZV59DR6D,9.94
George,Thomas,AO66882,5724076,DELVO SYSTEMS,5,MEA,STELLAR,MAINTENANCE,NO_TS_MEA,90.06
Andrew,French,OH27488,2434542,KESTRA DIGITAL,5,NA AFRICA,STELLAR,MAINTENANCE,SA38Y89NA6SGL0B,11.93
Susan,Guzman,WB33619,5707918,HYRION SYSTEMS,5,EMEA EUROPE,VERTEX,FORFAIT,DC88X9UCWCNF4YN,9.23
Andrew,Hunt,GP22103,9571914,GOLZEN VENTURES,5,NA EUROPE,VERTEX,MAINTENANCE,TMRF8AYBGDSCRH2,11.08
Andrew,Hunt,GP22103,9571914,GOLZEN VENTURES,5,MEA,VERTEX,MAINTENANCE,NO_TS_MEA,88.92
Wesley,Lopez,SG64299,7196784,CENVEO GLOBAL,5,LATAM OCEANIA,PHOENIX,FORFAIT,WPE3DSNMRNNNAD5,12.07
Wesley,Lopez,SG64299,7196784,CENVEO GLOBAL,5,APAC,PHOENIX,FORFAIT,NO_TS_APAC,87.93
Jeffrey,Owens,NU01557,8003375,CENVEO CONSULTING,5,MEA AMERICA,NOVA,REGIE,JOHPQ3B2SXE00J1,14.35
Jeffrey,Owens,NU01557,8003375,CENVEO CONSULTING,5,APAC,NOVA,REGIE,NO_TS_APAC,85.65
Joseph,Carter,CI72224,2059926,LUMEX DYNAMICS,5,APAC MENA,ATLAS,RPS,VADRGJ8HGM4EGJ8,15.91
Joseph,Carter,CI72224,2059926,LUMEX DYNAMICS,5,APAC,ATLAS,RPS,NO_TS_APAC,84.09
Johnny,Wade,AK00008,3580638,ETHOS VENTURES,5,APAC AMERICA,VERTEX,FORFAIT,6KAUGW6EEL64Q9Y,11.93
Johnny,Wade,AK00008,3580638,ETHOS VENTURES,5,LATAM,VERTEX,FORFAIT,NO_TS_LATAM,88.07
Christopher,Bond,TY40835,9520916,HYRION SOLUTIONS,5,LATAM AFRICA,PULSE,RPS,LTKYB3U1ZUA6HVS,12.5
Christopher,Bond,TY40835,9520916,HYRION SOLUTIONS,5,LATAM,PULSE,RPS,NO_TS_LATAM,87.5
Angela,Burch,YG07250,7691811,HYRION GROUP,5,MEA OCEANIA,STELLAR,REGIE,IEH3U8P84R443EV,5.54
Angela,Burch,YG07250,7691811,HYRION GROUP,5,APAC,STELLAR,REGIE,NO_TS_APAC,94.46
David,Gonzalez,JI03665,1377889,GOLZEN GLOBAL,5,CONT AFRICA,STELLAR,REGIE,UZ7HCQHFT0JWKBG,9.94
David,Gonzalez,JI03665,1377889,GOLZEN GLOBAL,5,CONT,STELLAR,REGIE,NO_TS_CONT,90.06
Jerome,Stark,NS33293,4290948,JALVIK DIGITAL,5,CONT AMERICA,PULSE,MAINTENANCE,Y72RA233DRGSW0X,8.1
Cheryl,Gray,IZ02385,3729144,FORVEX CONSULTING,5,LATAM AFRICA,NEXUS,SUPPORT,3Z0VNBPDZZZ9PRC,11.93
Johnny,Brown,JX61695,5653746,JALVIK TECH,5,LATAM AMERICA,PHOENIX,FORFAIT,1P28J8ENDYCF0IM,11.22
Johnny,Brown,JX61695,5653746,JALVIK TECH,5,APAC,PHOENIX,FORFAIT,NO_TS_APAC,88.78
Michael,Green,RQ13340,7952639,JALVIK SOLUTIONS,5,CONT OCEANIA,NOVA,FORFAIT,XQ5A61MRHKZUCP7,11.36
Mary,Lee,YR68583,5671060,ETHOS SOLUTIONS,5,CONT MENA,PULSE,FORFAIT,D5PTPEB9DPUK5IH,8.95
Carolyn,Simmons,UP61218,8686465,FORVEX SOLUTIONS,5,EMEA ASIA,PULSE,RPS,QCFJOPVLTWDS9DM,7.95
Carolyn,Simmons,UP61218,8686465,FORVEX SOLUTIONS,5,MEA,PULSE,RPS,NO_TS_MEA,92.05
Jonathan,Newman,RP43879,5697468,DELVO TECH,5,NA AFRICA,NOVA,RPS,VJLWM23XFG515AB,14.77
Jonathan,Newman,RP43879,5697468,DELVO TECH,5,NA,NOVA,RPS,NO_TS_NA,85.23
Shelly,Fuentes,RY75966,9285072,HYRION DIGITAL,5,APAC ASIA,PHOENIX,MAINTENANCE,CW184N8ID8PO7ZK,9.94
Shelly,Fuentes,RY75966,9285072,HYRION DIGITAL,5,EMEA,PHOENIX,MAINTENANCE,NO_TS_EMEA,90.06
Erica,Green,OD98475,4396239,INOVA GLOBAL,5,CONT AFRICA,ORBIT,FORFAIT,FJZX9L6671XAE07,11.36
David,Kennedy,TQ44476,9511573,KESTRA CONSULTING,5,CONT AFRICA,STELLAR,MAINTENANCE,NXGHSSILWARDK8D,8.66
David,Kennedy,TQ44476,9511573,KESTRA CONSULTING,5,CONT,STELLAR,MAINTENANCE,NO_TS_CONT,91.34
Christian,Smith,EW12590,4418971,INOVA SOLUTIONS,5,MEA AMERICA,NOVA,RPS,U78KW5GBQWHGT4T,9.94
Christian,Smith,EW12590,4418971,INOVA SOLUTIONS,5,MEA,NOVA,RPS,NO_TS_MEA,90.06
Sarah,Adams,ND82900,3641751,ALCOR CONSULTING,5,LATAM EUROPE,QUANTUM,MAINTENANCE,DPS41TEZM0X697E,9.52
Sarah,Adams,ND82900,3641751,ALCOR CONSULTING,5,CONT,QUANTUM,MAINTENANCE,NO_TS_CONT,90.48
Nicole,Moon,XI60166,8626180,BRYTON TECH,5,LATAM AFRICA,ORBIT,RPS,65BJ1837ZBQBKEU,11.51
Nicole,Moon,XI60166,8626180,BRYTON TECH,5,MEA,ORBIT,RPS,NO_TS_MEA,88.49
Brittney,Brown,GX96785,5813690,CENVEO GLOBAL,5,CONT EUROPE,STELLAR,FORFAIT,CR2PTJG395L6JNE,14.77
Brittney,Brown,GX96785,5813690,CENVEO GLOBAL,5,EMEA,STELLAR,FORFAIT,NO_TS_EMEA,85.23
Joshua,Olson,PG98072,1138231,BRYTON CONSULTING,5,NA AMERICA,ATLAS,MAINTENANCE,OTT1CE4XTUNCFA2,8.52
Joshua,Olson,PG98072,1138231,BRYTON CONSULTING,5,NA,ATLAS,MAINTENANCE,NO_TS_NA,91.48
Emily,Caldwell,GO19214,1185887,HYRION SOLUTIONS,5,CONT OCEANIA,STELLAR,REGIE,NGQA3SN3EAI0I7L,13.64
Emily,Caldwell,GO19214,1185887,HYRION SOLUTIONS,5,MEA,STELLAR,REGIE,NO_TS_MEA,86.36
Paul,Patterson,IX58047,5578272,DELVO TECH,5,NA AFRICA,ATLAS,MAINTENANCE,KODQLSDPC2VXEF1,9.52
Paul,Patterson,IX58047,5578272,DELVO TECH,5,LATAM,ATLAS,MAINTENANCE,NO_TS_LATAM,90.48
Kayla,Barber,WW85899,2067449,KESTRA DYNAMICS,5,LATAM ASIA,VERTEX,REGIE,OKD8E44SESR5PIT,15.91
Kayla,Barber,WW85899,2067449,KESTRA DYNAMICS,5,NA,VERTEX,REGIE,NO_TS_NA,84.09
Charles,Porter,FX38454,7333777,ETHOS DIGITAL,5,MEA ASIA,ORBIT,REGIE,NZ4D8LZVEHRM5LF,13.64
Charles,Porter,FX38454,7333777,ETHOS DIGITAL,5,MEA,ORBIT,REGIE,NO_TS_MEA,86.36
James,Jones,LG90112,3161604,DELVO GLOBAL,5,NA AMERICA,ORBIT,MAINTENANCE,5VW7FR9HKD60499,9.94
Ariana,Jordan,XG86477,6754918,GOLZEN VENTURES,5,LATAM ASIA,PULSE,FORFAIT,AW8YXHSL4FC7D0X,7.67
Ariana,Jordan,XG86477,6754918,GOLZEN VENTURES,5,CONT,PULSE,FORFAIT,NO_TS_CONT,92.33
Sean,Smith,HY01744,6210986,JALVIK TECH,5,NA AFRICA,ATLAS,MAINTENANCE,JIWF5DUMFLYFEG9,11.36
Sean,Smith,HY01744,6210986,JALVIK TECH,5,NA,ATLAS,MAINTENANCE,NO_TS_NA,88.64
Jennifer,Collins,KU00681,7587460,LUMEX GLOBAL,5,MEA MENA,NOVA,RPS,2UZJZPD73O6WA52,15.91
Jennifer,Collins,KU00681,7587460,LUMEX GLOBAL,5,APAC,NOVA,RPS,NO_TS_APAC,84.09
Danielle,Hernandez,UF26245,5406771,ETHOS SYSTEMS,5,NA ASIA,PHOENIX,RPS,D67R1STS2XJXZ1B,13.64
Danielle,Hernandez,UF26245,5406771,ETHOS SYSTEMS,5,NA,PHOENIX,RPS,NO_TS_NA,86.36
Mary,Patterson,JR65560,6520742,CENVEO DYNAMICS,5,CONT OCEANIA,PULSE,MAINTENANCE,5VUKSUHRJHL1KKB,13.35
Mary,Patterson,JR65560,6520742,CENVEO DYNAMICS,5,LATAM,PULSE,MAINTENANCE,NO_TS_LATAM,86.65
Elizabeth,Griffith,DN59583,1941823,INOVA CONSULTING,5,APAC OCEANIA,PHOENIX,REGIE,GU8J2NYVYNYOF9G,11.93
Elizabeth,Griffith,DN59583,1941823,INOVA CONSULTING,5,EMEA,PHOENIX,REGIE,NO_TS_EMEA,88.07
Julia,Thomas,KR42459,2399161,ALCOR CONSULTING,5,EMEA AFRICA,NEXUS,RPS,DA5Z06690WDR21Z,9.94
Patrick,Ward,TX77103,5699244,DELVO CONSULTING,5,LATAM ASIA,ORBIT,MAINTENANCE,HY9CQ4SC4MFKTQX,11.93
Jeffrey,Sutton,IJ84330,1203953,KESTRA SOLUTIONS,5,NA MENA,NEXUS,REGIE,N5L52A3HUO5E4ZV,9.23
Jeffrey,Sutton,IJ84330,1203953,KESTRA SOLUTIONS,5,APAC,NEXUS,REGIE,NO_TS_APAC,90.77
Joseph,Owens,RL87282,3437520,GOLZEN SOLUTIONS,5,MEA AFRICA,NOVA,FORFAIT,SE962D7XSX84LI9,11.36
Tiffany,Thomas,LL84617,6382455,BRYTON CONSULTING,5,LATAM ASIA,QUANTUM,REGIE,MB8EE473VFA1HGS,12.36
Tiffany,Thomas,LL84617,6382455,BRYTON CONSULTING,5,LATAM,QUANTUM,REGIE,NO_TS_LATAM,87.64
Brian,Duran,HL95797,4629426,CENVEO GLOBAL,5,LATAM MENA,QUANTUM,RPS,LBR1P3EP7W16SEV,11.36
Jessica,Hernandez,LY23929,1838231,LUMEX CONSULTING,5,APAC EUROPE,STELLAR,MAINTENANCE,LAL7OIVA79Q2SB2,9.66
Claudia,Meyer,AY81400,6448394,DELVO SYSTEMS,5,EMEA AMERICA,NOVA,MAINTENANCE,93ZFWN3ODCXP54T,10.23
Claudia,Meyer,AY81400,6448394,DELVO SYSTEMS,5,MEA,NOVA,MAINTENANCE,NO_TS_MEA,89.77
Gina,Browning,KU48609,7065791,GOLZEN GLOBAL,5,CONT AFRICA,NOVA,SUPPORT,HWF0VM4CY4B7WRX,7.95
Gina,Browning,KU48609,7065791,GOLZEN GLOBAL,5,APAC,NOVA,SUPPORT,NO_TS_APAC,92.05
Mary,Flores,QO39629,1652176,KESTRA GROUP,5,EMEA ASIA,VERTEX,FORFAIT,EE41TW4Q7PIO2MU,10.23
Mary,Flores,QO39629,1652176,KESTRA GROUP,5,CONT,VERTEX,FORFAIT,NO_TS_CONT,89.77
Heather,Pham,VL12985,2691486,BRYTON TECH,5,NA MENA,PULSE,MAINTENANCE,FN3DJF8QJQZSC78,9.66
Michelle,Carson,MN34683,5718550,BRYTON SYSTEMS,5,CONT AMERICA,PHOENIX,MAINTENANCE,21KKC8RU9AHWVGN,7.1
Michelle,Carson,MN34683,5718550,BRYTON SYSTEMS,5,APAC,PHOENIX,MAINTENANCE,NO_TS_APAC,92.9
Ruben,Griffith,OJ93210,5674822,DELVO VENTURES,5,NA ASIA,QUANTUM,FORFAIT,1YC7JLIHJQZK5JG,10.51
Ruben,Griffith,OJ93210,5674822,DELVO VENTURES,5,CONT,QUANTUM,FORFAIT,NO_TS_CONT,89.49
Cesar,Taylor,EP96802,2776917,ALCOR GLOBAL,5,APAC EUROPE,STELLAR,FORFAIT,YEC5Z2UMZ1I4K9S,9.38
Doris,Stewart,QV61744,5359029,BRYTON SYSTEMS,5,LATAM ASIA,NEXUS,FORFAIT,UKZJPVCMIZQSUG1,6.25
Doris,Stewart,QV61744,5359029,BRYTON SYSTEMS,5,LATAM,NEXUS,FORFAIT,NO_TS_LATAM,93.75
William,Watson,KG09082,4991686,LUMEX SYSTEMS,5,NA AFRICA,PHOENIX,FORFAIT,VEFFAE90SSJEPQS,13.64
William,Watson,KG09082,4991686,LUMEX SYSTEMS,5,NA,PHOENIX,FORFAIT,NO_TS_NA,86.36
Rachel,Butler,WS20075,1966676,HYRION GROUP,5,APAC MENA,QUANTUM,REGIE,634BIDSRVPXCEQP,10.23
Rachel,Butler,WS20075,1966676,HYRION GROUP,5,EMEA,QUANTUM,REGIE,NO_TS_EMEA,89.77
Angelica,Robinson,ON43706,4668043,DELVO SOLUTIONS,5,LATAM AMERICA,PHOENIX,MAINTENANCE,3Y0BNHRSMK8SYNA,11.36
Angelica,Robinson,ON43706,4668043,DELVO SOLUTIONS,5,LATAM,PHOENIX,MAINTENANCE,NO_TS_LATAM,88.64
Elizabeth,Davis,AQ94193,5676472,ALCOR GROUP,5,CONT AFRICA,QUANTUM,REGIE,P6EDI53LS66GGB0,12.22
Taylor,Barber,VM80125,8680402,ALCOR GLOBAL,5,LATAM OCEANIA,PHOENIX,MAINTENANCE,P5DSRBGICUW79WH,14.2
Taylor,Barber,VM80125,8680402,ALCOR GLOBAL,5,APAC,PHOENIX,MAINTENANCE,NO_TS_APAC,85.8
Brian,May,YB15783,7264281,FORVEX TECH,5,LATAM ASIA,ATLAS,MAINTENANCE,MRGWQ5HH9D4J8HU,7.67
Brian,May,YB15783,7264281,FORVEX TECH,5,EMEA,ATLAS,MAINTENANCE,NO_TS_EMEA,92.33
Sharon,Trevino,JT46557,3228813,GOLZEN VENTURES,5,APAC MENA,QUANTUM,MAINTENANCE,E5RN2YFYZBKYR31,8.24
James,Perez,LG85665,9264518,FORVEX DIGITAL,5,CONT AFRICA,NOVA,SUPPORT,98FWR3TTEYWO2KS,13.64
James,Perez,LG85665,9264518,FORVEX DIGITAL,5,EMEA,NOVA,SUPPORT,NO_TS_EMEA,86.36
Brandon,Love,EE24972,9903530,ALCOR CONSULTING,5,CONT MENA,PULSE,FORFAIT,EH8D1Z4J5TV3GJ6,13.64
Brandon,Love,EE24972,9903530,ALCOR CONSULTING,5,LATAM,PULSE,FORFAIT,NO_TS_LATAM,86.36
Amanda,Flores,UZ97729,4040735,FORVEX DYNAMICS,5,MEA OCEANIA,QUANTUM,REGIE,HMN0VR7JRBG6NIQ,13.64
Amanda,Flores,UZ97729,4040735,FORVEX DYNAMICS,5,EMEA,QUANTUM,REGIE,NO_TS_EMEA,86.36
Colleen,Thomas,UP61027,5397621,LUMEX SOLUTIONS,5,NA AFRICA,VERTEX,SUPPORT,MVKROYQCVBOFXH3,9.52
Colleen,Thomas,UP61027,5397621,LUMEX SOLUTIONS,5,EMEA,VERTEX,SUPPORT,NO_TS_EMEA,90.48
Brittney,Bush,SD17744,7476914,BRYTON DIGITAL,5,EMEA OCEANIA,VERTEX,SUPPORT,138JO2U1TGPV4HM,11.22
Brittney,Bush,SD17744,7476914,BRYTON DIGITAL,5,APAC,VERTEX,SUPPORT,NO_TS_APAC,88.78
Barry,Campbell,ZH69193,9961832,BRYTON TECH,5,LATAM AMERICA,NEXUS,REGIE,M0IRRZUFBFSI41Y,9.94
Barry,Campbell,ZH69193,9961832,BRYTON TECH,5,APAC,NEXUS,REGIE,NO_TS_APAC,90.06
Richard,Clark,OM70259,5298387,LUMEX DYNAMICS,5,NA AMERICA,VERTEX,SUPPORT,74GVB5BTVKRVJUE,10.51
Richard,Clark,OM70259,5298387,LUMEX DYNAMICS,5,LATAM,VERTEX,SUPPORT,NO_TS_LATAM,89.49
Barbara,Anderson,EW70946,4884637,ETHOS DYNAMICS,5,APAC OCEANIA,NEXUS,REGIE,523SZEJA6NWH2GH,11.93
Dustin,Hogan,ER73238,4125205,ALCOR SYSTEMS,5,CONT AMERICA,NOVA,REGIE,XCQW7YKHRH32YIW,7.1
Dustin,Hogan,ER73238,4125205,ALCOR SYSTEMS,5,NA,NOVA,REGIE,NO_TS_NA,92.9
Bryan,Costa,IA77947,8335271,GOLZEN TECH,5,APAC MENA,PULSE,RPS,4YX12VIK6LT6OWZ,11.93
Bryan,Costa,IA77947,8335271,GOLZEN TECH,5,CONT,PULSE,RPS,NO_TS_CONT,88.07
Paige,Hester,CB38307,3337725,DELVO SOLUTIONS,5,EMEA EUROPE,PULSE,FORFAIT,QBKW4GAV7F5YQSI,13.64
Andrew,Davis,HB46398,8366336,BRYTON GLOBAL,5,NA ASIA,PHOENIX,SUPPORT,JHPVQ772WNSD2IY,10.94
Susan,Simon,AA29928,4802644,JALVIK TECH,5,NA OCEANIA,NOVA,MAINTENANCE,QK0ARH92MORB9QM,13.92
Susan,Simon,AA29928,4802644,JALVIK TECH,5,NA,NOVA,MAINTENANCE,NO_TS_NA,86.08
Jessica,Baker,JC41851,8811222,GOLZEN VENTURES,5,APAC AMERICA,ATLAS,RPS,9JTQG762MYVLKW5,11.93
Tara,Martinez,LP74169,9430866,ALCOR DYNAMICS,5,CONT ASIA,VERTEX,REGIE,S9W8HZMH3PE76RN,8.52
Tara,Martinez,LP74169,9430866,ALCOR DYNAMICS,5,NA,VERTEX,REGIE,NO_TS_NA,91.48
Amanda,Meadows,XT24909,5564520,HYRION DIGITAL,5,LATAM ASIA,VERTEX,SUPPORT,JVI4NT9872I0DJB,11.93
Amanda,Meadows,XT24909,5564520,HYRION DIGITAL,5,NA,VERTEX,SUPPORT,NO_TS_NA,88.07
Christopher,Cochran,SN13203,6979888,BRYTON DYNAMICS,5,CONT EUROPE,STELLAR,REGIE,MFU0RCDXDJQG4BI,11.22
Robin,Parker,YG33985,8550679,HYRION DIGITAL,5,APAC EUROPE,NEXUS,MAINTENANCE,5ENRIMTTV8KIVXM,11.08
Robin,Parker,YG33985,8550679,HYRION DIGITAL,5,CONT,NEXUS,MAINTENANCE,NO_TS_CONT,88.92
Robert,Rich,UV25545,8810496,ETHOS VENTURES,5,APAC AFRICA,ATLAS,RPS,BNEV71VIBD7UPX5,7.39
Robert,Rich,UV25545,8810496,ETHOS VENTURES,5,APAC,ATLAS,RPS,NO_TS_APAC,92.61
Hannah,Coleman,AF40208,8962679,LUMEX CONSULTING,5,EMEA OCEANIA,QUANTUM,REGIE,KS7RB4D254RES2E,10.23
Hannah,Coleman,AF40208,8962679,LUMEX CONSULTING,5,APAC,QUANTUM,REGIE,NO_TS_APAC,89.77
Billy,Hanson,EJ51618,3765352,JALVIK VENTURES,5,EMEA OCEANIA,ATLAS,MAINTENANCE,B2WRCG5TEW7U4N1,7.95
Billy,Hanson,EJ51618,3765352,JALVIK VENTURES,5,NA,ATLAS,MAINTENANCE,NO_TS_NA,92.05
Colin,Wong,CK77543,6494428,FORVEX SOLUTIONS,5,NA MENA,NEXUS,FORFAIT,GR2NEURHVMZN2OC,9.66
Megan,Jones,OH07026,4929598,GOLZEN DYNAMICS,5,CONT OCEANIA,VERTEX,REGIE,2YRH8GUTU9R41T0,12.5
Megan,Jones,OH07026,4929598,GOLZEN DYNAMICS,5,LATAM,VERTEX,REGIE,NO_TS_LATAM,87.5
Jacqueline,Lewis,DE99411,4917737,GOLZEN TECH,5,APAC EUROPE,ORBIT,SUPPORT,3MCKZS9BGEOBV99,9.09
Jacqueline,Marshall,GH86793,8286189,INOVA VENTURES,5,EMEA EUROPE,NEXUS,RPS,P2D3K9IWQBA7L93,10.23
Jacqueline,Marshall,GH86793,8286189,INOVA VENTURES,5,EMEA,NEXUS,RPS,NO_TS_EMEA,89.77
John,Sosa,LB14940,2363051,JALVIK SYSTEMS,5,MEA MENA,STELLAR,MAINTENANCE,SOOUVTGUUKWD6V3,9.38
Andrea,Perez,PO66070,1975626,GOLZEN SOLUTIONS,5,NA EUROPE,QUANTUM,SUPPORT,MQ7GKC6VCPD1PJI,7.67
Andrea,Perez,PO66070,1975626,GOLZEN SOLUTIONS,5,NA,QUANTUM,SUPPORT,NO_TS_NA,92.33
James,Carroll,OW81654,4647417,HYRION GLOBAL,5,MEA AFRICA,ATLAS,FORFAIT,EBV5RUSFPG8U67F,13.64
James,Carroll,OW81654,4647417,HYRION GLOBAL,5,APAC,ATLAS,FORFAIT,NO_TS_APAC,86.36
Derek,Baldwin,CV39373,4357120,HYRION GLOBAL,5,NA AMERICA,PHOENIX,RPS,3LTEVIGX346JO0J,13.64
Derek,Baldwin,CV39373,4357120,HYRION GLOBAL,5,EMEA,PHOENIX,RPS,NO_TS_EMEA,86.36
Rachel,Bates,LN54921,6884797,FORVEX CONSULTING,5,LATAM AMERICA,PULSE,MAINTENANCE,7KV67RI1BYVF36B,9.23
Rachel,Bates,LN54921,6884797,FORVEX CONSULTING,5,CONT,PULSE,MAINTENANCE,NO_TS_CONT,90.77
Michael,Nixon,RM43852,5931633,DELVO GROUP,5,NA AMERICA,STELLAR,MAINTENANCE,KX3G06RBIMV8Q8I,13.64
Michael,Nixon,RM43852,5931633,DELVO GROUP,5,LATAM,STELLAR,MAINTENANCE,NO_TS_LATAM,86.36
Terry,Robinson,JD54992,7976272,CENVEO VENTURES,5,EMEA ASIA,QUANTUM,RPS,9JX48NUVZFNODIY,10.23
Terry,Robinson,JD54992,7976272,CENVEO VENTURES,5,EMEA,QUANTUM,RPS,NO_TS_EMEA,89.77
Molly,Ferguson,MS07023,5169130,CENVEO DYNAMICS,5,CONT MENA,VERTEX,FORFAIT,2OX9L2O1VGL1MMW,13.64
Molly,Ferguson,MS07023,5169130,CENVEO DYNAMICS,5,APAC,VERTEX,FORFAIT,NO_TS_APAC,86.36
Adam,Reed,RJ40440,8905021,ETHOS SOLUTIONS,5,EMEA AFRICA,NEXUS,RPS,7L36P4JLJEK3O7I,9.38
Adam,Reed,RJ40440,8905021,ETHOS SOLUTIONS,5,NA,NEXUS,RPS,NO_TS_NA,90.63
Lisa,Stone,SQ20690,2754417,FORVEX VENTURES,5,LATAM AMERICA,QUANTUM,FORFAIT,3KJK2HRJYG4KWKH,13.35
Lisa,Stone,SQ20690,2754417,FORVEX VENTURES,5,EMEA,QUANTUM,FORFAIT,NO_TS_EMEA,86.65
Nicholas,Eaton,LF09220,7492770,ETHOS GROUP,5,APAC AMERICA,NEXUS,RPS,GV018KZCI0BSFL7,7.95
Nicholas,Eaton,LF09220,7492770,ETHOS GROUP,5,APAC,NEXUS,RPS,NO_TS_APAC,92.05
William,Jones,YG10808,7061281,INOVA CONSULTING,5,LATAM ASIA,PHOENIX,REGIE,0LTDPGM75CMY6M1,7.1
William,Jones,YG10808,7061281,INOVA CONSULTING,5,APAC,PHOENIX,REGIE,NO_TS_APAC,92.9
Kenneth,Green,WH06091,9921940,BRYTON VENTURES,5,APAC MENA,PULSE,MAINTENANCE,YQD7XS3BV9LL681,9.94
Kenneth,Green,WH06091,9921940,BRYTON VENTURES,5,MEA,PULSE,MAINTENANCE,NO_TS_MEA,90.06
Brandy,Estrada,LW29541,4313947,HYRION GROUP,5,MEA AMERICA,NEXUS,SUPPORT,6XTZ42JSTGRORGD,7.67
Chris,Ellis,US72013,4738319,JALVIK VENTURES,5,LATAM AFRICA,STELLAR,RPS,27IKN2JLOWCDUEX,11.36
Chris,Ellis,US72013,4738319,JALVIK VENTURES,5,NA,STELLAR,RPS,NO_TS_NA,88.64
Alicia,Woods,UH26486,3534377,CENVEO SYSTEMS,5,EMEA OCEANIA,NEXUS,SUPPORT,TW8V8NYAC89HIPG,13.64
Alicia,Woods,UH26486,3534377,CENVEO SYSTEMS,5,EMEA,NEXUS,SUPPORT,NO_TS_EMEA,86.36
Debbie,Clay,AQ82162,8061778,LUMEX GLOBAL,5,MEA AMERICA,ATLAS,MAINTENANCE,Z0P35G0393TOU2W,11.36
Jeffrey,Powell,OX28854,7571152,GOLZEN SOLUTIONS,5,MEA MENA,ATLAS,REGIE,5F6J8NXJN03SFAK,12.5
Jeffrey,Powell,OX28854,7571152,GOLZEN SOLUTIONS,5,MEA,ATLAS,REGIE,NO_TS_MEA,87.5
Christopher,Hutchinson,QN48666,2949975,HYRION CONSULTING,5,EMEA OCEANIA,PULSE,RPS,3TWHDYFLJL32JOP,12.22
Christopher,Hutchinson,QN48666,2949975,HYRION CONSULTING,5,APAC,PULSE,RPS,NO_TS_APAC,87.78
Michael,Marshall,FW26699,5458521,FORVEX DIGITAL,5,CONT MENA,NEXUS,FORFAIT,O2ZXWVZEHXHTTPP,9.38
Michael,Marshall,FW26699,5458521,FORVEX DIGITAL,5,EMEA,NEXUS,FORFAIT,NO_TS_EMEA,90.63
William,Johnson,LR29620,5987464,CENVEO GLOBAL,5,CONT EUROPE,QUANTUM,RPS,GO61ZO4575J3XNV,7.81
William,Johnson,LR29620,5987464,CENVEO GLOBAL,5,EMEA,QUANTUM,RPS,NO_TS_EMEA,92.19
Robert,Fox,QO06220,4336869,KESTRA VENTURES,5,EMEA AFRICA,ATLAS,FORFAIT,5JVWI6JDPS4SX4D,13.64
Eric,Davis,IT58701,6421683,CENVEO GROUP,5,APAC AMERICA,NEXUS,RPS,A99RC6NJXREQM5C,14.2
Eric,Davis,IT58701,6421683,CENVEO GROUP,5,LATAM,NEXUS,RPS,NO_TS_LATAM,85.8
Tiffany,Kidd,KY87249,2751490,CENVEO GLOBAL,5,APAC OCEANIA,NEXUS,SUPPORT,AQS4Q08G46PU19R,10.23
Tiffany,Kidd,KY87249,2751490,CENVEO GLOBAL,5,APAC,NEXUS,SUPPORT,NO_TS_APAC,89.77
John,Cunningham,YK87055,5452740,GOLZEN SOLUTIONS,5,LATAM EUROPE,PHOENIX,FORFAIT,GA9J4CC69PDZHRJ,15.34
John,Cunningham,YK87055,5452740,GOLZEN SOLUTIONS,5,NA,PHOENIX,FORFAIT,NO_TS_NA,84.66
James,Klein,AM73538,9790904,LUMEX DYNAMICS,5,LATAM EUROPE,ATLAS,SUPPORT,72PWR3P4OX5YOYB,14.29
James,Klein,AM73538,9790904,LUMEX DYNAMICS,5,MEA,ATLAS,SUPPORT,NO_TS_MEA,85.71
John,Gilbert,RI75773,9108722,GOLZEN VENTURES,5,APAC AMERICA,ATLAS,RPS,PBSUIXGONW5P6JC,7.95
John,Gilbert,RI75773,9108722,GOLZEN VENTURES,5,MEA,ATLAS,RPS,NO_TS_MEA,92.05
Christopher,Mosley,UI63282,6111862,KESTRA VENTURES,5,EMEA EUROPE,STELLAR,RPS,FU0MOYBXN6PKAR0,12.17
Christopher,Mosley,UI63282,6111862,KESTRA VENTURES,5,LATAM,STELLAR,RPS,NO_TS_LATAM,87.83
Lisa,Ray,WS08397,4910023,KESTRA DYNAMICS,5,EMEA ASIA,PHOENIX,SUPPORT,IM5C3TYSUVUYCXT,9.09
Alexander,Thompson,BQ58716,8293176,ETHOS GLOBAL,5,APAC AFRICA,VERTEX,SUPPORT,3MLGFIVQUVTVQSH,13.07
Alexander,Thompson,BQ58716,8293176,ETHOS GLOBAL,5,APAC,VERTEX,SUPPORT,NO_TS_APAC,86.93
Bob,Schaefer,FH46447,3383387,FORVEX GLOBAL,5,CONT AMERICA,ORBIT,RPS,KHANRU7OADSIELZ,11.93
Bob,Schaefer,FH46447,3383387,FORVEX GLOBAL,5,CONT,ORBIT,RPS,NO_TS_CONT,88.07
Paul,Davis,VD17260,2215966,FORVEX SOLUTIONS,5,MEA AFRICA,QUANTUM,FORFAIT,IIGPU6SBMA3HPFE,9.09
Paul,Davis,VD17260,2215966,FORVEX SOLUTIONS,5,APAC,QUANTUM,FORFAIT,NO_TS_APAC,90.91
Maria,Martin,KU36807,4719907,JALVIK SOLUTIONS,5,MEA OCEANIA,NEXUS,FORFAIT,O6I35E4G6HQC8TW,10.51
Maria,Martin,KU36807,4719907,JALVIK SOLUTIONS,5,MEA,NEXUS,FORFAIT,NO_TS_MEA,89.49
Alisha,Robertson,IW52455,7842769,INOVA GLOBAL,5,APAC ASIA,NEXUS,MAINTENANCE,3H7RR591IL8PE5L,8.52
Alisha,Robertson,IW52455,7842769,INOVA GLOBAL,5,APAC,NEXUS,MAINTENANCE,NO_TS_APAC,91.48
Jon,Mcmahon,ZD63789,3242812,CENVEO SOLUTIONS,5,APAC AMERICA,STELLAR,MAINTENANCE,JVPA6LUHGCZJ4AO,11.36
Travis,Rodriguez,PQ91516,8963356,BRYTON SYSTEMS,5,APAC EUROPE,VERTEX,REGIE,M1NFG8RPP4EKQHT,14.77
Christopher,Martinez,MV72838,8905666,KESTRA VENTURES,5,NA AMERICA,ORBIT,MAINTENANCE,9440ZZU2JD6C4GP,15.91
Christopher,Martinez,MV72838,8905666,KESTRA VENTURES,5,APAC,ORBIT,MAINTENANCE,NO_TS_APAC,84.09
Stacy,Davis,MC53311,3867349,LUMEX GROUP,5,CONT MENA,QUANTUM,MAINTENANCE,B94R0H99H28Q8DC,9.38
Stacy,Davis,MC53311,3867349,LUMEX GROUP,5,APAC,QUANTUM,MAINTENANCE,NO_TS_APAC,90.63
Kenneth,Watson,IQ17023,2200427,GOLZEN GROUP,5,APAC OCEANIA,VERTEX,SUPPORT,EV0J370G8I6WRYC,12.5
Kenneth,Watson,IQ17023,2200427,GOLZEN GROUP,5,MEA,VERTEX,SUPPORT,NO_TS_MEA,87.5
Jill,Graham,UE02587,4421235,GOLZEN VENTURES,5,EMEA OCEANIA,PHOENIX,REGIE,KJFAUNPP8HCOKC3,15.48
Jennifer,Burnett,TK32305,4793212,ETHOS SOLUTIONS,5,CONT OCEANIA,ORBIT,MAINTENANCE,AZYKWQRGUKN996G,10.94
Abigail,Morrison,NY39098,3911006,JALVIK VENTURES,5,APAC MENA,VERTEX,RPS,EH6WPDG8CCATKBS,9.8
Abigail,Morrison,NY39098,3911006,JALVIK VENTURES,5,NA,VERTEX,RPS,NO_TS_NA,90.2
James,Johnson,PO14864,2667033,GOLZEN SOLUTIONS,5,MEA AFRICA,PULSE,MAINTENANCE,MY3GB76E7DUPJLM,13.64
Lauren,Wilson,WL84100,4176389,ALCOR DIGITAL,5,MEA EUROPE,NEXUS,MAINTENANCE,5QBO8NQ4Y6AYWHO,6.53
Dawn,Lam,WC77319,8560225,GOLZEN DYNAMICS,5,CONT MENA,PHOENIX,SUPPORT,XIV7GH9NJ92QZ9S,13.64
Kelly,Holden,KS73318,2286836,DELVO SOLUTIONS,5,APAC EUROPE,ATLAS,FORFAIT,S7IC84X8JMYSKRB,15.91
Kelly,Holden,KS73318,2286836,DELVO SOLUTIONS,5,MEA,ATLAS,FORFAIT,NO_TS_MEA,84.09
Nathan,Jackson,RY61175,4055942,HYRION DIGITAL,5,APAC ASIA,NEXUS,MAINTENANCE,ZRKZXURMKVGEQ7C,6.53
Nathan,Jackson,RY61175,4055942,HYRION DIGITAL,5,NA,NEXUS,MAINTENANCE,NO_TS_NA,93.47
Linda,Hooper,SN44370,5320518,ALCOR CONSULTING,5,NA OCEANIA,PULSE,REGIE,WNU2AIZI6NG6PWB,12.5
Rebecca,Barnett,RY20668,6302626,DELVO DIGITAL,5,NA EUROPE,PHOENIX,FORFAIT,VY399JU18OU9OW6,15.34
Thomas,Ross,GD26577,9293034,INOVA TECH,5,APAC MENA,QUANTUM,FORFAIT,UDL5NMZ02NRBXZP,17.19
Thomas,Ross,GD26577,9293034,INOVA TECH,5,MEA,QUANTUM,FORFAIT,NO_TS_MEA,82.81
Kelly,Montoya,BM87570,9410761,ETHOS GROUP,5,MEA ASIA,VERTEX,REGIE,GPNH895LOWXWVXH,14.77
Kelly,Montoya,BM87570,9410761,ETHOS GROUP,5,CONT,VERTEX,REGIE,NO_TS_CONT,85.23
Kevin,Davis,WW88186,4059155,INOVA GROUP,5,CONT AMERICA,STELLAR,REGIE,7JR9WH4I4KBGSCN,10.51
Kevin,Davis,WW88186,4059155,INOVA GROUP,5,MEA,STELLAR,REGIE,NO_TS_MEA,89.49
Gloria,Johns,ZT57948,2802576,ETHOS DYNAMICS,5,NA EUROPE,STELLAR,FORFAIT,K3M3IBWK5ZBE7D0,7.95
Gloria,Johns,ZT57948,2802576,ETHOS DYNAMICS,5,NA,STELLAR,FORFAIT,NO_TS_NA,92.05
Tanner,Morris,HC68863,1387082,FORVEX SOLUTIONS,5,LATAM MENA,STELLAR,RPS,PTTMEBAAXJ6QHP3,13.07
Tanner,Morris,HC68863,1387082,FORVEX SOLUTIONS,5,NA,STELLAR,RPS,NO_TS_NA,86.93
Lori,Spencer,DB49280,2594384,GOLZEN TECH,5,LATAM EUROPE,NEXUS,SUPPORT,YOR814DUMD5GDFR,11.36
Janice,Smith,JR42516,7299487,CENVEO DYNAMICS,5,EMEA EUROPE,PULSE,FORFAIT,6IZ1679E7KLZUNP,9.66
Janice,Smith,JR42516,7299487,CENVEO DYNAMICS,5,EMEA,PULSE,FORFAIT,NO_TS_EMEA,90.34
Alexander,Cook,KG42271,2714839,ALCOR TECH,5,LATAM EUROPE,PHOENIX,MAINTENANCE,B4RJH1912ITL4WK,10.23
Alexander,Cook,KG42271,2714839,ALCOR TECH,5,LATAM,PHOENIX,MAINTENANCE,NO_TS_LATAM,89.77
Brandon,Washington,JV17291,7855988,INOVA CONSULTING,5,MEA OCEANIA,PULSE,SUPPORT,94O6C8O20NM0814,7.53
Brandon,Washington,JV17291,7855988,INOVA CONSULTING,5,EMEA,PULSE,SUPPORT,NO_TS_EMEA,92.47
Todd,Livingston,IC74066,9973814,ETHOS GROUP,5,NA EUROPE,NEXUS,SUPPORT,AZOEYFHB0TGM0YE,12.22
Todd,Livingston,IC74066,9973814,ETHOS GROUP,5,MEA,NEXUS,SUPPORT,NO_TS_MEA,87.78
Jimmy,Tanner,HM34467,8582815,LUMEX SYSTEMS,5,EMEA AFRICA,PHOENIX,REGIE,NZYMZC3T32V2HOS,13.35
Cindy,Wells,LJ41068,3185433,LUMEX DYNAMICS,5,EMEA AMERICA,PHOENIX,REGIE,YXX0NDFTQKNLTDN,11.36
Katelyn,Wells,HJ16738,7771900,INOVA CONSULTING,5,LATAM OCEANIA,PHOENIX,SUPPORT,DD7BO5OA043X3MZ,9.38
Katelyn,Wells,HJ16738,7771900,INOVA CONSULTING,5,CONT,PHOENIX,SUPPORT,NO_TS_CONT,90.63
Michael,Taylor,WF90696,6108174,GOLZEN DIGITAL,5,CONT OCEANIA,PHOENIX,RPS,9Z8FMFNNFC7L83M,5.97
Michael,Taylor,WF90696,6108174,GOLZEN DIGITAL,5,MEA,PHOENIX,RPS,NO_TS_MEA,94.03
Jeffery,Williams,UR42358,8839666,LUMEX VENTURES,5,NA EUROPE,QUANTUM,RPS,DW1XVN7JE4RBO1B,14.35
Gilbert,Rice,KE50294,5135525,FORVEX GROUP,5,EMEA OCEANIA,ATLAS,SUPPORT,S10LIJO6N4HH01J,4.83
Gilbert,Rice,KE50294,5135525,FORVEX GROUP,5,NA,ATLAS,SUPPORT,NO_TS_NA,95.17
Jonathan,Martin,JO32002,6597208,LUMEX SYSTEMS,5,APAC ASIA,NOVA,FORFAIT,Y0EH658R9UZC4NT,15.91
John,Small,LD00390,4263119,GOLZEN TECH,5,CONT EUROPE,VERTEX,RPS,UN57KXLUYQ07GYR,11.65
Jenny,Perkins,TU89096,6176931,LUMEX DYNAMICS,5,CONT MENA,ATLAS,RPS,9QTJZP54D4SADT9,14.2
Jenny,Perkins,TU89096,6176931,LUMEX DYNAMICS,5,EMEA,ATLAS,RPS,NO_TS_EMEA,85.8
Charles,Jones,EQ00408,9538042,KESTRA SYSTEMS,5,MEA AMERICA,PHOENIX,REGIE,G00GMAWVU3L5AJB,15.91
Andrea,Hampton,JO84925,8565563,HYRION DIGITAL,5,MEA AMERICA,NOVA,MAINTENANCE,7N4GL8046CLQEF0,8.24
Andrea,Hampton,JO84925,8565563,HYRION DIGITAL,5,CONT,NOVA,MAINTENANCE,NO_TS_CONT,91.76
Teresa,Christensen,RI26730,5341950,JALVIK DYNAMICS,5,APAC EUROPE,ORBIT,REGIE,C7MCY3KC2ROI9S8,10.23
Teresa,Christensen,RI26730,5341950,JALVIK DYNAMICS,5,MEA,ORBIT,REGIE,NO_TS_MEA,89.77
Vincent,Davis,EX99135,6252645,CENVEO DYNAMICS,5,APAC MENA,PULSE,FORFAIT,T1GEUQ4O5CYLO4B,13.64
Vincent,Davis,EX99135,6252645,CENVEO DYNAMICS,5,EMEA,PULSE,FORFAIT,NO_TS_EMEA,86.36
Zachary,Leonard,BM07407,9531035,KESTRA GLOBAL,5,CONT AMERICA,STELLAR,REGIE,PCV44CJDB0DWA32,11.51
Zachary,Leonard,BM07407,9531035,KESTRA GLOBAL,5,EMEA,STELLAR,REGIE,NO_TS_EMEA,88.49
Mario,Simmons,AE26947,9737632,ETHOS GROUP,5,LATAM OCEANIA,VERTEX,SUPPORT,DJIKQ1TWJJPHN79,11.36
Melanie,Page,XY54704,3013400,DELVO DIGITAL,5,NA AMERICA,NOVA,MAINTENANCE,PUZBE8TO3M14GJB,11.36
Melanie,Page,XY54704,3013400,DELVO DIGITAL,5,APAC,NOVA,MAINTENANCE,NO_TS_APAC,88.64
Melissa,Williams,UH22901,5256660,DELVO DYNAMICS,5,NA MENA,PULSE,MAINTENANCE,C2D7J0GMZ24IP5D,12.64
Melissa,Williams,UH22901,5256660,DELVO DYNAMICS,5,EMEA,PULSE,MAINTENANCE,NO_TS_EMEA,87.36
Jacqueline,Chen,FU09683,1214627,DELVO SOLUTIONS,5,LATAM OCEANIA,NEXUS,FORFAIT,6GNCDJX4FDVY4QT,9.66
Jacqueline,Chen,FU09683,1214627,DELVO SOLUTIONS,5,EMEA,NEXUS,FORFAIT,NO_TS_EMEA,90.34
Margaret,Wright,VC54873,6737091,KESTRA SYSTEMS,5,EMEA EUROPE,QUANTUM,REGIE,3IDFLHRGNHZHYJK,12.78
Margaret,Wright,VC54873,6737091,KESTRA SYSTEMS,5,MEA,QUANTUM,REGIE,NO_TS_MEA,87.22
Joanna,Rogers,GE59748,6068722,ALCOR DYNAMICS,5,LATAM MENA,QUANTUM,RPS,FB3FUTZTK0Q3UMP,14.63
Joanna,Rogers,GE59748,6068722,ALCOR DYNAMICS,5,NA,QUANTUM,RPS,NO_TS_NA,85.37
Dylan,Sullivan,DM38690,3256782,BRYTON GROUP,5,LATAM AFRICA,PULSE,FORFAIT,IPZYFHR32U952UZ,8.24
Dylan,Sullivan,DM38690,3256782,BRYTON GROUP,5,CONT,PULSE,FORFAIT,NO_TS_CONT,91.76
Denise,Weaver,AS74191,7262464,HYRION SOLUTIONS,5,EMEA MENA,QUANTUM,FORFAIT,WCH70H75BEEJ1XU,11.36
Denise,Weaver,AS74191,7262464,HYRION SOLUTIONS,5,APAC,QUANTUM,FORFAIT,NO_TS_APAC,88.64
Joseph,Allen,BY41710,1602791,FORVEX TECH,5,APAC AFRICA,PHOENIX,REGIE,QZFUZ5ZVSYA6WE1,12.78
Joseph,Allen,BY41710,1602791,FORVEX TECH,5,NA,PHOENIX,REGIE,NO_TS_NA,87.22
Elizabeth,Garrison,UU58214,2155475,CENVEO VENTURES,5,CONT AMERICA,PULSE,MAINTENANCE,YHZF3EDLEIZHX2B,16.48
Amber,Miller,WS65806,8320570,JALVIK GROUP,5,NA AFRICA,ATLAS,MAINTENANCE,WS82RK38ZFZQ9RQ,9.66
Amanda,Robertson,JF82632,5922738,BRYTON CONSULTING,5,APAC EUROPE,STELLAR,SUPPORT,KEWG5WDTFDCM9RO,10.23
Amanda,Robertson,JF82632,5922738,BRYTON CONSULTING,5,NA,STELLAR,SUPPORT,NO_TS_NA,89.77
Renee,Davis,EC84509,6507433,CENVEO TECH,5,NA EUROPE,PHOENIX,RPS,BCMSJ4Q1TCH4OEU,10.23
Renee,Davis,EC84509,6507433,CENVEO TECH,5,CONT,PHOENIX,RPS,NO_TS_CONT,89.77
Natasha,Hicks,OF38933,9198141,LUMEX SYSTEMS,5,APAC AMERICA,PULSE,MAINTENANCE,44EHKPCZBKBIJC2,9.66
Natasha,Hicks,OF38933,9198141,LUMEX SYSTEMS,5,LATAM,PULSE,MAINTENANCE,NO_TS_LATAM,90.34
Nathaniel,Henderson,TO65751,2711264,FORVEX SYSTEMS,5,LATAM AMERICA,STELLAR,RPS,JUQJIULO8YTWMH1,9.66
Nathaniel,Henderson,TO65751,2711264,FORVEX SYSTEMS,5,LATAM,STELLAR,RPS,NO_TS_LATAM,90.34
Cheryl,Hester,VN84737,9418995,HYRION GLOBAL,5,CONT AFRICA,PHOENIX,FORFAIT,POPLYZY8FESGBE3,9.52
Cheryl,Hester,VN84737,9418995,HYRION GLOBAL,5,MEA,PHOENIX,FORFAIT,NO_TS_MEA,90.48
Tami,Blanchard,GE10468,7049057,ALCOR DIGITAL,5,CONT MENA,ORBIT,SUPPORT,8RROJDHL46QGKWG,11.36
Tami,Blanchard,GE10468,7049057,ALCOR DIGITAL,5,EMEA,ORBIT,SUPPORT,NO_TS_EMEA,88.64
Ralph,Holmes,YV17671,1036388,ETHOS CONSULTING,5,LATAM MENA,STELLAR,FORFAIT,R5AV8LF8N16D2YC,9.94
Ralph,Holmes,YV17671,1036388,ETHOS CONSULTING,5,APAC,STELLAR,FORFAIT,NO_TS_APAC,90.06
Lisa,Dean,UN56065,4593924,ETHOS SOLUTIONS,5,NA MENA,VERTEX,REGIE,5GAENKDL1IW5HVO,9.66
Sabrina,Logan,XJ87844,3002179,CENVEO TECH,5,EMEA OCEANIA,ATLAS,SUPPORT,FLIWI06ZJFTS0K4,12.22
Sabrina,Logan,XJ87844,3002179,CENVEO TECH,5,LATAM,ATLAS,SUPPORT,NO_TS_LATAM,87.78
Logan,Owen,KS19382,7347273,ETHOS TECH,5,MEA MENA,PULSE,FORFAIT,5KXK7YZ7MHXMBSB,8.24
Logan,Owen,KS19382,7347273,ETHOS TECH,5,MEA,PULSE,FORFAIT,NO_TS_MEA,91.76
Greg,Goodman,FA50105,6689536,GOLZEN DYNAMICS,5,NA OCEANIA,STELLAR,FORFAIT,A2BADW3HBFUPR10,10.65
Greg,Goodman,FA50105,6689536,GOLZEN DYNAMICS,5,MEA,STELLAR,FORFAIT,NO_TS_MEA,89.35
Virginia,Stuart,QQ49471,8424902,LUMEX GROUP,5,CONT OCEANIA,QUANTUM,REGIE,5EDR99EHRJZGF56,8.24
Virginia,Stuart,QQ49471,8424902,LUMEX GROUP,5,NA,QUANTUM,REGIE,NO_TS_NA,91.76
Charles,Schneider,WK11721,5753006,ETHOS VENTURES,5,NA AMERICA,ORBIT,MAINTENANCE,I3PVJSXWDXV7X5T,13.64
Charles,Schneider,WK11721,5753006,ETHOS VENTURES,5,LATAM,ORBIT,MAINTENANCE,NO_TS_LATAM,86.36
Rachel,Williams,IA81162,1807297,KESTRA TECH,5,EMEA MENA,VERTEX,RPS,8KCIRIE8VOYVCBS,16.67
Rachel,Williams,IA81162,1807297,KESTRA TECH,5,APAC,VERTEX,RPS,NO_TS_APAC,83.33
Diana,Smith,JK63417,6661503,FORVEX GROUP,5,EMEA ASIA,NEXUS,RPS,CD0LKXKVK8XIJ3C,10.09
Steven,Parker,RT01528,7946066,INOVA SYSTEMS,5,APAC AFRICA,ATLAS,REGIE,P32WZCHE4D2VPX4,11.36
Steven,Parker,RT01528,7946066,INOVA SYSTEMS,5,APAC,ATLAS,REGIE,NO_TS_APAC,88.64
Cheryl,Smith,UE27888,5776420,BRYTON CONSULTING,5,EMEA MENA,PHOENIX,SUPPORT,EB4IMNM5MA7NX98,11.65
Cheryl,Smith,UE27888,5776420,BRYTON CONSULTING,5,LATAM,PHOENIX,SUPPORT,NO_TS_LATAM,88.35
Kathryn,Perry,FM45030,5434655,HYRION VENTURES,5,APAC AFRICA,NOVA,RPS,9C4TKCCI805MR44,13.64
Kathryn,Perry,FM45030,5434655,HYRION VENTURES,5,LATAM,NOVA,RPS,NO_TS_LATAM,86.36
Natalie,Graves,WD01956,7284934,INOVA CONSULTING,5,CONT OCEANIA,ORBIT,SUPPORT,1YCPZ05RUNUGIJI,10.51
Natalie,Graves,WD01956,7284934,INOVA CONSULTING,5,MEA,ORBIT,SUPPORT,NO_TS_MEA,89.49
Sherry,Ray,IW11920,1524537,GOLZEN SOLUTIONS,5,EMEA AFRICA,ATLAS,MAINTENANCE,OF7NWFQZ2S5TXFZ,11.93
Michael,Mendoza,IO10377,8947896,CENVEO VENTURES,5,LATAM AMERICA,VERTEX,SUPPORT,FELL0U2LE5Z4Z08,12.5
Michael,Mendoza,IO10377,8947896,CENVEO VENTURES,5,MEA,VERTEX,SUPPORT,NO_TS_MEA,87.5
Michael,Nguyen,XL04207,6578757,HYRION TECH,5,NA ASIA,PHOENIX,RPS,7NLECFZEYYWSN82,11.51
Nathaniel,Wise,BL66476,8352438,LUMEX VENTURES,5,NA ASIA,QUANTUM,MAINTENANCE,JNBL8F77JQW1UQE,11.36
Nathaniel,Wise,BL66476,8352438,LUMEX VENTURES,5,LATAM,QUANTUM,MAINTENANCE,NO_TS_LATAM,88.64
Brianna,Chandler,BT51110,7061146,GOLZEN VENTURES,5,LATAM AFRICA,QUANTUM,FORFAIT,R0LZ084MFQG78R4,9.52
Brianna,Chandler,BT51110,7061146,GOLZEN VENTURES,5,APAC,QUANTUM,FORFAIT,NO_TS_APAC,90.48
Rebecca,Alexander,KK13484,5881013,ETHOS CONSULTING,5,MEA ASIA,VERTEX,FORFAIT,NAVBMNZHO31E84M,9.66
Daniel,Matthews,JF82660,9086154,GOLZEN SYSTEMS,5,EMEA EUROPE,VERTEX,FORFAIT,88B8KR6TS1SAH6X,13.64
Daniel,Matthews,JF82660,9086154,GOLZEN SYSTEMS,5,APAC,VERTEX,FORFAIT,NO_TS_APAC,86.36
Christopher,Silva,EG22866,8251981,JALVIK GROUP,5,EMEA ASIA,QUANTUM,FORFAIT,21Q31WJCN1DBNQH,11.93
Juan,Burch,IX13980,1619034,GOLZEN DYNAMICS,5,CONT AMERICA,PULSE,FORFAIT,5S82XTPFQJU8BKA,7.67
Juan,Burch,IX13980,1619034,GOLZEN DYNAMICS,5,CONT,PULSE,FORFAIT,NO_TS_CONT,92.33
Jeremy,Wall,AR81904,9394803,LUMEX DIGITAL,5,NA AFRICA,QUANTUM,SUPPORT,6FP74A9PNMHL3AH,7.67
Olivia,Moore,GU64259,5849023,KESTRA VENTURES,5,LATAM OCEANIA,STELLAR,MAINTENANCE,XCHKOYCN8A2AAZF,18.18
Olivia,Moore,GU64259,5849023,KESTRA VENTURES,5,APAC,STELLAR,MAINTENANCE,NO_TS_APAC,81.82
Rodney,Miranda,CA61312,5313128,FORVEX VENTURES,5,CONT ASIA,NOVA,RPS,CBECL332UIWPH0N,11.08
Rodney,Miranda,CA61312,5313128,FORVEX VENTURES,5,LATAM,NOVA,RPS,NO_TS_LATAM,88.92
Tamara,Dixon,AA41624,4115130,ALCOR GROUP,5,EMEA EUROPE,NEXUS,RPS,IOTHX1IMBSD6UFP,8.24
Tamara,Dixon,AA41624,4115130,ALCOR GROUP,5,LATAM,NEXUS,RPS,NO_TS_LATAM,91.76
Dakota,Harris,HM29905,9652797,DELVO DYNAMICS,5,LATAM AMERICA,PULSE,SUPPORT,8F1JCS7AM7ZP4EZ,10.23
Dakota,Harris,HM29905,9652797,DELVO DYNAMICS,5,CONT,PULSE,SUPPORT,NO_TS_CONT,89.77
David,Anderson,TY18482,1143501,INOVA GROUP,5,CONT ASIA,ATLAS,RPS,9Q1H0F0VFKKP9NJ,13.64
David,Anderson,TY18482,1143501,INOVA GROUP,5,LATAM,ATLAS,RPS,NO_TS_LATAM,86.36
Stephanie,Leon,LF73883,1758527,INOVA GROUP,5,EMEA AFRICA,PHOENIX,FORFAIT,IT9OZOLWGLBW9WS,8.1
Stephanie,Leon,LF73883,1758527,INOVA GROUP,5,EMEA,PHOENIX,FORFAIT,NO_TS_EMEA,91.9
Nicholas,Jensen,JK37148,1983985,LUMEX GLOBAL,5,LATAM OCEANIA,STELLAR,FORFAIT,DDCH2G3WPH52B75,12.5
Nicholas,Jensen,JK37148,1983985,LUMEX GLOBAL,5,EMEA,STELLAR,FORFAIT,NO_TS_EMEA,87.5
Robert,Perez,MB51342,2998812,KESTRA SOLUTIONS,5,LATAM AMERICA,VERTEX,SUPPORT,VM58ECKX4MFX3UH,12.5
Robert,Perez,MB51342,2998812,KESTRA SOLUTIONS,5,EMEA,VERTEX,SUPPORT,NO_TS_EMEA,87.5
Tamara,Ross,ZF53100,5016636,INOVA CONSULTING,5,EMEA AFRICA,VERTEX,REGIE,Z0SSPD3CERVQOZ6,7.1
Tamara,Ross,ZF53100,5016636,INOVA CONSULTING,5,EMEA,VERTEX,REGIE,NO_TS_EMEA,92.9
Victoria,Edwards,TE90092,1772847,ETHOS TECH,5,EMEA AMERICA,NEXUS,FORFAIT,DHALZ17EZGR4MA2,11.36
Ashley,Roberts,NM38736,3934453,JALVIK DIGITAL,5,LATAM AMERICA,ATLAS,SUPPORT,UU67HA61L4AK38H,10.23
Ashley,Roberts,NM38736,3934453,JALVIK DIGITAL,5,EMEA,ATLAS,SUPPORT,NO_TS_EMEA,89.77
Shelia,Stanley,TD33296,3975225,GOLZEN CONSULTING,5,NA AMERICA,STELLAR,FORFAIT,70QS2GZZLMBMZCB,11.08
Geoffrey,Rice,DJ02446,7930062,CENVEO DYNAMICS,5,NA AFRICA,NEXUS,SUPPORT,FOBYEYYEG4NU84W,9.23
Geoffrey,Rice,DJ02446,7930062,CENVEO DYNAMICS,5,MEA,NEXUS,SUPPORT,NO_TS_MEA,90.77
Jodi,Hart,XQ73684,5132344,ALCOR GROUP,5,NA EUROPE,PHOENIX,FORFAIT,4FY5JP0A08NXZM3,12.36
Patricia,Hart,RL76928,3344143,LUMEX GROUP,5,EMEA AFRICA,ATLAS,RPS,8GTTI067WJH6FWD,10.8
Patricia,Hart,RL76928,3344143,LUMEX GROUP,5,APAC,ATLAS,RPS,NO_TS_APAC,89.2
Brandon,Green,JG77538,2230656,KESTRA TECH,5,APAC EUROPE,ORBIT,FORFAIT,VYBG59D2OQF9RTX,10.51
Brandon,Green,JG77538,2230656,KESTRA TECH,5,NA,ORBIT,FORFAIT,NO_TS_NA,89.49
Eric,Perez,ZQ17522,4970803,GOLZEN GROUP,5,LATAM AFRICA,QUANTUM,FORFAIT,V4KOBS8UJLVBROM,12.5
Eric,Perez,ZQ17522,4970803,GOLZEN GROUP,5,APAC,QUANTUM,FORFAIT,NO_TS_APAC,87.5
Brianna,Rogers,DZ82942,8784437,BRYTON DYNAMICS,5,EMEA ASIA,NEXUS,SUPPORT,RAYTIK74LXFDJOY,9.09
Brianna,Rogers,DZ82942,8784437,BRYTON DYNAMICS,5,APAC,NEXUS,SUPPORT,NO_TS_APAC,90.91
Dillon,Little,WC30684,2412627,BRYTON GLOBAL,5,EMEA AFRICA,ORBIT,REGIE,BU7TPQGVKZAOP0H,13.64
Melanie,Davis,UC37185,3759939,GOLZEN SOLUTIONS,5,CONT ASIA,STELLAR,REGIE,P0378PNHA4T7IKT,11.93
Ian,Williams,TP92791,3342811,KESTRA CONSULTING,5,NA MENA,PULSE,REGIE,MYQ134YO9J7DNH8,7.95
Ian,Williams,TP92791,3342811,KESTRA CONSULTING,5,LATAM,PULSE,REGIE,NO_TS_LATAM,92.05
Jonathan,Dominguez,UU46253,3213440,INOVA SOLUTIONS,5,NA MENA,ORBIT,FORFAIT,F5AAP66NX6SI4S1,12.5
Jonathan,Dominguez,UU46253,3213440,INOVA SOLUTIONS,5,APAC,ORBIT,FORFAIT,NO_TS_APAC,87.5
Robert,Miles,SU05632,2412418,BRYTON TECH,5,APAC AMERICA,ATLAS,SUPPORT,1BBK6M5LV4KEUCE,9.8
Timothy,Clayton,FS90675,2787258,BRYTON GROUP,5,CONT AMERICA,QUANTUM,REGIE,VBHV2GLFH24ON0S,15.06
Christopher,Parker,LT04855,5636802,CENVEO SYSTEMS,5,NA ASIA,PULSE,MAINTENANCE,SOWA3H8CK0YOHHP,10.51
Christopher,Parker,LT04855,5636802,CENVEO SYSTEMS,5,EMEA,PULSE,MAINTENANCE,NO_TS_EMEA,89.49
Andrew,Brown,QR08285,1760839,CENVEO SOLUTIONS,5,LATAM AMERICA,NOVA,MAINTENANCE,7R4MZRI4TQ18XCY,10.65
Andrew,Brown,QR08285,1760839,CENVEO SOLUTIONS,5,MEA,NOVA,MAINTENANCE,NO_TS_MEA,89.35
Natasha,Frye,SO09879,5046096,BRYTON VENTURES,5,LATAM EUROPE,ORBIT,FORFAIT,JFIEBVB9N00DRME,13.64
Natasha,Frye,SO09879,5046096,BRYTON VENTURES,5,NA,ORBIT,FORFAIT,NO_TS_NA,86.36
Joshua,Ward,BJ62834,3528954,GOLZEN SOLUTIONS,5,MEA ASIA,PULSE,SUPPORT,1C0F15GY3DGUSQ8,8.81
Joshua,Ward,BJ62834,3528954,GOLZEN SOLUTIONS,5,CONT,PULSE,SUPPORT,NO_TS_CONT,91.19
Sean,Gibbs,ZG82762,1964446,KESTRA SYSTEMS,5,EMEA AMERICA,PULSE,FORFAIT,KHRHHRLGOX6E8V1,7.14
Sean,Gibbs,ZG82762,1964446,KESTRA SYSTEMS,5,NA,PULSE,FORFAIT,NO_TS_NA,92.86
Tracy,Martin,LC36952,9727079,GOLZEN CONSULTING,5,NA MENA,ORBIT,RPS,DB7BL65P8KZMC96,5.54
Tracy,Martin,LC36952,9727079,GOLZEN CONSULTING,5,LATAM,ORBIT,RPS,NO_TS_LATAM,94.46
Christopher,Cole,WX23076,1370785,HYRION DYNAMICS,5,APAC OCEANIA,QUANTUM,MAINTENANCE,CMW4CE19CWQ5L5F,6.96
Christopher,Cole,WX23076,1370785,HYRION DYNAMICS,5,MEA,QUANTUM,MAINTENANCE,NO_TS_MEA,93.04
Kyle,Jackson,PK50855,8867724,KESTRA CONSULTING,5,MEA MENA,STELLAR,REGIE,BIDJ6IP1R9BDGHX,11.93
Kyle,Jackson,PK50855,8867724,KESTRA CONSULTING,5,NA,STELLAR,REGIE,NO_TS_NA,88.07
Kimberly,Gomez,CU56541,1968071,GOLZEN SOLUTIONS,5,EMEA AFRICA,PULSE,MAINTENANCE,XN8RV6B782EX8NX,11.93
Kimberly,Gomez,CU56541,1968071,GOLZEN SOLUTIONS,5,APAC,PULSE,MAINTENANCE,NO_TS_APAC,88.07
Terri,Jacobs,YH52442,4125325,INOVA DYNAMICS,5,MEA AMERICA,PULSE,MAINTENANCE,Z2FZYWELK3ZQPGZ,10.51
Terri,Jacobs,YH52442,4125325,INOVA DYNAMICS,5,LATAM,PULSE,MAINTENANCE,NO_TS_LATAM,89.49
Adam,Thompson,UO30544,8044233,DELVO TECH,5,APAC ASIA,PULSE,FORFAIT,RGNUR4TXJJYG9T7,11.22
Adam,Thompson,UO30544,8044233,DELVO TECH,5,LATAM,PULSE,FORFAIT,NO_TS_LATAM,88.78
Michael,Curtis,VN45169,8562640,ETHOS VENTURES,5,MEA EUROPE,PULSE,SUPPORT,YITLN8D3AVJXJTH,15.91
Michael,Curtis,VN45169,8562640,ETHOS VENTURES,5,CONT,PULSE,SUPPORT,NO_TS_CONT,84.09
Shane,Olson,OO56408,2034019,JALVIK GROUP,5,CONT ASIA,STELLAR,RPS,UXK9WX64XFKNPG4,10.09
Shane,Olson,OO56408,2034019,JALVIK GROUP,5,NA,STELLAR,RPS,NO_TS_NA,89.91
Crystal,Steele,ZI57860,3932670,ETHOS DYNAMICS,5,NA ASIA,PHOENIX,SUPPORT,ETKCHSG0GYC4D9N,9.66
Kimberly,Reed,VB15851,7378467,FORVEX GLOBAL,5,CONT EUROPE,PHOENIX,MAINTENANCE,XR3S1HUQU9HZJ1Q,10.09
Allison,Williams,AT52633,7334241,ETHOS DIGITAL,5,LATAM EUROPE,ORBIT,FORFAIT,649L0JL5UT2FVDU,7.39
Allison,Williams,AT52633,7334241,ETHOS DIGITAL,5,MEA,ORBIT,FORFAIT,NO_TS_MEA,92.61
Katherine,Serrano,KB18675,4364762,KESTRA GROUP,5,EMEA ASIA,PHOENIX,MAINTENANCE,E14F9XCSFOPCUJF,8.1
Katherine,Serrano,KB18675,4364762,KESTRA GROUP,5,MEA,PHOENIX,MAINTENANCE,NO_TS_MEA,91.9
Michael,Anderson,AR55616,1217171,HYRION TECH,5,CONT EUROPE,QUANTUM,REGIE,19E03KLZL1LJVQU,15.91
Michael,Anderson,AR55616,1217171,HYRION TECH,5,APAC,QUANTUM,REGIE,NO_TS_APAC,84.09
Heather,Fuller,XB55137,8643785,GOLZEN DYNAMICS,5,NA AMERICA,NEXUS,FORFAIT,Z8O53RAO6H4K7F6,11.36
Heather,Fuller,XB55137,8643785,GOLZEN DYNAMICS,5,CONT,NEXUS,FORFAIT,NO_TS_CONT,88.64
James,Williams,RQ99502,1016744,GOLZEN DYNAMICS,5,EMEA ASIA,STELLAR,RPS,A3DOIBIWIJE2HUF,5.97
James,Williams,RQ99502,1016744,GOLZEN DYNAMICS,5,EMEA,STELLAR,RPS,NO_TS_EMEA,94.03
David,Higgins,JZ38283,9395462,CENVEO VENTURES,5,LATAM AFRICA,ORBIT,RPS,SHJA88GUL9LWAP3,11.36
John,Bennett,GS42493,2213738,DELVO TECH,5,NA EUROPE,ATLAS,FORFAIT,VV4POCYCPQNEY1F,6.96
John,Bennett,GS42493,2213738,DELVO TECH,5,NA,ATLAS,FORFAIT,NO_TS_NA,93.04
Stephen,Johnson,CB75387,4501674,ETHOS SYSTEMS,5,CONT ASIA,ATLAS,SUPPORT,NF2EYN80DCJJH1B,10.8
Crystal,Hoffman,TA09215,4516763,CENVEO CONSULTING,5,EMEA AFRICA,ATLAS,SUPPORT,05S2OOZGX8ON56K,13.78
Crystal,Hoffman,TA09215,4516763,CENVEO CONSULTING,5,LATAM,ATLAS,SUPPORT,NO_TS_LATAM,86.22
Heather,Johnson,WM73271,5664975,LUMEX SOLUTIONS,5,EMEA ASIA,PHOENIX,RPS,M96XPLGRJ2MLBT7,9.09
Heather,Johnson,WM73271,5664975,LUMEX SOLUTIONS,5,EMEA,PHOENIX,RPS,NO_TS_EMEA,90.91
Kimberly,Davis,VR00873,6263502,GOLZEN CONSULTING,5,CONT ASIA,PHOENIX,REGIE,WUHW5VSC6C2M63C,11.36
Kimberly,Davis,VR00873,6263502,GOLZEN CONSULTING,5,EMEA,PHOENIX,REGIE,NO_TS_EMEA,88.64
James,Wright,SR21377,1600440,INOVA SOLUTIONS,5,MEA OCEANIA,VERTEX,SUPPORT,J2JG8ALY8Q97NK4,12.22
James,Wright,SR21377,1600440,INOVA SOLUTIONS,5,EMEA,VERTEX,SUPPORT,NO_TS_EMEA,87.78
Hannah,Salazar,HZ88403,7707540,BRYTON DIGITAL,5,APAC MENA,STELLAR,RPS,LLNQITR3OG5ASG6,11.65
Brandon,Matthews,IS54552,5575857,ALCOR TECH,5,MEA EUROPE,QUANTUM,SUPPORT,I0PJP7KLA2ZUXKH,13.64
Brandon,Matthews,IS54552,5575857,ALCOR TECH,5,CONT,QUANTUM,SUPPORT,NO_TS_CONT,86.36
Tammy,Smith,DL90226,7193178,ETHOS DYNAMICS,5,CONT EUROPE,QUANTUM,REGIE,0OOOO241MDUHHGD,10.51
Tammy,Smith,DL90226,7193178,ETHOS DYNAMICS,5,APAC,QUANTUM,REGIE,NO_TS_APAC,89.49
Cindy,Chavez,CH37234,2060303,JALVIK GLOBAL,5,MEA ASIA,PHOENIX,FORFAIT,NV2AFRCAMNRK2P5,14.29
Cindy,Chavez,CH37234,2060303,JALVIK GLOBAL,5,LATAM,PHOENIX,FORFAIT,NO_TS_LATAM,85.71
Dylan,Wolfe,BI08247,9604286,LUMEX GROUP,5,LATAM OCEANIA,STELLAR,REGIE,KJER0Y8WXLRK1HB,12.07
Dylan,Wolfe,BI08247,9604286,LUMEX GROUP,5,CONT,STELLAR,REGIE,NO_TS_CONT,87.93
Marcia,Vargas,GO00025,3072431,JALVIK VENTURES,5,MEA AFRICA,PHOENIX,MAINTENANCE,DNZD9RC272XXQHF,11.93
Robin,Wells,EB58808,4249900,FORVEX GLOBAL,5,NA AMERICA,VERTEX,RPS,MYSM327DQ3MOK6D,7.53
David,Taylor,YP77587,6370415,CENVEO DIGITAL,5,APAC AFRICA,PULSE,REGIE,TMC8UU4209TMRPG,10.23
Kevin,Jones,MJ56408,4686885,HYRION GROUP,5,LATAM OCEANIA,ORBIT,FORFAIT,O1C0I2HR1G2IQLR,13.64
Kevin,Jones,MJ56408,4686885,HYRION GROUP,5,APAC,ORBIT,FORFAIT,NO_TS_APAC,86.36
Danielle,Chen,UA76334,7299397,CENVEO GLOBAL,5,EMEA ASIA,STELLAR,RPS,6JPF49GWWOPKUWR,11.36
Danielle,Chen,UA76334,7299397,CENVEO GLOBAL,5,LATAM,STELLAR,RPS,NO_TS_LATAM,88.64
Jeffrey,Ward,LN42993,5659571,HYRION SOLUTIONS,5,MEA MENA,ATLAS,MAINTENANCE,2QPNTBPHI7VY61U,9.09
Jeffrey,Ward,LN42993,5659571,HYRION SOLUTIONS,5,LATAM,ATLAS,MAINTENANCE,NO_TS_LATAM,90.91
Cindy,Carey,ZP46732,5004204,DELVO GROUP,5,NA OCEANIA,PHOENIX,MAINTENANCE,BTKC1XTGCE6S22O,9.8
Jonathan,Lewis,SA52287,2222884,JALVIK SOLUTIONS,5,LATAM ASIA,QUANTUM,REGIE,4IXMJD6GASM78VX,13.64
Jonathan,Lewis,SA52287,2222884,JALVIK SOLUTIONS,5,APAC,QUANTUM,REGIE,NO_TS_APAC,86.36
Sara,Ford,VN05965,5695914,DELVO SOLUTIONS,5,NA EUROPE,STELLAR,RPS,FP7T6FOOS264X33,13.64
Sara,Ford,VN05965,5695914,DELVO SOLUTIONS,5,EMEA,STELLAR,RPS,NO_TS_EMEA,86.36
Linda,Hamilton,CH51523,7306040,GOLZEN VENTURES,5,LATAM MENA,NOVA,FORFAIT,8SJV6CP9ZI1WXQQ,12.22
Linda,Hamilton,CH51523,7306040,GOLZEN VENTURES,5,CONT,NOVA,FORFAIT,NO_TS_CONT,87.78
Crystal,Pruitt,JP58062,3196861,ALCOR TECH,5,LATAM EUROPE,VERTEX,RPS,7WGX62PLQTZCLTG,12.5
Crystal,Pruitt,JP58062,3196861,ALCOR TECH,5,EMEA,VERTEX,RPS,NO_TS_EMEA,87.5
Samantha,Bolton,VU55395,2633591,ALCOR DYNAMICS,5,APAC EUROPE,STELLAR,SUPPORT,XVMTF799IG318OS,9.38
Samantha,Bolton,VU55395,2633591,ALCOR DYNAMICS,5,CONT,STELLAR,SUPPORT,NO_TS_CONT,90.63
Michael,Smith,HI21971,3283832,HYRION DYNAMICS,5,EMEA AMERICA,QUANTUM,RPS,IMNAODYJNFEEIPO,7.81
Michael,Smith,HI21971,3283832,HYRION DYNAMICS,5,APAC,QUANTUM,RPS,NO_TS_APAC,92.19
Nathan,Cervantes,QN31804,4810701,LUMEX GLOBAL,5,LATAM OCEANIA,NOVA,MAINTENANCE,WA5JF7OASE3IVN2,15.91
Nathan,Cervantes,QN31804,4810701,LUMEX GLOBAL,5,NA,NOVA,MAINTENANCE,NO_TS_NA,84.09
Craig,King,US49669,4595520,LUMEX DIGITAL,5,MEA AMERICA,PULSE,MAINTENANCE,15TEHWF5NDD6Q5Y,17.05
Ross,Chen,AX35343,9346754,DELVO CONSULTING,5,MEA AMERICA,ATLAS,FORFAIT,4AU6SY3MWMLP4BD,21.43
Ross,Chen,AX35343,9346754,DELVO CONSULTING,5,EMEA,ATLAS,FORFAIT,NO_TS_EMEA,78.57
Brian,Smith,HD13092,8789445,ETHOS VENTURES,5,LATAM MENA,ATLAS,SUPPORT,I2T1YOICWVEK0UZ,9.94
Brian,Smith,HD13092,8789445,ETHOS VENTURES,5,NA,ATLAS,SUPPORT,NO_TS_NA,90.06
Samantha,Kelly,IC26386,9017910,LUMEX SOLUTIONS,5,LATAM EUROPE,PHOENIX,RPS,HRYFHNCV3KCXXB3,9.09
Kirsten,Howard,SL10493,2403859,LUMEX SYSTEMS,5,NA ASIA,PHOENIX,REGIE,4DBO4A0XFSER9CF,11.65
Kirsten,Howard,SL10493,2403859,LUMEX SYSTEMS,5,EMEA,PHOENIX,REGIE,NO_TS_EMEA,88.35
Veronica,Gonzalez,CW98780,1086036,BRYTON DYNAMICS,5,CONT MENA,VERTEX,MAINTENANCE,F3XL3T2KP3YDMMJ,6.39
Veronica,Gonzalez,CW98780,1086036,BRYTON DYNAMICS,5,EMEA,VERTEX,MAINTENANCE,NO_TS_EMEA,93.61
Kristen,King,DF17711,9572052,JALVIK SOLUTIONS,5,APAC MENA,PULSE,MAINTENANCE,9G3JIWLGIKBBJGN,13.07
Kristen,King,DF17711,9572052,JALVIK SOLUTIONS,5,EMEA,PULSE,MAINTENANCE,NO_TS_EMEA,86.93
Danielle,Blackwell,SC63484,6923846,CENVEO VENTURES,5,LATAM AMERICA,PHOENIX,MAINTENANCE,NPPZK2Z9C5S10AX,11.65
Danielle,Blackwell,SC63484,6923846,CENVEO VENTURES,5,APAC,PHOENIX,MAINTENANCE,NO_TS_APAC,88.35
Kristy,Perry,YB20222,6480665,CENVEO TECH,5,LATAM ASIA,PHOENIX,SUPPORT,MH5ZCJX0N0MZQ18,14.2
Kristy,Perry,YB20222,6480665,CENVEO TECH,5,APAC,PHOENIX,SUPPORT,NO_TS_APAC,85.8
Mark,Pope,BM75620,9536525,ETHOS SOLUTIONS,5,LATAM ASIA,QUANTUM,SUPPORT,QIOKO6770Y19Y2T,13.35
Mark,Pope,BM75620,9536525,ETHOS SOLUTIONS,5,NA,QUANTUM,SUPPORT,NO_TS_NA,86.65
Stacey,Conrad,WZ54616,7121022,FORVEX TECH,5,EMEA ASIA,ORBIT,MAINTENANCE,LJ7GSMRBCTQ8VKU,13.64
Stacey,Conrad,WZ54616,7121022,FORVEX TECH,5,LATAM,ORBIT,MAINTENANCE,NO_TS_LATAM,86.36
Kyle,Wright,SC88786,2858014,INOVA GLOBAL,5,APAC EUROPE,PHOENIX,MAINTENANCE,H3AQ5AI5COWJZ55,12.5
Tony,Andersen,ZG74366,7906317,DELVO GLOBAL,5,CONT MENA,VERTEX,REGIE,T39S8U5ZUWGFNEM,10.23
Tony,Andersen,ZG74366,7906317,DELVO GLOBAL,5,MEA,VERTEX,REGIE,NO_TS_MEA,89.77
April,Wood,UE79108,7412955,ALCOR GROUP,5,LATAM AMERICA,PULSE,REGIE,YA9YDPAIEKT84YE,7.39
April,Wood,UE79108,7412955,ALCOR GROUP,5,MEA,PULSE,REGIE,NO_TS_MEA,92.61
Lisa,Bean,HD40639,3429555,HYRION SYSTEMS,5,EMEA AMERICA,VERTEX,REGIE,6T5SMHEOEFHJFUN,9.94
Lisa,Bean,HD40639,3429555,HYRION SYSTEMS,5,EMEA,VERTEX,REGIE,NO_TS_EMEA,90.06
Donald,Walker,NO82953,6511916,DELVO GROUP,5,MEA AMERICA,STELLAR,MAINTENANCE,KE09FX4LH1C70RE,10.09
Donald,Walker,NO82953,6511916,DELVO GROUP,5,APAC,STELLAR,MAINTENANCE,NO_TS_APAC,89.91
Dawn,Rojas,EX14189,5814744,LUMEX SOLUTIONS,5,CONT AFRICA,QUANTUM,MAINTENANCE,P57DHDA6T1HULVP,9.94
Dawn,Rojas,EX14189,5814744,LUMEX SOLUTIONS,5,NA,QUANTUM,MAINTENANCE,NO_TS_NA,90.06
John,Jordan,RV59391,5683896,ETHOS TECH,5,EMEA OCEANIA,QUANTUM,SUPPORT,BJY5J7H9H644E21,14.77
John,Jordan,RV59391,5683896,ETHOS TECH,5,LATAM,QUANTUM,SUPPORT,NO_TS_LATAM,85.23
Sarah,Alvarez,HO71490,3856558,DELVO SOLUTIONS,5,NA AFRICA,PHOENIX,SUPPORT,ZAHMQU4KAI58P8B,8.66
Sarah,Alvarez,HO71490,3856558,DELVO SOLUTIONS,5,MEA,PHOENIX,SUPPORT,NO_TS_MEA,91.34
Bonnie,Mitchell,MM08586,1714701,ETHOS VENTURES,5,EMEA AFRICA,PHOENIX,MAINTENANCE,6K2V6Z9QNKNO9VZ,7.24
Bonnie,Mitchell,MM08586,1714701,ETHOS VENTURES,5,APAC,PHOENIX,MAINTENANCE,NO_TS_APAC,92.76
Donald,Mitchell,IX23243,9657887,ETHOS DYNAMICS,5,EMEA MENA,VERTEX,RPS,Q94AF3ZSOQR00D6,13.64
Donald,Mitchell,IX23243,9657887,ETHOS DYNAMICS,5,EMEA,VERTEX,RPS,NO_TS_EMEA,86.36
Dwayne,Dixon,TP30415,3847348,DELVO GROUP,5,CONT MENA,NEXUS,MAINTENANCE,DG7S27QR0L75RCE,15.91
Dwayne,Dixon,TP30415,3847348,DELVO GROUP,5,MEA,NEXUS,MAINTENANCE,NO_TS_MEA,84.09
Michael,King,HY26706,8369085,BRYTON GROUP,5,APAC AFRICA,PHOENIX,REGIE,WBFLDW1J4GPPREX,11.36
Michael,King,HY26706,8369085,BRYTON GROUP,5,EMEA,PHOENIX,REGIE,NO_TS_EMEA,88.64
Heather,Flores,QI01293,9633689,ETHOS DYNAMICS,5,MEA MENA,ATLAS,SUPPORT,8O2AEIK3FUBHGOU,9.94
Heather,Flores,QI01293,9633689,ETHOS DYNAMICS,5,MEA,ATLAS,SUPPORT,NO_TS_MEA,90.06
Sara,Gomez,XR69704,7489947,GOLZEN SYSTEMS,5,MEA AFRICA,PHOENIX,RPS,UJX175TML53KE0S,11.65
Sara,Gomez,XR69704,7489947,GOLZEN SYSTEMS,5,LATAM,PHOENIX,RPS,NO_TS_LATAM,88.35
Amanda,Ford,MV82136,1198638,FORVEX SYSTEMS,5,MEA EUROPE,PHOENIX,MAINTENANCE,YPRYIETKYMNS0NJ,10.23
Amanda,Ford,MV82136,1198638,FORVEX SYSTEMS,5,MEA,PHOENIX,MAINTENANCE,NO_TS_MEA,89.77
Mark,Oconnor,ZJ39300,5734045,GOLZEN GLOBAL,5,NA AFRICA,QUANTUM,FORFAIT,BYC1BCOZI5WTNTZ,8.24
Mark,Oconnor,ZJ39300,5734045,GOLZEN GLOBAL,5,MEA,QUANTUM,FORFAIT,NO_TS_MEA,91.76
Jonathan,Cox,VP50674,1080420,HYRION TECH,5,CONT AMERICA,PULSE,RPS,W3PFMOD3M7JGN1I,7.39
Claire,Cannon,XU85238,1269459,CENVEO DYNAMICS,5,EMEA AFRICA,QUANTUM,SUPPORT,30IWPFJN1TMXB8N,10.23
Claire,Cannon,XU85238,1269459,CENVEO DYNAMICS,5,NA,QUANTUM,SUPPORT,NO_TS_NA,89.77
James,Nelson,XU86566,8568234,CENVEO VENTURES,5,CONT EUROPE,NEXUS,RPS,VWEKT7LGXYVSGFS,11.36
James,Nelson,XU86566,8568234,CENVEO VENTURES,5,CONT,NEXUS,RPS,NO_TS_CONT,88.64
Christine,Martin,RX10108,6796681,ETHOS GLOBAL,5,CONT ASIA,STELLAR,SUPPORT,TWW1OFMLHZJQFWP,12.22
Christine,Martin,RX10108,6796681,ETHOS GLOBAL,5,EMEA,STELLAR,SUPPORT,NO_TS_EMEA,87.78
Jennifer,Davis,CV71476,8661639,GOLZEN CONSULTING,5,EMEA MENA,QUANTUM,REGIE,TKS0H68BJ900X81,11.36
Jennifer,Davis,CV71476,8661639,GOLZEN CONSULTING,5,LATAM,QUANTUM,REGIE,NO_TS_LATAM,88.64
Troy,Bowers,VN60829,8108446,LUMEX DYNAMICS,5,EMEA OCEANIA,NEXUS,RPS,Z57JLUAGQLP2XTC,9.66
Troy,Bowers,VN60829,8108446,LUMEX DYNAMICS,5,LATAM,NEXUS,RPS,NO_TS_LATAM,90.34
James,Richard,RC01687,7439549,FORVEX DIGITAL,5,EMEA EUROPE,PHOENIX,SUPPORT,U3N6Q0GZMF0KT7J,9.66
James,Richard,RC01687,7439549,FORVEX DIGITAL,5,NA,PHOENIX,SUPPORT,NO_TS_NA,90.34
Jessica,Bailey,CZ96554,5754659,BRYTON VENTURES,5,CONT AMERICA,PULSE,MAINTENANCE,A8X2J09Y3DOZPUE,11.08
Jessica,Bailey,CZ96554,5754659,BRYTON VENTURES,5,NA,PULSE,MAINTENANCE,NO_TS_NA,88.92
Steven,Blanchard,WC06915,3360983,ETHOS CONSULTING,5,APAC OCEANIA,ATLAS,FORFAIT,1KX4QPX03UPK9C7,7.39
Steven,Blanchard,WC06915,3360983,ETHOS CONSULTING,5,CONT,ATLAS,FORFAIT,NO_TS_CONT,92.61
Deanna,Dean,MD95041,9975528,BRYTON CONSULTING,5,EMEA EUROPE,PULSE,SUPPORT,9ZL5VZJQ4S74C7O,15.06
Deanna,Dean,MD95041,9975528,BRYTON CONSULTING,5,CONT,PULSE,SUPPORT,NO_TS_CONT,84.94
Alyssa,Ball,XP21288,4804914,BRYTON SOLUTIONS,5,MEA ASIA,PHOENIX,FORFAIT,DYTPU3TTGRGPD9X,11.93
Amy,Thomas,FE41292,8519631,JALVIK DIGITAL,5,APAC AFRICA,ATLAS,SUPPORT,BAG1CWI8CT8MZ52,9.09
Amy,Thomas,FE41292,8519631,JALVIK DIGITAL,5,EMEA,ATLAS,SUPPORT,NO_TS_EMEA,90.91
Sherry,Lewis,FF23341,5407172,FORVEX DYNAMICS,5,CONT OCEANIA,VERTEX,RPS,36ZG56M9EBOZVGM,13.64
Sherry,Lewis,FF23341,5407172,FORVEX DYNAMICS,5,EMEA,VERTEX,RPS,NO_TS_EMEA,86.36
Dennis,Walters,RS78632,2997910,BRYTON DYNAMICS,5,CONT AFRICA,STELLAR,MAINTENANCE,5AA8S3DOSSC1FRM,11.79
Dennis,Walters,RS78632,2997910,BRYTON DYNAMICS,5,APAC,STELLAR,MAINTENANCE,NO_TS_APAC,88.21
Hector,Jacobson,DL77222,4787281,FORVEX GLOBAL,5,NA OCEANIA,NOVA,RPS,Y150BAOXY504IXC,15.91
Hector,Jacobson,DL77222,4787281,FORVEX GLOBAL,5,EMEA,NOVA,RPS,NO_TS_EMEA,84.09
Kimberly,Fisher,PS30680,4666283,BRYTON DYNAMICS,5,NA AMERICA,VERTEX,MAINTENANCE,MMW89WR919T3PNI,10.23
Kimberly,Fisher,PS30680,4666283,BRYTON DYNAMICS,5,CONT,VERTEX,MAINTENANCE,NO_TS_CONT,89.77
Victoria,Rodriguez,RA86123,9075381,FORVEX DIGITAL,5,APAC AFRICA,STELLAR,REGIE,VE9992U0RGO15DT,8.24
Ian,Ibarra,QZ03753,5921247,BRYTON SOLUTIONS,5,NA EUROPE,NEXUS,RPS,X2DD9IAF184ZT7B,9.23
Ian,Ibarra,QZ03753,5921247,BRYTON SOLUTIONS,5,APAC,NEXUS,RPS,NO_TS_APAC,90.77
Paula,Miller,EZ00023,8519076,CENVEO CONSULTING,5,EMEA OCEANIA,PULSE,MAINTENANCE,GYXR0G3XDWLEYPJ,14.49
Paula,Miller,EZ00023,8519076,CENVEO CONSULTING,5,MEA,PULSE,MAINTENANCE,NO_TS_MEA,85.51
Kathleen,Mendoza,IG40439,1030930,KESTRA CONSULTING,5,APAC AMERICA,ATLAS,REGIE,ET74KU8CUYOA8DH,10.51
Kevin,Baker,BC11721,1648642,FORVEX DIGITAL,5,APAC AFRICA,STELLAR,SUPPORT,416OVRHYPPMXDRO,10.8
Kevin,Baker,BC11721,1648642,FORVEX DIGITAL,5,APAC,STELLAR,SUPPORT,NO_TS_APAC,89.2
Elizabeth,Lopez,DC39241,1668395,HYRION GLOBAL,5,APAC OCEANIA,VERTEX,SUPPORT,HQTBX088F8O8KU9,7.81
Elizabeth,Lopez,DC39241,1668395,HYRION GLOBAL,5,CONT,VERTEX,SUPPORT,NO_TS_CONT,92.19
Jonathan,Warner,AY40628,3415442,KESTRA DIGITAL,5,CONT AMERICA,QUANTUM,REGIE,U2TDHZDB11BXG0F,8.66
Jonathan,Warner,AY40628,3415442,KESTRA DIGITAL,5,EMEA,QUANTUM,REGIE,NO_TS_EMEA,91.34
Karen,Webb,FQ59441,1129099,INOVA DIGITAL,5,LATAM EUROPE,NEXUS,REGIE,JXV7JI9CM0ZBLXR,11.93
Karen,Webb,FQ59441,1129099,INOVA DIGITAL,5,CONT,NEXUS,REGIE,NO_TS_CONT,88.07
Susan,Harris,GY00711,7279805,ETHOS CONSULTING,5,CONT AFRICA,ORBIT,MAINTENANCE,CSZSWOVN7GLHGKL,13.64
Susan,Harris,GY00711,7279805,ETHOS CONSULTING,5,MEA,ORBIT,MAINTENANCE,NO_TS_MEA,86.36
Jeremy,Rodriguez,NT29820,7326337,ETHOS SYSTEMS,5,NA AMERICA,NEXUS,FORFAIT,H0Z4V883VD5R1NH,12.5
Jeremy,Rodriguez,NT29820,7326337,ETHOS SYSTEMS,5,LATAM,NEXUS,FORFAIT,NO_TS_LATAM,87.5
Dustin,Evans,ZH88215,9600758,BRYTON SYSTEMS,5,LATAM AFRICA,ATLAS,SUPPORT,DC3T25P4O19E87N,12.5
Dustin,Evans,ZH88215,9600758,BRYTON SYSTEMS,5,MEA,ATLAS,SUPPORT,NO_TS_MEA,87.5
Bobby,Garcia,AG06506,3017619,ETHOS DYNAMICS,5,NA EUROPE,NOVA,MAINTENANCE,DOV6YKLD8RSR7VR,15.91
Bobby,Garcia,AG06506,3017619,ETHOS DYNAMICS,5,APAC,NOVA,MAINTENANCE,NO_TS_APAC,84.09
Amanda,Hampton,WB20237,2784364,HYRION DIGITAL,5,APAC MENA,STELLAR,RPS,ORDVDJNDRKYCBMY,11.51
Amanda,Hampton,WB20237,2784364,HYRION DIGITAL,5,MEA,STELLAR,RPS,NO_TS_MEA,88.49
Christy,Russell,CL35162,7654166,INOVA SYSTEMS,5,CONT MENA,PULSE,SUPPORT,CYKL48MDJZ3WM81,13.64
Christy,Russell,CL35162,7654166,INOVA SYSTEMS,5,CONT,PULSE,SUPPORT,NO_TS_CONT,86.36
Angela,Terry,YR38806,7382594,LUMEX VENTURES,5,MEA AMERICA,NOVA,MAINTENANCE,NV9UQ7AH3CODV2P,11.36
Stephen,Parks,IN40873,1567929,LUMEX VENTURES,5,APAC ASIA,NEXUS,MAINTENANCE,K1A1B62V3H9W7KI,14.77
Kimberly,Smith,KT45534,2734206,CENVEO GROUP,5,CONT AFRICA,QUANTUM,FORFAIT,W8LXPXNCL4OZ5Z4,8.1
Kimberly,Smith,KT45534,2734206,CENVEO GROUP,5,NA,QUANTUM,FORFAIT,NO_TS_NA,91.9
Jeffrey,Riley,RA76786,8469013,GOLZEN DIGITAL,5,LATAM MENA,PHOENIX,MAINTENANCE,CVZIUAI4XIMWEPU,12.78
Jeffrey,Riley,RA76786,8469013,GOLZEN DIGITAL,5,EMEA,PHOENIX,MAINTENANCE,NO_TS_EMEA,87.22
James,Patterson,DF60535,3587236,ETHOS SYSTEMS,5,CONT MENA,PHOENIX,REGIE,KYZKY1C6WBEOUYR,8.1
Joseph,Griffin,ZW78334,4311385,INOVA GROUP,5,LATAM MENA,NEXUS,RPS,8TAAOQVECVWKY1X,12.5
Joseph,Griffin,ZW78334,4311385,INOVA GROUP,5,APAC,NEXUS,RPS,NO_TS_APAC,87.5
Chad,Flores,SI76846,1789734,DELVO GROUP,5,LATAM AFRICA,NOVA,RPS,5SO71VOOEZC3NJB,12.78
Chad,Flores,SI76846,1789734,DELVO GROUP,5,CONT,NOVA,RPS,NO_TS_CONT,87.22
Ryan,Watson,AH74150,8575094,LUMEX DIGITAL,5,MEA ASIA,STELLAR,RPS,68ND8OGP928WJQ6,11.65
Ryan,Watson,AH74150,8575094,LUMEX DIGITAL,5,LATAM,STELLAR,RPS,NO_TS_LATAM,88.35
Denise,Elliott,SO44241,1977427,ALCOR GROUP,5,APAC AMERICA,NOVA,FORFAIT,ZEH4GPX6A5D1U1P,13.64
Rachel,Hall,CG92687,7835503,DELVO GROUP,5,MEA AFRICA,STELLAR,MAINTENANCE,8M3LSG0TU6QB39A,15.91
Brett,Montgomery,RF40830,5975888,HYRION GLOBAL,5,LATAM ASIA,ATLAS,RPS,ZPAIOK1BATAF6DS,14.35
Brett,Montgomery,RF40830,5975888,HYRION GLOBAL,5,EMEA,ATLAS,RPS,NO_TS_EMEA,85.65
Nathan,Berger,MD98989,9144377,ALCOR SYSTEMS,5,CONT OCEANIA,PHOENIX,REGIE,P2GOU2MDB8DDRLG,11.93
Nathan,Berger,MD98989,9144377,ALCOR SYSTEMS,5,EMEA,PHOENIX,REGIE,NO_TS_EMEA,88.07
Johnny,Snyder,FK50894,8947837,CENVEO SYSTEMS,5,EMEA EUROPE,STELLAR,RPS,G2OU4HDOG89TQWW,9.23
Johnny,Snyder,FK50894,8947837,CENVEO SYSTEMS,5,APAC,STELLAR,RPS,NO_TS_APAC,90.77
Jeffrey,Reyes,QR63023,1680284,GOLZEN GLOBAL,5,EMEA AMERICA,ORBIT,MAINTENANCE,6EPB1DTYT0HYXA6,10.23
Jeffrey,Reyes,QR63023,1680284,GOLZEN GLOBAL,5,APAC,ORBIT,MAINTENANCE,NO_TS_APAC,89.77
Joyce,Costa,NO78026,9710326,LUMEX SYSTEMS,5,APAC ASIA,ATLAS,MAINTENANCE,QAQ7LJDE00MMXGV,14.77
Joyce,Costa,NO78026,9710326,LUMEX SYSTEMS,5,EMEA,ATLAS,MAINTENANCE,NO_TS_EMEA,85.23
Jack,Tran,SA47763,2210155,FORVEX GROUP,5,LATAM AMERICA,ORBIT,MAINTENANCE,1PUZP23LYHURLVU,10.51
Jack,Tran,SA47763,2210155,FORVEX GROUP,5,CONT,ORBIT,MAINTENANCE,NO_TS_CONT,89.49
Tamara,Clark,JD99084,1568127,ETHOS DIGITAL,5,APAC OCEANIA,ATLAS,FORFAIT,8YYRHZLUL83QI3L,9.09
Yvette,Rios,VP48311,3230601,INOVA SOLUTIONS,5,EMEA MENA,STELLAR,FORFAIT,RDL879VEPMSVJ2S,9.66
Yvette,Rios,VP48311,3230601,INOVA SOLUTIONS,5,MEA,STELLAR,FORFAIT,NO_TS_MEA,90.34
Jonathan,Bryant,BV70409,6850795,HYRION VENTURES,5,LATAM ASIA,VERTEX,MAINTENANCE,OLSI5XS62M3QMOM,15.91
Jonathan,Bryant,BV70409,6850795,HYRION VENTURES,5,NA,VERTEX,MAINTENANCE,NO_TS_NA,84.09
Rebecca,Martin,HX39015,7803250,ALCOR DIGITAL,5,LATAM OCEANIA,QUANTUM,SUPPORT,U3OT1EGPJQLDY9V,8.38
Rebecca,Martin,HX39015,7803250,ALCOR DIGITAL,5,APAC,QUANTUM,SUPPORT,NO_TS_APAC,91.62
Alejandra,Taylor,BE32135,1889082,LUMEX TECH,5,NA AMERICA,QUANTUM,FORFAIT,33EMKD606KSHT4E,11.93
Alejandra,Taylor,BE32135,1889082,LUMEX TECH,5,EMEA,QUANTUM,FORFAIT,NO_TS_EMEA,88.07
Daniel,Duffy,HQ81343,3200275,BRYTON GROUP,5,APAC AFRICA,ATLAS,REGIE,X4QHLAIDNLBP51I,13.07
Daniel,Duffy,HQ81343,3200275,BRYTON GROUP,5,CONT,ATLAS,REGIE,NO_TS_CONT,86.93
Nicole,Perry,GV00990,6127440,CENVEO SYSTEMS,5,APAC MENA,ORBIT,SUPPORT,LZG6LJ8XWE7K9AV,13.64
Nicole,Perry,GV00990,6127440,CENVEO SYSTEMS,5,EMEA,ORBIT,SUPPORT,NO_TS_EMEA,86.36
Taylor,Taylor,NA85613,1435858,GOLZEN GLOBAL,5,CONT AFRICA,PULSE,REGIE,B94BRSS9N203D9O,14.2
Taylor,Taylor,NA85613,1435858,GOLZEN GLOBAL,5,NA,PULSE,REGIE,NO_TS_NA,85.8
Jennifer,Davis,KE05148,4018909,GOLZEN GROUP,5,CONT MENA,PHOENIX,RPS,DCE1787BUJKX055,10.23
Jennifer,Davis,KE05148,4018909,GOLZEN GROUP,5,LATAM,PHOENIX,RPS,NO_TS_LATAM,89.77
Tiffany,Brown,RP91404,3988487,KESTRA GROUP,5,CONT AFRICA,ATLAS,RPS,PGIQCBCITL4LUSV,10.8
Rhonda,Dunn,MI84285,4521539,INOVA GLOBAL,5,NA AMERICA,VERTEX,FORFAIT,GO5TK8AL3P9CDA9,14.77
Rhonda,Dunn,MI84285,4521539,INOVA GLOBAL,5,NA,VERTEX,FORFAIT,NO_TS_NA,85.23
Christina,Cole,GJ78883,9512506,ETHOS DIGITAL,5,CONT OCEANIA,ORBIT,RPS,LAB5ZRW1UJOO7UT,10.23
Christina,Cole,GJ78883,9512506,ETHOS DIGITAL,5,CONT,ORBIT,RPS,NO_TS_CONT,89.77
Michael,Kennedy,QW61320,8081899,CENVEO DYNAMICS,5,APAC EUROPE,PULSE,FORFAIT,4H52D0RF9GL1NWZ,12.22
Tracy,Spencer,MW28573,3880142,BRYTON SYSTEMS,5,CONT AFRICA,PULSE,MAINTENANCE,23KSWQS5A7ZUZKX,10.8
Tracy,Spencer,MW28573,3880142,BRYTON SYSTEMS,5,NA,PULSE,MAINTENANCE,NO_TS_NA,89.2
Chad,Brown,RT54180,5418384,FORVEX TECH,5,MEA EUROPE,PHOENIX,RPS,9RBB7S3IL5WM3SW,11.36
Chad,Brown,RT54180,5418384,FORVEX TECH,5,MEA,PHOENIX,RPS,NO_TS_MEA,88.64
Bethany,Meyer,UD78757,4665243,ALCOR DIGITAL,5,NA AFRICA,ORBIT,REGIE,L9510J916X5HUF7,10.23
Bethany,Meyer,UD78757,4665243,ALCOR DIGITAL,5,MEA,ORBIT,REGIE,NO_TS_MEA,89.77
Ronald,Melton,EQ42248,1493614,ETHOS SOLUTIONS,5,MEA MENA,PHOENIX,MAINTENANCE,VLDRA0CO4XIQP7P,9.66
Ronald,Melton,EQ42248,1493614,ETHOS SOLUTIONS,5,LATAM,PHOENIX,MAINTENANCE,NO_TS_LATAM,90.34
Allison,Green,CO85691,6579842,BRYTON DYNAMICS,5,EMEA ASIA,PULSE,FORFAIT,N9ZX5GUIPEE665I,8.81
Allison,Green,CO85691,6579842,BRYTON DYNAMICS,5,LATAM,PULSE,FORFAIT,NO_TS_LATAM,91.19
William,Spence,LU31447,9973999,CENVEO CONSULTING,5,CONT MENA,STELLAR,MAINTENANCE,V7A1P8MCEUS8WG9,8.38
Richard,Cantrell,KG23094,1786894,DELVO TECH,5,CONT AFRICA,PULSE,SUPPORT,HYVHN9EAVUP1M13,12.07
Annette,Crawford,DJ74013,2439452,KESTRA VENTURES,5,APAC OCEANIA,STELLAR,REGIE,YR8ZD9TQKM502MF,8.24
Annette,Crawford,DJ74013,2439452,KESTRA VENTURES,5,CONT,STELLAR,REGIE,NO_TS_CONT,91.76
Mark,Arellano,JH21818,3933783,FORVEX VENTURES,5,CONT MENA,QUANTUM,REGIE,LLC6BAZ9OZHAG9K,9.38
Mark,Arellano,JH21818,3933783,FORVEX VENTURES,5,NA,QUANTUM,REGIE,NO_TS_NA,90.63
Jeremiah,Craig,UV79301,8253574,GOLZEN GROUP,5,CONT MENA,ORBIT,MAINTENANCE,P1BEUD7E1U1MUNH,13.35
Mark,Miller,AG19869,7198964,ETHOS TECH,5,NA AMERICA,PHOENIX,MAINTENANCE,ESPO19XO5USHRHK,11.65
Mark,Miller,AG19869,7198964,ETHOS TECH,5,APAC,PHOENIX,MAINTENANCE,NO_TS_APAC,88.35
Danielle,Calhoun,AB49760,4149043,ALCOR SOLUTIONS,5,MEA MENA,NOVA,REGIE,00D8HL9IDN0YRX3,10.8
Danielle,Calhoun,AB49760,4149043,ALCOR SOLUTIONS,5,NA,NOVA,REGIE,NO_TS_NA,89.2
Andrew,Murphy,GV66740,9668038,GOLZEN SOLUTIONS,5,MEA OCEANIA,ORBIT,RPS,9D56SZW7173CIO4,10.23
Denise,Ayers,ZR76939,9599626,INOVA GLOBAL,5,LATAM ASIA,NOVA,REGIE,990SCN035UZNH2W,11.93
Denise,Ayers,ZR76939,9599626,INOVA GLOBAL,5,NA,NOVA,REGIE,NO_TS_NA,88.07
Cory,Rodriguez,OC59224,6350767,GOLZEN VENTURES,5,MEA MENA,ATLAS,REGIE,TC2RZN0MDJ7SBMP,11.36
Cory,Rodriguez,OC59224,6350767,GOLZEN VENTURES,5,LATAM,ATLAS,REGIE,NO_TS_LATAM,88.64
Jennifer,Martinez,UB72255,2762627,CENVEO GLOBAL,5,LATAM AMERICA,PHOENIX,RPS,VW2YX4GQ7DXG07I,10.09
Kelly,Brown,QW96003,6347827,BRYTON VENTURES,5,CONT AFRICA,QUANTUM,REGIE,C9G0XZZ79AUN638,12.5
Kelly,Brown,QW96003,6347827,BRYTON VENTURES,5,EMEA,QUANTUM,REGIE,NO_TS_EMEA,87.5
Adam,Ramsey,JQ63567,9457278,KESTRA SYSTEMS,5,APAC ASIA,STELLAR,RPS,HSW4YTOL82Y782U,11.79
Adam,Ramsey,JQ63567,9457278,KESTRA SYSTEMS,5,EMEA,STELLAR,RPS,NO_TS_EMEA,88.21
Jennifer,Mccoy,BC34411,1752079,JALVIK CONSULTING,5,LATAM MENA,NOVA,REGIE,CYBCZ6Y1SS49ZSJ,9.94
Jennifer,Mccoy,BC34411,1752079,JALVIK CONSULTING,5,NA,NOVA,REGIE,NO_TS_NA,90.06
Chelsea,Mckinney,CI54712,1827051,ALCOR CONSULTING,5,EMEA EUROPE,PHOENIX,RPS,FEWPP56DA9C4MYQ,12.22
Chelsea,Mckinney,CI54712,1827051,ALCOR CONSULTING,5,CONT,PHOENIX,RPS,NO_TS_CONT,87.78
Michael,Vazquez,ST13078,6637985,INOVA TECH,5,APAC EUROPE,ATLAS,FORFAIT,F1DVBA1YE0H8VV5,9.66
Michael,Vazquez,ST13078,6637985,INOVA TECH,5,EMEA,ATLAS,FORFAIT,NO_TS_EMEA,90.34
Nancy,Contreras,VV75141,6844324,ALCOR DYNAMICS,5,LATAM AMERICA,QUANTUM,RPS,TMCBL86BBQOEQXB,8.24
Nancy,Contreras,VV75141,6844324,ALCOR DYNAMICS,5,MEA,QUANTUM,RPS,NO_TS_MEA,91.76
Amanda,Moreno,JZ14237,1740739,ETHOS SYSTEMS,5,MEA OCEANIA,PULSE,SUPPORT,T4JK1SLGTCVAJE3,7.1
Amanda,Moreno,JZ14237,1740739,ETHOS SYSTEMS,5,LATAM,PULSE,SUPPORT,NO_TS_LATAM,92.9
Kevin,Cervantes,YX65896,1785735,INOVA VENTURES,5,EMEA EUROPE,PHOENIX,RPS,GDE8X4CYNT2SPWM,4.58
Kevin,Cervantes,YX65896,1785735,INOVA VENTURES,5,EMEA,PHOENIX,RPS,NO_TS_EMEA,95.42
Larry,Griffin,OS96944,8838528,KESTRA DYNAMICS,5,NA EUROPE,PULSE,FORFAIT,7803EC0SVLIIQ75,11.36
Larry,Griffin,OS96944,8838528,KESTRA DYNAMICS,5,EMEA,PULSE,FORFAIT,NO_TS_EMEA,88.64
Maria,Roberson,QN00798,1291708,ALCOR SYSTEMS,5,LATAM AMERICA,QUANTUM,RPS,XYUFRBK58HMA93A,11.36
Maria,Roberson,QN00798,1291708,ALCOR SYSTEMS,5,EMEA,QUANTUM,RPS,NO_TS_EMEA,88.64
Paul,Thomas,TQ16937,5082806,BRYTON SYSTEMS,5,CONT AFRICA,PULSE,FORFAIT,N87IH2B5OOWIM7U,9.94
Paul,Thomas,TQ16937,5082806,BRYTON SYSTEMS,5,APAC,PULSE,FORFAIT,NO_TS_APAC,90.06
Michael,Webster,OO80115,6296643,FORVEX DYNAMICS,5,CONT EUROPE,PHOENIX,FORFAIT,9BM67R7UM5F3Q8O,8.52
Carrie,Hanson,AB29345,3427492,HYRION GLOBAL,5,LATAM ASIA,NEXUS,MAINTENANCE,SBU6J1O52KA9YRN,15.2
Carrie,Hanson,AB29345,3427492,HYRION GLOBAL,5,EMEA,NEXUS,MAINTENANCE,NO_TS_EMEA,84.8
Amanda,Dominguez,MY49108,3298683,CENVEO GLOBAL,5,CONT AFRICA,NEXUS,RPS,BXE6ELI6K6HCRRM,11.93
Amanda,Dominguez,MY49108,3298683,CENVEO GLOBAL,5,NA,NEXUS,RPS,NO_TS_NA,88.07
Christopher,Conley,CV23871,9515516,GOLZEN TECH,5,LATAM OCEANIA,VERTEX,RPS,SI273NJ5BYQQ3FM,8.24
Christopher,Conley,CV23871,9515516,GOLZEN TECH,5,APAC,VERTEX,RPS,NO_TS_APAC,91.76
Brandy,Myers,WT12799,2188772,CENVEO GLOBAL,5,CONT ASIA,VERTEX,REGIE,ZEWX62C6YYFSHBQ,11.93
Brandy,Myers,WT12799,2188772,CENVEO GLOBAL,5,NA,VERTEX,REGIE,NO_TS_NA,88.07
Nicholas,Anderson,XI43519,5573249,ETHOS SOLUTIONS,5,LATAM AFRICA,ATLAS,MAINTENANCE,CLL92UZEFQ89C3D,7.39
Benjamin,Johnson,PX31022,9710689,FORVEX GROUP,5,APAC AFRICA,PULSE,FORFAIT,23DXTBUACFBA31S,10.23
Mackenzie,Williams,NG94610,3064036,ETHOS GROUP,5,LATAM EUROPE,QUANTUM,SUPPORT,7E2DV4FN28I85HY,8.52
Mackenzie,Williams,NG94610,3064036,ETHOS GROUP,5,APAC,QUANTUM,SUPPORT,NO_TS_APAC,91.48
Janet,Gordon,HT86416,5817126,INOVA VENTURES,5,EMEA OCEANIA,PULSE,SUPPORT,F7G0VFBOW8EO8VM,13.35
Janet,Gordon,HT86416,5817126,INOVA VENTURES,5,CONT,PULSE,SUPPORT,NO_TS_CONT,86.65
Beth,Flores,SE57996,7046216,HYRION GLOBAL,5,LATAM MENA,QUANTUM,RPS,6XBVN7A0KBSTZB5,9.66
Beth,Flores,SE57996,7046216,HYRION GLOBAL,5,CONT,QUANTUM,RPS,NO_TS_CONT,90.34
William,Stone,AW53825,8531677,FORVEX SYSTEMS,5,EMEA ASIA,ATLAS,RPS,IB5BGMFXU8VHUQF,9.38
William,Stone,AW53825,8531677,FORVEX SYSTEMS,5,NA,ATLAS,RPS,NO_TS_NA,90.63
Sarah,White,PO86517,9646620,CENVEO GROUP,5,EMEA OCEANIA,ORBIT,SUPPORT,B1VMCKOV4F3C2KQ,11.65
Sarah,White,PO86517,9646620,CENVEO GROUP,5,NA,ORBIT,SUPPORT,NO_TS_NA,88.35
Kenneth,Brown,CH50195,3351533,CENVEO GLOBAL,5,NA MENA,PULSE,SUPPORT,6GEDWOYOD3KEUGZ,11.36
Kenneth,Brown,CH50195,3351533,CENVEO GLOBAL,5,CONT,PULSE,SUPPORT,NO_TS_CONT,88.64
Richard,Crosby,JL59523,5577707,JALVIK GROUP,5,MEA EUROPE,ORBIT,SUPPORT,9MK0DWBITQPJKVV,13.64
Richard,Crosby,JL59523,5577707,JALVIK GROUP,5,MEA,ORBIT,SUPPORT,NO_TS_MEA,86.36
Shannon,Smith,VQ22777,8717918,ETHOS GROUP,5,NA OCEANIA,VERTEX,SUPPORT,A9C5J0GCBIM77IH,10.65
Matthew,Hernandez,HL13377,9492250,DELVO CONSULTING,5,APAC MENA,ORBIT,SUPPORT,MB92I2BN59CCVPL,13.64
Dawn,Green,RR22933,2721095,JALVIK VENTURES,5,CONT AFRICA,QUANTUM,SUPPORT,L57F771YBB0G2RL,13.64
Dawn,Green,RR22933,2721095,JALVIK VENTURES,5,NA,QUANTUM,SUPPORT,NO_TS_NA,86.36
Courtney,Soto,RZ52470,4282131,ETHOS CONSULTING,5,APAC EUROPE,STELLAR,SUPPORT,KUW8GB12LRZ99WJ,8.52
Jason,Crane,AY71708,7692236,BRYTON DIGITAL,5,LATAM MENA,ORBIT,RPS,JG93FGT0B9NBYHV,11.93
Jason,Crane,AY71708,7692236,BRYTON DIGITAL,5,EMEA,ORBIT,RPS,NO_TS_EMEA,88.07
Anthony,Dyer,VA34235,2325074,FORVEX TECH,5,EMEA AMERICA,ATLAS,REGIE,NSQSF1QNMGCS6V2,12.5
Anthony,Dyer,VA34235,2325074,FORVEX TECH,5,APAC,ATLAS,REGIE,NO_TS_APAC,87.5
Michelle,Wilson,HN50427,8148262,CENVEO DIGITAL,5,LATAM ASIA,ATLAS,RPS,J19IFF917CSI1LM,12.22
Michelle,Wilson,HN50427,8148262,CENVEO DIGITAL,5,APAC,ATLAS,RPS,NO_TS_APAC,87.78
Brooke,Fischer,LW96491,5767030,HYRION DIGITAL,5,MEA ASIA,STELLAR,SUPPORT,2OSAOWJGFONS75T,8.1
Brooke,Fischer,LW96491,5767030,HYRION DIGITAL,5,LATAM,STELLAR,SUPPORT,NO_TS_LATAM,91.9
John,Baker,GY00723,8922059,KESTRA SOLUTIONS,5,MEA MENA,PHOENIX,MAINTENANCE,D5VNP6XVKEUY629,11.36
John,Baker,GY00723,8922059,KESTRA SOLUTIONS,5,LATAM,PHOENIX,MAINTENANCE,NO_TS_LATAM,88.64
William,Strong,WQ87051,5296812,KESTRA SOLUTIONS,5,LATAM ASIA,PULSE,MAINTENANCE,IHPH8XCADE59KLA,8.24
William,Strong,WQ87051,5296812,KESTRA SOLUTIONS,5,CONT,PULSE,MAINTENANCE,NO_TS_CONT,91.76
Jason,Ellis,SX11256,4800223,ETHOS SOLUTIONS,5,LATAM AFRICA,NOVA,REGIE,PIJAIVXWIK5NJUK,6.68
Jason,Ellis,SX11256,4800223,ETHOS SOLUTIONS,5,APAC,NOVA,REGIE,NO_TS_APAC,93.32
Shelley,Black,FD71701,4550157,HYRION GROUP,5,NA AFRICA,PHOENIX,RPS,EMI6WFB0SG5DEDV,11.93
Shelley,Black,FD71701,4550157,HYRION GROUP,5,MEA,PHOENIX,RPS,NO_TS_MEA,88.07
Leah,Osborne,PU08285,8299595,ALCOR DIGITAL,5,APAC AMERICA,PULSE,FORFAIT,KT9G53JJNB8Z5LK,9.52
Lindsey,Thompson,LC42822,4648153,ETHOS SYSTEMS,5,NA AMERICA,NEXUS,MAINTENANCE,0TIDXJMOVL2MA94,13.07
Lindsey,Thompson,LC42822,4648153,ETHOS SYSTEMS,5,CONT,NEXUS,MAINTENANCE,NO_TS_CONT,86.93
Jim,Schaefer,MH76724,9726997,INOVA DIGITAL,5,CONT MENA,STELLAR,REGIE,1M3X6WNDUXFLBWV,13.64
Jim,Schaefer,MH76724,9726997,INOVA DIGITAL,5,EMEA,STELLAR,REGIE,NO_TS_EMEA,86.36
Anthony,Chandler,AI85864,7416015,DELVO GROUP,5,MEA OCEANIA,VERTEX,MAINTENANCE,JU0A2Z82MSSGOA4,11.36
Anthony,Chandler,AI85864,7416015,DELVO GROUP,5,EMEA,VERTEX,MAINTENANCE,NO_TS_EMEA,88.64
Janice,Montgomery,WZ30683,8165467,FORVEX SYSTEMS,5,APAC AFRICA,QUANTUM,RPS,K9B9I8IZLONOD9M,4.17
Janice,Montgomery,WZ30683,8165467,FORVEX SYSTEMS,5,MEA,QUANTUM,RPS,NO_TS_MEA,95.83
Robert,Massey,NV03578,4490620,KESTRA DYNAMICS,5,CONT MENA,VERTEX,FORFAIT,B9WVE1RDOI0K5AQ,9.09
Robert,Massey,NV03578,4490620,KESTRA DYNAMICS,5,EMEA,VERTEX,FORFAIT,NO_TS_EMEA,90.91
Nathaniel,Carter,YB49008,8648000,JALVIK GLOBAL,5,MEA EUROPE,NEXUS,RPS,T7SPQYB4PNFQLY5,11.36
Nathaniel,Carter,YB49008,8648000,JALVIK GLOBAL,5,MEA,NEXUS,RPS,NO_TS_MEA,88.64
Jeffrey,Oconnor,XE76433,8413227,GOLZEN SYSTEMS,5,CONT ASIA,STELLAR,SUPPORT,7XICXMZ15VA4XKJ,9.09
Jeffrey,Oconnor,XE76433,8413227,GOLZEN SYSTEMS,5,LATAM,STELLAR,SUPPORT,NO_TS_LATAM,90.91
Robert,Smith,QY17512,4574494,INOVA VENTURES,5,MEA EUROPE,ATLAS,REGIE,87O22IUEK89OAMS,13.35
Robert,Smith,QY17512,4574494,INOVA VENTURES,5,EMEA,ATLAS,REGIE,NO_TS_EMEA,86.65
Shawn,Kaufman,KO72395,1534672,FORVEX DIGITAL,5,LATAM MENA,ORBIT,FORFAIT,BHKHJD3ESTR0YVG,10.23
Shawn,Kaufman,KO72395,1534672,FORVEX DIGITAL,5,MEA,ORBIT,FORFAIT,NO_TS_MEA,89.77
Jessica,Rodriguez,WD43802,8641915,ETHOS DYNAMICS,5,NA OCEANIA,STELLAR,REGIE,GK2LWHST8WU6VFE,13.64
Jessica,Rodriguez,WD43802,8641915,ETHOS DYNAMICS,5,MEA,STELLAR,REGIE,NO_TS_MEA,86.36
Danielle,Moore,HS72508,2345455,ALCOR SYSTEMS,5,LATAM MENA,ORBIT,MAINTENANCE,OBZNFUTZQQKZ5EQ,9.23
Michael,Smith,SP00842,1839194,FORVEX GLOBAL,5,CONT OCEANIA,PHOENIX,RPS,3I47DXD6OK1OGSN,13.64
Andrew,Graham,XY88077,8811697,BRYTON DIGITAL,5,EMEA MENA,PHOENIX,SUPPORT,AVNEYSU36Z9J7JQ,12.07
Andrew,Graham,XY88077,8811697,BRYTON DIGITAL,5,MEA,PHOENIX,SUPPORT,NO_TS_MEA,87.93
William,Williams,HO53645,9363955,CENVEO DIGITAL,5,NA EUROPE,NOVA,FORFAIT,TGXEY91LT74NB2X,11.36
William,Williams,HO53645,9363955,CENVEO DIGITAL,5,NA,NOVA,FORFAIT,NO_TS_NA,88.64
Jennifer,Martinez,OC47280,7571304,CENVEO SYSTEMS,5,LATAM MENA,PHOENIX,MAINTENANCE,NFWJ9XJUI43628V,12.5
Linda,Gilmore,LW42495,2131752,ETHOS SOLUTIONS,5,LATAM EUROPE,NOVA,RPS,EK3RN0CLP3NHN0C,14.77
Andrew,George,HN37434,7931662,BRYTON SYSTEMS,5,CONT AMERICA,STELLAR,MAINTENANCE,X359BUZIU3DDIKN,10.23
Caitlin,Miller,GW02853,1219332,HYRION SOLUTIONS,5,EMEA AFRICA,STELLAR,REGIE,ZNT7I8A85B6FK8Y,13.64
Caitlin,Miller,GW02853,1219332,HYRION SOLUTIONS,5,CONT,STELLAR,REGIE,NO_TS_CONT,86.36
Jacqueline,Parker,VU07774,7684345,KESTRA TECH,5,EMEA MENA,VERTEX,RPS,2YYH4J3A1OWT3WQ,9.66
Bradley,Romero,TB17064,1839977,LUMEX GLOBAL,5,CONT EUROPE,PULSE,REGIE,1T6J83FXVT7TRU2,10.8
Kristin,Sullivan,PP34620,3999832,KESTRA DIGITAL,5,MEA AMERICA,PULSE,MAINTENANCE,C9ULEWA2DZRR6FI,10.51
David,Flores,YT11468,7866530,HYRION DIGITAL,5,MEA AFRICA,VERTEX,RPS,YFOXD6923Y5BR3N,13.64
David,Flores,YT11468,7866530,HYRION DIGITAL,5,NA,VERTEX,RPS,NO_TS_NA,86.36
Joshua,Vang,PK17352,7505389,FORVEX DIGITAL,5,NA MENA,PULSE,MAINTENANCE,50O2MFITVATF7FN,9.09
Joshua,Vang,PK17352,7505389,FORVEX DIGITAL,5,MEA,PULSE,MAINTENANCE,NO_TS_MEA,90.91
Scott,Park,CJ18143,9271617,INOVA DYNAMICS,5,LATAM MENA,STELLAR,REGIE,O2B09D6Z07I9R8L,16.62
Scott,Park,CJ18143,9271617,INOVA DYNAMICS,5,LATAM,STELLAR,REGIE,NO_TS_LATAM,83.38
Lauren,Webb,ZU39574,4690466,LUMEX DIGITAL,5,NA ASIA,QUANTUM,REGIE,LVNVOBW1CG7ENI3,11.93
Lauren,Webb,ZU39574,4690466,LUMEX DIGITAL,5,CONT,QUANTUM,REGIE,NO_TS_CONT,88.07
Olivia,King,NR87679,5983849,INOVA SOLUTIONS,5,NA OCEANIA,NOVA,SUPPORT,V553VB87SSNZS0R,11.36
Thomas,Stewart,ZL98212,1480366,DELVO SOLUTIONS,5,CONT EUROPE,NEXUS,FORFAIT,970KZK0ZUHU3SZ6,11.93
Thomas,Stewart,ZL98212,1480366,DELVO SOLUTIONS,5,APAC,NEXUS,FORFAIT,NO_TS_APAC,88.07
Walter,Cook,MS45386,3984273,DELVO GROUP,5,LATAM EUROPE,VERTEX,SUPPORT,OYOWQEWKKF7MATY,13.64
Walter,Cook,MS45386,3984273,DELVO GROUP,5,CONT,VERTEX,SUPPORT,NO_TS_CONT,86.36
Madison,Shepard,RJ45279,4363203,KESTRA SYSTEMS,5,CONT EUROPE,QUANTUM,SUPPORT,6DWZEAT8B63HZYK,12.5
Thomas,Young,KE19709,5561996,HYRION TECH,5,LATAM EUROPE,STELLAR,REGIE,TZHV5NKM74W6JDG,10.51
Thomas,Young,KE19709,5561996,HYRION TECH,5,APAC,STELLAR,REGIE,NO_TS_APAC,89.49
Andrew,Taylor,UV82976,4393079,HYRION DYNAMICS,5,CONT ASIA,PHOENIX,MAINTENANCE,ZQGZGYV6L8UTMCB,10.94
Andrew,Taylor,UV82976,4393079,HYRION DYNAMICS,5,APAC,PHOENIX,MAINTENANCE,NO_TS_APAC,89.06
Amy,Sloan,AG60054,4095529,INOVA GLOBAL,5,LATAM OCEANIA,PULSE,SUPPORT,ZOO3G2J7053FB4U,12.5
Jessica,Landry,PC47020,3811207,JALVIK CONSULTING,5,EMEA EUROPE,PHOENIX,SUPPORT,ZHRA8YMXTTSRA6K,16.19
Jessica,Landry,PC47020,3811207,JALVIK CONSULTING,5,LATAM,PHOENIX,SUPPORT,NO_TS_LATAM,83.81
Dylan,Boone,AW16887,8093212,KESTRA GROUP,5,EMEA ASIA,PULSE,MAINTENANCE,5RVBQNYYMXE9VKU,7.24
Dylan,Boone,AW16887,8093212,KESTRA GROUP,5,EMEA,PULSE,MAINTENANCE,NO_TS_EMEA,92.76
Jason,Swanson,UX56781,4878860,CENVEO DIGITAL,5,LATAM ASIA,QUANTUM,REGIE,7IIV2C2QY6ZUIEY,17.05
Jason,Swanson,UX56781,4878860,CENVEO DIGITAL,5,NA,QUANTUM,REGIE,NO_TS_NA,82.95
Teresa,Hamilton,AJ02824,9371789,FORVEX GLOBAL,5,APAC ASIA,QUANTUM,MAINTENANCE,QXS12WAU03DY4KD,12.5
Dustin,Mills,AK93568,8840740,ALCOR TECH,5,CONT OCEANIA,VERTEX,MAINTENANCE,09Z4GKUOSS71N6Y,9.23
Rhonda,Wilkins,SH85609,7438230,GOLZEN VENTURES,5,NA MENA,ATLAS,RPS,FIBWV2JKCUZ1IL3,10.8
Daniel,Rodriguez,RT49667,7087492,ETHOS VENTURES,5,NA MENA,ORBIT,SUPPORT,5ZNOS5YHEK9C43U,11.93
Daniel,Rodriguez,RT49667,7087492,ETHOS VENTURES,5,CONT,ORBIT,SUPPORT,NO_TS_CONT,88.07
Edward,Stephens,WO22014,1038025,HYRION DYNAMICS,5,LATAM AFRICA,VERTEX,REGIE,6YW2WUVVV4SKNH0,11.93
Edward,Stephens,WO22014,1038025,HYRION DYNAMICS,5,APAC,VERTEX,REGIE,NO_TS_APAC,88.07
Samantha,White,TB98445,1280756,FORVEX SYSTEMS,5,CONT MENA,QUANTUM,REGIE,LSXZ0HUJO4O27TE,13.64
Samantha,White,TB98445,1280756,FORVEX SYSTEMS,5,NA,QUANTUM,REGIE,NO_TS_NA,86.36
Rose,Palmer,UC02549,8995860,DELVO SYSTEMS,5,CONT EUROPE,ATLAS,FORFAIT,T5386W0L6A36AAP,9.38
Rose,Palmer,UC02549,8995860,DELVO SYSTEMS,5,CONT,ATLAS,FORFAIT,NO_TS_CONT,90.63
Anthony,Thomas,BA48961,3228611,JALVIK DIGITAL,5,APAC OCEANIA,NEXUS,MAINTENANCE,YOO4SSOP0QWRO9E,12.22
Anthony,Thomas,BA48961,3228611,JALVIK DIGITAL,5,EMEA,NEXUS,MAINTENANCE,NO_TS_EMEA,87.78
Edward,Sanders,EG37006,3562633,ALCOR SOLUTIONS,5,NA EUROPE,PHOENIX,MAINTENANCE,PCO3DVIILSPYLVI,10.51
Edward,Sanders,EG37006,3562633,ALCOR SOLUTIONS,5,APAC,PHOENIX,MAINTENANCE,NO_TS_APAC,89.49
Jason,Barry,LB02894,2032585,DELVO DYNAMICS,5,MEA MENA,PULSE,FORFAIT,V1Z0M1RUP4DZLFR,10.23
Jason,Barry,LB02894,2032585,DELVO DYNAMICS,5,LATAM,PULSE,FORFAIT,NO_TS_LATAM,89.77
Joshua,Garcia,CT00664,2200348,LUMEX TECH,5,LATAM MENA,NEXUS,REGIE,NATLOOR42GCYAVQ,14.2
Joshua,Garcia,CT00664,2200348,LUMEX TECH,5,MEA,NEXUS,REGIE,NO_TS_MEA,85.8
James,Foster,VP20847,2765049,JALVIK DIGITAL,5,LATAM OCEANIA,VERTEX,SUPPORT,YTUNCEZOPSRUJGJ,11.36
James,Foster,VP20847,2765049,JALVIK DIGITAL,5,NA,VERTEX,SUPPORT,NO_TS_NA,88.64
Gregory,Kirby,YG32745,9348896,GOLZEN SYSTEMS,5,NA MENA,QUANTUM,SUPPORT,7H25BSCSX1TNYWP,13.64
Gregory,Kirby,YG32745,9348896,GOLZEN SYSTEMS,5,MEA,QUANTUM,SUPPORT,NO_TS_MEA,86.36
Michelle,Barrett,ED07424,1826849,KESTRA GLOBAL,5,NA EUROPE,PHOENIX,MAINTENANCE,22433V4E63UA7GC,9.8
Michelle,Barrett,ED07424,1826849,KESTRA GLOBAL,5,APAC,PHOENIX,MAINTENANCE,NO_TS_APAC,90.2
Jake,Richardson,QX45339,5466122,INOVA SYSTEMS,5,NA OCEANIA,ATLAS,FORFAIT,AD4Z0YHL72B7MV4,13.35
Jake,Richardson,QX45339,5466122,INOVA SYSTEMS,5,CONT,ATLAS,FORFAIT,NO_TS_CONT,86.65
Aaron,Pierce,YT48672,5603676,FORVEX GROUP,5,MEA AMERICA,PHOENIX,RPS,WHX0WEAOCEBX0EH,11.36
Aaron,Pierce,YT48672,5603676,FORVEX GROUP,5,EMEA,PHOENIX,RPS,NO_TS_EMEA,88.64
Melinda,Duncan,OH87282,3431501,ETHOS DIGITAL,5,APAC EUROPE,PULSE,MAINTENANCE,MLEDJNXIDE8M3JG,9.09
Melinda,Duncan,OH87282,3431501,ETHOS DIGITAL,5,EMEA,PULSE,MAINTENANCE,NO_TS_EMEA,90.91
Philip,Huffman,QK73246,4261623,DELVO VENTURES,5,EMEA OCEANIA,NOVA,REGIE,DYQRJUPH4CIAWJ8,7.95
Philip,Huffman,QK73246,4261623,DELVO VENTURES,5,NA,NOVA,REGIE,NO_TS_NA,92.05
Roger,Vasquez,ZA52895,4941551,KESTRA TECH,5,NA EUROPE,PHOENIX,MAINTENANCE,GMM6SBNTKHX2AL5,11.36
Roger,Vasquez,ZA52895,4941551,KESTRA TECH,5,EMEA,PHOENIX,MAINTENANCE,NO_TS_EMEA,88.64
Tyler,Hart,GB90116,6734011,HYRION VENTURES,5,EMEA MENA,ATLAS,RPS,GA0BXSLML8YLBQN,11.79
Tyler,Hart,GB90116,6734011,HYRION VENTURES,5,LATAM,ATLAS,RPS,NO_TS_LATAM,88.21
Jill,Meyers,ZH83366,3609953,CENVEO GLOBAL,5,APAC AMERICA,PHOENIX,FORFAIT,1EAGI7MA8SX7KZZ,11.36
Jill,Meyers,ZH83366,3609953,CENVEO GLOBAL,5,EMEA,PHOENIX,FORFAIT,NO_TS_EMEA,88.64
Donna,Hampton,BQ58869,9433408,LUMEX TECH,5,LATAM OCEANIA,NEXUS,SUPPORT,SPUW2HE4BUNYUOQ,8.38
Donna,Hampton,BQ58869,9433408,LUMEX TECH,5,CONT,NEXUS,SUPPORT,NO_TS_CONT,91.62
David,Morris,JG15138,1556693,ETHOS SYSTEMS,5,NA MENA,QUANTUM,SUPPORT,IKBSKGZ187CZMVV,10.23
Stacey,Lee,US19901,4093290,BRYTON TECH,5,NA ASIA,NEXUS,FORFAIT,H39TSKG7DV1HGR5,9.94
Stacey,Lee,US19901,4093290,BRYTON TECH,5,CONT,NEXUS,FORFAIT,NO_TS_CONT,90.06
Amber,Hunter,UZ97604,7958702,HYRION SOLUTIONS,5,NA AFRICA,ORBIT,RPS,ZIPWI08P4M541WL,10.8
Amber,Hunter,UZ97604,7958702,HYRION SOLUTIONS,5,EMEA,ORBIT,RPS,NO_TS_EMEA,89.2
William,Wilson,AQ65743,8258777,ETHOS SYSTEMS,5,APAC AFRICA,VERTEX,MAINTENANCE,4I8ZHJRJVY8GQUJ,11.36
William,Wilson,AQ65743,8258777,ETHOS SYSTEMS,5,APAC,VERTEX,MAINTENANCE,NO_TS_APAC,88.64
Jeffrey,Baker,HQ27798,4139180,ALCOR GLOBAL,5,CONT MENA,NOVA,RPS,UBL5WT0UQCTG902,11.36
Diane,Anderson,VK76529,2390274,ALCOR DIGITAL,5,NA ASIA,ORBIT,FORFAIT,29O8X0BAZFGGVSH,12.22
Diane,Anderson,VK76529,2390274,ALCOR DIGITAL,5,LATAM,ORBIT,FORFAIT,NO_TS_LATAM,87.78
Meagan,Lee,MG81827,3529049,FORVEX VENTURES,5,LATAM ASIA,ORBIT,SUPPORT,EQZG1A504W8ZFC7,11.36
Meagan,Lee,MG81827,3529049,FORVEX VENTURES,5,MEA,ORBIT,SUPPORT,NO_TS_MEA,88.64
Sara,Gates,DT05216,9246550,FORVEX VENTURES,5,EMEA EUROPE,QUANTUM,MAINTENANCE,TB81NLMHDA4VJTA,12.22
Sara,Gates,DT05216,9246550,FORVEX VENTURES,5,LATAM,QUANTUM,MAINTENANCE,NO_TS_LATAM,87.78
Jasmine,Brewer,RF26391,6785313,FORVEX GROUP,5,CONT AFRICA,VERTEX,RPS,SSK718UA2DN13YT,13.64
Jasmine,Brewer,RF26391,6785313,FORVEX GROUP,5,LATAM,VERTEX,RPS,NO_TS_LATAM,86.36
Richard,Smith,MK89465,3466091,KESTRA DYNAMICS,5,EMEA OCEANIA,STELLAR,RPS,P91U6NABEEHAW2I,16.76
Richard,Smith,MK89465,3466091,KESTRA DYNAMICS,5,EMEA,STELLAR,RPS,NO_TS_EMEA,83.24
Roger,King,IB43660,3705422,GOLZEN DIGITAL,5,APAC OCEANIA,ORBIT,FORFAIT,15CQGS264Q6ARPK,13.64
Roger,King,IB43660,3705422,GOLZEN DIGITAL,5,APAC,ORBIT,FORFAIT,NO_TS_APAC,86.36
Danielle,Cohen,ZP02173,5005849,FORVEX DYNAMICS,5,LATAM ASIA,PULSE,RPS,DW28OSPDVRQ2PPT,12.5
Danielle,Cohen,ZP02173,5005849,FORVEX DYNAMICS,5,NA,PULSE,RPS,NO_TS_NA,87.5
Brent,Burton,HO23974,5624322,INOVA TECH,5,CONT EUROPE,NEXUS,RPS,E43B21C0RHHXXQQ,11.65
Brent,Burton,HO23974,5624322,INOVA TECH,5,NA,NEXUS,RPS,NO_TS_NA,88.35
Jennifer,Gomez,FF42549,6757177,FORVEX TECH,5,MEA OCEANIA,STELLAR,FORFAIT,G3H0IVPVQXTMQBZ,8.38
Jennifer,Gomez,FF42549,6757177,FORVEX TECH,5,CONT,STELLAR,FORFAIT,NO_TS_CONT,91.62
Chelsea,Lynn,IJ10318,7433305,GOLZEN GROUP,5,MEA EUROPE,STELLAR,RPS,2IQFMUJIJ7JBHH4,9.94
Chelsea,Lynn,IJ10318,7433305,GOLZEN GROUP,5,EMEA,STELLAR,RPS,NO_TS_EMEA,90.06
Theresa,Chen,SJ34348,1371038,ETHOS GROUP,5,LATAM EUROPE,VERTEX,FORFAIT,B00QYKM7P6SYTDW,9.66
Theresa,Chen,SJ34348,1371038,ETHOS GROUP,5,EMEA,VERTEX,FORFAIT,NO_TS_EMEA,90.34
John,York,YT84303,3711603,INOVA GLOBAL,5,NA OCEANIA,NOVA,SUPPORT,YT5JYSMX0REJF39,11.51
Alexa,Bridges,QH80708,3248769,JALVIK TECH,5,APAC MENA,ORBIT,REGIE,P1X567C036YRDDD,12.22
Christopher,Greene,KC33532,4512370,GOLZEN GLOBAL,5,APAC AMERICA,PULSE,RPS,NWLZECVJ380EMV6,11.36
Christopher,Greene,KC33532,4512370,GOLZEN GLOBAL,5,LATAM,PULSE,RPS,NO_TS_LATAM,88.64
April,Brown,SY74809,1174082,CENVEO DYNAMICS,5,NA ASIA,ATLAS,MAINTENANCE,E3DNR5AEQIYS5BU,7.14
April,Brown,SY74809,1174082,CENVEO DYNAMICS,5,NA,ATLAS,MAINTENANCE,NO_TS_NA,92.86
Kenneth,Terry,BS76991,4559194,DELVO TECH,5,CONT AFRICA,VERTEX,FORFAIT,H43WVTLI79US1CH,10.8
Kenneth,Terry,BS76991,4559194,DELVO TECH,5,APAC,VERTEX,FORFAIT,NO_TS_APAC,89.2
Brooke,Kelly,AJ62498,8894612,ALCOR DIGITAL,5,CONT OCEANIA,NOVA,MAINTENANCE,0S05R2BZ1E451XD,10.23
Brooke,Kelly,AJ62498,8894612,ALCOR DIGITAL,5,CONT,NOVA,MAINTENANCE,NO_TS_CONT,89.77
Lisa,Newman,PM12908,3136931,DELVO SYSTEMS,5,EMEA AFRICA,NEXUS,REGIE,33XS5ZKS3FCMCG4,12.07
Lisa,Newman,PM12908,3136931,DELVO SYSTEMS,5,LATAM,NEXUS,REGIE,NO_TS_LATAM,87.93
Carrie,Green,PE39575,8105863,ETHOS CONSULTING,5,EMEA ASIA,PULSE,RPS,2JSAIPGX1LL71W3,14.2
Carrie,Green,PE39575,8105863,ETHOS CONSULTING,5,EMEA,PULSE,RPS,NO_TS_EMEA,85.8
Kyle,Mayo,WU88890,3080014,KESTRA CONSULTING,5,CONT ASIA,NOVA,MAINTENANCE,1V4NQ2VMDJL4TKZ,9.38
Kyle,Mayo,WU88890,3080014,KESTRA CONSULTING,5,APAC,NOVA,MAINTENANCE,NO_TS_APAC,90.63
Trevor,Ho,SZ52886,1978894,GOLZEN DYNAMICS,5,MEA AFRICA,QUANTUM,REGIE,XY9K70BTUCCJWHX,11.08
Trevor,Ho,SZ52886,1978894,GOLZEN DYNAMICS,5,MEA,QUANTUM,REGIE,NO_TS_MEA,88.92
Philip,Bryant,SV52945,7286489,CENVEO CONSULTING,5,NA EUROPE,STELLAR,REGIE,O2GSNU16DEIHD06,11.36
Philip,Bryant,SV52945,7286489,CENVEO CONSULTING,5,NA,STELLAR,REGIE,NO_TS_NA,88.64
Justin,Flynn,PB78872,4730939,DELVO SOLUTIONS,5,EMEA MENA,STELLAR,RPS,C155Q58EW36496Q,10.94
Johnny,Leach,HS88189,6133266,CENVEO VENTURES,5,CONT MENA,PHOENIX,REGIE,S9HTQL25ZPREKGM,11.36
Johnny,Leach,HS88189,6133266,CENVEO VENTURES,5,APAC,PHOENIX,REGIE,NO_TS_APAC,88.64
Karen,Cline,XR76816,1728720,ALCOR TECH,5,NA MENA,NOVA,REGIE,Y6BR0CQ6UQL8OEN,9.66
Karen,Cline,XR76816,1728720,ALCOR TECH,5,EMEA,NOVA,REGIE,NO_TS_EMEA,90.34
Daniel,Young,RU53776,2021591,ETHOS GROUP,5,CONT AFRICA,PULSE,RPS,9UUTBUK8ICK7ARU,14.35
Daniel,Young,RU53776,2021591,ETHOS GROUP,5,MEA,PULSE,RPS,NO_TS_MEA,85.65
Sandra,Williams,ES75356,4758896,INOVA GROUP,5,EMEA AMERICA,VERTEX,SUPPORT,32JDCY0YUTFWP17,19.23
Sandra,Williams,ES75356,4758896,INOVA GROUP,5,LATAM,VERTEX,SUPPORT,NO_TS_LATAM,80.77
Andrea,Mills,JV17349,7295420,CENVEO GROUP,5,CONT OCEANIA,PULSE,REGIE,PUZEUZQFA1B6IWD,9.94
Andrea,Mills,JV17349,7295420,CENVEO GROUP,5,LATAM,PULSE,REGIE,NO_TS_LATAM,90.06
Heidi,Duncan,WE08902,6945815,INOVA SYSTEMS,5,APAC ASIA,ORBIT,REGIE,9NX9NQ8I4GRO4HU,7.81
Heidi,Duncan,WE08902,6945815,INOVA SYSTEMS,5,APAC,ORBIT,REGIE,NO_TS_APAC,92.19
Jeff,Mcclure,YQ70034,5439388,HYRION DYNAMICS,5,MEA OCEANIA,STELLAR,REGIE,99DH74P0QH7D1MS,11.93
Jeff,Mcclure,YQ70034,5439388,HYRION DYNAMICS,5,APAC,STELLAR,REGIE,NO_TS_APAC,88.07
Kevin,Davis,CT59465,3999203,KESTRA SOLUTIONS,5,CONT AFRICA,VERTEX,MAINTENANCE,SG6X99IU4QNU9OE,15.91
Monica,Sanders,VX92119,6263352,JALVIK GLOBAL,5,EMEA ASIA,NEXUS,FORFAIT,LLB7NMT4E8I57FC,13.64
Monica,Sanders,VX92119,6263352,JALVIK GLOBAL,5,MEA,NEXUS,FORFAIT,NO_TS_MEA,86.36
Dale,Richardson,DE65958,7897222,ALCOR DYNAMICS,5,NA MENA,NEXUS,REGIE,YCYWJZRMUWMJZ81,9.66
Dale,Richardson,DE65958,7897222,ALCOR DYNAMICS,5,LATAM,NEXUS,REGIE,NO_TS_LATAM,90.34
Kathleen,Bailey,IH95000,6006061,ETHOS DIGITAL,5,APAC EUROPE,ATLAS,MAINTENANCE,1QRZXELA1NUYHGN,13.64
Kathleen,Bailey,IH95000,6006061,ETHOS DIGITAL,5,MEA,ATLAS,MAINTENANCE,NO_TS_MEA,86.36
Erica,Jones,EY59220,2870721,DELVO SOLUTIONS,5,EMEA MENA,ORBIT,REGIE,T71W9OMXHB5FIAO,8.1
Erica,Jones,EY59220,2870721,DELVO SOLUTIONS,5,CONT,ORBIT,REGIE,NO_TS_CONT,91.9
Deborah,Robinson,ID10173,3133119,CENVEO TECH,5,MEA AMERICA,PHOENIX,MAINTENANCE,1PAFWOZV9WSUWFQ,12.5
Joshua,Sims,QS44948,5117329,GOLZEN TECH,5,EMEA ASIA,STELLAR,FORFAIT,TX66DQCRAE9JAYI,8.81
Joshua,Sims,QS44948,5117329,GOLZEN TECH,5,NA,STELLAR,FORFAIT,NO_TS_NA,91.19
Isaiah,Edwards,MP25337,7272842,INOVA SYSTEMS,5,CONT MENA,PHOENIX,RPS,L5TAGS55SNU4U56,15.34
Isaiah,Edwards,MP25337,7272842,INOVA SYSTEMS,5,EMEA,PHOENIX,RPS,NO_TS_EMEA,84.66
Deborah,Fox,TS43130,4227867,ALCOR DYNAMICS,5,NA OCEANIA,STELLAR,REGIE,NECPMQAVBCCU755,12.5
Deborah,Fox,TS43130,4227867,ALCOR DYNAMICS,5,APAC,STELLAR,REGIE,NO_TS_APAC,87.5
Karen,Jones,RA14614,6216100,INOVA CONSULTING,5,LATAM ASIA,QUANTUM,RPS,H9VDXODWUMCAAWE,12.64
Karen,Jones,RA14614,6216100,INOVA CONSULTING,5,APAC,QUANTUM,RPS,NO_TS_APAC,87.36
Mason,Clayton,ZO63955,9014988,CENVEO CONSULTING,5,MEA MENA,PHOENIX,MAINTENANCE,1K3DGX0UBNTZ7VG,9.66
Robert,Campbell,AU00906,7895792,ALCOR DYNAMICS,5,CONT AMERICA,ORBIT,MAINTENANCE,IGPLGL5OL3YXIL2,11.36
Robert,Campbell,AU00906,7895792,ALCOR DYNAMICS,5,APAC,ORBIT,MAINTENANCE,NO_TS_APAC,88.64
Jeffrey,Walker,KI04338,3244245,KESTRA GROUP,5,EMEA OCEANIA,VERTEX,FORFAIT,5W0YE3ASFWIIU5E,13.64
Steven,Blanchard,HZ34510,5766149,FORVEX DIGITAL,5,CONT EUROPE,NEXUS,MAINTENANCE,DTTZ9M36BMPU87H,11.67
Steven,Blanchard,HZ34510,5766149,FORVEX DIGITAL,5,EMEA,NEXUS,MAINTENANCE,NO_TS_EMEA,88.33
Amanda,Sullivan,EJ24139,2434657,CENVEO DYNAMICS,5,MEA AMERICA,QUANTUM,SUPPORT,1FANR52WQ1KQXK4,9.8
Amanda,Sullivan,EJ24139,2434657,CENVEO DYNAMICS,5,LATAM,QUANTUM,SUPPORT,NO_TS_LATAM,90.2
Jeffrey,Freeman,DV81257,2383210,JALVIK DIGITAL,5,CONT OCEANIA,NOVA,REGIE,N89154N17RWCBPV,9.23
Jeffrey,Freeman,DV81257,2383210,JALVIK DIGITAL,5,MEA,NOVA,REGIE,NO_TS_MEA,90.77
Thomas,Brown,KN74161,6746626,LUMEX SYSTEMS,5,CONT AFRICA,NOVA,MAINTENANCE,MANPL84KHXH5IGW,9.09
Thomas,Brown,KN74161,6746626,LUMEX SYSTEMS,5,LATAM,NOVA,MAINTENANCE,NO_TS_LATAM,90.91
Alex,Jones,RO32054,6282000,ETHOS DYNAMICS,5,CONT MENA,PHOENIX,MAINTENANCE,AENTD9BWMZC17AT,9.09
Jody,Lewis,HH93602,3563798,BRYTON SYSTEMS,5,NA AFRICA,PULSE,FORFAIT,YBLXUHJMXKYPN4R,10.51
Jody,Lewis,HH93602,3563798,BRYTON SYSTEMS,5,NA,PULSE,FORFAIT,NO_TS_NA,89.49
Bethany,Shepherd,MD90204,4343903,ETHOS SOLUTIONS,5,MEA AFRICA,PHOENIX,REGIE,79EYG7WW9OOH0IG,15.91
Bethany,Shepherd,MD90204,4343903,ETHOS SOLUTIONS,5,EMEA,PHOENIX,REGIE,NO_TS_EMEA,84.09
Erin,Casey,AL41829,6449818,DELVO DYNAMICS,5,LATAM OCEANIA,STELLAR,FORFAIT,NXR5QUG3GXLLBOU,8.95
Erin,Casey,AL41829,6449818,DELVO DYNAMICS,5,EMEA,STELLAR,FORFAIT,NO_TS_EMEA,91.05
Lisa,Pacheco,VH07648,2470358,LUMEX SYSTEMS,5,MEA MENA,QUANTUM,FORFAIT,8ENI0CW27X3I2PF,13.64
Virginia,George,VE70421,9376413,ETHOS GLOBAL,5,CONT MENA,STELLAR,REGIE,3Y705HUMAEI3GN7,16.34
Virginia,George,VE70421,9376413,ETHOS GLOBAL,5,CONT,STELLAR,REGIE,NO_TS_CONT,83.66
Steven,Rosario,NR79079,6041599,BRYTON SOLUTIONS,5,NA OCEANIA,STELLAR,SUPPORT,OKO9QL80JJT5X6M,8.52
Danielle,White,XR49226,3422917,KESTRA GLOBAL,5,MEA OCEANIA,STELLAR,REGIE,ST5QBU26C9VW7I7,11.36
Danielle,White,XR49226,3422917,KESTRA GLOBAL,5,NA,STELLAR,REGIE,NO_TS_NA,88.64
Stanley,Collins,KM80604,6385697,HYRION TECH,5,CONT AFRICA,NOVA,RPS,ED7CEY6XW3KH5DG,9.94
Jeffrey,Cooper,ZG03819,1353804,BRYTON TECH,5,APAC AMERICA,NOVA,FORFAIT,BBWA4R109YD3JTH,8.66
Jeffrey,Cooper,ZG03819,1353804,BRYTON TECH,5,EMEA,NOVA,FORFAIT,NO_TS_EMEA,91.34
Lisa,Hill,KE24091,1941888,FORVEX VENTURES,5,EMEA MENA,QUANTUM,SUPPORT,B0COD0C3XRL25OT,8.52
Lisa,Hill,KE24091,1941888,FORVEX VENTURES,5,MEA,QUANTUM,SUPPORT,NO_TS_MEA,91.48
Terri,Allen,PL40721,8926656,HYRION TECH,5,NA AMERICA,ATLAS,MAINTENANCE,H6DG2FVFMMYM7UE,11.93
Cheryl,Boyer,WF65501,9219866,ETHOS GROUP,5,MEA MENA,STELLAR,MAINTENANCE,CM25Q23RLG3P380,18.75
Robert,Scott,TM34258,7398990,BRYTON DYNAMICS,5,NA EUROPE,ATLAS,SUPPORT,MOF05RT7E4WVNJ5,6.82
Robert,Scott,TM34258,7398990,BRYTON DYNAMICS,5,LATAM,ATLAS,SUPPORT,NO_TS_LATAM,93.18
Matthew,Johnson,HO08395,9156132,ETHOS SOLUTIONS,5,LATAM OCEANIA,QUANTUM,RPS,45GJMDM3EVJAWZ1,9.66
Matthew,Johnson,HO08395,9156132,ETHOS SOLUTIONS,5,EMEA,QUANTUM,RPS,NO_TS_EMEA,90.34
Christina,Stewart,GD97001,8485567,JALVIK SOLUTIONS,5,CONT ASIA,ORBIT,FORFAIT,YLFKEZ1LBASIIM8,11.65
Christina,Stewart,GD97001,8485567,JALVIK SOLUTIONS,5,APAC,ORBIT,FORFAIT,NO_TS_APAC,88.35
Darryl,Chan,CI11580,8795172,DELVO GROUP,5,APAC ASIA,STELLAR,FORFAIT,FID63RTDBZTB86F,12.5
Darryl,Chan,CI11580,8795172,DELVO GROUP,5,EMEA,STELLAR,FORFAIT,NO_TS_EMEA,87.5
April,Garrett,HJ15576,8958212,GOLZEN TECH,5,MEA OCEANIA,PULSE,SUPPORT,XZK86WLKGXJQ986,13.07
April,Garrett,HJ15576,8958212,GOLZEN TECH,5,CONT,PULSE,SUPPORT,NO_TS_CONT,86.93
Craig,Lee,RB96551,3782198,ETHOS SYSTEMS,5,APAC ASIA,VERTEX,SUPPORT,4O316U6WK66PA9K,13.64
Craig,Lee,RB96551,3782198,ETHOS SYSTEMS,5,APAC,VERTEX,SUPPORT,NO_TS_APAC,86.36
Stacey,Miller,CM03682,4041412,GOLZEN DIGITAL,5,APAC ASIA,ATLAS,REGIE,SRSMH3XOAI312RX,11.36
Matthew,Michael,GW84080,2163961,ETHOS SOLUTIONS,5,APAC AMERICA,STELLAR,MAINTENANCE,MY7YFN7AC5L79ZH,17.19
Matthew,Michael,GW84080,2163961,ETHOS SOLUTIONS,5,EMEA,STELLAR,MAINTENANCE,NO_TS_EMEA,82.81
Madeline,Oconnell,FO30199,8932895,KESTRA GROUP,5,LATAM AMERICA,ORBIT,MAINTENANCE,6MGL98BX8VLASS0,13.64
Robert,Henry,FN79456,7807283,BRYTON GROUP,5,EMEA AMERICA,VERTEX,MAINTENANCE,GX4028ZU6QRELKH,10.23
Robert,Henry,FN79456,7807283,BRYTON GROUP,5,APAC,VERTEX,MAINTENANCE,NO_TS_APAC,89.77
Jeffery,Patterson,AZ41383,1795175,HYRION TECH,5,CONT AFRICA,STELLAR,RPS,4LA60Q750GDAEAH,16.05
Jeffery,Patterson,AZ41383,1795175,HYRION TECH,5,LATAM,STELLAR,RPS,NO_TS_LATAM,83.95
Shannon,Walker,KQ66858,4268322,FORVEX DIGITAL,5,NA EUROPE,QUANTUM,FORFAIT,XHTI1ZDA9I1BXIR,11.36
Shannon,Walker,KQ66858,4268322,FORVEX DIGITAL,5,NA,QUANTUM,FORFAIT,NO_TS_NA,88.64
Lindsay,Higgins,PO81779,3228992,LUMEX SOLUTIONS,5,LATAM AMERICA,QUANTUM,MAINTENANCE,COHD5O9QQ8DDIQT,15.0
Lindsay,Higgins,PO81779,3228992,LUMEX SOLUTIONS,5,CONT,QUANTUM,MAINTENANCE,NO_TS_CONT,85.0
Brenda,Mason,XT22418,3219380,HYRION CONSULTING,5,APAC EUROPE,ATLAS,REGIE,0JB1HBBNBX0H6ES,11.36
Brenda,Mason,XT22418,3219380,HYRION CONSULTING,5,NA,ATLAS,REGIE,NO_TS_NA,88.64
Mark,Martin,QZ46901,4135561,BRYTON CONSULTING,5,LATAM ASIA,PULSE,RPS,TC904UGQIDWRM2U,10.23
Mark,Martin,QZ46901,4135561,BRYTON CONSULTING,5,CONT,PULSE,RPS,NO_TS_CONT,89.77
Kayla,Allen,YB01046,3028456,ALCOR DYNAMICS,5,NA ASIA,STELLAR,RPS,0UUNP3SFNDKUTMT,11.36
Keith,Fuller,CB01101,5729934,FORVEX DIGITAL,5,EMEA EUROPE,NOVA,MAINTENANCE,PY4P6KIAHD3Z5XF,13.64
Keith,Fuller,CB01101,5729934,FORVEX DIGITAL,5,NA,NOVA,MAINTENANCE,NO_TS_NA,86.36
Hailey,Nixon,IK38725,3135371,GOLZEN VENTURES,5,CONT MENA,ORBIT,RPS,RU7WE169XTT31N0,12.22
Hailey,Nixon,IK38725,3135371,GOLZEN VENTURES,5,NA,ORBIT,RPS,NO_TS_NA,87.78
Matthew,Martinez,OU01332,8420756,FORVEX DIGITAL,5,MEA EUROPE,PHOENIX,RPS,PQMUCW0OTKTP4IO,8.1
Matthew,Martinez,OU01332,8420756,FORVEX DIGITAL,5,LATAM,PHOENIX,RPS,NO_TS_LATAM,91.9
Kyle,Turner,BB81696,9545983,ALCOR GROUP,5,MEA MENA,PHOENIX,RPS,T590BUQTDHE82YR,11.93
Kyle,Turner,BB81696,9545983,ALCOR GROUP,5,MEA,PHOENIX,RPS,NO_TS_MEA,88.07
Summer,Jordan,WG96098,8476386,KESTRA GROUP,5,MEA OCEANIA,PHOENIX,SUPPORT,70ACI3FLX2RX00G,9.38
Summer,Jordan,WG96098,8476386,KESTRA GROUP,5,NA,PHOENIX,SUPPORT,NO_TS_NA,90.63
Nicole,Rivers,EI92877,9157485,DELVO DYNAMICS,5,MEA AFRICA,PULSE,REGIE,B8TBQO4JBA9JOBX,8.95
Nicole,Rivers,EI92877,9157485,DELVO DYNAMICS,5,MEA,PULSE,REGIE,NO_TS_MEA,91.05
Amy,Parker,NG40968,2059088,BRYTON CONSULTING,5,APAC ASIA,VERTEX,MAINTENANCE,7NABXO1I894AUCX,10.09
Amy,Parker,NG40968,2059088,BRYTON CONSULTING,5,LATAM,VERTEX,MAINTENANCE,NO_TS_LATAM,89.91
Luis,Ball,GT83936,6589713,BRYTON SOLUTIONS,5,MEA OCEANIA,PHOENIX,SUPPORT,HB71CNBB1FUOXHD,6.82
Christopher,Hanson,RN18317,7090823,CENVEO SOLUTIONS,5,APAC AFRICA,PHOENIX,MAINTENANCE,XVZX3JGCLYLNJS1,11.79
Christopher,Hanson,RN18317,7090823,CENVEO SOLUTIONS,5,CONT,PHOENIX,MAINTENANCE,NO_TS_CONT,88.21
Kathleen,Molina,YJ14550,7673339,INOVA GLOBAL,5,APAC MENA,ORBIT,MAINTENANCE,CGHYEBUIK1313QI,11.93
Kathleen,Molina,YJ14550,7673339,INOVA GLOBAL,5,NA,ORBIT,MAINTENANCE,NO_TS_NA,88.07
Jonathan,Carlson,YD86241,2912230,INOVA TECH,5,CONT OCEANIA,QUANTUM,REGIE,6VDC07KIZEGLXPJ,9.66
Jessica,Hernandez,YC86870,6659553,JALVIK VENTURES,5,EMEA AFRICA,STELLAR,REGIE,HG3TQ3RN3ZPUZ1R,9.66
Ethan,Perez,VX40989,9604375,DELVO SYSTEMS,5,EMEA ASIA,PULSE,REGIE,1Y50H7QY4ROGVEC,9.09
Brandi,Stanley,AD77328,2537503,ALCOR GLOBAL,5,NA EUROPE,PHOENIX,RPS,OJZ20DGQY5AC8QZ,11.36
Jacob,Hill,JP28025,4255725,LUMEX SOLUTIONS,5,NA AFRICA,PHOENIX,SUPPORT,560KBTRLR96LXDN,11.51
Jacob,Hill,JP28025,4255725,LUMEX SOLUTIONS,5,LATAM,PHOENIX,SUPPORT,NO_TS_LATAM,88.49
Fernando,White,ZP60900,3028576,KESTRA VENTURES,5,CONT AMERICA,PHOENIX,SUPPORT,7S78FCCY6SQHMHG,9.09
Fernando,White,ZP60900,3028576,KESTRA VENTURES,5,LATAM,PHOENIX,SUPPORT,NO_TS_LATAM,90.91
Charles,Manning,FZ56875,1591637,CENVEO CONSULTING,5,MEA EUROPE,PULSE,REGIE,WBOE3VDH3YMWZRU,13.64
Charles,Manning,FZ56875,1591637,CENVEO CONSULTING,5,NA,PULSE,REGIE,NO_TS_NA,86.36
Benjamin,Bell,XX67052,5142640,KESTRA DYNAMICS,5,APAC AFRICA,STELLAR,MAINTENANCE,F7O178RE253ZI0N,13.64
Benjamin,Bell,XX67052,5142640,KESTRA DYNAMICS,5,NA,STELLAR,MAINTENANCE,NO_TS_NA,86.36
Sarah,Taylor,RO38190,7518537,ETHOS DIGITAL,5,CONT ASIA,VERTEX,FORFAIT,3X0KOPCIO2DK6GR,11.36
Sarah,Taylor,RO38190,7518537,ETHOS DIGITAL,5,APAC,VERTEX,FORFAIT,NO_TS_APAC,88.64
Jonathan,Buck,OL67507,3170427,HYRION GROUP,5,CONT AMERICA,STELLAR,FORFAIT,FTKBSQXACHA878F,11.67
Jonathan,Buck,OL67507,3170427,HYRION GROUP,5,LATAM,STELLAR,FORFAIT,NO_TS_LATAM,88.33
Joyce,Williams,UH77991,2308326,DELVO CONSULTING,5,LATAM EUROPE,NEXUS,RPS,NMHP3254QFLBT77,11.79
Joyce,Williams,UH77991,2308326,DELVO CONSULTING,5,NA,NEXUS,RPS,NO_TS_NA,88.21
Kristi,James,MJ55204,2838162,INOVA DYNAMICS,5,MEA ASIA,NEXUS,MAINTENANCE,PQESLQ0QKXEUOPR,9.66
Richard,Bean,UH50024,1984621,CENVEO CONSULTING,5,MEA ASIA,PHOENIX,REGIE,4O2IJR0DCT1XHR2,12.5
Richard,Bean,UH50024,1984621,CENVEO CONSULTING,5,NA,PHOENIX,REGIE,NO_TS_NA,87.5
Daniel,Mack,YX46564,9371089,BRYTON TECH,5,MEA AFRICA,NEXUS,MAINTENANCE,YBORPJASVJ8TZ5K,13.92
Daniel,Mack,YX46564,9371089,BRYTON TECH,5,EMEA,NEXUS,MAINTENANCE,NO_TS_EMEA,86.08
Bryan,Hill,SS36578,7908762,DELVO SYSTEMS,5,NA AMERICA,PULSE,SUPPORT,MJUMXP3ZJXAAJM2,11.79
Bryan,Hill,SS36578,7908762,DELVO SYSTEMS,5,APAC,PULSE,SUPPORT,NO_TS_APAC,88.21
Jessica,Day,LV88684,7808182,LUMEX DIGITAL,5,NA EUROPE,PHOENIX,REGIE,8PAPHVYYSO414UP,11.36
Jessica,Day,LV88684,7808182,LUMEX DIGITAL,5,APAC,PHOENIX,REGIE,NO_TS_APAC,88.64
Adam,Woods,DM07602,7193594,JALVIK DIGITAL,5,MEA MENA,NEXUS,MAINTENANCE,22RUDSF3DG41L3D,15.91
Brooke,Hartman,GB04154,5030292,KESTRA TECH,5,LATAM EUROPE,ATLAS,FORFAIT,OJHKJ9KJVO4QSC5,11.79
Brooke,Hartman,GB04154,5030292,KESTRA TECH,5,EMEA,ATLAS,FORFAIT,NO_TS_EMEA,88.21
John,Clay,UO55937,5428821,FORVEX VENTURES,5,EMEA AFRICA,ATLAS,SUPPORT,0UKKIB1SV76DYT4,9.09
John,Clay,UO55937,5428821,FORVEX VENTURES,5,CONT,ATLAS,SUPPORT,NO_TS_CONT,90.91
Ryan,Lee,BH75713,8644656,FORVEX VENTURES,5,EMEA AMERICA,PULSE,REGIE,H8ORFZP1PNYZFFF,11.36
Ryan,Lee,BH75713,8644656,FORVEX VENTURES,5,NA,PULSE,REGIE,NO_TS_NA,88.64
Monica,Chang,SW35845,7631235,CENVEO TECH,5,EMEA EUROPE,ORBIT,SUPPORT,DDAL28QHL889I1B,9.66
Monica,Chang,SW35845,7631235,CENVEO TECH,5,CONT,ORBIT,SUPPORT,NO_TS_CONT,90.34
Misty,George,DE26314,7573199,INOVA SOLUTIONS,5,EMEA AFRICA,NOVA,RPS,92DKX4VS9JFMHKD,7.95
Misty,George,DE26314,7573199,INOVA SOLUTIONS,5,CONT,NOVA,RPS,NO_TS_CONT,92.05
David,Cervantes,OA97264,2538602,GOLZEN SYSTEMS,5,APAC AMERICA,NOVA,REGIE,PR18NXP90TXNZ9E,13.64
David,Cervantes,OA97264,2538602,GOLZEN SYSTEMS,5,EMEA,NOVA,REGIE,NO_TS_EMEA,86.36
Stanley,Tucker,EM16860,2842580,KESTRA GROUP,5,MEA MENA,QUANTUM,RPS,TJ6JOMIVK33JBRK,14.77
Stanley,Tucker,EM16860,2842580,KESTRA GROUP,5,MEA,QUANTUM,RPS,NO_TS_MEA,85.23
Timothy,Baker,PK79780,6985735,ALCOR GROUP,5,CONT EUROPE,PHOENIX,REGIE,KFY4OQTRVK7H7C9,7.67
Timothy,Baker,PK79780,6985735,ALCOR GROUP,5,APAC,PHOENIX,REGIE,NO_TS_APAC,92.33
Sarah,Clayton,GF35034,6692957,GOLZEN SYSTEMS,5,LATAM OCEANIA,PULSE,REGIE,NK5E7VSFDOYQXSP,9.09
Sarah,Clayton,GF35034,6692957,GOLZEN SYSTEMS,5,APAC,PULSE,REGIE,NO_TS_APAC,90.91
Tina,Price,ZV73560,1072270,HYRION SYSTEMS,5,LATAM EUROPE,NEXUS,FORFAIT,L2UID7ZCZY23U3Q,13.64
Tina,Price,ZV73560,1072270,HYRION SYSTEMS,5,LATAM,NEXUS,FORFAIT,NO_TS_LATAM,86.36
Lisa,Diaz,GA82273,1677844,DELVO GROUP,5,EMEA AMERICA,QUANTUM,RPS,EXCE8WK14S9U7DJ,12.5
Lisa,Diaz,GA82273,1677844,DELVO GROUP,5,APAC,QUANTUM,RPS,NO_TS_APAC,87.5
Mario,Thompson,RG55931,5146569,LUMEX SOLUTIONS,5,NA ASIA,STELLAR,FORFAIT,O77LDUKPI5F0SVI,13.64
Adam,West,DP21423,9731874,BRYTON DYNAMICS,5,NA OCEANIA,ORBIT,MAINTENANCE,ZJ5UT81IC5FQURX,13.64
Melvin,Robinson,BC15303,4798534,KESTRA VENTURES,5,APAC EUROPE,PULSE,RPS,C5NKDMBRQVWPHF8,13.07
Melvin,Robinson,BC15303,4798534,KESTRA VENTURES,5,CONT,PULSE,RPS,NO_TS_CONT,86.93
Evelyn,Martin,PZ12280,9076870,LUMEX TECH,5,APAC AFRICA,NEXUS,RPS,417ZP36XXTN05WD,14.2
Evelyn,Martin,PZ12280,9076870,LUMEX TECH,5,MEA,NEXUS,RPS,NO_TS_MEA,85.8
Christopher,Decker,AT34924,4913174,BRYTON CONSULTING,5,LATAM MENA,PULSE,MAINTENANCE,CJ4UX09NB945P0S,10.8
Christopher,Decker,AT34924,4913174,BRYTON CONSULTING,5,CONT,PULSE,MAINTENANCE,NO_TS_CONT,89.2
Sarah,Becker,NM68480,1957998,CENVEO TECH,5,CONT AFRICA,ATLAS,MAINTENANCE,7JFUTXMU9PXHP4V,9.66
Sarah,Becker,NM68480,1957998,CENVEO TECH,5,NA,ATLAS,MAINTENANCE,NO_TS_NA,90.34
Wanda,Cabrera,XP56123,9852647,ALCOR DYNAMICS,5,LATAM ASIA,VERTEX,FORFAIT,BT1OPPEA48CK01Q,10.8
Wanda,Cabrera,XP56123,9852647,ALCOR DYNAMICS,5,MEA,VERTEX,FORFAIT,NO_TS_MEA,89.2
Scott,Richardson,EO64940,3396009,ETHOS SYSTEMS,5,NA EUROPE,PULSE,RPS,TSOTYZS26OCLKI8,15.91
Scott,Richardson,EO64940,3396009,ETHOS SYSTEMS,5,MEA,PULSE,RPS,NO_TS_MEA,84.09
Robert,Parsons,NR25222,2481264,LUMEX VENTURES,5,APAC MENA,PHOENIX,FORFAIT,DE014R6B5ADVA87,13.64
Robert,Parsons,NR25222,2481264,LUMEX VENTURES,5,APAC,PHOENIX,FORFAIT,NO_TS_APAC,86.36
Brandon,Powell,RG97809,3006806,DELVO CONSULTING,5,NA OCEANIA,QUANTUM,SUPPORT,27NM3UHUBTQDA1A,10.8
Brandon,Powell,RG97809,3006806,DELVO CONSULTING,5,LATAM,QUANTUM,SUPPORT,NO_TS_LATAM,89.2
Vanessa,Cabrera,QJ09211,9248569,ETHOS GLOBAL,5,MEA AMERICA,NOVA,SUPPORT,4ZZ1M95T42T7EM5,13.64
Vanessa,Cabrera,QJ09211,9248569,ETHOS GLOBAL,5,NA,NOVA,SUPPORT,NO_TS_NA,86.36
Lauren,Duncan,ES57556,2331723,KESTRA GLOBAL,5,LATAM OCEANIA,ORBIT,MAINTENANCE,IGDO0K2BABTN0AB,9.09
Lauren,Duncan,ES57556,2331723,KESTRA GLOBAL,5,LATAM,ORBIT,MAINTENANCE,NO_TS_LATAM,90.91
Sydney,Gutierrez,QN74819,3245625,BRYTON DIGITAL,5,NA AMERICA,ATLAS,RPS,NGHPEEYQ8D9V9AB,12.5
Sydney,Gutierrez,QN74819,3245625,BRYTON DIGITAL,5,CONT,ATLAS,RPS,NO_TS_CONT,87.5
Perry,Brown,BU81916,9607433,KESTRA TECH,5,NA ASIA,ATLAS,SUPPORT,C7KK7NC1ABYIF2Z,11.36
Perry,Brown,BU81916,9607433,KESTRA TECH,5,APAC,ATLAS,SUPPORT,NO_TS_APAC,88.64
Cheryl,Wilson,RO34631,4582406,KESTRA SYSTEMS,5,MEA AFRICA,NOVA,FORFAIT,ZMUCP4V090ZOY0J,11.08
Dennis,Ward,LI82126,1328860,BRYTON SOLUTIONS,5,LATAM OCEANIA,VERTEX,FORFAIT,2A2S0ERXOPU0ZA8,10.09
Dennis,Ward,LI82126,1328860,BRYTON SOLUTIONS,5,APAC,VERTEX,FORFAIT,NO_TS_APAC,89.91
Mark,Fisher,KX84076,5017273,LUMEX TECH,5,LATAM AMERICA,VERTEX,MAINTENANCE,BNCXLBDSJELHZMV,10.23
Mark,Fisher,KX84076,5017273,LUMEX TECH,5,EMEA,VERTEX,MAINTENANCE,NO_TS_EMEA,89.77
Shawn,Gibson,ST34885,6237804,BRYTON GLOBAL,5,EMEA AFRICA,ATLAS,RPS,XOXRQ3WSE0B8A44,9.66
Shawn,Gibson,ST34885,6237804,BRYTON GLOBAL,5,EMEA,ATLAS,RPS,NO_TS_EMEA,90.34
Emily,Hobbs,XE96954,8511597,INOVA VENTURES,5,MEA AFRICA,QUANTUM,FORFAIT,B61ZPFPAHI2HNM0,14.49
Emily,Hobbs,XE96954,8511597,INOVA VENTURES,5,NA,QUANTUM,FORFAIT,NO_TS_NA,85.51
Tammy,Pugh,FB65552,3340580,FORVEX GROUP,5,NA ASIA,PHOENIX,FORFAIT,A9CBMY5DBAEO2ZX,7.1
Tammy,Pugh,FB65552,3340580,FORVEX GROUP,5,NA,PHOENIX,FORFAIT,NO_TS_NA,92.9
Jessica,Williams,YY72269,5669560,INOVA DYNAMICS,5,APAC AFRICA,PHOENIX,FORFAIT,66XM48M6RI4MC6W,8.52
Jessica,Williams,YY72269,5669560,INOVA DYNAMICS,5,APAC,PHOENIX,FORFAIT,NO_TS_APAC,91.48
Lori,Reese,XJ07851,4070624,INOVA SOLUTIONS,5,APAC OCEANIA,PHOENIX,REGIE,3BT3ZPVNW69DXOB,13.64
John,Jackson,TG97851,7685798,GOLZEN GLOBAL,5,NA OCEANIA,PULSE,MAINTENANCE,YZSC90CGWDBEXNQ,7.95
John,Jackson,TG97851,7685798,GOLZEN GLOBAL,5,NA,PULSE,MAINTENANCE,NO_TS_NA,92.05
Aaron,Taylor,QT71921,4953733,CENVEO DIGITAL,5,APAC AFRICA,STELLAR,REGIE,BF99P6KTOBC87V0,8.52
Aaron,Taylor,QT71921,4953733,CENVEO DIGITAL,5,CONT,STELLAR,REGIE,NO_TS_CONT,91.48
James,Little,BD72179,3661991,INOVA TECH,5,MEA AMERICA,PHOENIX,RPS,C1MWN8628SIPQX4,11.93
James,Little,BD72179,3661991,INOVA TECH,5,MEA,PHOENIX,RPS,NO_TS_MEA,88.07
Caitlin,Garza,CT31971,6663167,INOVA CONSULTING,5,MEA EUROPE,ATLAS,SUPPORT,CMV9HZZ9UIRG4QH,7.1
Manuel,Morris,UB11295,1141027,JALVIK TECH,5,NA EUROPE,STELLAR,SUPPORT,N2ZORF1FF277QJ2,7.39
Manuel,Morris,UB11295,1141027,JALVIK TECH,5,NA,STELLAR,SUPPORT,NO_TS_NA,92.61
Cathy,Lewis,RS15212,6571299,KESTRA SYSTEMS,5,APAC ASIA,ATLAS,MAINTENANCE,91BV9YW133HCS86,8.24
Cathy,Lewis,RS15212,6571299,KESTRA SYSTEMS,5,NA,ATLAS,MAINTENANCE,NO_TS_NA,91.76
Michael,Crosby,PV56957,9130791,LUMEX GLOBAL,5,EMEA EUROPE,STELLAR,RPS,J7ZKHGF6OO07YZR,11.36
Caitlin,Smith,OV11613,9238894,FORVEX SYSTEMS,5,APAC OCEANIA,NOVA,MAINTENANCE,RB3H15EYEV4X470,8.52
Caitlin,Smith,OV11613,9238894,FORVEX SYSTEMS,5,LATAM,NOVA,MAINTENANCE,NO_TS_LATAM,91.48
Christopher,Taylor,NE33513,5976553,KESTRA GLOBAL,5,NA OCEANIA,ORBIT,MAINTENANCE,HXNTYFGTIOY21FK,9.94
Christopher,Taylor,NE33513,5976553,KESTRA GLOBAL,5,CONT,ORBIT,MAINTENANCE,NO_TS_CONT,90.06
Lori,Townsend,NG73007,3499633,LUMEX SOLUTIONS,5,MEA EUROPE,PHOENIX,REGIE,ZO7YZJAVWQYBJVN,10.09
Lori,Townsend,NG73007,3499633,LUMEX SOLUTIONS,5,NA,PHOENIX,REGIE,NO_TS_NA,89.91
David,Houston,CR73492,2467582,ALCOR SYSTEMS,5,LATAM ASIA,VERTEX,RPS,QL8Y3NAW1E2GWAG,11.36
David,Houston,CR73492,2467582,ALCOR SYSTEMS,5,MEA,VERTEX,RPS,NO_TS_MEA,88.64
Adam,Garcia,SO19346,6223894,INOVA CONSULTING,5,CONT AFRICA,ORBIT,FORFAIT,ATUJESXGUBZBK17,10.65
Adam,Garcia,SO19346,6223894,INOVA CONSULTING,5,NA,ORBIT,FORFAIT,NO_TS_NA,89.35
Ashley,French,KQ89560,6136021,ETHOS SOLUTIONS,5,NA ASIA,NOVA,REGIE,VD3BGJSKEIO7MNA,8.66
Penny,Simpson,RK65084,3828916,ALCOR GROUP,5,LATAM ASIA,VERTEX,SUPPORT,41CH0S3XOWVHYKJ,15.91
Amy,Ramirez,LQ50071,7659349,CENVEO GROUP,5,LATAM EUROPE,PULSE,RPS,BP7PLDOSP430I2Z,10.65
Jonathan,Gray,CM89923,7537450,GOLZEN CONSULTING,5,MEA EUROPE,STELLAR,REGIE,2CR81K3ET4GYXES,11.93
Jonathan,Gray,CM89923,7537450,GOLZEN CONSULTING,5,APAC,STELLAR,REGIE,NO_TS_APAC,88.07
Patrick,Donaldson,PS03188,7097114,LUMEX CONSULTING,5,NA AMERICA,ORBIT,REGIE,80II59E5GNGFWC9,11.36
Patrick,Donaldson,PS03188,7097114,LUMEX CONSULTING,5,CONT,ORBIT,REGIE,NO_TS_CONT,88.64
Tonya,Brady,KU27144,6809230,FORVEX SOLUTIONS,5,APAC MENA,ORBIT,FORFAIT,HBX2CF4OKOD8KF7,12.36
Tonya,Brady,KU27144,6809230,FORVEX SOLUTIONS,5,NA,ORBIT,FORFAIT,NO_TS_NA,87.64
James,Jackson,XB81547,9901523,JALVIK GLOBAL,5,APAC ASIA,QUANTUM,RPS,SGRRGMBIKMTWAYH,11.65
James,Jackson,XB81547,9901523,JALVIK GLOBAL,5,NA,QUANTUM,RPS,NO_TS_NA,88.35
Diane,Moore,EZ86261,9631425,HYRION DIGITAL,5,APAC MENA,STELLAR,REGIE,JIG9HDJGZ701BRJ,11.36
Judith,Williams,SR08270,4916188,FORVEX CONSULTING,5,EMEA OCEANIA,PHOENIX,REGIE,LCZGK0FFJVCIQRM,8.24
Judith,Williams,SR08270,4916188,FORVEX CONSULTING,5,APAC,PHOENIX,REGIE,NO_TS_APAC,91.76
Maria,Sanders,XE53937,3600295,ETHOS SOLUTIONS,5,NA EUROPE,QUANTUM,RPS,V014WZNNQSRUHPJ,11.93
Maria,Sanders,XE53937,3600295,ETHOS SOLUTIONS,5,LATAM,QUANTUM,RPS,NO_TS_LATAM,88.07
Robert,Pruitt,UW58516,9115282,GOLZEN DIGITAL,5,APAC AMERICA,NEXUS,SUPPORT,Z067UM9UQA2ZW8O,12.5
Robert,Pruitt,UW58516,9115282,GOLZEN DIGITAL,5,NA,NEXUS,SUPPORT,NO_TS_NA,87.5
Steven,Williams,HA79156,8261015,KESTRA DIGITAL,5,APAC ASIA,PULSE,RPS,SZBWBV2VRSVNTK5,13.64
Nicole,Gutierrez,XK46839,5001965,LUMEX TECH,5,MEA MENA,STELLAR,MAINTENANCE,P4E74HGIB87VZMA,6.68
Nicole,Gutierrez,XK46839,5001965,LUMEX TECH,5,EMEA,STELLAR,MAINTENANCE,NO_TS_EMEA,93.32
Sarah,Moyer,HX64045,7767547,DELVO SOLUTIONS,5,EMEA AMERICA,PULSE,RPS,9VZFA0VRHFEHUE9,10.23
Sarah,Moyer,HX64045,7767547,DELVO SOLUTIONS,5,CONT,PULSE,RPS,NO_TS_CONT,89.77
Kaylee,Travis,FB08105,5049504,ETHOS VENTURES,5,APAC ASIA,PULSE,REGIE,34ET71SXZXV5LER,9.38
Kaylee,Travis,FB08105,5049504,ETHOS VENTURES,5,NA,PULSE,REGIE,NO_TS_NA,90.63
Melissa,Sanchez,VR24726,9498722,ALCOR DYNAMICS,5,NA MENA,VERTEX,FORFAIT,CQBDPK5C5MV1705,13.64
Melissa,Sanchez,VR24726,9498722,ALCOR DYNAMICS,5,EMEA,VERTEX,FORFAIT,NO_TS_EMEA,86.36
Sean,Anderson,VZ05965,2091069,GOLZEN VENTURES,5,MEA AFRICA,STELLAR,FORFAIT,JKVH0JCP5A1XH7G,11.93
Joshua,Gallegos,PI62630,2926003,INOVA GLOBAL,5,LATAM AMERICA,STELLAR,REGIE,PLSZYARO08Q1KHC,13.64
Christian,Palmer,WI92880,7959590,ETHOS CONSULTING,5,APAC MENA,NOVA,SUPPORT,63D33GSJNZAIQAD,11.36
Christian,Palmer,WI92880,7959590,ETHOS CONSULTING,5,LATAM,NOVA,SUPPORT,NO_TS_LATAM,88.64
Molly,Lane,IA02237,1790037,LUMEX DIGITAL,5,MEA EUROPE,PULSE,RPS,OI3GHHHUKB4X3T9,13.35
Molly,Lane,IA02237,1790037,LUMEX DIGITAL,5,CONT,PULSE,RPS,NO_TS_CONT,86.65
Brittney,Johnson,ZH82044,1480447,KESTRA SOLUTIONS,5,APAC AMERICA,ORBIT,REGIE,IRSE7AIKZQB2KZY,12.5
Lindsey,Foster,PN45098,7435689,GOLZEN GROUP,5,NA EUROPE,PULSE,RPS,ESJVT7UGB179EII,11.93
Megan,Carlson,UP70752,7830904,INOVA DYNAMICS,5,APAC OCEANIA,PULSE,SUPPORT,WMA91P258H2HZJN,10.23
Megan,Carlson,UP70752,7830904,INOVA DYNAMICS,5,CONT,PULSE,SUPPORT,NO_TS_CONT,89.77
Jillian,Roberts,XH39125,3842585,ETHOS DYNAMICS,5,CONT AFRICA,NOVA,SUPPORT,04QAYLTN69EQRZI,9.38
Jillian,Roberts,XH39125,3842585,ETHOS DYNAMICS,5,EMEA,NOVA,SUPPORT,NO_TS_EMEA,90.63
Douglas,Holland,LF46124,8202760,FORVEX GROUP,5,NA EUROPE,QUANTUM,REGIE,ATSXYGMMUKAX5F9,7.95
Douglas,Holland,LF46124,8202760,FORVEX GROUP,5,MEA,QUANTUM,REGIE,NO_TS_MEA,92.05
Gregory,Mckenzie,BW55986,5866802,CENVEO GROUP,5,MEA OCEANIA,PHOENIX,MAINTENANCE,9DTMJNRSBPR921R,8.24
Gregory,Mckenzie,BW55986,5866802,CENVEO GROUP,5,EMEA,PHOENIX,MAINTENANCE,NO_TS_EMEA,91.76
Sandra,Gonzalez,PA18082,1985704,BRYTON DIGITAL,5,LATAM AFRICA,PHOENIX,FORFAIT,CPF4S6LZ0A22DBN,10.51
Sandra,Gonzalez,PA18082,1985704,BRYTON DIGITAL,5,APAC,PHOENIX,FORFAIT,NO_TS_APAC,89.49
Lisa,Ali,WP56449,4700084,FORVEX DYNAMICS,5,EMEA AMERICA,NOVA,REGIE,9H4H7QDACYGVWDQ,13.92
Lisa,Ali,WP56449,4700084,FORVEX DYNAMICS,5,MEA,NOVA,REGIE,NO_TS_MEA,86.08
Douglas,Drake,UD22239,9192300,KESTRA GLOBAL,5,MEA MENA,PULSE,SUPPORT,RS00ZP3CCPWD8C5,7.95
Steven,Brennan,GN53221,7021890,ETHOS TECH,5,NA AFRICA,STELLAR,RPS,2XPX17M00MWVDK8,14.2
Joseph,Garcia,CM52647,9960139,INOVA TECH,5,LATAM OCEANIA,PHOENIX,MAINTENANCE,NDBO0VYDIR7GCEB,12.78
Joseph,Garcia,CM52647,9960139,INOVA TECH,5,CONT,PHOENIX,MAINTENANCE,NO_TS_CONT,87.22
James,Vaughn,DH15334,5709325,FORVEX VENTURES,5,NA AMERICA,NEXUS,SUPPORT,H0U26WE6PKRO1RS,8.52
James,Vaughn,DH15334,5709325,FORVEX VENTURES,5,MEA,NEXUS,SUPPORT,NO_TS_MEA,91.48
John,Miller,HF82613,3730827,GOLZEN SYSTEMS,5,LATAM ASIA,QUANTUM,MAINTENANCE,XGUUOIEL84F4ACX,15.91
John,Miller,HF82613,3730827,GOLZEN SYSTEMS,5,NA,QUANTUM,MAINTENANCE,NO_TS_NA,84.09
Nicole,Meyer,VY18263,8675390,KESTRA SOLUTIONS,5,LATAM ASIA,NEXUS,SUPPORT,FDKCRJAKD64DRCZ,9.52
Nicole,Meyer,VY18263,8675390,KESTRA SOLUTIONS,5,NA,NEXUS,SUPPORT,NO_TS_NA,90.48
Michele,Foster,AJ93575,9287615,DELVO GROUP,5,LATAM AMERICA,VERTEX,MAINTENANCE,7D4SRJZMH01T1OB,11.65
Michele,Foster,AJ93575,9287615,DELVO GROUP,5,APAC,VERTEX,MAINTENANCE,NO_TS_APAC,88.35
Ricky,Matthews,TF71815,8761526,INOVA SOLUTIONS,5,LATAM AMERICA,NEXUS,RPS,A8RMRL5IOQSTCYD,8.52
Ricky,Matthews,TF71815,8761526,INOVA SOLUTIONS,5,MEA,NEXUS,RPS,NO_TS_MEA,91.48
Lindsay,Berry,VF98004,7537105,INOVA GLOBAL,5,CONT AFRICA,NOVA,SUPPORT,PVCZMM9S8D5KFSB,8.1
Joan,Carter,PM59532,4009311,JALVIK VENTURES,5,EMEA AMERICA,NEXUS,FORFAIT,3XN7HW6FRCA800O,11.36
Joan,Carter,PM59532,4009311,JALVIK VENTURES,5,EMEA,NEXUS,FORFAIT,NO_TS_EMEA,88.64
Robin,Smith,EY53147,1296388,ETHOS DIGITAL,5,CONT ASIA,ORBIT,FORFAIT,QKBJO88OSGPVKWL,8.1
Robin,Smith,EY53147,1296388,ETHOS DIGITAL,5,MEA,ORBIT,FORFAIT,NO_TS_MEA,91.9
Judy,Hamilton,AT57624,6389832,BRYTON DYNAMICS,5,APAC AMERICA,ORBIT,RPS,8Z8LTF6V8XFR5L0,15.77
Judy,Hamilton,AT57624,6389832,BRYTON DYNAMICS,5,NA,ORBIT,RPS,NO_TS_NA,84.23
Kristen,Miller,VE53843,3084225,JALVIK DYNAMICS,5,APAC OCEANIA,ORBIT,REGIE,VDGWCT1MLE45BAB,11.65
Kristen,Miller,VE53843,3084225,JALVIK DYNAMICS,5,NA,ORBIT,REGIE,NO_TS_NA,88.35
Michael,Craig,ET16208,8384238,INOVA GLOBAL,5,NA EUROPE,NEXUS,SUPPORT,IM7Y1Z8TGPH7NT0,13.07
Michael,Craig,ET16208,8384238,INOVA GLOBAL,5,EMEA,NEXUS,SUPPORT,NO_TS_EMEA,86.93
Robert,Collins,SY17455,2815152,INOVA CONSULTING,5,APAC OCEANIA,PULSE,RPS,Z7Q56YHF4RW4SYC,10.23
Robert,Collins,SY17455,2815152,INOVA CONSULTING,5,EMEA,PULSE,RPS,NO_TS_EMEA,89.77
Debbie,Keller,OS93166,8366282,INOVA GROUP,5,NA OCEANIA,STELLAR,FORFAIT,EPTGOBSUVBYIHX4,13.64
Debbie,Keller,OS93166,8366282,INOVA GROUP,5,EMEA,STELLAR,FORFAIT,NO_TS_EMEA,86.36
Brittany,White,DD81819,2794379,CENVEO CONSULTING,5,MEA EUROPE,VERTEX,REGIE,QUBF28YI34E84E5,11.93
Brittany,White,DD81819,2794379,CENVEO CONSULTING,5,APAC,VERTEX,REGIE,NO_TS_APAC,88.07
Kathryn,Campbell,MH77966,6784344,INOVA SYSTEMS,5,NA AMERICA,PHOENIX,MAINTENANCE,J62QCT4DP91KEKP,14.77
Kathryn,Campbell,MH77966,6784344,INOVA SYSTEMS,5,LATAM,PHOENIX,MAINTENANCE,NO_TS_LATAM,85.23
Rhonda,Garcia,RS42771,9964736,ETHOS VENTURES,5,EMEA EUROPE,ATLAS,MAINTENANCE,XJCHA3IECAQLOI5,14.77
Rhonda,Garcia,RS42771,9964736,ETHOS VENTURES,5,CONT,ATLAS,MAINTENANCE,NO_TS_CONT,85.23
Dana,Martin,FR76841,3144750,KESTRA SOLUTIONS,5,LATAM OCEANIA,NEXUS,REGIE,Q8E9LY4KGYPX994,10.8
Dana,Martin,FR76841,3144750,KESTRA SOLUTIONS,5,LATAM,NEXUS,REGIE,NO_TS_LATAM,89.2
Ryan,Mckinney,YZ73663,9629178,LUMEX CONSULTING,5,CONT AMERICA,NOVA,MAINTENANCE,CGQIC6MRQQVY0TK,13.92
Ryan,Mckinney,YZ73663,9629178,LUMEX CONSULTING,5,CONT,NOVA,MAINTENANCE,NO_TS_CONT,86.08
Ashley,Lane,KV33914,7908685,BRYTON VENTURES,5,EMEA MENA,NOVA,FORFAIT,HN9QT9Y92MX4GYX,8.81
Ashley,Lane,KV33914,7908685,BRYTON VENTURES,5,APAC,NOVA,FORFAIT,NO_TS_APAC,91.19
Bernard,Lopez,CZ95100,4791838,INOVA SYSTEMS,5,NA AMERICA,NOVA,REGIE,TD54L0UG4HEPJR0,11.36
Bernard,Lopez,CZ95100,4791838,INOVA SYSTEMS,5,MEA,NOVA,REGIE,NO_TS_MEA,88.64
Jennifer,Keller,HP18684,7350832,KESTRA CONSULTING,5,CONT AFRICA,VERTEX,REGIE,KDCAUQGKT9I80CP,13.07
Jennifer,Keller,HP18684,7350832,KESTRA CONSULTING,5,MEA,VERTEX,REGIE,NO_TS_MEA,86.93
Elizabeth,Davenport,UF42914,7372121,FORVEX TECH,5,EMEA ASIA,PULSE,SUPPORT,Y1V643TVNMXSLZ2,8.1
Elizabeth,Davenport,UF42914,7372121,FORVEX TECH,5,LATAM,PULSE,SUPPORT,NO_TS_LATAM,91.9
Jared,Rodriguez,UA76399,1629700,GOLZEN DIGITAL,5,APAC MENA,ATLAS,RPS,EAHOSLRA0W0J0XA,9.09
Jared,Rodriguez,UA76399,1629700,GOLZEN DIGITAL,5,EMEA,ATLAS,RPS,NO_TS_EMEA,90.91
Peter,Smith,IZ22985,7358516,KESTRA DYNAMICS,5,LATAM ASIA,PULSE,RPS,2YOKEKXK7JSBRHK,12.5
Peter,Smith,IZ22985,7358516,KESTRA DYNAMICS,5,NA,PULSE,RPS,NO_TS_NA,87.5
Linda,Swanson,SG11951,4684257,CENVEO SOLUTIONS,5,NA OCEANIA,STELLAR,REGIE,EJBABTIW787VURR,13.64
Linda,Swanson,SG11951,4684257,CENVEO SOLUTIONS,5,APAC,STELLAR,REGIE,NO_TS_APAC,86.36
Jeremy,Woods,FX24972,7712472,INOVA SYSTEMS,5,EMEA AMERICA,QUANTUM,MAINTENANCE,8UEPJJQ1CEZRWG7,7.24
Jeremy,Woods,FX24972,7712472,INOVA SYSTEMS,5,EMEA,QUANTUM,MAINTENANCE,NO_TS_EMEA,92.76
John,Church,SU80901,6500592,DELVO GLOBAL,5,APAC AMERICA,PULSE,SUPPORT,JR64J2N6467RLON,8.24
John,Church,SU80901,6500592,DELVO GLOBAL,5,NA,PULSE,SUPPORT,NO_TS_NA,91.76
Mark,Webb,GR87125,3334832,ALCOR SYSTEMS,5,APAC ASIA,NOVA,REGIE,67K7ESPCAQS1V1H,14.49
Mark,Webb,GR87125,3334832,ALCOR SYSTEMS,5,MEA,NOVA,REGIE,NO_TS_MEA,85.51
April,Mcbride,TG10256,6304815,ALCOR SYSTEMS,5,CONT MENA,STELLAR,SUPPORT,EVO2AQYAO8TQSAG,11.93
April,Mcbride,TG10256,6304815,ALCOR SYSTEMS,5,EMEA,STELLAR,SUPPORT,NO_TS_EMEA,88.07
Ashley,Hancock,JV49822,5402526,DELVO DIGITAL,5,MEA MENA,ORBIT,FORFAIT,L4A2JJT6DUWBONP,10.23
Dana,Cooper,LO54198,8095870,ETHOS CONSULTING,5,EMEA AMERICA,VERTEX,MAINTENANCE,E1D5J1TV30NBX6W,14.2
Dana,Cooper,LO54198,8095870,ETHOS CONSULTING,5,EMEA,VERTEX,MAINTENANCE,NO_TS_EMEA,85.8
Elizabeth,Bond,AN94554,3755817,GOLZEN GROUP,5,EMEA MENA,NOVA,FORFAIT,VIVVOR9J9KOTAK3,9.09
Virginia,Taylor,XK99251,2774586,ETHOS DYNAMICS,5,CONT AMERICA,ATLAS,SUPPORT,AB8GM2P2FK2TYZB,7.67
Virginia,Taylor,XK99251,2774586,ETHOS DYNAMICS,5,APAC,ATLAS,SUPPORT,NO_TS_APAC,92.33
Omar,Shaw,JF83903,3324448,FORVEX SOLUTIONS,5,CONT MENA,NOVA,RPS,45W4COLN0V76YC2,11.36
Omar,Shaw,JF83903,3324448,FORVEX SOLUTIONS,5,CONT,NOVA,RPS,NO_TS_CONT,88.64
David,Dixon,EI31990,6894411,ETHOS DYNAMICS,5,LATAM ASIA,ORBIT,REGIE,X7CW5XL9T4Y6USF,13.64
Larry,Livingston,XO67492,3559619,ALCOR DIGITAL,5,LATAM EUROPE,ATLAS,MAINTENANCE,0LMR2V68P0ZKDQC,9.38
Larry,Livingston,XO67492,3559619,ALCOR DIGITAL,5,MEA,ATLAS,MAINTENANCE,NO_TS_MEA,90.63
William,Mathis,RE93953,1666274,JALVIK DYNAMICS,5,NA MENA,ORBIT,RPS,2SAK692PBAFLQDA,12.5
William,Mathis,RE93953,1666274,JALVIK DYNAMICS,5,EMEA,ORBIT,RPS,NO_TS_EMEA,87.5
Katherine,Heath,NC15371,5159669,KESTRA SOLUTIONS,5,LATAM AFRICA,VERTEX,FORFAIT,TU6Z70SCEKTXKYI,12.64
James,Hicks,JT42973,9474474,JALVIK DIGITAL,5,MEA OCEANIA,QUANTUM,MAINTENANCE,AUZWMRGPK8UL70T,10.23
James,Hicks,JT42973,9474474,JALVIK DIGITAL,5,CONT,QUANTUM,MAINTENANCE,NO_TS_CONT,89.77
Albert,Brown,JO04745,5923532,JALVIK SOLUTIONS,5,NA EUROPE,PULSE,RPS,FIRAZMQR1SH048D,13.07
Albert,Brown,JO04745,5923532,JALVIK SOLUTIONS,5,EMEA,PULSE,RPS,NO_TS_EMEA,86.93
Vanessa,Pham,HS30851,5486527,ALCOR GROUP,5,LATAM OCEANIA,ATLAS,FORFAIT,PDANGX4NCIXVUJ0,14.77
Vanessa,Pham,HS30851,5486527,ALCOR GROUP,5,APAC,ATLAS,FORFAIT,NO_TS_APAC,85.23
Megan,Davis,WZ72376,6597668,HYRION CONSULTING,5,APAC OCEANIA,QUANTUM,MAINTENANCE,ZYBOEKBH5BTZAYD,9.38
Katherine,Holder,MB34757,2618727,LUMEX SOLUTIONS,5,MEA MENA,PHOENIX,MAINTENANCE,MSM6WPQILNQ0WIY,13.78
Amy,Valdez,PX92101,3507567,JALVIK VENTURES,5,APAC OCEANIA,NOVA,SUPPORT,ZLBWL0EF0NUFIMH,9.23
Amy,Valdez,PX92101,3507567,JALVIK VENTURES,5,NA,NOVA,SUPPORT,NO_TS_NA,90.77
Donna,Richardson,NG20416,1853516,LUMEX DYNAMICS,5,APAC ASIA,ORBIT,FORFAIT,SH95GH4RZLJEX0A,13.78
Donna,Richardson,NG20416,1853516,LUMEX DYNAMICS,5,NA,ORBIT,FORFAIT,NO_TS_NA,86.22
Rodney,Willis,GL37607,7860849,INOVA DYNAMICS,5,APAC AFRICA,NEXUS,RPS,C60QK55PLGVULOD,13.64
Rodney,Willis,GL37607,7860849,INOVA DYNAMICS,5,EMEA,NEXUS,RPS,NO_TS_EMEA,86.36
Meghan,Wilson,TS63652,8041358,KESTRA GROUP,5,APAC ASIA,NOVA,RPS,IS3NXHTNQIX89BR,11.65
Anne,Jackson,QV33010,5366892,ETHOS GROUP,5,EMEA ASIA,ATLAS,RPS,2MM2QSUJ6NFW4YV,11.36
Anne,Jackson,QV33010,5366892,ETHOS GROUP,5,LATAM,ATLAS,RPS,NO_TS_LATAM,88.64
David,Phillips,BA22278,8644565,ALCOR VENTURES,5,NA ASIA,ATLAS,REGIE,1P251Z20W9FJLX5,8.52
David,Phillips,BA22278,8644565,ALCOR VENTURES,5,CONT,ATLAS,REGIE,NO_TS_CONT,91.48
Robert,Santana,JF69619,3231286,LUMEX GROUP,5,MEA AMERICA,QUANTUM,SUPPORT,KWLBFZ1X98UJK15,11.93
Vincent,Lynn,ZL44384,8489989,JALVIK SOLUTIONS,5,EMEA AMERICA,ATLAS,MAINTENANCE,JH5YTWD3GTQ0UNH,8.1
Veronica,Cantrell,UL88386,9421534,BRYTON CONSULTING,5,APAC MENA,PULSE,RPS,25U57FT0QIV4Q1H,15.91
Veronica,Cantrell,UL88386,9421534,BRYTON CONSULTING,5,NA,PULSE,RPS,NO_TS_NA,84.09
Michelle,Davis,GO82737,7643056,HYRION DYNAMICS,5,NA ASIA,STELLAR,SUPPORT,JDT5P6AGAUIEVFU,11.36
Michelle,Davis,GO82737,7643056,HYRION DYNAMICS,5,MEA,STELLAR,SUPPORT,NO_TS_MEA,88.64
Gwendolyn,Morris,FV60267,6338507,LUMEX DIGITAL,5,EMEA AFRICA,VERTEX,FORFAIT,5S2G66SMT9TZ4QB,13.07
Gwendolyn,Morris,FV60267,6338507,LUMEX DIGITAL,5,MEA,VERTEX,FORFAIT,NO_TS_MEA,86.93
John,Thomas,JV89027,3666857,LUMEX VENTURES,5,LATAM MENA,VERTEX,MAINTENANCE,PA0K3D8SA4UFFLJ,11.65
John,Thomas,JV89027,3666857,LUMEX VENTURES,5,EMEA,VERTEX,MAINTENANCE,NO_TS_EMEA,88.35
Kara,Lewis,MD72470,5204347,HYRION CONSULTING,5,APAC AFRICA,PHOENIX,REGIE,J11INOD6CWS18RT,15.91
Jonathan,Johnston,SB62776,9261475,KESTRA TECH,5,EMEA EUROPE,STELLAR,SUPPORT,SL7NP3R614E3MIE,9.38
Jonathan,Johnston,SB62776,9261475,KESTRA TECH,5,NA,STELLAR,SUPPORT,NO_TS_NA,90.63
Karen,Wright,RD27487,1305006,CENVEO SYSTEMS,5,CONT AMERICA,PULSE,MAINTENANCE,UMHA3DA8DGR7VOW,13.92
Karen,Wright,RD27487,1305006,CENVEO SYSTEMS,5,EMEA,PULSE,MAINTENANCE,NO_TS_EMEA,86.08
Kara,Ruiz,AE44694,5901128,ALCOR SOLUTIONS,5,APAC AMERICA,VERTEX,REGIE,OQ1KKQMLWDVI2CP,11.93
Kara,Ruiz,AE44694,5901128,ALCOR SOLUTIONS,5,EMEA,VERTEX,REGIE,NO_TS_EMEA,88.07
Adrian,Buck,KC14420,6332933,GOLZEN SOLUTIONS,5,APAC EUROPE,NEXUS,RPS,SLJEMOXQ4KS4APU,11.93
Karen,Rodriguez,DG33840,5486858,HYRION DYNAMICS,5,MEA OCEANIA,VERTEX,FORFAIT,1RO5BUO5XHS7BMZ,11.36
Karen,Rodriguez,DG33840,5486858,HYRION DYNAMICS,5,CONT,VERTEX,FORFAIT,NO_TS_CONT,88.64
Jason,Collins,VI77643,4361284,ALCOR CONSULTING,5,LATAM EUROPE,NOVA,SUPPORT,BZANHALQV48WP3G,9.23
Jason,Collins,VI77643,4361284,ALCOR CONSULTING,5,LATAM,NOVA,SUPPORT,NO_TS_LATAM,90.77
Frank,Craig,AE29051,6670799,ETHOS SYSTEMS,5,MEA EUROPE,PULSE,FORFAIT,65WOWJ5HLX4IOSW,10.51
Frank,Craig,AE29051,6670799,ETHOS SYSTEMS,5,APAC,PULSE,FORFAIT,NO_TS_APAC,89.49
Michael,Howard,ZL45635,2412555,INOVA DYNAMICS,5,MEA AMERICA,STELLAR,RPS,4P5VVP2SAF4U5TG,11.08
Michael,Howard,ZL45635,2412555,INOVA DYNAMICS,5,EMEA,STELLAR,RPS,NO_TS_EMEA,88.92
James,Wood,TM91682,5606725,HYRION VENTURES,5,LATAM MENA,NOVA,FORFAIT,G89L6NPK9TCH0Z9,9.52
James,Wood,TM91682,5606725,HYRION VENTURES,5,MEA,NOVA,FORFAIT,NO_TS_MEA,90.48
Thomas,Gill,RM09306,2760042,ALCOR SOLUTIONS,5,NA EUROPE,NEXUS,REGIE,ABWH4S7JN2FSA1J,11.65
Leslie,Romero,TW26443,2597169,CENVEO GROUP,5,EMEA AMERICA,QUANTUM,FORFAIT,DG7FXNTXV9PRTYC,12.5
Leslie,Romero,TW26443,2597169,CENVEO GROUP,5,EMEA,QUANTUM,FORFAIT,NO_TS_EMEA,87.5
Alexander,Smith,TC91048,8651942,DELVO SYSTEMS,5,MEA MENA,ORBIT,REGIE,YSXDNB1MBKLW6I7,13.64
Christopher,Smith,JW64766,9350172,JALVIK SYSTEMS,5,CONT EUROPE,PHOENIX,RPS,76L6SWY2EQF9KI3,9.94
Christopher,Smith,JW64766,9350172,JALVIK SYSTEMS,5,APAC,PHOENIX,RPS,NO_TS_APAC,90.06
Benjamin,Brown,KY38339,4833629,BRYTON TECH,5,LATAM AFRICA,QUANTUM,FORFAIT,9XCNYBS0DIVDSFZ,8.24
Benjamin,Brown,KY38339,4833629,BRYTON TECH,5,NA,QUANTUM,FORFAIT,NO_TS_NA,91.76
Dave,Krueger,TI75038,6932842,DELVO VENTURES,5,CONT AFRICA,VERTEX,REGIE,P0ER3H7DW2OB5XI,11.36
Dave,Krueger,TI75038,6932842,DELVO VENTURES,5,MEA,VERTEX,REGIE,NO_TS_MEA,88.64
Kayla,Patton,FZ60017,7430076,KESTRA GLOBAL,5,CONT EUROPE,ATLAS,MAINTENANCE,Z4A5EJONCKM6GXD,13.64
Christopher,Schneider,KF71489,9170386,CENVEO VENTURES,5,MEA EUROPE,ORBIT,REGIE,MTSIXYOC8MILCDS,13.64
Christopher,Schneider,KF71489,9170386,CENVEO VENTURES,5,EMEA,ORBIT,REGIE,NO_TS_EMEA,86.36
Thomas,Fuentes,BL73740,2121781,LUMEX SYSTEMS,5,NA ASIA,PULSE,RPS,JYV5RQK9DS0IC22,8.81
Thomas,Fuentes,BL73740,2121781,LUMEX SYSTEMS,5,MEA,PULSE,RPS,NO_TS_MEA,91.19
Loretta,Wise,IB61593,7403068,ALCOR GLOBAL,5,CONT ASIA,ATLAS,FORFAIT,ERAZYMTXDP2R5BJ,18.18
Loretta,Wise,IB61593,7403068,ALCOR GLOBAL,5,LATAM,ATLAS,FORFAIT,NO_TS_LATAM,81.82
Francis,Smith,SM56905,4810009,ETHOS TECH,5,NA MENA,PULSE,FORFAIT,ECWKWO7JKLYQ141,11.08
Francis,Smith,SM56905,4810009,ETHOS TECH,5,CONT,PULSE,FORFAIT,NO_TS_CONT,88.92
Billy,Barnett,XS11668,9281543,LUMEX GLOBAL,5,NA EUROPE,VERTEX,RPS,0LU3731NRY0RZJ6,7.95
Billy,Barnett,XS11668,9281543,LUMEX GLOBAL,5,NA,VERTEX,RPS,NO_TS_NA,92.05
Megan,Sanford,EE82001,8892710,ETHOS DYNAMICS,5,LATAM AFRICA,VERTEX,SUPPORT,J5X0WHQ4U6T23RM,11.93
Megan,Sanford,EE82001,8892710,ETHOS DYNAMICS,5,CONT,VERTEX,SUPPORT,NO_TS_CONT,88.07
Peter,Cisneros,LY03280,3998225,GOLZEN DYNAMICS,5,APAC ASIA,NEXUS,FORFAIT,YFJTEWFDE2EMNIN,13.64
Peter,Cisneros,LY03280,3998225,GOLZEN DYNAMICS,5,MEA,NEXUS,FORFAIT,NO_TS_MEA,86.36
James,Kim,RY26785,5055204,KESTRA CONSULTING,5,MEA AFRICA,VERTEX,FORFAIT,3G416ENDOAUOCZU,7.24
James,Kim,RY26785,5055204,KESTRA CONSULTING,5,NA,VERTEX,FORFAIT,NO_TS_NA,92.76
Heather,Cruz,PL46939,7919739,ALCOR SOLUTIONS,5,NA OCEANIA,ORBIT,REGIE,E4ZB3SVLPBV5VO3,11.36
Heather,Cruz,PL46939,7919739,ALCOR SOLUTIONS,5,APAC,ORBIT,REGIE,NO_TS_APAC,88.64
Scott,Espinoza,QO71980,3336524,BRYTON VENTURES,5,LATAM AFRICA,QUANTUM,RPS,DU6D2NW9ZV6PMHJ,11.36
Samuel,Schroeder,EW75942,5463185,DELVO DYNAMICS,5,MEA AMERICA,NOVA,REGIE,PTL9ZN5WTFYQJ6S,11.08
Anthony,Gilmore,QA04738,6595973,CENVEO GROUP,5,APAC AFRICA,PULSE,SUPPORT,CHN12CHDSZCLVSX,11.65
Barbara,Hines,KE19669,9644927,LUMEX SYSTEMS,5,EMEA AFRICA,NOVA,SUPPORT,8POPY3ROVHXJLTF,11.36
Barbara,Hines,KE19669,9644927,LUMEX SYSTEMS,5,LATAM,NOVA,SUPPORT,NO_TS_LATAM,88.64
Joseph,Long,TS86300,9327148,FORVEX SOLUTIONS,5,MEA ASIA,NOVA,SUPPORT,EH04BSNH7VWB880,6.68
Joseph,Long,TS86300,9327148,FORVEX SOLUTIONS,5,EMEA,NOVA,SUPPORT,NO_TS_EMEA,93.32
Christopher,Reid,WZ61690,9469543,ALCOR VENTURES,5,NA AFRICA,QUANTUM,REGIE,WRADTXG526RY9DF,7.67
Christopher,Reid,WZ61690,9469543,ALCOR VENTURES,5,LATAM,QUANTUM,REGIE,NO_TS_LATAM,92.33
Javier,Montgomery,DN77611,6373134,ALCOR SOLUTIONS,5,NA OCEANIA,NEXUS,MAINTENANCE,NJG4L2OJG9Z7PN4,8.95
Stephen,Mcbride,JX29788,2085087,DELVO GROUP,5,APAC MENA,STELLAR,MAINTENANCE,EZHH5CBBTJA15L3,12.5
Stephen,Mcbride,JX29788,2085087,DELVO GROUP,5,NA,STELLAR,MAINTENANCE,NO_TS_NA,87.5
Jeff,Lee,HV98802,3882220,LUMEX DIGITAL,5,APAC MENA,STELLAR,REGIE,QGZ9EFLS0TVUYXS,11.65
Jeff,Lee,HV98802,3882220,LUMEX DIGITAL,5,NA,STELLAR,REGIE,NO_TS_NA,88.35
Maria,Carter,YW85225,2218269,GOLZEN GROUP,5,APAC AFRICA,VERTEX,REGIE,CZADWFUWVR7VFFE,8.1
Brenda,Miller,QW36271,1058785,DELVO SOLUTIONS,5,CONT AFRICA,STELLAR,REGIE,DSFGXWA7WW12XOC,8.24
Brenda,Miller,QW36271,1058785,DELVO SOLUTIONS,5,MEA,STELLAR,REGIE,NO_TS_MEA,91.76
Heather,Nelson,YM07069,6723309,CENVEO VENTURES,5,APAC EUROPE,ORBIT,REGIE,5EVN3ZBI7S796BN,7.81
Heather,Nelson,YM07069,6723309,CENVEO VENTURES,5,CONT,ORBIT,REGIE,NO_TS_CONT,92.19
Maria,Foley,GE60678,6146121,ETHOS DYNAMICS,5,APAC AFRICA,ORBIT,RPS,29AJNLJJVASST2H,10.8
Maria,Foley,GE60678,6146121,ETHOS DYNAMICS,5,NA,ORBIT,RPS,NO_TS_NA,89.2
Stephanie,Gonzalez,UB74773,8705734,CENVEO DIGITAL,5,EMEA EUROPE,PHOENIX,SUPPORT,229JSB6NEIJ4QYN,9.09
Joseph,Leonard,DU73457,7455793,JALVIK GLOBAL,5,MEA AMERICA,PHOENIX,MAINTENANCE,748RS4UJLRDM62O,9.38
Joseph,Leonard,DU73457,7455793,JALVIK GLOBAL,5,CONT,PHOENIX,MAINTENANCE,NO_TS_CONT,90.63
Marilyn,Allen,II26563,3382470,INOVA DYNAMICS,5,EMEA ASIA,PULSE,RPS,P2NPF7BOYUWBNUF,11.36
Marilyn,Allen,II26563,3382470,INOVA DYNAMICS,5,LATAM,PULSE,RPS,NO_TS_LATAM,88.64
Susan,Wilkinson,OQ35765,1180387,GOLZEN GROUP,5,NA MENA,VERTEX,REGIE,HIVROQ3PBGC779I,11.93
Susan,Wilkinson,OQ35765,1180387,GOLZEN GROUP,5,NA,VERTEX,REGIE,NO_TS_NA,88.07
Ann,Mason,VR11481,6489201,CENVEO GROUP,5,MEA OCEANIA,ATLAS,SUPPORT,1850U57RKCOF9KN,13.35
Ann,Mason,VR11481,6489201,CENVEO GROUP,5,EMEA,ATLAS,SUPPORT,NO_TS_EMEA,86.65
William,Chan,LB37439,9718261,BRYTON CONSULTING,5,MEA AMERICA,ORBIT,RPS,3NBWMZ1GMZ99C7T,13.92
William,Chan,LB37439,9718261,BRYTON CONSULTING,5,NA,ORBIT,RPS,NO_TS_NA,86.08
Nicole,Stafford,SA45237,7553763,GOLZEN DYNAMICS,5,APAC AFRICA,PHOENIX,RPS,LRVWTEXSZRQG50T,12.07
Nicole,Stafford,SA45237,7553763,GOLZEN DYNAMICS,5,MEA,PHOENIX,RPS,NO_TS_MEA,87.93
Charlotte,Pace,XK07201,6304148,LUMEX VENTURES,5,EMEA EUROPE,PHOENIX,REGIE,155U15L0ONRTLCV,11.36
Charlotte,Pace,XK07201,6304148,LUMEX VENTURES,5,NA,PHOENIX,REGIE,NO_TS_NA,88.64
Sandra,Smith,MJ14642,6931295,GOLZEN DYNAMICS,5,CONT AMERICA,ATLAS,FORFAIT,8MN52E6843PVXF1,9.09
Sandra,Smith,MJ14642,6931295,GOLZEN DYNAMICS,5,CONT,ATLAS,FORFAIT,NO_TS_CONT,90.91
Heather,Davila,RK48589,5085480,HYRION GROUP,5,LATAM OCEANIA,ATLAS,SUPPORT,K26A0HT6LXVY6KK,13.64
Heather,Davila,RK48589,5085480,HYRION GROUP,5,MEA,ATLAS,SUPPORT,NO_TS_MEA,86.36
Lisa,Kaufman,CF11888,3137297,CENVEO SYSTEMS,5,EMEA ASIA,NEXUS,MAINTENANCE,UHM850NRKD2F6TX,9.09
Lisa,Kaufman,CF11888,3137297,CENVEO SYSTEMS,5,EMEA,NEXUS,MAINTENANCE,NO_TS_EMEA,90.91
Darrell,Chan,IZ20393,9897580,ETHOS CONSULTING,5,MEA AFRICA,STELLAR,MAINTENANCE,J0ZDKNJJ1OTQVMT,11.36
Darrell,Chan,IZ20393,9897580,ETHOS CONSULTING,5,NA,STELLAR,MAINTENANCE,NO_TS_NA,88.64
Craig,Miller,AI00810,9486287,DELVO SYSTEMS,5,MEA AMERICA,QUANTUM,FORFAIT,6CF6K8RCAZWTBNO,10.23
Craig,Miller,AI00810,9486287,DELVO SYSTEMS,5,CONT,QUANTUM,FORFAIT,NO_TS_CONT,89.77
Ashley,Torres,IY86883,1865395,ETHOS SYSTEMS,5,LATAM AMERICA,STELLAR,FORFAIT,DDB9MPY9LYL0CNI,13.64
Charlotte,Andrews,GL51939,2927799,ALCOR DIGITAL,5,MEA AFRICA,ATLAS,FORFAIT,ABA4C2BDR0KKTUZ,13.64
Charlotte,Andrews,GL51939,2927799,ALCOR DIGITAL,5,EMEA,ATLAS,FORFAIT,NO_TS_EMEA,86.36
Jeanette,Camacho,EU68430,2121083,HYRION VENTURES,5,MEA AMERICA,PHOENIX,SUPPORT,UV4OQBBK7W7KS9S,10.09
Dennis,Bush,OJ27922,2710046,INOVA VENTURES,5,CONT EUROPE,ORBIT,SUPPORT,SJ6DCRYEMFACGRM,13.64
Dennis,Bush,OJ27922,2710046,INOVA VENTURES,5,MEA,ORBIT,SUPPORT,NO_TS_MEA,86.36
Joseph,Ramsey,AL27449,9466799,CENVEO GLOBAL,5,APAC EUROPE,QUANTUM,REGIE,YIOIHOFEXDJNI6N,10.51
Donna,Fitzgerald,IU96509,3442917,JALVIK GROUP,5,MEA MENA,QUANTUM,RPS,GQJ22BI90PC474L,9.09
Donna,Fitzgerald,IU96509,3442917,JALVIK GROUP,5,MEA,QUANTUM,RPS,NO_TS_MEA,90.91
Sarah,Kennedy,QS24592,9288661,ALCOR GROUP,5,EMEA MENA,PULSE,SUPPORT,G7F1UFOJ5O997DR,11.65
Michael,Rogers,VN09483,3324668,KESTRA SOLUTIONS,5,EMEA OCEANIA,NEXUS,REGIE,K9BM99WCANLH5QK,10.8
Michael,Rogers,VN09483,3324668,KESTRA SOLUTIONS,5,MEA,NEXUS,REGIE,NO_TS_MEA,89.2
Jason,Evans,WK58356,3294073,DELVO DIGITAL,5,EMEA EUROPE,NOVA,SUPPORT,YJA7VW783KAGVEW,9.94
Jason,Evans,WK58356,3294073,DELVO DIGITAL,5,APAC,NOVA,SUPPORT,NO_TS_APAC,90.06
Tyler,Stewart,WY70417,1087873,HYRION DYNAMICS,5,NA OCEANIA,NEXUS,RPS,T37GKU6SYZJM8W8,10.23
Tyler,Stewart,WY70417,1087873,HYRION DYNAMICS,5,LATAM,NEXUS,RPS,NO_TS_LATAM,89.77
Chelsea,Jones,SH74856,5864417,JALVIK SYSTEMS,5,NA MENA,VERTEX,SUPPORT,15E3VBODSDI5JZD,11.93
Chelsea,Jones,SH74856,5864417,JALVIK SYSTEMS,5,EMEA,VERTEX,SUPPORT,NO_TS_EMEA,88.07
Kristina,Martin,IG82391,9479097,GOLZEN VENTURES,5,LATAM MENA,PHOENIX,FORFAIT,DY13A1B54INW7PV,12.5
Kristina,Martin,IG82391,9479097,GOLZEN VENTURES,5,EMEA,PHOENIX,FORFAIT,NO_TS_EMEA,87.5
Corey,Pena,IK79330,8908107,DELVO CONSULTING,5,MEA OCEANIA,VERTEX,RPS,BJB2E843OBQGVWZ,11.36
Corey,Pena,IK79330,8908107,DELVO CONSULTING,5,APAC,VERTEX,RPS,NO_TS_APAC,88.64
Allison,Woods,UU42656,9192362,ETHOS VENTURES,5,LATAM OCEANIA,ATLAS,FORFAIT,JDCZD32GBE3BATP,15.91
Allison,Woods,UU42656,9192362,ETHOS VENTURES,5,CONT,ATLAS,FORFAIT,NO_TS_CONT,84.09
Melissa,Nunez,GT62133,1877040,CENVEO GROUP,5,NA EUROPE,QUANTUM,REGIE,OMWS9DQHO8NO0D1,15.91
Samuel,Evans,HY69964,5188903,ETHOS GROUP,5,LATAM ASIA,ORBIT,SUPPORT,64ASHQPWV4NCFVX,10.51
Samuel,Evans,HY69964,5188903,ETHOS GROUP,5,EMEA,ORBIT,SUPPORT,NO_TS_EMEA,89.49
Pamela,Long,SV68580,6361451,BRYTON GROUP,5,CONT MENA,VERTEX,REGIE,N4DQKOPR15MJCXA,15.48
Pamela,Long,SV68580,6361451,BRYTON GROUP,5,LATAM,VERTEX,REGIE,NO_TS_LATAM,84.52
Gina,Montes,RP07986,7746075,INOVA GROUP,5,LATAM MENA,NEXUS,REGIE,9RAYZL4XSA2HJWR,11.08
Gina,Montes,RP07986,7746075,INOVA GROUP,5,MEA,NEXUS,REGIE,NO_TS_MEA,88.92
James,Wilson,EN47303,6221217,ALCOR DIGITAL,5,CONT ASIA,VERTEX,RPS,BMSG7PBEJXOG14O,11.36
James,Wilson,EN47303,6221217,ALCOR DIGITAL,5,APAC,VERTEX,RPS,NO_TS_APAC,88.64
Rebecca,Ramirez,RV61505,6107161,ALCOR DYNAMICS,5,EMEA EUROPE,QUANTUM,REGIE,E4CB1T1MXWCRPDC,11.36
Rebecca,Ramirez,RV61505,6107161,ALCOR DYNAMICS,5,MEA,QUANTUM,REGIE,NO_TS_MEA,88.64
Julie,Rush,QU76863,9231313,HYRION SOLUTIONS,5,APAC AMERICA,ATLAS,REGIE,G3K3CV535AY6UY7,11.65
Jeffrey,Combs,FD59927,1238680,FORVEX GROUP,5,MEA EUROPE,STELLAR,REGIE,46CEMI0W97PDGCP,7.53
Jeffrey,Combs,FD59927,1238680,FORVEX GROUP,5,MEA,STELLAR,REGIE,NO_TS_MEA,92.47
Ryan,Davenport,SY84206,5640549,FORVEX SYSTEMS,5,APAC MENA,VERTEX,SUPPORT,MH4H2WKA9GRZ0LV,11.36
Ryan,Davenport,SY84206,5640549,FORVEX SYSTEMS,5,LATAM,VERTEX,SUPPORT,NO_TS_LATAM,88.64
James,Graves,XL84357,3572055,GOLZEN DYNAMICS,5,MEA MENA,ORBIT,RPS,9TP7JNUON3YQYOZ,11.36
James,Graves,XL84357,3572055,GOLZEN DYNAMICS,5,APAC,ORBIT,RPS,NO_TS_APAC,88.64
Cindy,Davis,KF08232,1249970,ETHOS GROUP,5,MEA AMERICA,PULSE,FORFAIT,6FE0Q2SD9BWA1K4,13.64
Heather,Gomez,TA85742,2608660,JALVIK VENTURES,5,NA AMERICA,PULSE,FORFAIT,4FFK2RTLFGX4IR2,7.03
Heather,Gomez,TA85742,2608660,JALVIK VENTURES,5,LATAM,PULSE,FORFAIT,NO_TS_LATAM,92.97
Linda,Hill,AE14820,7861083,INOVA SYSTEMS,5,MEA AMERICA,STELLAR,MAINTENANCE,TOZCFNWF4608AT1,13.64
Linda,Hill,AE14820,7861083,INOVA SYSTEMS,5,MEA,STELLAR,MAINTENANCE,NO_TS_MEA,86.36
Ryan,Phillips,IP40185,7385806,ETHOS VENTURES,5,EMEA EUROPE,PULSE,SUPPORT,4JXFM3C56D0O1LB,10.23
Ryan,Phillips,IP40185,7385806,ETHOS VENTURES,5,APAC,PULSE,SUPPORT,NO_TS_APAC,89.77
Richard,King,HZ95511,7811177,INOVA DYNAMICS,5,EMEA OCEANIA,QUANTUM,REGIE,E5E9E8C09CZYQ8X,13.64
Richard,King,HZ95511,7811177,INOVA DYNAMICS,5,CONT,QUANTUM,REGIE,NO_TS_CONT,86.36
Kevin,Nash,TJ96081,6923003,BRYTON GLOBAL,5,APAC EUROPE,STELLAR,MAINTENANCE,WEEEXJPMVH9VKPJ,11.08
Kevin,Nash,TJ96081,6923003,BRYTON GLOBAL,5,CONT,STELLAR,MAINTENANCE,NO_TS_CONT,88.92
Caleb,Johnson,UN46820,2826877,CENVEO SOLUTIONS,5,APAC MENA,NEXUS,SUPPORT,1FZ4WF0Y0IPJYQ2,10.23
Caleb,Johnson,UN46820,2826877,CENVEO SOLUTIONS,5,MEA,NEXUS,SUPPORT,NO_TS_MEA,89.77
Rose,Lewis,MK27266,6407996,DELVO SYSTEMS,5,EMEA OCEANIA,STELLAR,MAINTENANCE,ZL15LUS1YN2AMYG,11.36
Charles,Tran,SD17695,3473869,HYRION DYNAMICS,5,NA EUROPE,PHOENIX,FORFAIT,2CFZN2875GG41RH,7.53
Charles,Tran,SD17695,3473869,HYRION DYNAMICS,5,NA,PHOENIX,FORFAIT,NO_TS_NA,92.47
Bryan,Lee,KY40680,7718819,INOVA GLOBAL,5,NA AFRICA,STELLAR,FORFAIT,N1BLINKDY6PR7K7,18.75
Bryan,Lee,KY40680,7718819,INOVA GLOBAL,5,EMEA,STELLAR,FORFAIT,NO_TS_EMEA,81.25
Joseph,Collins,ZW72319,7622825,BRYTON DYNAMICS,5,APAC OCEANIA,STELLAR,REGIE,FHX2XT8P6YJTT72,8.52
John,Brown,XD05245,9886916,BRYTON DYNAMICS,5,APAC MENA,VERTEX,FORFAIT,YX7E1RO1G8S6P7H,12.07
John,Brown,XD05245,9886916,BRYTON DYNAMICS,5,NA,VERTEX,FORFAIT,NO_TS_NA,87.93
Charles,Peters,AA83606,9834435,ETHOS GROUP,5,MEA ASIA,ATLAS,FORFAIT,Q7RGSK38VPNKOXB,5.82
Charles,Peters,AA83606,9834435,ETHOS GROUP,5,NA,ATLAS,FORFAIT,NO_TS_NA,94.18
Tina,Craig,GM77884,3675696,CENVEO GLOBAL,5,EMEA OCEANIA,PHOENIX,FORFAIT,MXXACC8FPUUI2UE,9.94
Tina,Craig,GM77884,3675696,CENVEO GLOBAL,5,LATAM,PHOENIX,FORFAIT,NO_TS_LATAM,90.06
Stephen,Hernandez,AI72416,1513302,LUMEX TECH,5,APAC OCEANIA,ATLAS,REGIE,EYSPTMYV241XPO5,15.06
Stephen,Hernandez,AI72416,1513302,LUMEX TECH,5,NA,ATLAS,REGIE,NO_TS_NA,84.94
Jorge,Simmons,NG03935,7836488,DELVO VENTURES,5,EMEA ASIA,PULSE,REGIE,97Z8QUVMW5UCM54,13.64
Jorge,Simmons,NG03935,7836488,DELVO VENTURES,5,NA,PULSE,REGIE,NO_TS_NA,86.36
Sarah,Oliver,DA27945,5986345,KESTRA GLOBAL,5,CONT OCEANIA,ATLAS,REGIE,Y1Z0WESHWJL475J,14.29
Sarah,Oliver,DA27945,5986345,KESTRA GLOBAL,5,NA,ATLAS,REGIE,NO_TS_NA,85.71
Phillip,Holmes,KE67272,4062410,ALCOR SOLUTIONS,5,LATAM ASIA,ATLAS,MAINTENANCE,F36G3475L5ITYD7,11.93
Veronica,Smith,BO84047,4732530,GOLZEN SOLUTIONS,5,MEA AMERICA,STELLAR,REGIE,HE9DHY5OSCJ0Q5R,8.24
Veronica,Smith,BO84047,4732530,GOLZEN SOLUTIONS,5,CONT,STELLAR,REGIE,NO_TS_CONT,91.76
Brian,Walters,GA60917,5933396,JALVIK DYNAMICS,5,LATAM ASIA,ORBIT,REGIE,24Z6TE9JW8293B4,13.64
Angela,Russo,CZ55926,9128409,DELVO DYNAMICS,5,LATAM EUROPE,NEXUS,REGIE,FJ0PMBVKERGEUQW,13.64
Angela,Russo,CZ55926,9128409,DELVO DYNAMICS,5,MEA,NEXUS,REGIE,NO_TS_MEA,86.36
Charles,Nelson,JC51008,1834174,INOVA CONSULTING,5,CONT EUROPE,ATLAS,FORFAIT,VSIJNP17EP3WIKY,13.64
Rebecca,Gillespie,EU40911,6400095,ALCOR CONSULTING,5,EMEA MENA,PHOENIX,MAINTENANCE,ZUTDY1LVMH2CSAE,7.95
Rebecca,Gillespie,EU40911,6400095,ALCOR CONSULTING,5,EMEA,PHOENIX,MAINTENANCE,NO_TS_EMEA,92.05
Kelsey,Mccormick,MV61999,2994918,ETHOS DYNAMICS,5,LATAM MENA,STELLAR,MAINTENANCE,75J3BXI2KKW3ZJ9,6.96
Kelsey,Mccormick,MV61999,2994918,ETHOS DYNAMICS,5,APAC,STELLAR,MAINTENANCE,NO_TS_APAC,93.04
Angela,Miller,FQ97610,2038936,ALCOR CONSULTING,5,EMEA ASIA,PHOENIX,RPS,9MYEFO8NAZLSRAR,7.67
Angela,Miller,FQ97610,2038936,ALCOR CONSULTING,5,NA,PHOENIX,RPS,NO_TS_NA,92.33
Stephen,Stevens,QA96845,4872581,DELVO VENTURES,5,MEA ASIA,STELLAR,REGIE,NTRZXGKQ3UD56DU,11.51
Stephen,Stevens,QA96845,4872581,DELVO VENTURES,5,CONT,STELLAR,REGIE,NO_TS_CONT,88.49
Pamela,Marsh,TO96844,8834532,FORVEX GROUP,5,CONT AMERICA,ORBIT,MAINTENANCE,LNNT09BDKGT8BCM,9.52
Jennifer,Wade,RK96259,5395980,JALVIK TECH,5,MEA MENA,STELLAR,SUPPORT,C0SAHZU1EZ0NQK6,11.22
Jennifer,Wade,RK96259,5395980,JALVIK TECH,5,APAC,STELLAR,SUPPORT,NO_TS_APAC,88.78
Ronald,Humphrey,DL27046,9653513,FORVEX TECH,5,LATAM MENA,NEXUS,MAINTENANCE,2KOAVSII1MSJOUB,9.66
Ronald,Humphrey,DL27046,9653513,FORVEX TECH,5,APAC,NEXUS,MAINTENANCE,NO_TS_APAC,90.34
Elizabeth,Mckee,XG62222,9564860,KESTRA DIGITAL,5,MEA OCEANIA,NOVA,SUPPORT,CY99UCF4RJHARVT,7.81
Elizabeth,Mckee,XG62222,9564860,KESTRA DIGITAL,5,EMEA,NOVA,SUPPORT,NO_TS_EMEA,92.19
Amy,Blair,WF17931,7859956,CENVEO DIGITAL,5,LATAM AFRICA,STELLAR,MAINTENANCE,5JRBDUFP455VF5D,11.36
Amy,Blair,WF17931,7859956,CENVEO DIGITAL,5,CONT,STELLAR,MAINTENANCE,NO_TS_CONT,88.64
Nicole,Richardson,EY24628,6230183,CENVEO CONSULTING,5,LATAM OCEANIA,NOVA,REGIE,P8WDZ0X0EJ2X51V,12.5
Nicole,Richardson,EY24628,6230183,CENVEO CONSULTING,5,NA,NOVA,REGIE,NO_TS_NA,87.5
Deanna,Burnett,JS26745,5897623,JALVIK DYNAMICS,5,LATAM MENA,NOVA,REGIE,XI3FDSF5HXVI9H8,12.07
Seth,Garcia,BA23538,6500017,BRYTON CONSULTING,5,NA OCEANIA,STELLAR,REGIE,X7LTPIFK8CWJDHU,11.93
Seth,Garcia,BA23538,6500017,BRYTON CONSULTING,5,APAC,STELLAR,REGIE,NO_TS_APAC,88.07
Brenda,Harris,MF52344,5951905,HYRION GROUP,5,MEA OCEANIA,NEXUS,FORFAIT,LLCXHQ0LWP97W5E,13.64
Roy,Brown,NP63276,4690625,HYRION DIGITAL,5,APAC EUROPE,ORBIT,MAINTENANCE,OIZD6HCV9P9FPTM,9.66
Roy,Brown,NP63276,4690625,HYRION DIGITAL,5,CONT,ORBIT,MAINTENANCE,NO_TS_CONT,90.34
James,Bennett,AT99466,2971938,LUMEX TECH,5,NA MENA,ATLAS,REGIE,H8WW1ESZUQDLO7E,11.36
James,Bennett,AT99466,2971938,LUMEX TECH,5,LATAM,ATLAS,REGIE,NO_TS_LATAM,88.64
Sharon,Hoffman,RE65027,4943848,FORVEX TECH,5,MEA OCEANIA,VERTEX,MAINTENANCE,Y0NN6YU4Z5582V9,10.23
Meghan,Joseph,KN68203,7768819,JALVIK GLOBAL,5,EMEA AFRICA,NOVA,FORFAIT,AKLFE0QYOL7B3Q3,7.67
Meghan,Joseph,KN68203,7768819,JALVIK GLOBAL,5,EMEA,NOVA,FORFAIT,NO_TS_EMEA,92.33
Christian,Cook,EW92415,7877923,GOLZEN VENTURES,5,EMEA MENA,NOVA,FORFAIT,ACWMJPWCKT5421E,11.36
Christian,Cook,EW92415,7877923,GOLZEN VENTURES,5,EMEA,NOVA,FORFAIT,NO_TS_EMEA,88.64
Julia,Roy,VL79853,5955383,FORVEX GROUP,5,EMEA AFRICA,PULSE,SUPPORT,MRTNBYXR4FBVJ6D,11.51
Julia,Roy,VL79853,5955383,FORVEX GROUP,5,APAC,PULSE,SUPPORT,NO_TS_APAC,88.49
Rita,Guzman,TP28010,7907746,GOLZEN SYSTEMS,5,MEA MENA,QUANTUM,FORFAIT,SQUNZGRXU3QKXO0,9.38
Rita,Guzman,TP28010,7907746,GOLZEN SYSTEMS,5,LATAM,QUANTUM,FORFAIT,NO_TS_LATAM,90.63
Cassandra,Harris,PS23690,9324027,HYRION SYSTEMS,5,LATAM AFRICA,NEXUS,RPS,QXEV77ZJGOZBVVE,10.51
Cassandra,Harris,PS23690,9324027,HYRION SYSTEMS,5,CONT,NEXUS,RPS,NO_TS_CONT,89.49
Jonathan,Rodriguez,WL55444,4245264,FORVEX CONSULTING,5,CONT ASIA,ATLAS,RPS,VUP6XAFEJ1HPPVD,15.91
Jonathan,Rodriguez,WL55444,4245264,FORVEX CONSULTING,5,CONT,ATLAS,RPS,NO_TS_CONT,84.09
Victoria,Suarez,YP73875,3940812,GOLZEN DYNAMICS,5,APAC AMERICA,PULSE,FORFAIT,G947E3HKCZEBXM6,13.64
Robert,Rhodes,SD12804,7211169,HYRION CONSULTING,5,MEA AMERICA,ATLAS,REGIE,6Y6VSXKSGJB9XSV,11.79
Robert,Rhodes,SD12804,7211169,HYRION CONSULTING,5,MEA,ATLAS,REGIE,NO_TS_MEA,88.21
Jamie,Parker,VR73785,9875889,DELVO DYNAMICS,5,MEA MENA,ATLAS,SUPPORT,HD2XQO90TQ9V5K3,13.92
Tammy,Rice,CS94472,7139117,DELVO SOLUTIONS,5,APAC ASIA,QUANTUM,SUPPORT,9P0X4OTEO8NPZIJ,10.23
Tammy,Rice,CS94472,7139117,DELVO SOLUTIONS,5,NA,QUANTUM,SUPPORT,NO_TS_NA,89.77
Alexis,Cruz,HB58358,5374353,DELVO TECH,5,APAC OCEANIA,VERTEX,SUPPORT,FOBYXW3XMSWWT1I,11.76
Alexis,Cruz,HB58358,5374353,DELVO TECH,5,NA,VERTEX,SUPPORT,NO_TS_NA,88.24
Maureen,Martinez,ZP68044,5631529,CENVEO TECH,5,EMEA MENA,STELLAR,RPS,LF9FUHPTKBQGF9H,9.94
Maureen,Martinez,ZP68044,5631529,CENVEO TECH,5,LATAM,STELLAR,RPS,NO_TS_LATAM,90.06
Robert,Steele,FR57774,5243800,JALVIK CONSULTING,5,EMEA AMERICA,NEXUS,FORFAIT,2KJQ6WIESI38MK7,9.23
Robert,Steele,FR57774,5243800,JALVIK CONSULTING,5,CONT,NEXUS,FORFAIT,NO_TS_CONT,90.77
Stanley,Carr,FI35002,5099440,BRYTON DYNAMICS,5,NA OCEANIA,ATLAS,RPS,1BF9NJHUL0LXLRD,15.34
Stanley,Carr,FI35002,5099440,BRYTON DYNAMICS,5,EMEA,ATLAS,RPS,NO_TS_EMEA,84.66
Billy,Ibarra,EU40943,1554553,ETHOS GROUP,5,MEA ASIA,PULSE,MAINTENANCE,4UB1KBRY7REUHF4,8.38
Ernest,Kim,JT11830,3456456,ETHOS DYNAMICS,5,NA OCEANIA,PULSE,FORFAIT,ETDSPKAG2E40NWP,8.95
Ernest,Kim,JT11830,3456456,ETHOS DYNAMICS,5,LATAM,PULSE,FORFAIT,NO_TS_LATAM,91.05
Susan,Brown,SW53636,5648080,GOLZEN CONSULTING,5,MEA ASIA,PHOENIX,RPS,5F8ZO0CVDYQJ4AP,15.63
Susan,Brown,SW53636,5648080,GOLZEN CONSULTING,5,LATAM,PHOENIX,RPS,NO_TS_LATAM,84.38
Philip,Richardson,WO89260,4732805,LUMEX GROUP,5,LATAM ASIA,NOVA,SUPPORT,VVFBBD3QEPWJNO6,10.51
Philip,Richardson,WO89260,4732805,LUMEX GROUP,5,CONT,NOVA,SUPPORT,NO_TS_CONT,89.49
Jon,Villa,HD71607,9015833,JALVIK DIGITAL,5,MEA AFRICA,NEXUS,SUPPORT,YGFUL99MZFHI719,9.94
Jon,Villa,HD71607,9015833,JALVIK DIGITAL,5,LATAM,NEXUS,SUPPORT,NO_TS_LATAM,90.06
Amy,Lynch,MG91220,5816514,ALCOR DYNAMICS,5,APAC ASIA,STELLAR,REGIE,CP13X93SPH0EJW5,7.53
Amy,Lynch,MG91220,5816514,ALCOR DYNAMICS,5,LATAM,STELLAR,REGIE,NO_TS_LATAM,92.47
Kevin,Spence,EM04910,9359968,FORVEX GROUP,5,MEA MENA,PULSE,RPS,O1HF7XHI8G6EVLY,12.22
Kevin,Spence,EM04910,9359968,FORVEX GROUP,5,MEA,PULSE,RPS,NO_TS_MEA,87.78
Timothy,Johnson,VM12022,5754779,GOLZEN VENTURES,5,CONT OCEANIA,STELLAR,REGIE,0MVBAENLEFK833O,15.63
Timothy,Johnson,VM12022,5754779,GOLZEN VENTURES,5,APAC,STELLAR,REGIE,NO_TS_APAC,84.38
Justin,Frazier,WU62233,4708465,DELVO DYNAMICS,5,LATAM EUROPE,NEXUS,SUPPORT,AHW2GMHD71EY5FI,10.23
Bailey,Graham,XY72618,7865921,INOVA SOLUTIONS,5,LATAM OCEANIA,NOVA,RPS,UW5K6IDZT5Q4GKY,9.23
Bailey,Graham,XY72618,7865921,INOVA SOLUTIONS,5,MEA,NOVA,RPS,NO_TS_MEA,90.77
Joshua,Bennett,SW95489,1622391,DELVO DYNAMICS,5,CONT AFRICA,PHOENIX,RPS,YPKRWHGCRH2DYMR,4.69
Joshua,Bennett,SW95489,1622391,DELVO DYNAMICS,5,LATAM,PHOENIX,RPS,NO_TS_LATAM,95.31
Rebecca,Lawson,BA90328,8298532,HYRION GROUP,5,APAC ASIA,STELLAR,SUPPORT,KFD0E0GT1MVAF9B,16.76
Rebecca,Lawson,BA90328,8298532,HYRION GROUP,5,APAC,STELLAR,SUPPORT,NO_TS_APAC,83.24
Judith,Green,WP52996,3735903,ALCOR DYNAMICS,5,MEA OCEANIA,QUANTUM,RPS,ROQE3XHSZ5GUT7W,11.93
Judith,Green,WP52996,3735903,ALCOR DYNAMICS,5,LATAM,QUANTUM,RPS,NO_TS_LATAM,88.07
Rebecca,Cain,GM19129,2544456,BRYTON SOLUTIONS,5,LATAM EUROPE,QUANTUM,RPS,UPJN8NR7RS5KKDA,12.5
Rebecca,Cain,GM19129,2544456,BRYTON SOLUTIONS,5,APAC,QUANTUM,RPS,NO_TS_APAC,87.5
Molly,Bowers,LR80933,4388464,LUMEX DIGITAL,5,MEA ASIA,PULSE,FORFAIT,GDGQP5GMED3XN0W,10.37
Molly,Bowers,LR80933,4388464,LUMEX DIGITAL,5,NA,PULSE,FORFAIT,NO_TS_NA,89.63
Carrie,Anderson,HO11945,9604224,ALCOR SOLUTIONS,5,APAC EUROPE,ORBIT,REGIE,M703JB2S6SGL83Z,7.95
Richard,Melton,OW17145,8876690,JALVIK DYNAMICS,5,CONT ASIA,PULSE,FORFAIT,3WQ5P7CAKYC2M4D,9.66
Kevin,Mccall,AH71827,9061689,ALCOR VENTURES,5,MEA OCEANIA,PHOENIX,FORFAIT,WHINF4BUXNH931K,11.22
Kevin,Mccall,AH71827,9061689,ALCOR VENTURES,5,CONT,PHOENIX,FORFAIT,NO_TS_CONT,88.78
Bruce,Walters,SM06636,8857815,JALVIK VENTURES,5,CONT ASIA,ORBIT,MAINTENANCE,X6BE1CIIBPNVYPA,13.64
Bruce,Walters,SM06636,8857815,JALVIK VENTURES,5,CONT,ORBIT,MAINTENANCE,NO_TS_CONT,86.36
Debra,Mcdonald,TR84430,6142655,LUMEX TECH,5,EMEA ASIA,PHOENIX,MAINTENANCE,ATWUELHWJCXM4AY,11.36
Sarah,Charles,HD84902,7535329,DELVO GROUP,5,LATAM AMERICA,VERTEX,SUPPORT,N0RRIPHZKEE1Z8U,7.1
Sarah,Charles,HD84902,7535329,DELVO GROUP,5,NA,VERTEX,SUPPORT,NO_TS_NA,92.9
Judy,Patterson,PX69780,1817321,ETHOS SOLUTIONS,5,APAC AFRICA,STELLAR,FORFAIT,MJQVIPR3UT4B0YL,11.36
Pam,Diaz,GD13304,5071541,ETHOS GLOBAL,5,EMEA ASIA,ORBIT,RPS,D2S77C21WIYXG9U,13.64
Crystal,Lewis,YR51956,1175227,ALCOR VENTURES,5,CONT MENA,STELLAR,SUPPORT,IDR49UIMASQOHXK,10.23
Victor,Lopez,WY66671,9665450,DELVO DYNAMICS,5,CONT OCEANIA,PULSE,REGIE,R4WBBN6WWQZUA4J,9.38
Victor,Lopez,WY66671,9665450,DELVO DYNAMICS,5,EMEA,PULSE,REGIE,NO_TS_EMEA,90.63
Adam,Scott,JU62655,4270241,LUMEX DYNAMICS,5,NA OCEANIA,PHOENIX,SUPPORT,62XXL91N19RV1QI,13.64
Adam,Scott,JU62655,4270241,LUMEX DYNAMICS,5,LATAM,PHOENIX,SUPPORT,NO_TS_LATAM,86.36
Randy,Hartman,UR78150,2192114,JALVIK GROUP,5,LATAM MENA,QUANTUM,REGIE,M6QSNY8EEMLVL2E,11.36
Randy,Hartman,UR78150,2192114,JALVIK GROUP,5,CONT,QUANTUM,REGIE,NO_TS_CONT,88.64
Sharon,Osborn,BI88587,8671925,DELVO GLOBAL,5,EMEA AFRICA,STELLAR,REGIE,JLJPOVMVT7EFGCG,9.66
Elizabeth,Parker,BM92751,1124719,CENVEO DYNAMICS,5,EMEA OCEANIA,ATLAS,FORFAIT,W3102T3LH3ZHDGR,11.08
Elizabeth,Parker,BM92751,1124719,CENVEO DYNAMICS,5,MEA,ATLAS,FORFAIT,NO_TS_MEA,88.92
Charlotte,Jones,CN10926,1806886,DELVO SOLUTIONS,5,MEA OCEANIA,QUANTUM,SUPPORT,5CXXYI0H7L7KO9U,11.36
Joshua,Duncan,RW62609,4662642,BRYTON SYSTEMS,5,MEA MENA,STELLAR,SUPPORT,1VSK4LIJC283EPL,10.8
Joshua,Duncan,RW62609,4662642,BRYTON SYSTEMS,5,EMEA,STELLAR,SUPPORT,NO_TS_EMEA,89.2
Lisa,Curry,ZO36474,2280577,KESTRA GROUP,5,NA AFRICA,QUANTUM,SUPPORT,5IJ9VQVH68ING54,11.36
Lisa,Curry,ZO36474,2280577,KESTRA GROUP,5,EMEA,QUANTUM,SUPPORT,NO_TS_EMEA,88.64
Janice,Vang,XM47857,7065100,FORVEX VENTURES,5,CONT EUROPE,PHOENIX,SUPPORT,RKZGNMNCIZ5T4P0,11.36
Janice,Vang,XM47857,7065100,FORVEX VENTURES,5,MEA,PHOENIX,SUPPORT,NO_TS_MEA,88.64
Phillip,Anderson,BW17339,2437334,BRYTON VENTURES,5,NA ASIA,QUANTUM,REGIE,02RVK6Z4GP2J4BT,6.68
Phillip,Anderson,BW17339,2437334,BRYTON VENTURES,5,CONT,QUANTUM,REGIE,NO_TS_CONT,93.32
Kevin,Mendez,KA86749,9887213,KESTRA TECH,5,EMEA AMERICA,STELLAR,RPS,32Z46BMJESSEJ6L,11.93
Kevin,Mendez,KA86749,9887213,KESTRA TECH,5,MEA,STELLAR,RPS,NO_TS_MEA,88.07
Danielle,Brandt,ZH97429,8055184,CENVEO DIGITAL,5,LATAM AMERICA,VERTEX,FORFAIT,X29XVKRLXZWBWCF,11.36
Danielle,Brandt,ZH97429,8055184,CENVEO DIGITAL,5,APAC,VERTEX,FORFAIT,NO_TS_APAC,88.64
Jeffrey,Gomez,NY00698,2573613,INOVA GROUP,5,MEA AMERICA,ORBIT,REGIE,6H8QGW33DB3UFF8,11.36
Jeffrey,Gomez,NY00698,2573613,INOVA GROUP,5,APAC,ORBIT,REGIE,NO_TS_APAC,88.64
Paul,Tran,KK66178,8284364,CENVEO CONSULTING,5,MEA ASIA,VERTEX,MAINTENANCE,FOODM0JQ0B7MJBK,15.91
Paul,Tran,KK66178,8284364,CENVEO CONSULTING,5,LATAM,VERTEX,MAINTENANCE,NO_TS_LATAM,84.09
Pamela,Torres,ED89895,4636882,LUMEX CONSULTING,5,APAC AMERICA,STELLAR,MAINTENANCE,06XX4LM66AOOFSH,11.93
Pamela,Torres,ED89895,4636882,LUMEX CONSULTING,5,NA,STELLAR,MAINTENANCE,NO_TS_NA,88.07
Carol,Wyatt,PZ98803,5365442,FORVEX TECH,5,APAC ASIA,ATLAS,FORFAIT,KKYU5GGVHXYMFC5,13.64
Carol,Wyatt,PZ98803,5365442,FORVEX TECH,5,NA,ATLAS,FORFAIT,NO_TS_NA,86.36
Michelle,Mccann,VK75788,9177966,ETHOS SYSTEMS,5,CONT AFRICA,PHOENIX,RPS,NUS5NYCN68E2OJO,8.38
Michelle,Mccann,VK75788,9177966,ETHOS SYSTEMS,5,LATAM,PHOENIX,RPS,NO_TS_LATAM,91.62
Michael,Garza,GA76327,8562725,INOVA SYSTEMS,5,MEA OCEANIA,NOVA,MAINTENANCE,LSKY1K8NVFD61D1,10.23
Emily,Roy,VI82405,1322410,HYRION VENTURES,5,EMEA AFRICA,NEXUS,MAINTENANCE,ZB3UIBUCUVGPZ64,11.93
Emily,Roy,VI82405,1322410,HYRION VENTURES,5,MEA,NEXUS,MAINTENANCE,NO_TS_MEA,88.07
Brent,Henderson,HT41812,9148086,GOLZEN GROUP,5,NA ASIA,QUANTUM,REGIE,XHQ1KY2DZQCO26Y,11.51
Brent,Henderson,HT41812,9148086,GOLZEN GROUP,5,EMEA,QUANTUM,REGIE,NO_TS_EMEA,88.49
Alexis,Parker,SN36536,5366346,INOVA DIGITAL,5,MEA ASIA,QUANTUM,FORFAIT,HAX76VFY62MZJX9,9.66
Alexis,Parker,SN36536,5366346,INOVA DIGITAL,5,EMEA,QUANTUM,FORFAIT,NO_TS_EMEA,90.34
Jennifer,Jackson,WG82600,4875731,JALVIK SYSTEMS,5,LATAM AFRICA,ATLAS,RPS,AB35M8FMHPSFRJI,15.91
Elaine,Gibson,FN32649,7900345,LUMEX VENTURES,5,EMEA AFRICA,VERTEX,RPS,9MZN6K44PBTOEP3,10.8
Elaine,Gibson,FN32649,7900345,LUMEX VENTURES,5,APAC,VERTEX,RPS,NO_TS_APAC,89.2
David,Delgado,WX37005,7051022,DELVO GROUP,5,CONT OCEANIA,VERTEX,REGIE,G8A6UIARZO2BFGT,13.64
David,Delgado,WX37005,7051022,DELVO GROUP,5,LATAM,VERTEX,REGIE,NO_TS_LATAM,86.36
Sophia,Perez,ZN23768,7339801,CENVEO SYSTEMS,5,CONT EUROPE,ATLAS,FORFAIT,XQOBV1MKUAE7VZE,9.94
Sophia,Perez,ZN23768,7339801,CENVEO SYSTEMS,5,EMEA,ATLAS,FORFAIT,NO_TS_EMEA,90.06
Kathleen,Johnson,VV15352,1102701,INOVA SOLUTIONS,5,EMEA AMERICA,STELLAR,SUPPORT,7DCDV84QVIVBS7C,13.64
Joshua,Ryan,KT95167,9068729,DELVO GLOBAL,5,LATAM AMERICA,PHOENIX,REGIE,7RMLC8AWXAEWA73,9.38
Joshua,Ryan,KT95167,9068729,DELVO GLOBAL,5,LATAM,PHOENIX,REGIE,NO_TS_LATAM,90.63
Michael,Ramirez,UW25115,5973884,ALCOR CONSULTING,5,NA AFRICA,PHOENIX,RPS,0E3S83YDSX9E483,10.65
Walter,Gordon,GZ73370,6345241,INOVA DIGITAL,5,NA OCEANIA,PULSE,SUPPORT,88PYGXT21SACBJH,8.52
Brian,Everett,HE62500,1942644,FORVEX SOLUTIONS,5,APAC OCEANIA,NEXUS,MAINTENANCE,O0M04V84DW4AXBL,12.5
Brian,Everett,HE62500,1942644,FORVEX SOLUTIONS,5,LATAM,NEXUS,MAINTENANCE,NO_TS_LATAM,87.5
Lisa,Deleon,YN14169,9042556,KESTRA GLOBAL,5,APAC EUROPE,VERTEX,MAINTENANCE,H1F5WL0NZH9AI7V,13.64
Lisa,Deleon,YN14169,9042556,KESTRA GLOBAL,5,MEA,VERTEX,MAINTENANCE,NO_TS_MEA,86.36
Lee,Chambers,ZJ76146,6191969,BRYTON SYSTEMS,5,EMEA EUROPE,PHOENIX,RPS,J1Z31Q2OE1PBGT1,15.91
Lee,Chambers,ZJ76146,6191969,BRYTON SYSTEMS,5,APAC,PHOENIX,RPS,NO_TS_APAC,84.09
Jonathan,Carr,MR86253,3667108,ETHOS VENTURES,5,EMEA AFRICA,ORBIT,SUPPORT,3W5MZYWQRBF8IFT,8.52
Jonathan,Carr,MR86253,3667108,ETHOS VENTURES,5,NA,ORBIT,SUPPORT,NO_TS_NA,91.48
Richard,Sexton,AQ30782,7107823,LUMEX CONSULTING,5,MEA OCEANIA,PULSE,REGIE,D7Z2BJFVBU4LTWI,13.64
Richard,Sexton,AQ30782,7107823,LUMEX CONSULTING,5,NA,PULSE,REGIE,NO_TS_NA,86.36
Jonathan,Rodriguez,LH91925,5943387,DELVO SOLUTIONS,5,NA OCEANIA,QUANTUM,REGIE,G3WWAC634E351BB,12.5
Mario,Wiggins,XS98344,2431246,KESTRA DIGITAL,5,EMEA MENA,QUANTUM,RPS,AKT054RXBZPO7ZD,13.64
Mario,Wiggins,XS98344,2431246,KESTRA DIGITAL,5,CONT,QUANTUM,RPS,NO_TS_CONT,86.36
Phillip,Butler,BU02623,7693116,ETHOS VENTURES,5,EMEA MENA,PULSE,SUPPORT,QVRJ14RPOE0FIOU,11.36
Phillip,Butler,BU02623,7693116,ETHOS VENTURES,5,EMEA,PULSE,SUPPORT,NO_TS_EMEA,88.64
Michael,George,NY59304,4559841,CENVEO GLOBAL,5,APAC ASIA,VERTEX,FORFAIT,UQNRUR8SBPJF3IT,10.37
Michael,George,NY59304,4559841,CENVEO GLOBAL,5,EMEA,VERTEX,FORFAIT,NO_TS_EMEA,89.63
Richard,Lewis,DF64395,1616958,FORVEX DYNAMICS,5,NA AMERICA,NEXUS,MAINTENANCE,WIACGPB8MVGLOUA,15.91
Richard,Lewis,DF64395,1616958,FORVEX DYNAMICS,5,NA,NEXUS,MAINTENANCE,NO_TS_NA,84.09
Anita,Finley,JQ42909,3562927,CENVEO DIGITAL,5,LATAM MENA,NEXUS,SUPPORT,L8XM1QLACBPYRFG,12.5
Anita,Finley,JQ42909,3562927,CENVEO DIGITAL,5,LATAM,NEXUS,SUPPORT,NO_TS_LATAM,87.5
Amy,Edwards,QA29160,8603834,GOLZEN GLOBAL,5,MEA MENA,STELLAR,RPS,U7DFLK4074R9627,13.64
Noah,Wright,AO37712,2610322,ALCOR TECH,5,EMEA OCEANIA,VERTEX,MAINTENANCE,KS630GXERRQIHGK,7.95
Noah,Wright,AO37712,2610322,ALCOR TECH,5,MEA,VERTEX,MAINTENANCE,NO_TS_MEA,92.05
Kelly,Zamora,RE82131,8405446,INOVA SOLUTIONS,5,LATAM AFRICA,PHOENIX,REGIE,CYZYIXA9KG0Q0EH,10.23
Kelly,Zamora,RE82131,8405446,INOVA SOLUTIONS,5,APAC,PHOENIX,REGIE,NO_TS_APAC,89.77
Kimberly,Reid,SW15236,3874661,HYRION DYNAMICS,5,APAC OCEANIA,QUANTUM,RPS,KH4AMI1XUT9KE0K,9.52
Kimberly,Reid,SW15236,3874661,HYRION DYNAMICS,5,NA,QUANTUM,RPS,NO_TS_NA,90.48
Kaitlyn,Williams,MZ08157,6294180,BRYTON SOLUTIONS,5,LATAM OCEANIA,STELLAR,MAINTENANCE,9YSXFDHPEMZ4EX4,11.36
Kaitlyn,Williams,MZ08157,6294180,BRYTON SOLUTIONS,5,MEA,STELLAR,MAINTENANCE,NO_TS_MEA,88.64
Joan,Kidd,VJ31923,9949358,JALVIK CONSULTING,5,EMEA EUROPE,STELLAR,REGIE,YCZ7ZBZE3TGU3XB,7.95
Joan,Kidd,VJ31923,9949358,JALVIK CONSULTING,5,APAC,STELLAR,REGIE,NO_TS_APAC,92.05
Sharon,Lopez,IG98806,9346506,HYRION GROUP,5,CONT MENA,STELLAR,MAINTENANCE,CPXK76P5USJDM9Q,15.34
Sharon,Lopez,IG98806,9346506,HYRION GROUP,5,APAC,STELLAR,MAINTENANCE,NO_TS_APAC,84.66
Kaitlin,Johnson,UZ44153,5568541,LUMEX SYSTEMS,5,LATAM OCEANIA,ORBIT,SUPPORT,PI9OW3N8WKC9TN2,10.37
Kaitlin,Johnson,UZ44153,5568541,LUMEX SYSTEMS,5,LATAM,ORBIT,SUPPORT,NO_TS_LATAM,89.63
Patricia,Wilcox,CL31390,2682709,JALVIK CONSULTING,5,APAC ASIA,PULSE,RPS,38O0CWMAGR7MQ60,9.94
Patricia,Wilcox,CL31390,2682709,JALVIK CONSULTING,5,MEA,PULSE,RPS,NO_TS_MEA,90.06
Sara,Guerrero,AX39108,1689215,BRYTON SOLUTIONS,5,MEA EUROPE,VERTEX,FORFAIT,VXY2WDZWTB02PU2,21.43
Sara,Guerrero,AX39108,1689215,BRYTON SOLUTIONS,5,LATAM,VERTEX,FORFAIT,NO_TS_LATAM,78.57
Jessica,Moss,XS28469,7549926,FORVEX SOLUTIONS,5,NA MENA,ATLAS,RPS,DHKQ0RNQJOFG4UM,13.64
Daisy,Howard,ZT66617,4352524,KESTRA TECH,5,MEA EUROPE,PHOENIX,FORFAIT,NI0Q5QXE3CYM9NU,8.52
Daisy,Howard,ZT66617,4352524,KESTRA TECH,5,MEA,PHOENIX,FORFAIT,NO_TS_MEA,91.48
Mark,Johnson,SZ62301,4917175,DELVO DYNAMICS,5,MEA ASIA,NEXUS,SUPPORT,RVBS4VFSAG9ERN7,5.68
Mark,Johnson,SZ62301,4917175,DELVO DYNAMICS,5,LATAM,NEXUS,SUPPORT,NO_TS_LATAM,94.32
Jason,Davis,OB01322,9029636,KESTRA SYSTEMS,5,LATAM MENA,NEXUS,FORFAIT,29JW8140T6C0Q2B,11.36
Jason,Davis,OB01322,9029636,KESTRA SYSTEMS,5,APAC,NEXUS,FORFAIT,NO_TS_APAC,88.64
Jose,Frazier,YM38769,8763968,INOVA GROUP,5,MEA ASIA,ORBIT,FORFAIT,KE337402A3PHDR8,11.36
Jose,Frazier,YM38769,8763968,INOVA GROUP,5,NA,ORBIT,FORFAIT,NO_TS_NA,88.64
Jeff,Rodriguez,EY85443,5875361,GOLZEN DIGITAL,5,MEA ASIA,QUANTUM,MAINTENANCE,AP3TY3Y2TPEKO4W,8.1
Jeff,Rodriguez,EY85443,5875361,GOLZEN DIGITAL,5,EMEA,QUANTUM,MAINTENANCE,NO_TS_EMEA,91.9
Ryan,Fisher,RN63484,7113381,FORVEX DIGITAL,5,EMEA ASIA,PULSE,MAINTENANCE,34Q6LAMF6VL45P5,15.34
Ryan,Fisher,RN63484,7113381,FORVEX DIGITAL,5,LATAM,PULSE,MAINTENANCE,NO_TS_LATAM,84.66
James,Hernandez,GK94068,4989007,HYRION SOLUTIONS,5,CONT AMERICA,PHOENIX,RPS,CJGLLEQTKVJJ0NV,15.91
Derrick,Allison,FJ24930,4622088,ETHOS SYSTEMS,5,APAC AFRICA,ATLAS,MAINTENANCE,IKO6VIKAIVF67G0,6.82
Derrick,Allison,FJ24930,4622088,ETHOS SYSTEMS,5,EMEA,ATLAS,MAINTENANCE,NO_TS_EMEA,93.18
Martha,Lee,CV97083,3265691,LUMEX GROUP,5,CONT AMERICA,ORBIT,REGIE,DBFQ1Q4R0PMJDH5,6.53
Martha,Lee,CV97083,3265691,LUMEX GROUP,5,APAC,ORBIT,REGIE,NO_TS_APAC,93.47
Carrie,King,UF50294,2682225,ETHOS GLOBAL,5,EMEA EUROPE,ORBIT,REGIE,GVIDOAM57UMXQT5,15.91
Carrie,King,UF50294,2682225,ETHOS GLOBAL,5,APAC,ORBIT,REGIE,NO_TS_APAC,84.09
Patricia,Walls,YH70565,5037485,BRYTON CONSULTING,5,EMEA ASIA,QUANTUM,RPS,GGQH9PFBA12V6RA,11.36
Patricia,Walls,YH70565,5037485,BRYTON CONSULTING,5,NA,QUANTUM,RPS,NO_TS_NA,88.64
Briana,Benson,OM16513,7725231,HYRION DYNAMICS,5,NA MENA,PULSE,MAINTENANCE,E8UH16FF2LOYWXS,15.34
Briana,Benson,OM16513,7725231,HYRION DYNAMICS,5,EMEA,PULSE,MAINTENANCE,NO_TS_EMEA,84.66
Samantha,Haynes,KD80455,8549926,HYRION SYSTEMS,5,MEA MENA,PULSE,MAINTENANCE,9PK5ZU85D2AONEM,12.5
Samantha,Haynes,KD80455,8549926,HYRION SYSTEMS,5,LATAM,PULSE,MAINTENANCE,NO_TS_LATAM,87.5
Mary,Campbell,DH03881,9446989,JALVIK SYSTEMS,5,CONT OCEANIA,ATLAS,RPS,V3P0U0ZRRFOW7V8,13.64
Mary,Campbell,DH03881,9446989,JALVIK SYSTEMS,5,EMEA,ATLAS,RPS,NO_TS_EMEA,86.36
Steven,Barry,WZ70989,6294540,LUMEX TECH,5,LATAM EUROPE,ATLAS,FORFAIT,0GDRAJV2SXT9CJL,13.64
Kelly,Mays,FA85428,1585767,ALCOR SYSTEMS,5,CONT AMERICA,QUANTUM,SUPPORT,4M7QA0VMRAQU83Q,12.5
Kelly,Mays,FA85428,1585767,ALCOR SYSTEMS,5,NA,QUANTUM,SUPPORT,NO_TS_NA,87.5
Brett,Steele,VW92662,4974021,JALVIK DYNAMICS,5,CONT MENA,QUANTUM,SUPPORT,AY65M3YJ44UKI4U,10.94
Brett,Steele,VW92662,4974021,JALVIK DYNAMICS,5,NA,QUANTUM,SUPPORT,NO_TS_NA,89.06
Susan,Terry,OW66681,4039588,KESTRA SOLUTIONS,5,EMEA EUROPE,NOVA,REGIE,LCQRTD2L408Q89W,9.38
Susan,Terry,OW66681,4039588,KESTRA SOLUTIONS,5,LATAM,NOVA,REGIE,NO_TS_LATAM,90.63
Doris,Velez,KE39692,2973252,DELVO SOLUTIONS,5,MEA MENA,ORBIT,MAINTENANCE,1354CCYPJQ7ZJY4,9.38
Logan,Hart,YB59564,6979876,ETHOS GROUP,5,CONT AMERICA,NOVA,FORFAIT,1MVYDQTFW4CVO2R,13.64
Logan,Hart,YB59564,6979876,ETHOS GROUP,5,MEA,NOVA,FORFAIT,NO_TS_MEA,86.36
Christopher,Stephens,GT86099,1829352,ETHOS SYSTEMS,5,NA MENA,VERTEX,FORFAIT,MUO6B1F69XT4HD6,9.38
Christopher,Stephens,GT86099,1829352,ETHOS SYSTEMS,5,CONT,VERTEX,FORFAIT,NO_TS_CONT,90.63
Sonya,Pineda,KX06219,3081953,CENVEO GROUP,5,LATAM AFRICA,PHOENIX,REGIE,S883ET8QLMAXWC4,9.94
Sonya,Pineda,KX06219,3081953,CENVEO GROUP,5,EMEA,PHOENIX,REGIE,NO_TS_EMEA,90.06
Amanda,Carson,WV97907,7513808,CENVEO VENTURES,5,CONT MENA,STELLAR,FORFAIT,VM4A90XFC5EOBHH,11.36
Amanda,Carson,WV97907,7513808,CENVEO VENTURES,5,NA,STELLAR,FORFAIT,NO_TS_NA,88.64
Jonathan,Ortiz,AD72805,8715714,KESTRA DYNAMICS,5,EMEA EUROPE,QUANTUM,MAINTENANCE,PHBJF3F848S1J5G,11.36
Jonathan,Ortiz,AD72805,8715714,KESTRA DYNAMICS,5,APAC,QUANTUM,MAINTENANCE,NO_TS_APAC,88.64
Aaron,Taylor,JK60172,4622200,LUMEX GROUP,5,MEA MENA,PHOENIX,FORFAIT,4UKCXA5XKPSPKDF,11.51
Aaron,Taylor,JK60172,4622200,LUMEX GROUP,5,NA,PHOENIX,FORFAIT,NO_TS_NA,88.49
Mary,Gonzalez,YT81588,4850585,BRYTON DYNAMICS,5,APAC OCEANIA,NOVA,FORFAIT,HLLLUTEYZEFMG0Q,9.66
Christopher,Hoffman,FZ71702,3574353,GOLZEN GROUP,5,CONT AFRICA,NOVA,RPS,GEMH4X05Y21N3FZ,14.29
Christopher,Hoffman,FZ71702,3574353,GOLZEN GROUP,5,CONT,NOVA,RPS,NO_TS_CONT,85.71
Kathleen,Taylor,TE13218,4013702,ALCOR GLOBAL,5,EMEA OCEANIA,ORBIT,SUPPORT,YQL943QB40N7649,13.64
Kathleen,Taylor,TE13218,4013702,ALCOR GLOBAL,5,MEA,ORBIT,SUPPORT,NO_TS_MEA,86.36
Dustin,Hendricks,AR67448,6378684,FORVEX DYNAMICS,5,EMEA OCEANIA,STELLAR,SUPPORT,Z78DTM7NHAI0W2H,10.8
Sean,Matthews,HH31258,4360326,JALVIK SYSTEMS,5,LATAM EUROPE,QUANTUM,REGIE,UQZ2M6RQ8NEMZ5F,11.36
Sean,Matthews,HH31258,4360326,JALVIK SYSTEMS,5,MEA,QUANTUM,REGIE,NO_TS_MEA,88.64
John,Hill,PE53926,4503823,ETHOS DIGITAL,5,LATAM OCEANIA,PHOENIX,MAINTENANCE,DWJLUZJ9DKKZQ5L,9.09
John,Hill,PE53926,4503823,ETHOS DIGITAL,5,NA,PHOENIX,MAINTENANCE,NO_TS_NA,90.91
Andrew,Mills,ON31530,7088254,HYRION VENTURES,5,EMEA MENA,PHOENIX,RPS,0NNSZ1S378YKR0O,7.24
Heather,Young,AK59857,6952599,DELVO SOLUTIONS,5,CONT OCEANIA,NOVA,FORFAIT,0XAMU04RGDKTFBE,9.94
Heather,Young,AK59857,6952599,DELVO SOLUTIONS,5,LATAM,NOVA,FORFAIT,NO_TS_LATAM,90.06
Jessica,Montoya,FQ27194,6720646,HYRION GROUP,5,EMEA OCEANIA,VERTEX,REGIE,6D3VF1XD79YSN0V,12.5
Jessica,Montoya,FQ27194,6720646,HYRION GROUP,5,LATAM,VERTEX,REGIE,NO_TS_LATAM,87.5
Rodney,Smith,LB61516,3983907,GOLZEN CONSULTING,5,NA ASIA,ORBIT,REGIE,SRQ2LC6QZ8YFVDV,9.66
Rodney,Smith,LB61516,3983907,GOLZEN CONSULTING,5,MEA,ORBIT,REGIE,NO_TS_MEA,90.34
Olivia,Palmer,PU88298,8012947,FORVEX CONSULTING,5,CONT MENA,PULSE,REGIE,RXUM0W1KVI4UCTR,12.22
Olivia,Palmer,PU88298,8012947,FORVEX CONSULTING,5,EMEA,PULSE,REGIE,NO_TS_EMEA,87.78
Tony,Nelson,ZH48421,3261969,DELVO TECH,5,APAC MENA,QUANTUM,RPS,20XJHO6GGW7H9M0,9.94
Tony,Nelson,ZH48421,3261969,DELVO TECH,5,LATAM,QUANTUM,RPS,NO_TS_LATAM,90.06
Peter,Howard,PH16834,8241185,JALVIK SOLUTIONS,5,MEA MENA,STELLAR,SUPPORT,04RJ4SFG9DE5GBU,7.95
Peter,Howard,PH16834,8241185,JALVIK SOLUTIONS,5,CONT,STELLAR,SUPPORT,NO_TS_CONT,92.05
Michelle,Griffin,NQ19066,5846707,GOLZEN GROUP,5,MEA OCEANIA,STELLAR,FORFAIT,QWO3BQM68F0AUXO,8.52
Michelle,Griffin,NQ19066,5846707,GOLZEN GROUP,5,APAC,STELLAR,FORFAIT,NO_TS_APAC,91.48
Philip,Anderson,JT72677,2333994,KESTRA SOLUTIONS,5,LATAM ASIA,STELLAR,FORFAIT,Y0PB5VS4RNZZTAO,13.64
Philip,Anderson,JT72677,2333994,KESTRA SOLUTIONS,5,CONT,STELLAR,FORFAIT,NO_TS_CONT,86.36
Cassandra,Sampson,KP36675,6295785,ETHOS SYSTEMS,5,NA EUROPE,QUANTUM,SUPPORT,2W9PYKCM2W0V46F,9.38
Jonathan,Olson,GX55051,5708498,KESTRA SOLUTIONS,5,CONT ASIA,ATLAS,REGIE,VKZ8YO5ELQ0ZH3G,13.64
Jonathan,Olson,GX55051,5708498,KESTRA SOLUTIONS,5,CONT,ATLAS,REGIE,NO_TS_CONT,86.36
Benjamin,Wade,SS32510,6099921,GOLZEN SYSTEMS,5,MEA MENA,ORBIT,SUPPORT,WXZJ31X337T5Y83,13.35
Benjamin,Wade,SS32510,6099921,GOLZEN SYSTEMS,5,LATAM,ORBIT,SUPPORT,NO_TS_LATAM,86.65
Colin,Rosario,OT85935,5737984,ETHOS TECH,5,LATAM ASIA,QUANTUM,MAINTENANCE,QJOBECUNE0W4J94,11.36
Colin,Rosario,OT85935,5737984,ETHOS TECH,5,NA,QUANTUM,MAINTENANCE,NO_TS_NA,88.64
Marvin,Nicholson,SR10088,1519489,ALCOR SOLUTIONS,5,NA AMERICA,PULSE,RPS,ALEAWMWJXJ5TJI8,11.08
Marvin,Nicholson,SR10088,1519489,ALCOR SOLUTIONS,5,LATAM,PULSE,RPS,NO_TS_LATAM,88.92
Robin,Sanders,ZF57751,1009222,GOLZEN DIGITAL,5,NA MENA,STELLAR,SUPPORT,BWLMLHOB99E6MKD,12.5
Robin,Sanders,ZF57751,1009222,GOLZEN DIGITAL,5,NA,STELLAR,SUPPORT,NO_TS_NA,87.5
Gary,Shaw,YU52494,2524995,LUMEX SOLUTIONS,5,CONT MENA,NEXUS,REGIE,2AGHPZBMVWDS478,12.07
Gary,Shaw,YU52494,2524995,LUMEX SOLUTIONS,5,NA,NEXUS,REGIE,NO_TS_NA,87.93
Rebecca,Gardner,TL26519,4844410,INOVA GROUP,5,LATAM EUROPE,QUANTUM,RPS,TLS28QREQE3W7XP,9.38
Rebecca,Gardner,TL26519,4844410,INOVA GROUP,5,NA,QUANTUM,RPS,NO_TS_NA,90.63
Donna,Hubbard,DD98956,4483491,DELVO GROUP,5,EMEA EUROPE,QUANTUM,REGIE,F29Z5JS7DNWZRWV,11.36
Donna,Hubbard,DD98956,4483491,DELVO GROUP,5,MEA,QUANTUM,REGIE,NO_TS_MEA,88.64
Alejandro,Williams,LA77694,7355353,HYRION CONSULTING,5,LATAM AMERICA,STELLAR,RPS,X8XEIUTYKZ2E0RG,6.68
Alejandro,Williams,LA77694,7355353,HYRION CONSULTING,5,MEA,STELLAR,RPS,NO_TS_MEA,93.32
Gary,Harmon,CL17069,4133329,JALVIK SYSTEMS,5,LATAM OCEANIA,PULSE,SUPPORT,7SR83NKZ1QQG1SJ,9.94
Gary,Harmon,CL17069,4133329,JALVIK SYSTEMS,5,EMEA,PULSE,SUPPORT,NO_TS_EMEA,90.06
Stacy,Cooper,LH89644,9391834,DELVO VENTURES,5,CONT AMERICA,QUANTUM,RPS,6IS4HG1A8JJNAC5,11.08
Stacy,Cooper,LH89644,9391834,DELVO VENTURES,5,NA,QUANTUM,RPS,NO_TS_NA,88.92
Holly,Smith,MV66735,7135048,HYRION DIGITAL,5,LATAM ASIA,NOVA,REGIE,X78SAR39WZLMRP5,14.2
Holly,Smith,MV66735,7135048,HYRION DIGITAL,5,LATAM,NOVA,REGIE,NO_TS_LATAM,85.8
Richard,Fletcher,YO55730,8612349,GOLZEN SOLUTIONS,5,MEA EUROPE,NEXUS,FORFAIT,LWS87TMDOZMILVY,11.36
Richard,Fletcher,YO55730,8612349,GOLZEN SOLUTIONS,5,NA,NEXUS,FORFAIT,NO_TS_NA,88.64
Cindy,Ortiz,XR88749,3556809,FORVEX DYNAMICS,5,NA EUROPE,PULSE,SUPPORT,79X59RLFKY4WROM,8.66
Cindy,Ortiz,XR88749,3556809,FORVEX DYNAMICS,5,LATAM,PULSE,SUPPORT,NO_TS_LATAM,91.34
William,Harris,VD94949,7987427,FORVEX GLOBAL,5,MEA OCEANIA,NEXUS,SUPPORT,V1YXAFDWL016ZU1,9.8
William,Harris,VD94949,7987427,FORVEX GLOBAL,5,EMEA,NEXUS,SUPPORT,NO_TS_EMEA,90.2
Amy,Holden,JU32837,1881470,GOLZEN GLOBAL,5,LATAM EUROPE,PULSE,MAINTENANCE,OEEGSHF01493QMS,7.81
Amy,Holden,JU32837,1881470,GOLZEN GLOBAL,5,CONT,PULSE,MAINTENANCE,NO_TS_CONT,92.19
Christian,Edwards,HL70948,5756546,ETHOS TECH,5,APAC AFRICA,NEXUS,SUPPORT,9UUMTOSIQS4E9IM,9.38
Christian,Edwards,HL70948,5756546,ETHOS TECH,5,CONT,NEXUS,SUPPORT,NO_TS_CONT,90.63
Kenneth,Gentry,XF09515,5835250,LUMEX SOLUTIONS,5,LATAM OCEANIA,PULSE,SUPPORT,L9VCHUG07T0EQ0Z,11.36
Susan,Nielsen,VI88577,9289669,LUMEX DIGITAL,5,EMEA ASIA,QUANTUM,FORFAIT,CV5C8GCK70JB1ED,9.09
Susan,Nielsen,VI88577,9289669,LUMEX DIGITAL,5,EMEA,QUANTUM,FORFAIT,NO_TS_EMEA,90.91
Lisa,Warner,ES12753,4429756,FORVEX VENTURES,5,LATAM ASIA,QUANTUM,MAINTENANCE,3FRCX1QG1RSBSHQ,9.66
Lisa,Warner,ES12753,4429756,FORVEX VENTURES,5,CONT,QUANTUM,MAINTENANCE,NO_TS_CONT,90.34
Gary,Dillon,TV38342,4535333,INOVA SOLUTIONS,5,CONT AMERICA,NEXUS,FORFAIT,UQTQSTBL37G1MSX,6.53
Gary,Dillon,TV38342,4535333,INOVA SOLUTIONS,5,MEA,NEXUS,FORFAIT,NO_TS_MEA,93.47
Steven,Watkins,XF47807,1090555,ETHOS GLOBAL,5,APAC MENA,VERTEX,MAINTENANCE,SCFICB4WC5KBDM0,11.51
Steven,Watkins,XF47807,1090555,ETHOS GLOBAL,5,LATAM,VERTEX,MAINTENANCE,NO_TS_LATAM,88.49
Patricia,Hickman,WY43965,1130309,INOVA DIGITAL,5,APAC OCEANIA,ORBIT,REGIE,RW41QKIOF8H03XN,9.52
Patrick,Santiago,QD89596,3264480,KESTRA DYNAMICS,5,EMEA AMERICA,VERTEX,RPS,ESBUM0L3ZFNV5BN,9.66
Patrick,Santiago,QD89596,3264480,KESTRA DYNAMICS,5,CONT,VERTEX,RPS,NO_TS_CONT,90.34
John,Hall,ZN90553,6495198,INOVA DIGITAL,5,APAC MENA,PHOENIX,FORFAIT,GJT2OBBORNBIESV,10.94
John,Hall,ZN90553,6495198,INOVA DIGITAL,5,NA,PHOENIX,FORFAIT,NO_TS_NA,89.06
David,Fowler,IH55070,3893209,HYRION DYNAMICS,5,LATAM MENA,QUANTUM,FORFAIT,KKMTLBDE8HH3C35,10.37
Aaron,Edwards,VT30489,5030429,DELVO SYSTEMS,5,EMEA AMERICA,PULSE,REGIE,2Q3I4WO9L9IUE1J,13.35
Aaron,Edwards,VT30489,5030429,DELVO SYSTEMS,5,APAC,PULSE,REGIE,NO_TS_APAC,86.65
Cindy,Smith,FP63470,4219909,DELVO TECH,5,EMEA ASIA,PULSE,MAINTENANCE,MRIFJ94BFNR58FR,11.36
Cindy,Smith,FP63470,4219909,DELVO TECH,5,EMEA,PULSE,MAINTENANCE,NO_TS_EMEA,88.64
Kathy,Taylor,SV62238,8182274,CENVEO SYSTEMS,5,CONT EUROPE,NEXUS,MAINTENANCE,G4ADP0Y5GLZRKXI,8.24
Kathy,Taylor,SV62238,8182274,CENVEO SYSTEMS,5,LATAM,NEXUS,MAINTENANCE,NO_TS_LATAM,91.76
Joseph,Williams,UJ36090,7507752,HYRION DIGITAL,5,APAC AMERICA,PULSE,FORFAIT,93XG6YZNXXEJFR2,12.5
Joseph,Williams,UJ36090,7507752,HYRION DIGITAL,5,APAC,PULSE,FORFAIT,NO_TS_APAC,87.5
Kenneth,Flores,UM03913,6705224,CENVEO GROUP,5,NA AMERICA,PHOENIX,FORFAIT,44J269XFTDCIP5J,9.66
Kenneth,Flores,UM03913,6705224,CENVEO GROUP,5,LATAM,PHOENIX,FORFAIT,NO_TS_LATAM,90.34
Adam,Gardner,SL25341,4386292,FORVEX GLOBAL,5,CONT AMERICA,STELLAR,MAINTENANCE,8S41CN97W6NCXEJ,13.64
Adam,Gardner,SL25341,4386292,FORVEX GLOBAL,5,APAC,STELLAR,MAINTENANCE,NO_TS_APAC,86.36
Regina,Williams,WJ50002,7301616,LUMEX DYNAMICS,5,APAC MENA,ORBIT,FORFAIT,RV230SFS9E649XW,14.91
Regina,Williams,WJ50002,7301616,LUMEX DYNAMICS,5,LATAM,ORBIT,FORFAIT,NO_TS_LATAM,85.09
Timothy,Mckenzie,GR28585,5667487,DELVO GLOBAL,5,EMEA MENA,NEXUS,MAINTENANCE,B7O5QK8GCDT7NHQ,9.66
Timothy,Mckenzie,GR28585,5667487,DELVO GLOBAL,5,LATAM,NEXUS,MAINTENANCE,NO_TS_LATAM,90.34
Phyllis,Lloyd,GO83412,3101433,FORVEX GLOBAL,5,LATAM OCEANIA,VERTEX,RPS,S6CP6ULWX1VPDFP,12.5
Phyllis,Lloyd,GO83412,3101433,FORVEX GLOBAL,5,LATAM,VERTEX,RPS,NO_TS_LATAM,87.5
Matthew,Clark,GL60958,5669242,LUMEX DIGITAL,5,NA ASIA,PHOENIX,FORFAIT,W9BZNBULORWE78P,10.23
Matthew,Clark,GL60958,5669242,LUMEX DIGITAL,5,LATAM,PHOENIX,FORFAIT,NO_TS_LATAM,89.77
Sarah,Williams,UF14617,6956262,GOLZEN VENTURES,5,APAC ASIA,ORBIT,REGIE,8XK6767V7DF22JI,11.93
Sarah,Williams,UF14617,6956262,GOLZEN VENTURES,5,LATAM,ORBIT,REGIE,NO_TS_LATAM,88.07
Amy,Parker,QU88061,1868445,ALCOR SYSTEMS,5,LATAM AMERICA,PHOENIX,RPS,72XPB8SIQC2STZD,13.64
Amy,Parker,QU88061,1868445,ALCOR SYSTEMS,5,CONT,PHOENIX,RPS,NO_TS_CONT,86.36
Amber,Wolf,SD35357,5005803,INOVA SYSTEMS,5,LATAM OCEANIA,PHOENIX,RPS,JXK3188M3TDXN2S,11.36
Amber,Wolf,SD35357,5005803,INOVA SYSTEMS,5,EMEA,PHOENIX,RPS,NO_TS_EMEA,88.64
Richard,Francis,TG75965,1573641,DELVO SYSTEMS,5,NA OCEANIA,NEXUS,MAINTENANCE,UIHUK1AOAMV43HA,13.07
Richard,Francis,TG75965,1573641,DELVO SYSTEMS,5,APAC,NEXUS,MAINTENANCE,NO_TS_APAC,86.93
Austin,Avila,UE59235,1642661,GOLZEN GLOBAL,5,NA OCEANIA,PULSE,REGIE,H5GXHC39Y5A5F0M,13.64
Austin,Avila,UE59235,1642661,GOLZEN GLOBAL,5,EMEA,PULSE,REGIE,NO_TS_EMEA,86.36
Angela,Roman,AO49784,4920724,GOLZEN GROUP,5,APAC ASIA,NOVA,SUPPORT,EZZY03UXBPHB4JO,10.23
Karina,Fuller,FP99434,8644906,CENVEO DYNAMICS,5,LATAM MENA,QUANTUM,RPS,UDWDVVH8CEVKXHO,5.82
David,Montoya,OL22981,9078015,INOVA SYSTEMS,5,LATAM AMERICA,VERTEX,MAINTENANCE,DG32RTARYLDS1HE,13.92
David,Montoya,OL22981,9078015,INOVA SYSTEMS,5,MEA,VERTEX,MAINTENANCE,NO_TS_MEA,86.08
Jordan,Mcgrath,WA12979,5844317,INOVA TECH,5,MEA AMERICA,ATLAS,RPS,VRL7A17NPDRD02Q,10.23
Jordan,Mcgrath,WA12979,5844317,INOVA TECH,5,NA,ATLAS,RPS,NO_TS_NA,89.77
Mary,Bryan,AO23174,3174119,CENVEO GLOBAL,5,LATAM ASIA,ATLAS,FORFAIT,QQHDKFWOOTHED6J,15.48
Mary,Bryan,AO23174,3174119,CENVEO GLOBAL,5,LATAM,ATLAS,FORFAIT,NO_TS_LATAM,84.52
Ernest,Thompson,BW41024,7198743,GOLZEN SOLUTIONS,5,NA MENA,PHOENIX,RPS,MZFXFYJKIXIFWN5,7.39
Ernest,Thompson,BW41024,7198743,GOLZEN SOLUTIONS,5,EMEA,PHOENIX,RPS,NO_TS_EMEA,92.61
Mathew,Martinez,IR51434,8906755,LUMEX DIGITAL,5,CONT AMERICA,ORBIT,MAINTENANCE,GSYTVISGQA04EA3,9.52
Mathew,Martinez,IR51434,8906755,LUMEX DIGITAL,5,MEA,ORBIT,MAINTENANCE,NO_TS_MEA,90.48
Bethany,Moreno,HD97847,3887309,LUMEX SYSTEMS,5,MEA OCEANIA,PHOENIX,SUPPORT,BIUQ3RYCEQ0QRAT,9.66
Bethany,Moreno,HD97847,3887309,LUMEX SYSTEMS,5,LATAM,PHOENIX,SUPPORT,NO_TS_LATAM,90.34
Christopher,Boyd,TG20828,7257560,DELVO GLOBAL,5,NA MENA,VERTEX,REGIE,T11K9T0CLJ75ESD,8.24
Tyler,Wilcox,WP81779,1122534,GOLZEN GROUP,5,APAC MENA,STELLAR,MAINTENANCE,BFR73RHQZYKRU3V,10.37
Tyler,Wilcox,WP81779,1122534,GOLZEN GROUP,5,MEA,STELLAR,MAINTENANCE,NO_TS_MEA,89.63
Rachel,Cook,XG23208,4494562,INOVA SOLUTIONS,5,MEA OCEANIA,ATLAS,SUPPORT,EH8W1MFWZMYTPHB,12.22
Rachel,Cook,XG23208,4494562,INOVA SOLUTIONS,5,APAC,ATLAS,SUPPORT,NO_TS_APAC,87.78
Jennifer,White,GW86725,5242731,GOLZEN SYSTEMS,5,NA OCEANIA,NEXUS,MAINTENANCE,80UV13JIC18P5XD,11.93
Jennifer,White,GW86725,5242731,GOLZEN SYSTEMS,5,LATAM,NEXUS,MAINTENANCE,NO_TS_LATAM,88.07
Dawn,Foster,WR96499,4800610,KESTRA SYSTEMS,5,APAC EUROPE,QUANTUM,FORFAIT,O6PLR7ING4TA65Q,12.22
Dawn,Foster,WR96499,4800610,KESTRA SYSTEMS,5,LATAM,QUANTUM,FORFAIT,NO_TS_LATAM,87.78
Allen,Gonzalez,VJ41327,3001295,FORVEX GLOBAL,5,MEA AFRICA,PHOENIX,SUPPORT,SSEEINF3GZS2XCA,9.66
Allen,Gonzalez,VJ41327,3001295,FORVEX GLOBAL,5,CONT,PHOENIX,SUPPORT,NO_TS_CONT,90.34
Ann,Mckay,GP73440,8746733,ALCOR SYSTEMS,5,LATAM OCEANIA,NEXUS,RPS,9OA2YXPOO5HP3OA,9.38
Ann,Mckay,GP73440,8746733,ALCOR SYSTEMS,5,MEA,NEXUS,RPS,NO_TS_MEA,90.63
Isabel,Garcia,UF43144,1117531,DELVO DYNAMICS,5,MEA ASIA,PHOENIX,REGIE,BKZW8KDTLZ895VQ,11.36
Isabel,Garcia,UF43144,1117531,DELVO DYNAMICS,5,APAC,PHOENIX,REGIE,NO_TS_APAC,88.64
Donald,Singleton,RS15318,3914228,JALVIK DIGITAL,5,EMEA MENA,ATLAS,FORFAIT,V0BHV5WT7Z8ATN0,13.07
Donald,Singleton,RS15318,3914228,JALVIK DIGITAL,5,LATAM,ATLAS,FORFAIT,NO_TS_LATAM,86.93
Patricia,Parrish,MI11915,6206755,CENVEO DYNAMICS,5,APAC OCEANIA,PULSE,MAINTENANCE,4VMMNMWNURWXAIE,5.68
Patricia,Parrish,MI11915,6206755,CENVEO DYNAMICS,5,MEA,PULSE,MAINTENANCE,NO_TS_MEA,94.32
Julia,Sherman,VB41934,3160068,DELVO GROUP,5,EMEA AMERICA,PHOENIX,SUPPORT,554M6MYQ05CRXSM,13.64
Julia,Sherman,VB41934,3160068,DELVO GROUP,5,MEA,PHOENIX,SUPPORT,NO_TS_MEA,86.36
Holly,Bird,LJ71956,5460125,FORVEX CONSULTING,5,LATAM AFRICA,ATLAS,REGIE,W4TNXU8JKKZMD41,13.64
Holly,Bird,LJ71956,5460125,FORVEX CONSULTING,5,MEA,ATLAS,REGIE,NO_TS_MEA,86.36
Heather,Russell,WL66069,3109389,BRYTON DIGITAL,5,CONT AMERICA,PULSE,RPS,ZH3XNY8QN25BI7K,10.37
Matthew,Carroll,NM55470,8722268,CENVEO SYSTEMS,5,EMEA EUROPE,NOVA,REGIE,QYNAWOQXP4X6HQE,11.79
Matthew,Carroll,NM55470,8722268,CENVEO SYSTEMS,5,APAC,NOVA,REGIE,NO_TS_APAC,88.21
Derek,Garrett,BU44452,4451643,GOLZEN CONSULTING,5,EMEA MENA,QUANTUM,REGIE,AYUYZ6KUYLJ9GXF,7.95
Derek,Garrett,BU44452,4451643,GOLZEN CONSULTING,5,CONT,QUANTUM,REGIE,NO_TS_CONT,92.05
Christine,Howard,XF10551,3341126,KESTRA SOLUTIONS,5,MEA ASIA,QUANTUM,REGIE,M40CK3M4HLMSX6R,11.93
Christine,Howard,XF10551,3341126,KESTRA SOLUTIONS,5,EMEA,QUANTUM,REGIE,NO_TS_EMEA,88.07
Patricia,Garcia,ZQ97953,6034183,ETHOS DYNAMICS,5,CONT MENA,PULSE,MAINTENANCE,3EVDTK6O0OGY7DT,9.66
Patricia,Garcia,ZQ97953,6034183,ETHOS DYNAMICS,5,LATAM,PULSE,MAINTENANCE,NO_TS_LATAM,90.34
Brooke,Thomas,QM44211,5485925,JALVIK GLOBAL,5,EMEA AMERICA,PHOENIX,SUPPORT,XIJ0DV05XZ9BC9G,11.08
Brooke,Thomas,QM44211,5485925,JALVIK GLOBAL,5,APAC,PHOENIX,SUPPORT,NO_TS_APAC,88.92
Gregory,Castillo,CN57658,7448591,JALVIK DYNAMICS,5,NA OCEANIA,PHOENIX,FORFAIT,S0AGQPQHWH2LAM3,13.64
Travis,Parks,MF57357,8224100,LUMEX CONSULTING,5,CONT AMERICA,PHOENIX,REGIE,8JPEQFJ6EEB9ZG0,11.51
Travis,Parks,MF57357,8224100,LUMEX CONSULTING,5,APAC,PHOENIX,REGIE,NO_TS_APAC,88.49
Bobby,Taylor,ZL27647,4371103,BRYTON CONSULTING,5,CONT ASIA,VERTEX,MAINTENANCE,NSVHWWPQZFXJR8T,9.8
Bobby,Taylor,ZL27647,4371103,BRYTON CONSULTING,5,NA,VERTEX,MAINTENANCE,NO_TS_NA,90.2
Kimberly,Rasmussen,WJ93144,3599240,GOLZEN CONSULTING,5,CONT MENA,STELLAR,SUPPORT,4RSSAPJ0FH4TKUP,12.22
Kimberly,Rasmussen,WJ93144,3599240,GOLZEN CONSULTING,5,LATAM,STELLAR,SUPPORT,NO_TS_LATAM,87.78
Paula,Moss,HQ49826,9470628,INOVA GROUP,5,MEA AFRICA,NEXUS,MAINTENANCE,J9IW24L6YUED32L,7.39
Paula,Moss,HQ49826,9470628,INOVA GROUP,5,APAC,NEXUS,MAINTENANCE,NO_TS_APAC,92.61
Alvin,Le,RT68968,9713856,DELVO GLOBAL,5,MEA MENA,ATLAS,RPS,17OAXBGXDWK4A45,11.36
Joseph,Smith,FE44117,9603544,HYRION CONSULTING,5,NA AFRICA,STELLAR,MAINTENANCE,K8D3UXHMO1VGSFZ,9.09
Joseph,Smith,FE44117,9603544,HYRION CONSULTING,5,MEA,STELLAR,MAINTENANCE,NO_TS_MEA,90.91
Jonathan,Baker,NY47321,2437609,KESTRA GROUP,5,EMEA OCEANIA,PHOENIX,RPS,SDFOCUKGH6YHXOT,9.94
Kim,Leach,BP29377,5773761,LUMEX GLOBAL,5,MEA EUROPE,QUANTUM,RPS,BS6ZJV32UV47AYU,11.36
Michael,Marsh,CB43495,6682278,JALVIK GLOBAL,5,APAC EUROPE,PULSE,FORFAIT,R0UPGX8MA0C98OJ,11.65
Michael,Marsh,CB43495,6682278,JALVIK GLOBAL,5,CONT,PULSE,FORFAIT,NO_TS_CONT,88.35
Erin,Adams,TF78888,1448809,ALCOR GLOBAL,5,EMEA AMERICA,QUANTUM,SUPPORT,V7TV4JFR4A1TW93,13.64
Erin,Adams,TF78888,1448809,ALCOR GLOBAL,5,NA,QUANTUM,SUPPORT,NO_TS_NA,86.36
Michael,Mckinney,CX69450,9368200,LUMEX DYNAMICS,5,MEA AFRICA,PULSE,REGIE,LCVHJWKS6DD5XUX,11.36
Michael,Mckinney,CX69450,9368200,LUMEX DYNAMICS,5,LATAM,PULSE,REGIE,NO_TS_LATAM,88.64
Karen,Taylor,AX61823,8782125,INOVA SOLUTIONS,5,CONT OCEANIA,VERTEX,MAINTENANCE,GSWUVILS20QGVC9,11.36
Karen,Taylor,AX61823,8782125,INOVA SOLUTIONS,5,NA,VERTEX,MAINTENANCE,NO_TS_NA,88.64
Theresa,Crawford,RM00451,1918555,INOVA GLOBAL,5,CONT ASIA,PHOENIX,SUPPORT,Y1SGGBF4PMPU80O,8.38
Theresa,Crawford,RM00451,1918555,INOVA GLOBAL,5,APAC,PHOENIX,SUPPORT,NO_TS_APAC,91.62
Laura,Potter,IV34102,5038691,BRYTON DIGITAL,5,MEA ASIA,NOVA,REGIE,BPJXPOQRHH11SBP,10.23
Laura,Potter,IV34102,5038691,BRYTON DIGITAL,5,NA,NOVA,REGIE,NO_TS_NA,89.77
Katie,Lee,TW23589,7308875,HYRION GLOBAL,5,MEA AMERICA,PHOENIX,SUPPORT,L59O02IH98T2N53,12.22
Wayne,Donaldson,OT61927,9115141,ETHOS CONSULTING,5,CONT AMERICA,PHOENIX,MAINTENANCE,FSB7HXVG7BN8XKI,9.52
Wayne,Donaldson,OT61927,9115141,ETHOS CONSULTING,5,LATAM,PHOENIX,MAINTENANCE,NO_TS_LATAM,90.48
Melissa,Kim,QQ16299,9558072,HYRION VENTURES,5,NA AFRICA,STELLAR,SUPPORT,8TEPULHQCY0KR8C,13.64
Melissa,Kim,QQ16299,9558072,HYRION VENTURES,5,NA,STELLAR,SUPPORT,NO_TS_NA,86.36
Jade,Blackburn,FJ61975,7182317,LUMEX VENTURES,5,LATAM MENA,PHOENIX,MAINTENANCE,6UJJT1CZDBHFG4T,12.5
Jade,Blackburn,FJ61975,7182317,LUMEX VENTURES,5,LATAM,PHOENIX,MAINTENANCE,NO_TS_LATAM,87.5
Meghan,Leonard,QA00335,9251810,JALVIK DIGITAL,5,NA ASIA,PHOENIX,MAINTENANCE,CJ4MC257M6BN875,11.08
Meghan,Leonard,QA00335,9251810,JALVIK DIGITAL,5,APAC,PHOENIX,MAINTENANCE,NO_TS_APAC,88.92
Amanda,Cuevas,JW25288,9634478,KESTRA DYNAMICS,5,CONT EUROPE,PULSE,REGIE,P5PI4446OLS5ON2,10.23
Amanda,Cuevas,JW25288,9634478,KESTRA DYNAMICS,5,NA,PULSE,REGIE,NO_TS_NA,89.77
Laura,Carlson,VM78405,8714025,JALVIK SYSTEMS,5,CONT EUROPE,QUANTUM,FORFAIT,XX2MJUFWMV3J5JC,11.36
Anita,Myers,ZR32748,6598076,HYRION CONSULTING,5,CONT OCEANIA,VERTEX,MAINTENANCE,RAP2JGVZ4ZOPC2F,10.42
Anita,Myers,ZR32748,6598076,HYRION CONSULTING,5,EMEA,VERTEX,MAINTENANCE,NO_TS_EMEA,89.58
Karen,Arnold,PV96044,7986616,GOLZEN DYNAMICS,5,NA AMERICA,VERTEX,MAINTENANCE,0KW28M67YRA1OVU,13.35
Karen,Arnold,PV96044,7986616,GOLZEN DYNAMICS,5,CONT,VERTEX,MAINTENANCE,NO_TS_CONT,86.65
Eileen,Wilson,GG18145,8983808,FORVEX SOLUTIONS,5,LATAM OCEANIA,QUANTUM,SUPPORT,XE6DPKNEPCX65T0,10.23
Eileen,Wilson,GG18145,8983808,FORVEX SOLUTIONS,5,MEA,QUANTUM,SUPPORT,NO_TS_MEA,89.77
Juan,Schroeder,GM34070,6511071,CENVEO GROUP,5,MEA EUROPE,PHOENIX,RPS,O6GA04C7J24674Y,8.81
Juan,Schroeder,GM34070,6511071,CENVEO GROUP,5,MEA,PHOENIX,RPS,NO_TS_MEA,91.19
Jessica,Vargas,KB64777,3256256,FORVEX DYNAMICS,5,MEA ASIA,VERTEX,FORFAIT,AXHBAPWKOAV0AB7,9.09
Jessica,Vargas,KB64777,3256256,FORVEX DYNAMICS,5,NA,VERTEX,FORFAIT,NO_TS_NA,90.91
Courtney,Sanford,EW49291,4854531,HYRION CONSULTING,5,EMEA OCEANIA,VERTEX,MAINTENANCE,5OJKADWYOEGFKG6,11.36
Courtney,Sanford,EW49291,4854531,HYRION CONSULTING,5,LATAM,VERTEX,MAINTENANCE,NO_TS_LATAM,88.64
Xavier,Brown,VL15443,6540283,JALVIK GLOBAL,5,APAC AMERICA,STELLAR,MAINTENANCE,ADR16DMZ8GURRHH,9.23
Xavier,Brown,VL15443,6540283,JALVIK GLOBAL,5,APAC,STELLAR,MAINTENANCE,NO_TS_APAC,90.77
Anthony,Cook,ZA56920,4133808,FORVEX VENTURES,5,MEA AFRICA,PULSE,REGIE,CJISCSBLNPI2G0F,14.2
Thomas,Bowen,LQ31002,7611426,BRYTON DYNAMICS,5,APAC OCEANIA,ORBIT,MAINTENANCE,MP59ENZLA84SGVO,9.23
Thomas,Bowen,LQ31002,7611426,BRYTON DYNAMICS,5,NA,ORBIT,MAINTENANCE,NO_TS_NA,90.77
Ronnie,Ewing,AJ04442,6268049,KESTRA SYSTEMS,5,CONT AFRICA,ATLAS,MAINTENANCE,57BDER7J5UAQUDA,9.52
Ronnie,Ewing,AJ04442,6268049,KESTRA SYSTEMS,5,CONT,ATLAS,MAINTENANCE,NO_TS_CONT,90.48
Dustin,Wilson,VL03464,4464701,HYRION SYSTEMS,5,MEA MENA,STELLAR,SUPPORT,VA6DOHN07WP4XJA,11.36
Dustin,Wilson,VL03464,4464701,HYRION SYSTEMS,5,LATAM,STELLAR,SUPPORT,NO_TS_LATAM,88.64
Lindsay,Ochoa,UG17969,4485981,KESTRA TECH,5,APAC EUROPE,VERTEX,RPS,SEQSPLFBB9UD63L,6.82
Lindsay,Ochoa,UG17969,4485981,KESTRA TECH,5,CONT,VERTEX,RPS,NO_TS_CONT,93.18
Tiffany,Hansen,WD57764,7161508,BRYTON DYNAMICS,5,APAC AFRICA,ORBIT,MAINTENANCE,2NNLLCCMGZ63ZZY,9.66
Craig,Rollins,VS57278,1761241,ETHOS GLOBAL,5,MEA OCEANIA,NOVA,SUPPORT,L1IBY2Z6OWE0XOC,13.64
Craig,Rollins,VS57278,1761241,ETHOS GLOBAL,5,MEA,NOVA,SUPPORT,NO_TS_MEA,86.36
Valerie,Dunn,CF17334,2064878,KESTRA GLOBAL,5,EMEA EUROPE,ATLAS,SUPPORT,ZB4CX4Y7YJCKNDT,13.64
Valerie,Dunn,CF17334,2064878,KESTRA GLOBAL,5,NA,ATLAS,SUPPORT,NO_TS_NA,86.36
Sherri,Young,WB13671,3407270,ALCOR TECH,5,APAC ASIA,QUANTUM,SUPPORT,PMS6FI2XXZXCZB3,10.23
Sherri,Young,WB13671,3407270,ALCOR TECH,5,CONT,QUANTUM,SUPPORT,NO_TS_CONT,89.77
Mario,Johnson,UH30351,3021971,DELVO GROUP,5,LATAM AMERICA,ATLAS,SUPPORT,CMD1YC5DST0XF5U,11.65
Mario,Johnson,UH30351,3021971,DELVO GROUP,5,LATAM,ATLAS,SUPPORT,NO_TS_LATAM,88.35
Amy,Bradley,SE61004,5502209,KESTRA SOLUTIONS,5,MEA AMERICA,ATLAS,MAINTENANCE,TYS0PKTO5CRFFM8,11.36
Amy,Bradley,SE61004,5502209,KESTRA SOLUTIONS,5,APAC,ATLAS,MAINTENANCE,NO_TS_APAC,88.64
Kelsey,Chavez,WY55996,8880306,JALVIK DIGITAL,5,NA MENA,PHOENIX,SUPPORT,71W02AUC8I4UJDZ,13.64
Kelsey,Chavez,WY55996,8880306,JALVIK DIGITAL,5,CONT,PHOENIX,SUPPORT,NO_TS_CONT,86.36
James,Tran,YF19695,8362990,BRYTON SYSTEMS,5,NA AMERICA,PULSE,FORFAIT,VJ60JG2Y77T0CTM,13.64
James,Tran,YF19695,8362990,BRYTON SYSTEMS,5,EMEA,PULSE,FORFAIT,NO_TS_EMEA,86.36
Andrew,Austin,PO35950,6201598,JALVIK CONSULTING,5,NA AMERICA,PHOENIX,REGIE,AI7XXKA34AARPF7,11.36
Andrew,Austin,PO35950,6201598,JALVIK CONSULTING,5,CONT,PHOENIX,REGIE,NO_TS_CONT,88.64
Ashley,Hansen,VX51512,8848509,BRYTON SOLUTIONS,5,MEA MENA,PHOENIX,MAINTENANCE,0JYMHBR1ZC2SW2C,10.23
Ashley,Hansen,VX51512,8848509,BRYTON SOLUTIONS,5,MEA,PHOENIX,MAINTENANCE,NO_TS_MEA,89.77
Anna,Kelly,WH53541,8962892,HYRION DIGITAL,5,MEA EUROPE,PHOENIX,RPS,ZA37ZG15M33SBXR,11.93
Barbara,Friedman,FQ73902,5734148,ALCOR TECH,5,CONT AMERICA,STELLAR,MAINTENANCE,7NGZGLNBY7UQTMP,11.36
Barbara,Friedman,FQ73902,5734148,ALCOR TECH,5,MEA,STELLAR,MAINTENANCE,NO_TS_MEA,88.64
David,Ross,ST96886,5892581,INOVA DIGITAL,5,APAC OCEANIA,QUANTUM,REGIE,1PANW3V9VKC7J0R,7.67
David,Ross,ST96886,5892581,INOVA DIGITAL,5,APAC,QUANTUM,REGIE,NO_TS_APAC,92.33
Shannon,Craig,GH83507,3597353,CENVEO CONSULTING,5,LATAM AMERICA,NOVA,RPS,S7J9XLGA3O50PUY,11.08
Shannon,Craig,GH83507,3597353,CENVEO CONSULTING,5,CONT,NOVA,RPS,NO_TS_CONT,88.92
Pamela,Gross,IN40686,9695248,KESTRA SYSTEMS,5,NA ASIA,VERTEX,MAINTENANCE,YADWXKH2HJL38SH,9.8
Pamela,Gross,IN40686,9695248,KESTRA SYSTEMS,5,NA,VERTEX,MAINTENANCE,NO_TS_NA,90.2
Holly,Sanders,PJ87703,6752036,ETHOS VENTURES,5,EMEA EUROPE,ATLAS,SUPPORT,P0Q1MQ6B1PO13PI,11.36
Michael,Walker,YH38472,9884740,GOLZEN SOLUTIONS,5,EMEA ASIA,PHOENIX,RPS,CDHEONWS6PV8NRO,11.36
Michael,Walker,YH38472,9884740,GOLZEN SOLUTIONS,5,LATAM,PHOENIX,RPS,NO_TS_LATAM,88.64
Matthew,Roberts,IX57270,8268577,INOVA CONSULTING,5,APAC MENA,NEXUS,FORFAIT,VJFLSU86AD17AUV,10.51
Matthew,Roberts,IX57270,8268577,INOVA CONSULTING,5,EMEA,NEXUS,FORFAIT,NO_TS_EMEA,89.49
Sara,Maynard,NY17554,2254365,LUMEX SYSTEMS,5,MEA EUROPE,STELLAR,RPS,IOZN3YD8T5P89RV,13.64
David,Wagner,EK45461,4563148,LUMEX TECH,5,MEA EUROPE,ATLAS,FORFAIT,X6R9C3DXW0ZL64A,15.91
David,Wagner,EK45461,4563148,LUMEX TECH,5,MEA,ATLAS,FORFAIT,NO_TS_MEA,84.09
Catherine,Houston,LM27697,7085809,HYRION CONSULTING,5,LATAM AMERICA,VERTEX,REGIE,HU562MN2GOJIQIR,10.51
Catherine,Houston,LM27697,7085809,HYRION CONSULTING,5,LATAM,VERTEX,REGIE,NO_TS_LATAM,89.49
William,Allen,RQ21496,2200368,ETHOS GROUP,5,EMEA EUROPE,NEXUS,MAINTENANCE,0884DK9XSK8O98T,10.8
William,Allen,RQ21496,2200368,ETHOS GROUP,5,LATAM,NEXUS,MAINTENANCE,NO_TS_LATAM,89.2
Dakota,Sutton,UN04697,9461391,BRYTON CONSULTING,5,MEA EUROPE,QUANTUM,REGIE,3TSZ6LV3018J7Y7,11.36
Ashley,Martin,DW76274,2336538,LUMEX SOLUTIONS,5,NA OCEANIA,STELLAR,RPS,QEB14WO0478WFHU,9.66
Ashley,Martin,DW76274,2336538,LUMEX SOLUTIONS,5,CONT,STELLAR,RPS,NO_TS_CONT,90.34
Scott,Nicholson,SU29303,1102196,BRYTON DIGITAL,5,LATAM OCEANIA,PULSE,SUPPORT,W6J8X2V3KGF5G5J,13.78
Scott,Nicholson,SU29303,1102196,BRYTON DIGITAL,5,APAC,PULSE,SUPPORT,NO_TS_APAC,86.22
Brandon,Martinez,YL95162,2201968,JALVIK SOLUTIONS,5,APAC AMERICA,ORBIT,SUPPORT,J0P2X0F1M5Q6QUB,12.5
Catherine,Stewart,WM65056,5780431,DELVO GLOBAL,5,APAC AMERICA,ORBIT,MAINTENANCE,EL2DMU32L832MM7,10.23
Catherine,Stewart,WM65056,5780431,DELVO GLOBAL,5,MEA,ORBIT,MAINTENANCE,NO_TS_MEA,89.77
Ethan,Maxwell,PP92774,3261184,GOLZEN TECH,5,CONT AFRICA,PULSE,REGIE,5FM27BDVQZSLTR4,11.65
Ethan,Maxwell,PP92774,3261184,GOLZEN TECH,5,LATAM,PULSE,REGIE,NO_TS_LATAM,88.35
Daniel,Peters,CU00774,1130813,LUMEX GLOBAL,5,LATAM MENA,ORBIT,SUPPORT,H54D88D4SAB852Y,13.64
Elizabeth,Mclaughlin,CU77263,3808499,INOVA GLOBAL,5,MEA AFRICA,ORBIT,FORFAIT,Y240WYAB28J5FC4,10.8
Elizabeth,Mclaughlin,CU77263,3808499,INOVA GLOBAL,5,LATAM,ORBIT,FORFAIT,NO_TS_LATAM,89.2
John,Fisher,PZ67731,4429733,INOVA GROUP,5,EMEA AFRICA,PHOENIX,SUPPORT,33DYRVU8NX0B2MU,9.38
John,Fisher,PZ67731,4429733,INOVA GROUP,5,CONT,PHOENIX,SUPPORT,NO_TS_CONT,90.63
Amanda,Goodman,FT89343,1198241,FORVEX TECH,5,CONT ASIA,NOVA,REGIE,5BIAKE6EIDTBB0S,8.52
Brooke,Berger,VJ16292,5010999,GOLZEN SYSTEMS,5,APAC EUROPE,QUANTUM,FORFAIT,7ED0FYM8Y37W89V,12.36
Brooke,Berger,VJ16292,5010999,GOLZEN SYSTEMS,5,EMEA,QUANTUM,FORFAIT,NO_TS_EMEA,87.64
John,Rodriguez,VJ79893,9020341,ALCOR VENTURES,5,MEA AFRICA,QUANTUM,SUPPORT,KWBF00BBVVBAHH5,12.36
John,Rodriguez,VJ79893,9020341,ALCOR VENTURES,5,NA,QUANTUM,SUPPORT,NO_TS_NA,87.64
Ashley,Hernandez,NO41277,1361798,HYRION DYNAMICS,5,EMEA MENA,QUANTUM,MAINTENANCE,EY7YMDE39DYBSB6,11.93
Gabriela,Garcia,EM73167,4550682,ETHOS GROUP,5,LATAM MENA,QUANTUM,REGIE,3HIUH0JVZ1RKAP3,14.2
Gabriela,Garcia,EM73167,4550682,ETHOS GROUP,5,EMEA,QUANTUM,REGIE,NO_TS_EMEA,85.8
David,Foster,VB38375,8470825,DELVO DIGITAL,5,APAC OCEANIA,PHOENIX,SUPPORT,QP40ECJ9HWE7LVX,11.08
David,Foster,VB38375,8470825,DELVO DIGITAL,5,APAC,PHOENIX,SUPPORT,NO_TS_APAC,88.92
Lindsey,Garza,AY87933,2550721,CENVEO GROUP,5,NA OCEANIA,STELLAR,FORFAIT,C3LXZCZGQ1VQSWD,10.23
Lindsey,Garza,AY87933,2550721,CENVEO GROUP,5,MEA,STELLAR,FORFAIT,NO_TS_MEA,89.77
Jennifer,Davis,XW23682,8038184,GOLZEN DIGITAL,5,NA MENA,PULSE,SUPPORT,MB6M37O0YKQ4BB0,12.22
Jennifer,Davis,XW23682,8038184,GOLZEN DIGITAL,5,LATAM,PULSE,SUPPORT,NO_TS_LATAM,87.78
Luke,Gonzalez,LD48956,3783575,CENVEO TECH,5,MEA EUROPE,PHOENIX,MAINTENANCE,5V69B8DPS7QR1FO,11.08
Luke,Gonzalez,LD48956,3783575,CENVEO TECH,5,MEA,PHOENIX,MAINTENANCE,NO_TS_MEA,88.92
Mercedes,Roberts,AM81431,9000391,CENVEO DYNAMICS,5,MEA ASIA,VERTEX,MAINTENANCE,OE2NUDFHR1WXYOQ,9.66
Mercedes,Roberts,AM81431,9000391,CENVEO DYNAMICS,5,LATAM,VERTEX,MAINTENANCE,NO_TS_LATAM,90.34
James,Lucero,PJ01476,3892253,JALVIK GLOBAL,5,EMEA ASIA,ORBIT,RPS,CL9VK55PL94XE7O,11.93
Daniel,Mcdaniel,FA81967,3672483,GOLZEN TECH,5,APAC EUROPE,PULSE,FORFAIT,QB2EB5HSEVVZNU2,17.05
Eric,Pace,MA75688,1718103,KESTRA SYSTEMS,5,APAC AMERICA,VERTEX,RPS,9BMPI48FHESSOJJ,13.64
Alexander,Castillo,NT36301,9886474,GOLZEN TECH,5,MEA ASIA,QUANTUM,REGIE,D7PYK6E75IYBWKX,12.5
Alexander,Castillo,NT36301,9886474,GOLZEN TECH,5,NA,QUANTUM,REGIE,NO_TS_NA,87.5
Michele,Gonzalez,CU90265,1332556,FORVEX GROUP,5,LATAM ASIA,NOVA,SUPPORT,2R5P95ZKID60TY5,9.52
Michele,Gonzalez,CU90265,1332556,FORVEX GROUP,5,MEA,NOVA,SUPPORT,NO_TS_MEA,90.48
Susan,Lopez,WQ94426,7869069,LUMEX VENTURES,5,EMEA AFRICA,PULSE,REGIE,HKEULXN2NKLPGZM,12.07
Susan,Lopez,WQ94426,7869069,LUMEX VENTURES,5,LATAM,PULSE,REGIE,NO_TS_LATAM,87.93
Jennifer,Hamilton,LI72269,2996126,FORVEX DIGITAL,5,NA EUROPE,ATLAS,SUPPORT,KHKDC5MJL8SQ74S,12.5
Jennifer,Hamilton,LI72269,2996126,FORVEX DIGITAL,5,EMEA,ATLAS,SUPPORT,NO_TS_EMEA,87.5
Ronald,Phillips,BM72320,2210720,KESTRA DIGITAL,5,LATAM EUROPE,PHOENIX,MAINTENANCE,JYOVOJERR8UY8D2,12.5
Ronald,Phillips,BM72320,2210720,KESTRA DIGITAL,5,NA,PHOENIX,MAINTENANCE,NO_TS_NA,87.5
Elizabeth,Wiggins,TN80448,7408654,ALCOR VENTURES,5,EMEA OCEANIA,PHOENIX,SUPPORT,C1A70UVZMEMAO9M,11.08
Debra,Aguilar,UQ70000,8238657,LUMEX SOLUTIONS,5,MEA AFRICA,VERTEX,MAINTENANCE,COJPCK3ANAESX0R,9.09
Debra,Aguilar,UQ70000,8238657,LUMEX SOLUTIONS,5,LATAM,VERTEX,MAINTENANCE,NO_TS_LATAM,90.91
Karen,Manning,SU29327,6393796,JALVIK SYSTEMS,5,CONT AFRICA,PHOENIX,FORFAIT,XZ3DVPETN5Q4KYN,11.93
Karen,Manning,SU29327,6393796,JALVIK SYSTEMS,5,LATAM,PHOENIX,FORFAIT,NO_TS_LATAM,88.07
Robert,Williams,ID86165,9736721,CENVEO DIGITAL,5,LATAM AMERICA,NEXUS,RPS,G2O6XBFPTWXN3N2,11.36
Robert,Williams,ID86165,9736721,CENVEO DIGITAL,5,MEA,NEXUS,RPS,NO_TS_MEA,88.64
James,Evans,TY22696,7839528,ETHOS TECH,5,EMEA AFRICA,NOVA,MAINTENANCE,QIIO88N4BJP12IB,14.06
James,Evans,TY22696,7839528,ETHOS TECH,5,MEA,NOVA,MAINTENANCE,NO_TS_MEA,85.94
James,Williams,SB36148,6836499,GOLZEN GROUP,5,APAC AMERICA,VERTEX,REGIE,W8NWCXQIFE7QP30,13.92
James,Williams,SB36148,6836499,GOLZEN GROUP,5,NA,VERTEX,REGIE,NO_TS_NA,86.08
Thomas,Stephenson,MO49385,4378577,HYRION VENTURES,5,APAC AMERICA,PHOENIX,SUPPORT,HYS0SA0HTP5TNKI,11.65
Timothy,Williams,SU19932,9185147,DELVO TECH,5,CONT EUROPE,NEXUS,RPS,KEPB7E7O2OYBJQM,11.79
Timothy,Williams,SU19932,9185147,DELVO TECH,5,MEA,NEXUS,RPS,NO_TS_MEA,88.21
Christopher,Moore,NU13017,3888223,INOVA TECH,5,NA OCEANIA,NOVA,FORFAIT,L4X95B7ZYI8H0JR,9.66
Christopher,Moore,NU13017,3888223,INOVA TECH,5,LATAM,NOVA,FORFAIT,NO_TS_LATAM,90.34
Cassandra,Williams,AQ59511,6151478,ETHOS CONSULTING,5,CONT AFRICA,NEXUS,MAINTENANCE,VH3TM4IQMDXWOGU,14.29
Cassandra,Williams,AQ59511,6151478,ETHOS CONSULTING,5,APAC,NEXUS,MAINTENANCE,NO_TS_APAC,85.71
Mckenzie,Houston,QD08076,1169731,JALVIK GROUP,5,APAC OCEANIA,ORBIT,SUPPORT,I83T14GZT0EK124,10.37
Mckenzie,Houston,QD08076,1169731,JALVIK GROUP,5,NA,ORBIT,SUPPORT,NO_TS_NA,89.63
Daniel,King,XY62070,8668547,KESTRA TECH,5,APAC MENA,PULSE,SUPPORT,IFOVF4MG92F2CNZ,15.91
Daniel,King,XY62070,8668547,KESTRA TECH,5,APAC,PULSE,SUPPORT,NO_TS_APAC,84.09
Mary,Dillon,IL47542,7880795,BRYTON DYNAMICS,5,LATAM EUROPE,QUANTUM,SUPPORT,XYW5ASAY6DS9D2M,10.8
Kristen,Porter,SH46221,1076471,FORVEX DIGITAL,5,NA ASIA,PHOENIX,FORFAIT,4P6IUTYKLFGC9TA,9.66
Kristen,Porter,SH46221,1076471,FORVEX DIGITAL,5,CONT,PHOENIX,FORFAIT,NO_TS_CONT,90.34
Morgan,Bailey,VL20099,8058664,INOVA GLOBAL,5,CONT ASIA,NEXUS,MAINTENANCE,UQH0AJ3XFJ7JY22,15.91
Morgan,Bailey,VL20099,8058664,INOVA GLOBAL,5,CONT,NEXUS,MAINTENANCE,NO_TS_CONT,84.09
Heidi,Jones,TE21752,8071288,CENVEO SOLUTIONS,5,MEA AMERICA,ATLAS,MAINTENANCE,GZHP7MZTR64ZZ3N,13.64
Heidi,Jones,TE21752,8071288,CENVEO SOLUTIONS,5,EMEA,ATLAS,MAINTENANCE,NO_TS_EMEA,86.36
Kevin,White,LU78701,5446522,LUMEX SYSTEMS,5,NA AMERICA,ATLAS,RPS,FNBZDF7ZJ2K3KHD,6.96
Kevin,White,LU78701,5446522,LUMEX SYSTEMS,5,CONT,ATLAS,RPS,NO_TS_CONT,93.04
Matthew,Ali,FJ69042,9993942,BRYTON CONSULTING,5,CONT AMERICA,VERTEX,RPS,JYESQT9ZDUK6N0W,9.66
Matthew,Ali,FJ69042,9993942,BRYTON CONSULTING,5,APAC,VERTEX,RPS,NO_TS_APAC,90.34
Jason,Miller,NV89340,9223056,KESTRA GLOBAL,5,NA OCEANIA,VERTEX,MAINTENANCE,ZY6RK4FKVDSZF81,8.24
Jason,Miller,NV89340,9223056,KESTRA GLOBAL,5,CONT,VERTEX,MAINTENANCE,NO_TS_CONT,91.76
David,Ball,HF95606,6319502,FORVEX CONSULTING,5,MEA ASIA,STELLAR,REGIE,GURADQWOTTOBD0G,11.36
David,Ball,HF95606,6319502,FORVEX CONSULTING,5,NA,STELLAR,REGIE,NO_TS_NA,88.64
Jim,Kim,OX31462,3383227,ETHOS DIGITAL,5,APAC AMERICA,NOVA,RPS,YVRO4VA48W1KLWX,11.36
Jim,Kim,OX31462,3383227,ETHOS DIGITAL,5,NA,NOVA,RPS,NO_TS_NA,88.64
Alexandra,Fleming,QB30444,9766643,JALVIK CONSULTING,5,MEA EUROPE,ATLAS,RPS,KQENSOFX9PFPDMN,13.64
Alexandra,Fleming,QB30444,9766643,JALVIK CONSULTING,5,LATAM,ATLAS,RPS,NO_TS_LATAM,86.36
Leslie,Walter,GA58543,5681614,HYRION CONSULTING,5,EMEA AFRICA,VERTEX,FORFAIT,7D1ZKUEYNYUB2OG,9.09
Leslie,Walter,GA58543,5681614,HYRION CONSULTING,5,MEA,VERTEX,FORFAIT,NO_TS_MEA,90.91
Julian,Conrad,FL88532,8017760,CENVEO CONSULTING,5,NA AMERICA,VERTEX,MAINTENANCE,A4BUP4W70GAAYAV,10.8
Cody,Watkins,FR86559,3812737,INOVA GROUP,5,NA OCEANIA,PHOENIX,MAINTENANCE,J5LO1Z1ZQXY0UXM,10.8
Cody,Watkins,FR86559,3812737,INOVA GROUP,5,EMEA,PHOENIX,MAINTENANCE,NO_TS_EMEA,89.2
Brooke,Bell,EV98926,2336250,BRYTON TECH,5,NA ASIA,ATLAS,RPS,MKWBAE6IBP46A65,11.79
Brooke,Bell,EV98926,2336250,BRYTON TECH,5,NA,ATLAS,RPS,NO_TS_NA,88.21
Amber,Heath,QE62731,3548665,JALVIK TECH,5,LATAM AFRICA,QUANTUM,REGIE,DI5B5T3P14BE1TK,11.36
Amber,Heath,QE62731,3548665,JALVIK TECH,5,LATAM,QUANTUM,REGIE,NO_TS_LATAM,88.64
Elizabeth,Hawkins,KY14022,1371791,BRYTON VENTURES,5,MEA EUROPE,VERTEX,MAINTENANCE,Z39T6FB6KJ7WL1B,8.52
Elizabeth,Hawkins,KY14022,1371791,BRYTON VENTURES,5,APAC,VERTEX,MAINTENANCE,NO_TS_APAC,91.48
Laura,Shaffer,TV64723,4004762,ALCOR VENTURES,5,MEA AMERICA,ATLAS,RPS,AD5UKGJBJAUY3ZN,12.22
Laura,Shaffer,TV64723,4004762,ALCOR VENTURES,5,APAC,ATLAS,RPS,NO_TS_APAC,87.78
Mark,Wheeler,CK34182,5082357,BRYTON SYSTEMS,5,LATAM AMERICA,QUANTUM,RPS,5D8EXX8DH3JJOKQ,8.52
Mark,Wheeler,CK34182,5082357,BRYTON SYSTEMS,5,NA,QUANTUM,RPS,NO_TS_NA,91.48
Dylan,Campbell,CX45529,3400596,JALVIK TECH,5,NA ASIA,VERTEX,SUPPORT,PXLJ09Q4XJ87391,11.36
David,Lucas,IL90344,4227290,JALVIK SYSTEMS,5,LATAM AFRICA,ORBIT,REGIE,50XOGVGLYJQGXI5,12.5
Vanessa,Webster,QY32518,9667549,KESTRA SYSTEMS,5,MEA MENA,VERTEX,REGIE,E8RI2U8GXTM9WUY,12.5
Vanessa,Webster,QY32518,9667549,KESTRA SYSTEMS,5,EMEA,VERTEX,REGIE,NO_TS_EMEA,87.5
Kirsten,Clark,NH61851,3628268,DELVO DYNAMICS,5,EMEA AMERICA,ATLAS,MAINTENANCE,FMQRYVKRHB9P6V4,11.65
Thomas,Potter,PM95962,1491858,JALVIK GROUP,5,MEA AFRICA,ATLAS,RPS,3FWJ8HT5Q1SGS1N,9.09
Thomas,Potter,PM95962,1491858,JALVIK GROUP,5,EMEA,ATLAS,RPS,NO_TS_EMEA,90.91
Laura,Walker,AN72613,9129100,INOVA SYSTEMS,5,EMEA AMERICA,NEXUS,REGIE,7TP99DZ4CFJYB3C,7.95
Laura,Walker,AN72613,9129100,INOVA SYSTEMS,5,MEA,NEXUS,REGIE,NO_TS_MEA,92.05
Colleen,Taylor,WJ83738,6928385,ALCOR GROUP,5,NA ASIA,QUANTUM,FORFAIT,LYETCP4OYXRT9RC,11.93
Colleen,Taylor,WJ83738,6928385,ALCOR GROUP,5,MEA,QUANTUM,FORFAIT,NO_TS_MEA,88.07
Brandon,Macias,EP37383,7356384,LUMEX DYNAMICS,5,MEA ASIA,STELLAR,FORFAIT,HT426CQLHDMQCX1,9.94
Brandon,Macias,EP37383,7356384,LUMEX DYNAMICS,5,LATAM,STELLAR,FORFAIT,NO_TS_LATAM,90.06
Sarah,Stevens,OD73471,9684695,ETHOS TECH,5,LATAM MENA,PHOENIX,REGIE,ANU60F808SFSW0N,10.23
Sarah,Stevens,OD73471,9684695,ETHOS TECH,5,LATAM,PHOENIX,REGIE,NO_TS_LATAM,89.77
Gavin,Thornton,IT75963,5885914,HYRION CONSULTING,5,LATAM ASIA,PHOENIX,MAINTENANCE,9R4O44GC3EX0IQL,9.38
Jacqueline,Terrell,KY02051,1868519,LUMEX SOLUTIONS,5,APAC AMERICA,ATLAS,FORFAIT,BLM4KUM6OGFEHXS,9.38
Jacqueline,Terrell,KY02051,1868519,LUMEX SOLUTIONS,5,APAC,ATLAS,FORFAIT,NO_TS_APAC,90.63
Kimberly,Webster,LX58184,9610832,FORVEX DYNAMICS,5,LATAM AMERICA,PULSE,RPS,YE5ZSNHHE9NX267,11.65
Kimberly,Webster,LX58184,9610832,FORVEX DYNAMICS,5,APAC,PULSE,RPS,NO_TS_APAC,88.35
Bruce,Huynh,IY88718,4848660,HYRION GROUP,5,EMEA EUROPE,PULSE,REGIE,MI9TZOK646WGOX5,16.48
Bruce,Huynh,IY88718,4848660,HYRION GROUP,5,NA,PULSE,REGIE,NO_TS_NA,83.52
Matthew,Morris,EA27601,2815485,JALVIK TECH,5,NA ASIA,VERTEX,SUPPORT,B2WAV32QOJ1Z7E8,7.39
Matthew,Morris,EA27601,2815485,JALVIK TECH,5,LATAM,VERTEX,SUPPORT,NO_TS_LATAM,92.61
Kathleen,Gay,EG58568,3202705,HYRION DIGITAL,5,NA EUROPE,QUANTUM,MAINTENANCE,3MRSUSI89BHWPFN,11.36
Whitney,Wagner,SI01527,1229813,ETHOS CONSULTING,5,MEA OCEANIA,ORBIT,FORFAIT,S4X3EMEFD02NPYE,10.37
Whitney,Wagner,SI01527,1229813,ETHOS CONSULTING,5,LATAM,ORBIT,FORFAIT,NO_TS_LATAM,89.63
Jeff,Crawford,WU73631,3213139,DELVO GROUP,5,APAC AFRICA,VERTEX,REGIE,ZFXVDEOS3JS0EAU,9.94
Ruth,Brennan,ZI67039,1677050,INOVA TECH,5,NA AFRICA,PHOENIX,MAINTENANCE,64G98H7QFW47WEI,14.49
Ruth,Brennan,ZI67039,1677050,INOVA TECH,5,LATAM,PHOENIX,MAINTENANCE,NO_TS_LATAM,85.51
Kimberly,Walker,NP02896,6531184,ETHOS VENTURES,5,MEA ASIA,STELLAR,SUPPORT,AT7KXDFFLM9R345,9.09
Kimberly,Walker,NP02896,6531184,ETHOS VENTURES,5,EMEA,STELLAR,SUPPORT,NO_TS_EMEA,90.91
Joanna,Gutierrez,LO92343,9180627,BRYTON GLOBAL,5,LATAM MENA,PHOENIX,RPS,PMXOL5E3BBDS9JT,14.2
Joanna,Gutierrez,LO92343,9180627,BRYTON GLOBAL,5,CONT,PHOENIX,RPS,NO_TS_CONT,85.8
Jonathan,Nguyen,WD20552,8055785,KESTRA GLOBAL,5,APAC AFRICA,NEXUS,REGIE,TSIDLC965I1HOPC,11.36
Jonathan,Nguyen,WD20552,8055785,KESTRA GLOBAL,5,NA,NEXUS,REGIE,NO_TS_NA,88.64
Brian,Hicks,XG96136,2425234,ETHOS TECH,5,MEA MENA,VERTEX,MAINTENANCE,TDQSEOUT3LNAOWX,13.64
Donna,Kidd,SE18171,5553165,ALCOR SYSTEMS,5,APAC EUROPE,PULSE,RPS,1J1KYL5IXEV9MXO,11.36
Donna,Kidd,SE18171,5553165,ALCOR SYSTEMS,5,EMEA,PULSE,RPS,NO_TS_EMEA,88.64
Tammy,Copeland,DX60023,4463385,ETHOS GLOBAL,5,NA AMERICA,NEXUS,SUPPORT,PMAH5MGFEPMMTGB,9.8
Tammy,Copeland,DX60023,4463385,ETHOS GLOBAL,5,NA,NEXUS,SUPPORT,NO_TS_NA,90.2
Alyssa,Nelson,II88274,3782781,FORVEX DYNAMICS,5,APAC MENA,VERTEX,FORFAIT,8N08UMFHCWYW18K,13.64
Alyssa,Nelson,II88274,3782781,FORVEX DYNAMICS,5,MEA,VERTEX,FORFAIT,NO_TS_MEA,86.36
Peter,Shaw,MF38198,9469594,CENVEO DIGITAL,5,NA EUROPE,PULSE,FORFAIT,6P677BYNKHRGPYG,9.66
Peter,Shaw,MF38198,9469594,CENVEO DIGITAL,5,MEA,PULSE,FORFAIT,NO_TS_MEA,90.34
Sarah,Stewart,MU06020,1958617,GOLZEN GROUP,5,APAC ASIA,PHOENIX,RPS,91S2E95L7LTZT23,9.09
Sarah,Stewart,MU06020,1958617,GOLZEN GROUP,5,LATAM,PHOENIX,RPS,NO_TS_LATAM,90.91
Dan,Taylor,HI13734,2973143,INOVA SOLUTIONS,5,MEA ASIA,NEXUS,FORFAIT,53PCCOIOZRNO7O7,11.93
Dan,Taylor,HI13734,2973143,INOVA SOLUTIONS,5,LATAM,NEXUS,FORFAIT,NO_TS_LATAM,88.07
James,Patrick,MJ84200,3168984,GOLZEN DIGITAL,5,EMEA OCEANIA,ATLAS,FORFAIT,HN37B9TKUH3JAZN,12.5
James,Patrick,MJ84200,3168984,GOLZEN DIGITAL,5,MEA,ATLAS,FORFAIT,NO_TS_MEA,87.5
Kimberly,Hill,MK73034,7454955,HYRION TECH,5,EMEA EUROPE,NOVA,SUPPORT,4AQ9T5I0YV0S1G3,13.64
Kimberly,Hill,MK73034,7454955,HYRION TECH,5,CONT,NOVA,SUPPORT,NO_TS_CONT,86.36
David,Fox,XY02499,5159312,HYRION DIGITAL,5,MEA AMERICA,ATLAS,REGIE,QCFDGV0B6YZOL19,11.65
David,Fox,XY02499,5159312,HYRION DIGITAL,5,APAC,ATLAS,REGIE,NO_TS_APAC,88.35
Patricia,Webster,MB90741,6219430,CENVEO TECH,5,CONT OCEANIA,NOVA,RPS,QKR6UFL1I3UBMWO,12.5
Patricia,Webster,MB90741,6219430,CENVEO TECH,5,LATAM,NOVA,RPS,NO_TS_LATAM,87.5
Matthew,Liu,QM81162,7439286,HYRION GROUP,5,CONT AFRICA,ATLAS,REGIE,MHJX4P8TTPQGZ4Y,11.93
Matthew,Liu,QM81162,7439286,HYRION GROUP,5,NA,ATLAS,REGIE,NO_TS_NA,88.07
Allison,Smith,RW61358,5268634,DELVO VENTURES,5,APAC AFRICA,VERTEX,MAINTENANCE,PXIHWYJCTX1BHPH,11.36
Allison,Smith,RW61358,5268634,DELVO VENTURES,5,MEA,VERTEX,MAINTENANCE,NO_TS_MEA,88.64
Michelle,Stephens,ZL87356,3066757,FORVEX VENTURES,5,LATAM OCEANIA,STELLAR,SUPPORT,M2JR7R7Q8UP7HSK,9.8
Lisa,Griffin,NK49130,6149320,GOLZEN SOLUTIONS,5,LATAM AMERICA,PHOENIX,MAINTENANCE,FL197SYG6W9KG3T,13.35
Sarah,Galloway,KT27060,8194074,HYRION GROUP,5,LATAM ASIA,NOVA,MAINTENANCE,94LUZZNEQMFG8OK,11.36
Omar,Horn,DY04971,6951504,CENVEO TECH,5,CONT ASIA,NEXUS,MAINTENANCE,QNO366283V3KT9X,10.51
Omar,Horn,DY04971,6951504,CENVEO TECH,5,LATAM,NEXUS,MAINTENANCE,NO_TS_LATAM,89.49
Maureen,Brewer,NU90890,4365093,ALCOR CONSULTING,5,MEA EUROPE,PULSE,RPS,4LPZ5446BU79ETV,12.22
Maureen,Brewer,NU90890,4365093,ALCOR CONSULTING,5,EMEA,PULSE,RPS,NO_TS_EMEA,87.78
Jamie,Burnett,TN32791,8095261,KESTRA GROUP,5,MEA AFRICA,ATLAS,REGIE,KAFEQKNQQPXBYLC,11.36
Jamie,Burnett,TN32791,8095261,KESTRA GROUP,5,CONT,ATLAS,REGIE,NO_TS_CONT,88.64
Manuel,Stephens,AU03201,1975857,BRYTON GLOBAL,5,LATAM EUROPE,STELLAR,FORFAIT,YW7K0JX0KS3UM7O,9.94
Manuel,Stephens,AU03201,1975857,BRYTON GLOBAL,5,LATAM,STELLAR,FORFAIT,NO_TS_LATAM,90.06
Jennifer,Johnson,SY60374,6771455,DELVO SYSTEMS,5,MEA AFRICA,QUANTUM,MAINTENANCE,PJLE3DDCDUPJQ8B,12.93
Jennifer,Johnson,SY60374,6771455,DELVO SYSTEMS,5,APAC,QUANTUM,MAINTENANCE,NO_TS_APAC,87.07
Joseph,Savage,PJ56597,7708152,ALCOR VENTURES,5,EMEA EUROPE,ORBIT,MAINTENANCE,TK9486J6FUWQP0K,15.34
Benjamin,Collier,CG63519,1636184,INOVA SYSTEMS,5,APAC AFRICA,ORBIT,RPS,MQTV3GJEYBUVCJ7,9.66
Benjamin,Collier,CG63519,1636184,INOVA SYSTEMS,5,EMEA,ORBIT,RPS,NO_TS_EMEA,90.34
Donald,Moses,JP02684,5477139,JALVIK GLOBAL,5,NA AFRICA,QUANTUM,SUPPORT,YBWPBQZQ11PKOC0,10.23
Donald,Moses,JP02684,5477139,JALVIK GLOBAL,5,LATAM,QUANTUM,SUPPORT,NO_TS_LATAM,89.77
Brent,Ruiz,ZL50068,3002722,JALVIK SOLUTIONS,5,LATAM ASIA,ATLAS,FORFAIT,Y0RXU96OZXXHECA,11.65
Brent,Ruiz,ZL50068,3002722,JALVIK SOLUTIONS,5,EMEA,ATLAS,FORFAIT,NO_TS_EMEA,88.35
Leonard,Jones,VP51390,4632063,HYRION GLOBAL,5,APAC AMERICA,PHOENIX,SUPPORT,3P0TA1V9I4CT6NQ,14.2
Erin,Medina,CV43251,9330361,GOLZEN TECH,5,LATAM AFRICA,PHOENIX,SUPPORT,1AV79V9F7UUAYRC,8.52
Andrew,Patrick,KN14746,7926929,INOVA SYSTEMS,5,LATAM MENA,NEXUS,MAINTENANCE,T8R5SS5KEAFKNZK,11.36
Andrew,Patrick,KN14746,7926929,INOVA SYSTEMS,5,MEA,NEXUS,MAINTENANCE,NO_TS_MEA,88.64
Jay,Boyer,ES06864,4017616,CENVEO GROUP,5,NA ASIA,PULSE,REGIE,E3GZV2SFWGJQO0E,13.64
Jeffrey,Gallagher,YG86778,6086647,ETHOS TECH,5,MEA ASIA,PULSE,SUPPORT,O4G91SMS815J0XZ,12.93
Jeffrey,Gallagher,YG86778,6086647,ETHOS TECH,5,MEA,PULSE,SUPPORT,NO_TS_MEA,87.07
Michael,Carroll,KM95108,4940707,KESTRA SYSTEMS,5,MEA OCEANIA,ORBIT,RPS,R6D9SRJ9F5WY5WM,14.49
Michael,Carroll,KM95108,4940707,KESTRA SYSTEMS,5,APAC,ORBIT,RPS,NO_TS_APAC,85.51
Alexandra,Grant,XN19956,1455796,ALCOR SOLUTIONS,5,NA ASIA,STELLAR,MAINTENANCE,QNZ5I35VOBRK0ZA,11.36
Alexandra,Grant,XN19956,1455796,ALCOR SOLUTIONS,5,EMEA,STELLAR,MAINTENANCE,NO_TS_EMEA,88.64
Joseph,Carey,NP94930,3828332,FORVEX GROUP,5,CONT AFRICA,PULSE,SUPPORT,S6LW5G1T9FG7I2S,16.19
Joseph,Carey,NP94930,3828332,FORVEX GROUP,5,CONT,PULSE,SUPPORT,NO_TS_CONT,83.81
Manuel,Roberts,HI49704,5728392,DELVO GLOBAL,5,EMEA AFRICA,QUANTUM,MAINTENANCE,Z6R5GHGEOG6K989,9.23
Daniel,Brown,NC11049,5746542,ALCOR CONSULTING,5,LATAM OCEANIA,NEXUS,SUPPORT,MFFMEC2T1LF5EC7,10.23
Daniel,Brown,NC11049,5746542,ALCOR CONSULTING,5,LATAM,NEXUS,SUPPORT,NO_TS_LATAM,89.77
David,Hammond,ZJ27187,6717822,FORVEX GROUP,5,LATAM OCEANIA,QUANTUM,FORFAIT,FBBR25MHP88VMVI,12.78
David,Hammond,ZJ27187,6717822,FORVEX GROUP,5,APAC,QUANTUM,FORFAIT,NO_TS_APAC,87.22
Eileen,Dominguez,VM61542,4205299,HYRION SOLUTIONS,5,LATAM AFRICA,NOVA,FORFAIT,JZDL367BAHQMYSP,12.5
Eileen,Dominguez,VM61542,4205299,HYRION SOLUTIONS,5,LATAM,NOVA,FORFAIT,NO_TS_LATAM,87.5
Beth,Hayes,IE83259,1380328,INOVA VENTURES,5,APAC AFRICA,ATLAS,REGIE,DY3XDTJASJEUJN7,13.64
Beth,Hayes,IE83259,1380328,INOVA VENTURES,5,LATAM,ATLAS,REGIE,NO_TS_LATAM,86.36
Jennifer,Allen,WE22454,5983190,INOVA SYSTEMS,5,APAC AMERICA,PULSE,SUPPORT,2GSHT9JH2WGZIJP,12.5
Jennifer,Allen,WE22454,5983190,INOVA SYSTEMS,5,CONT,PULSE,SUPPORT,NO_TS_CONT,87.5
Keith,Garcia,UY13577,9290369,INOVA SOLUTIONS,5,LATAM EUROPE,ORBIT,RPS,GEGEW9MZFFIODKY,9.23
Keith,Garcia,UY13577,9290369,INOVA SOLUTIONS,5,MEA,ORBIT,RPS,NO_TS_MEA,90.77
Leah,Salas,MW34641,3957945,JALVIK DYNAMICS,5,CONT MENA,QUANTUM,MAINTENANCE,OUNZPGB9P8DGKII,10.23
Leah,Salas,MW34641,3957945,JALVIK DYNAMICS,5,LATAM,QUANTUM,MAINTENANCE,NO_TS_LATAM,89.77
Meghan,Alvarez,ZE04192,5921457,BRYTON VENTURES,5,APAC AMERICA,NOVA,FORFAIT,LHW6OQ4MJMPF5CR,11.36
Meghan,Alvarez,ZE04192,5921457,BRYTON VENTURES,5,APAC,NOVA,FORFAIT,NO_TS_APAC,88.64
Jeff,Camacho,KB69515,2650051,LUMEX DIGITAL,5,APAC MENA,ORBIT,RPS,2NHR7H646HKQTKA,9.23
Jeff,Camacho,KB69515,2650051,LUMEX DIGITAL,5,MEA,ORBIT,RPS,NO_TS_MEA,90.77
William,Pearson,FB27731,4813650,JALVIK TECH,5,CONT ASIA,STELLAR,MAINTENANCE,AHZX3GSVL4XP3EC,10.23
William,Pearson,FB27731,4813650,JALVIK TECH,5,APAC,STELLAR,MAINTENANCE,NO_TS_APAC,89.77
Nicholas,James,TF58350,8583207,GOLZEN DIGITAL,5,LATAM EUROPE,STELLAR,SUPPORT,VWMXH9EOEWO7N7M,13.07
Nicholas,James,TF58350,8583207,GOLZEN DIGITAL,5,NA,STELLAR,SUPPORT,NO_TS_NA,86.93
Donald,Brown,JE47337,5572305,BRYTON VENTURES,5,CONT MENA,VERTEX,RPS,LVLTWUN60ZOMT8G,11.36
Chloe,Ross,IY98130,6240190,JALVIK VENTURES,5,APAC MENA,STELLAR,MAINTENANCE,7U0T1J13XVTM49C,11.36
Chloe,Ross,IY98130,6240190,JALVIK VENTURES,5,NA,STELLAR,MAINTENANCE,NO_TS_NA,88.64
Rebecca,Levine,WG87469,9749476,KESTRA DYNAMICS,5,APAC MENA,VERTEX,REGIE,VVDAH37VEJM1J20,14.2
Kelly,Newman,JP99572,3426591,ALCOR SOLUTIONS,5,LATAM AFRICA,QUANTUM,MAINTENANCE,L4NNSLJXC1UGTEI,7.1
Jessica,Warren,SJ28719,4946472,ALCOR GROUP,5,LATAM ASIA,ORBIT,MAINTENANCE,5M4EVUGUXAAJMJO,9.66
Jessica,Warren,SJ28719,4946472,ALCOR GROUP,5,CONT,ORBIT,MAINTENANCE,NO_TS_CONT,90.34
Lisa,Casey,PB00616,7603296,JALVIK TECH,5,EMEA ASIA,PHOENIX,REGIE,ENC077RXBATQTO5,7.53
Lisa,Casey,PB00616,7603296,JALVIK TECH,5,CONT,PHOENIX,REGIE,NO_TS_CONT,92.47
Kelly,Bishop,XG18676,7888998,LUMEX SYSTEMS,5,EMEA AMERICA,STELLAR,SUPPORT,3IFKQU8BFL1QRVS,11.93
Kelly,Bishop,XG18676,7888998,LUMEX SYSTEMS,5,CONT,STELLAR,SUPPORT,NO_TS_CONT,88.07
Kenneth,Wells,LF62089,2388262,DELVO CONSULTING,5,CONT OCEANIA,STELLAR,REGIE,2U7Z6DG1HPS892F,7.1
Kenneth,Wells,LF62089,2388262,DELVO CONSULTING,5,NA,STELLAR,REGIE,NO_TS_NA,92.9
Lucas,Moreno,DO76771,5723878,HYRION DIGITAL,5,MEA AFRICA,STELLAR,SUPPORT,9JQE7DZV5BWHEYM,13.64
Stephen,Todd,WC57476,8203555,KESTRA CONSULTING,5,APAC OCEANIA,STELLAR,MAINTENANCE,NISAR6BGPMYFAK2,9.09
Stephen,Todd,WC57476,8203555,KESTRA CONSULTING,5,APAC,STELLAR,MAINTENANCE,NO_TS_APAC,90.91
James,Malone,DR04982,4653681,CENVEO DYNAMICS,5,EMEA MENA,PHOENIX,SUPPORT,QCI1NBBSJM4SZNI,13.35
James,Malone,DR04982,4653681,CENVEO DYNAMICS,5,EMEA,PHOENIX,SUPPORT,NO_TS_EMEA,86.65
Michael,Adams,RE72748,5952521,LUMEX DYNAMICS,5,NA OCEANIA,ATLAS,RPS,QNUTS5QJLQOVTJX,9.23
Michael,Adams,RE72748,5952521,LUMEX DYNAMICS,5,EMEA,ATLAS,RPS,NO_TS_EMEA,90.77
Pamela,Hill,MX37851,2528866,DELVO VENTURES,5,NA OCEANIA,NEXUS,FORFAIT,ISZRA6MLL6UUGVT,10.8
Brittany,Hughes,GC71162,2612555,JALVIK VENTURES,5,APAC AFRICA,STELLAR,RPS,2U7P7RUL4569WU1,12.5
Brittany,Hughes,GC71162,2612555,JALVIK VENTURES,5,MEA,STELLAR,RPS,NO_TS_MEA,87.5
Billy,Robinson,XW82038,4439718,LUMEX DIGITAL,5,APAC OCEANIA,NOVA,FORFAIT,WCU74ZADP8192DX,9.09
Billy,Robinson,XW82038,4439718,LUMEX DIGITAL,5,EMEA,NOVA,FORFAIT,NO_TS_EMEA,90.91
Tina,Moran,PM88852,2034868,INOVA GLOBAL,5,APAC OCEANIA,STELLAR,FORFAIT,G25P5REIFXQ2E1V,11.93
Tina,Moran,PM88852,2034868,INOVA GLOBAL,5,MEA,STELLAR,FORFAIT,NO_TS_MEA,88.07
Misty,Hill,LZ25766,4518390,FORVEX DIGITAL,5,EMEA OCEANIA,PHOENIX,RPS,K4HKBK06PLI0MIX,8.1
Misty,Hill,LZ25766,4518390,FORVEX DIGITAL,5,NA,PHOENIX,RPS,NO_TS_NA,91.9
Miguel,Moore,LX31911,2571807,CENVEO DYNAMICS,5,EMEA AMERICA,QUANTUM,FORFAIT,BHPG8WZSS2SMFAG,11.9
Nicole,Alvarado,GI35118,3319417,JALVIK DIGITAL,5,CONT ASIA,NOVA,REGIE,G0HH18B5245RIG5,11.36
Nicole,Alvarado,GI35118,3319417,JALVIK DIGITAL,5,MEA,NOVA,REGIE,NO_TS_MEA,88.64
David,Banks,CM99167,9329601,ALCOR TECH,5,CONT OCEANIA,PHOENIX,MAINTENANCE,EEZHI6Y43PPW5GX,12.5
David,Banks,CM99167,9329601,ALCOR TECH,5,LATAM,PHOENIX,MAINTENANCE,NO_TS_LATAM,87.5
Sara,Cox,CS61265,5272108,HYRION SOLUTIONS,5,CONT AMERICA,PULSE,REGIE,8G65JYXGPSX8JRZ,11.36
Sara,Cox,CS61265,5272108,HYRION SOLUTIONS,5,CONT,PULSE,REGIE,NO_TS_CONT,88.64
Christina,Ortega,IC59035,8666819,JALVIK VENTURES,5,CONT AMERICA,ORBIT,RPS,CP3P4EUCPGQZVF2,8.52
Christina,Ortega,IC59035,8666819,JALVIK VENTURES,5,NA,ORBIT,RPS,NO_TS_NA,91.48
Troy,Moore,ZV22638,9230339,LUMEX CONSULTING,5,EMEA AFRICA,STELLAR,FORFAIT,NDZSRO60I56BQI4,10.09
Cody,Taylor,CV43212,8257602,BRYTON DIGITAL,5,NA AMERICA,QUANTUM,SUPPORT,JL0PMWS5EO2YKY3,11.08
Cody,Taylor,CV43212,8257602,BRYTON DIGITAL,5,CONT,QUANTUM,SUPPORT,NO_TS_CONT,88.92
Jamie,Sims,RD74383,8265269,ETHOS DIGITAL,5,EMEA EUROPE,QUANTUM,REGIE,A8K78NX7HAAVFD6,9.94
Jamie,Sims,RD74383,8265269,ETHOS DIGITAL,5,EMEA,QUANTUM,REGIE,NO_TS_EMEA,90.06
Fernando,Perez,IE28429,9649917,DELVO TECH,5,EMEA ASIA,PHOENIX,MAINTENANCE,DOVKNVJEOO65GUN,11.36
Matthew,Esparza,HU59419,3942073,KESTRA GLOBAL,5,EMEA MENA,PHOENIX,MAINTENANCE,PFOWODWKH10H1MZ,12.5
Matthew,Esparza,HU59419,3942073,KESTRA GLOBAL,5,NA,PHOENIX,MAINTENANCE,NO_TS_NA,87.5
Andre,Chan,QY25379,9622121,LUMEX DYNAMICS,5,LATAM ASIA,QUANTUM,RPS,HFE4ZUH3UC9KB0N,9.8
Andre,Chan,QY25379,9622121,LUMEX DYNAMICS,5,LATAM,QUANTUM,RPS,NO_TS_LATAM,90.2
Alicia,Mccarthy,OT15228,5611763,ETHOS TECH,5,MEA EUROPE,NOVA,RPS,LEW7XHJ6TSFSVE4,9.66
Alicia,Mccarthy,OT15228,5611763,ETHOS TECH,5,APAC,NOVA,RPS,NO_TS_APAC,90.34
Sabrina,Black,SL32475,6665203,FORVEX GROUP,5,CONT AMERICA,PHOENIX,MAINTENANCE,QV7C67PKQAS93O3,13.64
Sabrina,Black,SL32475,6665203,FORVEX GROUP,5,CONT,PHOENIX,MAINTENANCE,NO_TS_CONT,86.36
Richard,Hill,HX73516,1052004,CENVEO CONSULTING,5,CONT EUROPE,NEXUS,REGIE,998FCAC1S03HQ5T,9.38
Shirley,Miles,YJ17198,4929531,BRYTON VENTURES,5,MEA OCEANIA,NOVA,RPS,M5BBI950GJTXTG4,11.36
Hector,Williams,KX38742,1988816,CENVEO SYSTEMS,5,LATAM OCEANIA,NEXUS,SUPPORT,LNADFUHUHTZCAT6,6.25
Charles,Caldwell,XZ30664,6612670,FORVEX GLOBAL,5,CONT ASIA,NOVA,SUPPORT,BWWZY3DCRBOU4UI,11.93
Charles,Caldwell,XZ30664,6612670,FORVEX GLOBAL,5,MEA,NOVA,SUPPORT,NO_TS_MEA,88.07
Jennifer,Robinson,FQ00802,6462947,ALCOR GLOBAL,5,APAC AMERICA,ORBIT,MAINTENANCE,XWVAV3KKDWTP84B,14.77
Jennifer,Robinson,FQ00802,6462947,ALCOR GLOBAL,5,CONT,ORBIT,MAINTENANCE,NO_TS_CONT,85.23
Bryce,Bowman,EL98998,3776379,CENVEO SYSTEMS,5,NA EUROPE,PHOENIX,REGIE,9Z3I8NI2TPUUH4H,11.93
Bryce,Bowman,EL98998,3776379,CENVEO SYSTEMS,5,MEA,PHOENIX,REGIE,NO_TS_MEA,88.07
Alex,Brown,PB53131,6823367,ALCOR VENTURES,5,EMEA ASIA,PHOENIX,RPS,ZXCAZOY8LNMAVOG,8.52
Alex,Brown,PB53131,6823367,ALCOR VENTURES,5,EMEA,PHOENIX,RPS,NO_TS_EMEA,91.48
Daniel,Bush,TY03574,7540304,BRYTON DIGITAL,5,CONT AFRICA,PULSE,SUPPORT,SSAB7JZFWN8FKME,7.24
Jonathan,Herring,XQ37803,4611090,HYRION DIGITAL,5,CONT OCEANIA,STELLAR,MAINTENANCE,T52ZS9S87VMYOD8,12.78
Jonathan,Herring,XQ37803,4611090,HYRION DIGITAL,5,EMEA,STELLAR,MAINTENANCE,NO_TS_EMEA,87.22
Laura,Burns,JX33077,2735427,GOLZEN GROUP,5,NA AFRICA,NOVA,MAINTENANCE,M6Y7LABGXLNLJBP,13.07
Laura,Burns,JX33077,2735427,GOLZEN GROUP,5,NA,NOVA,MAINTENANCE,NO_TS_NA,86.93
Jacob,Pham,ZG40337,6789580,INOVA TECH,5,APAC MENA,VERTEX,MAINTENANCE,7YAX00JEPQQ3TMQ,11.36
Jacob,Pham,ZG40337,6789580,INOVA TECH,5,LATAM,VERTEX,MAINTENANCE,NO_TS_LATAM,88.64
Stephanie,Henson,YX78970,1928065,CENVEO SYSTEMS,5,MEA EUROPE,QUANTUM,SUPPORT,LR5YYISGDLRVB48,7.39
Stephanie,Henson,YX78970,1928065,CENVEO SYSTEMS,5,NA,QUANTUM,SUPPORT,NO_TS_NA,92.61
Paul,Hamilton,TJ92403,8584895,ETHOS SYSTEMS,5,NA AMERICA,PHOENIX,FORFAIT,Y0FEVK2WI8IKRW2,11.36
Joseph,Smith,AQ67956,6063466,INOVA CONSULTING,5,LATAM OCEANIA,QUANTUM,SUPPORT,443RNK51GUOYI9A,10.23
Joseph,Smith,AQ67956,6063466,INOVA CONSULTING,5,LATAM,QUANTUM,SUPPORT,NO_TS_LATAM,89.77
Francisco,Barron,AZ81085,9100036,HYRION CONSULTING,5,MEA AFRICA,ORBIT,SUPPORT,LIQ4I2MTRIW37D8,11.36
Francisco,Barron,AZ81085,9100036,HYRION CONSULTING,5,EMEA,ORBIT,SUPPORT,NO_TS_EMEA,88.64
Christopher,Obrien,PI67750,2417213,CENVEO SYSTEMS,5,LATAM OCEANIA,QUANTUM,REGIE,8KF3BF2VMCW9IMX,8.1
Christopher,Obrien,PI67750,2417213,CENVEO SYSTEMS,5,APAC,QUANTUM,REGIE,NO_TS_APAC,91.9
David,Proctor,NW56604,2828420,INOVA GROUP,5,MEA OCEANIA,ATLAS,FORFAIT,MZ391J22DSAKHNJ,7.67
David,Proctor,NW56604,2828420,INOVA GROUP,5,MEA,ATLAS,FORFAIT,NO_TS_MEA,92.33
Stephanie,Martin,FW36625,5500433,DELVO SOLUTIONS,5,APAC OCEANIA,PHOENIX,MAINTENANCE,TCC2PNBRO3N5OLJ,10.8
Johnathan,Sanchez,CG37252,7622163,CENVEO DIGITAL,5,MEA AFRICA,ATLAS,SUPPORT,3R9XFPXVP1E31S3,7.69
Johnathan,Sanchez,CG37252,7622163,CENVEO DIGITAL,5,APAC,ATLAS,SUPPORT,NO_TS_APAC,92.31
Sherry,Fitzgerald,BX86205,2124826,FORVEX DYNAMICS,5,NA AMERICA,STELLAR,RPS,IVXEHI09KK06976,9.66
Sherry,Fitzgerald,BX86205,2124826,FORVEX DYNAMICS,5,APAC,STELLAR,RPS,NO_TS_APAC,90.34
Elijah,Holmes,CN81389,2847757,ETHOS GROUP,5,EMEA AMERICA,ATLAS,RPS,N1TA3XW1L3TC6FC,11.08
Elijah,Holmes,CN81389,2847757,ETHOS GROUP,5,CONT,ATLAS,RPS,NO_TS_CONT,88.92
Sandra,Garza,JR54342,9668949,ETHOS CONSULTING,5,NA ASIA,PHOENIX,RPS,KU4QQ53WTA4V6KH,16.48
Sandra,Garza,JR54342,9668949,ETHOS CONSULTING,5,APAC,PHOENIX,RPS,NO_TS_APAC,83.52
James,Moore,QF10809,5701523,ETHOS VENTURES,5,APAC EUROPE,PULSE,RPS,6XY0FZVPIU34VK4,11.36
James,Moore,QF10809,5701523,ETHOS VENTURES,5,EMEA,PULSE,RPS,NO_TS_EMEA,88.64
Mark,Holmes,BD50405,3321383,KESTRA DYNAMICS,5,EMEA OCEANIA,ORBIT,REGIE,D3V71G89R1APF8A,11.36
Melissa,Tran,BE64574,1816386,GOLZEN SYSTEMS,5,CONT EUROPE,STELLAR,MAINTENANCE,J4ET73B91DJN9EV,12.5
Melissa,Tran,BE64574,1816386,GOLZEN SYSTEMS,5,MEA,STELLAR,MAINTENANCE,NO_TS_MEA,87.5
Albert,Bennett,QX36769,3993582,BRYTON DIGITAL,5,APAC AMERICA,NOVA,MAINTENANCE,T0KAU4XEYR8C7MT,9.09
Albert,Bennett,QX36769,3993582,BRYTON DIGITAL,5,EMEA,NOVA,MAINTENANCE,NO_TS_EMEA,90.91
Kenneth,Walker,ZD95661,3355268,CENVEO SYSTEMS,5,MEA ASIA,ORBIT,RPS,3OG869OMX7G7U8V,9.66
Omar,Willis,ET31359,1481077,ALCOR CONSULTING,5,EMEA AMERICA,VERTEX,MAINTENANCE,3QOK858D65T3GKW,10.23
Omar,Willis,ET31359,1481077,ALCOR CONSULTING,5,LATAM,VERTEX,MAINTENANCE,NO_TS_LATAM,89.77
Maria,Jordan,IF30035,4126211,ALCOR CONSULTING,5,CONT OCEANIA,QUANTUM,SUPPORT,883AE7L3YHU634I,13.64
Juan,Bruce,JS27749,6130595,INOVA SYSTEMS,5,NA EUROPE,PULSE,MAINTENANCE,JG00C31PLM7665C,13.35
Juan,Bruce,JS27749,6130595,INOVA SYSTEMS,5,CONT,PULSE,MAINTENANCE,NO_TS_CONT,86.65
Daniel,Clark,HG47488,1928999,LUMEX GROUP,5,APAC OCEANIA,ATLAS,RPS,ZGSW4KUX4BHCMEC,9.38
Daniel,Clark,HG47488,1928999,LUMEX GROUP,5,CONT,ATLAS,RPS,NO_TS_CONT,90.63
Kyle,Gray,VE47950,6486519,DELVO CONSULTING,5,LATAM AFRICA,ORBIT,FORFAIT,QIOOTI6A4Z66EYM,33.33
Kyle,Gray,VE47950,6486519,DELVO CONSULTING,5,CONT,ORBIT,FORFAIT,NO_TS_CONT,66.67
Bailey,Rodgers,SL03957,6000550,JALVIK DIGITAL,5,APAC EUROPE,NEXUS,MAINTENANCE,3090U8NUKEZJ7ZE,13.64
Bailey,Rodgers,SL03957,6000550,JALVIK DIGITAL,5,CONT,NEXUS,MAINTENANCE,NO_TS_CONT,86.36
Alexis,Hill,EQ70088,7043018,FORVEX SYSTEMS,5,EMEA AFRICA,PULSE,REGIE,Y8TT7LF58WDU4ZP,9.66
Alexis,Hill,EQ70088,7043018,FORVEX SYSTEMS,5,NA,PULSE,REGIE,NO_TS_NA,90.34
Joseph,Thompson,AY26979,9361259,JALVIK SYSTEMS,5,CONT ASIA,VERTEX,RPS,27H2Z7CVARJT0CE,12.5
Joseph,Thompson,AY26979,9361259,JALVIK SYSTEMS,5,EMEA,VERTEX,RPS,NO_TS_EMEA,87.5
Teresa,Ramirez,CB50550,5391623,HYRION DYNAMICS,5,EMEA EUROPE,PHOENIX,FORFAIT,NU04CNCI9JO139G,10.8
Teresa,Ramirez,CB50550,5391623,HYRION DYNAMICS,5,APAC,PHOENIX,FORFAIT,NO_TS_APAC,89.2
Janice,Ferguson,IJ18535,6275867,FORVEX DYNAMICS,5,LATAM AMERICA,ORBIT,REGIE,PTEX34GS5P62257,13.64
Janice,Ferguson,IJ18535,6275867,FORVEX DYNAMICS,5,MEA,ORBIT,REGIE,NO_TS_MEA,86.36
April,White,LM07212,5406402,HYRION SYSTEMS,5,EMEA OCEANIA,QUANTUM,RPS,YWQOB9K78XWKOJP,15.63
April,White,LM07212,5406402,HYRION SYSTEMS,5,EMEA,QUANTUM,RPS,NO_TS_EMEA,84.38
Ian,Haynes,CB19706,4797840,ETHOS TECH,5,LATAM AMERICA,PHOENIX,SUPPORT,KLCVAZIZ5VZVJXM,11.36
Ian,Haynes,CB19706,4797840,ETHOS TECH,5,APAC,PHOENIX,SUPPORT,NO_TS_APAC,88.64
Emily,Thomas,GD56592,8540654,ETHOS GLOBAL,5,LATAM OCEANIA,NEXUS,SUPPORT,C4M2URLJURESR3G,10.65
Emily,Thomas,GD56592,8540654,ETHOS GLOBAL,5,NA,NEXUS,SUPPORT,NO_TS_NA,89.35
Robert,Nguyen,RW59074,5579406,INOVA SOLUTIONS,5,CONT MENA,ATLAS,RPS,Y7FF0LFCEV16869,9.09
Robert,Nguyen,RW59074,5579406,INOVA SOLUTIONS,5,LATAM,ATLAS,RPS,NO_TS_LATAM,90.91
Ryan,Nelson,HA35797,9503198,ETHOS GLOBAL,5,NA OCEANIA,ORBIT,RPS,XVK9PQJZCVH5GIR,9.94
Jeffery,Lewis,TA69424,6632681,GOLZEN GROUP,5,CONT ASIA,NEXUS,SUPPORT,APD2C9K2TV0YBFL,15.91
Seth,Davis,QK36053,7885526,HYRION GLOBAL,5,LATAM AMERICA,ATLAS,REGIE,OU64P9UKICYSO6B,8.24
Christopher,Fernandez,AK09685,1011559,CENVEO SOLUTIONS,5,EMEA OCEANIA,STELLAR,FORFAIT,Y6F4AXLUC9G19GQ,7.81
Christopher,Fernandez,AK09685,1011559,CENVEO SOLUTIONS,5,EMEA,STELLAR,FORFAIT,NO_TS_EMEA,92.19
Thomas,Lee,IW74314,1539639,INOVA SOLUTIONS,5,CONT ASIA,QUANTUM,MAINTENANCE,6Z2HVKN2KP7BH28,10.8
Thomas,Lee,IW74314,1539639,INOVA SOLUTIONS,5,EMEA,QUANTUM,MAINTENANCE,NO_TS_EMEA,89.2
Brian,Baker,YO93963,8838840,HYRION DYNAMICS,5,EMEA AFRICA,ATLAS,RPS,N5WAL4LNYA1193O,5.82
Brian,Baker,YO93963,8838840,HYRION DYNAMICS,5,LATAM,ATLAS,RPS,NO_TS_LATAM,94.18
Christopher,Martinez,YV28289,6550268,JALVIK DIGITAL,5,APAC MENA,NEXUS,REGIE,35M9J93JFSPP9W5,9.09
Christopher,Martinez,YV28289,6550268,JALVIK DIGITAL,5,NA,NEXUS,REGIE,NO_TS_NA,90.91
Jennifer,Ruiz,UC81406,2203997,INOVA DYNAMICS,5,EMEA ASIA,NEXUS,RPS,Q7ZI44GJYQFW8W8,14.2
Jennifer,Ruiz,UC81406,2203997,INOVA DYNAMICS,5,CONT,NEXUS,RPS,NO_TS_CONT,85.8
Lisa,Collier,DU00607,5515764,LUMEX TECH,5,CONT EUROPE,PULSE,MAINTENANCE,HO79W9G1AMTUBA8,13.64
Lisa,Collier,DU00607,5515764,LUMEX TECH,5,APAC,PULSE,MAINTENANCE,NO_TS_APAC,86.36
Doris,Jennings,JU36253,4251487,DELVO DIGITAL,5,MEA AMERICA,QUANTUM,FORFAIT,WRYYB4SEF0VTGCD,13.64
Ashley,Palmer,PC18176,6217802,INOVA SOLUTIONS,5,LATAM ASIA,PHOENIX,FORFAIT,SUYBN7BQDJGI4P8,11.36
Ashley,Palmer,PC18176,6217802,INOVA SOLUTIONS,5,APAC,PHOENIX,FORFAIT,NO_TS_APAC,88.64
Nicole,Gutierrez,CI50518,9269743,KESTRA SYSTEMS,5,APAC ASIA,PHOENIX,MAINTENANCE,NCAA71PQU7355OO,11.65
Nicole,Gutierrez,CI50518,9269743,KESTRA SYSTEMS,5,NA,PHOENIX,MAINTENANCE,NO_TS_NA,88.35
Lisa,Glass,BJ23300,9042664,ETHOS SYSTEMS,5,APAC AMERICA,PHOENIX,SUPPORT,420FXHX0WP6TOQ0,10.09
Lisa,Glass,BJ23300,9042664,ETHOS SYSTEMS,5,CONT,PHOENIX,SUPPORT,NO_TS_CONT,89.91
Jennifer,Carlson,BE08415,7116878,JALVIK CONSULTING,5,LATAM OCEANIA,VERTEX,REGIE,RUHQ22WV6ETZCT0,9.09
Jennifer,Carlson,BE08415,7116878,JALVIK CONSULTING,5,LATAM,VERTEX,REGIE,NO_TS_LATAM,90.91
Emily,Wilson,HH57787,1164147,JALVIK GLOBAL,5,APAC MENA,QUANTUM,RPS,PYO3PDJX2Y1MGQ6,12.5
Emily,Wilson,HH57787,1164147,JALVIK GLOBAL,5,NA,QUANTUM,RPS,NO_TS_NA,87.5
Joshua,Moss,RV89349,4792142,BRYTON DIGITAL,5,CONT EUROPE,STELLAR,REGIE,W3G8U7EDYM0L01F,12.5
Joshua,Moss,RV89349,4792142,BRYTON DIGITAL,5,MEA,STELLAR,REGIE,NO_TS_MEA,87.5
Kendra,Franklin,QN35485,4477258,JALVIK SOLUTIONS,5,MEA AMERICA,NOVA,SUPPORT,9D1MQJMYYWQO49T,11.51
Kendra,Franklin,QN35485,4477258,JALVIK SOLUTIONS,5,NA,NOVA,SUPPORT,NO_TS_NA,88.49
Regina,Farrell,IV34234,4658384,CENVEO DYNAMICS,5,NA OCEANIA,QUANTUM,FORFAIT,NOUCYMM25Y4NP7O,14.91
Regina,Farrell,IV34234,4658384,CENVEO DYNAMICS,5,MEA,QUANTUM,FORFAIT,NO_TS_MEA,85.09
Mark,Miller,UR80371,1915208,ALCOR DIGITAL,5,APAC OCEANIA,PULSE,RPS,T4TJTKZQ734QQXH,9.66
Mark,Miller,UR80371,1915208,ALCOR DIGITAL,5,EMEA,PULSE,RPS,NO_TS_EMEA,90.34
Joshua,Fuentes,LR95487,4190166,HYRION DYNAMICS,5,LATAM AMERICA,ATLAS,FORFAIT,BT8KWKMCMRIDLG8,7.1
Leonard,Hubbard,YF76988,4070458,INOVA GLOBAL,5,NA EUROPE,NOVA,SUPPORT,TQRWBZF1EKJBROK,9.52
Leonard,Hubbard,YF76988,4070458,INOVA GLOBAL,5,CONT,NOVA,SUPPORT,NO_TS_CONT,90.48
Robert,Brooks,QK48026,5130025,ETHOS GROUP,5,EMEA ASIA,PULSE,REGIE,0J09U9ETO7SBOQC,9.38
Robert,Brooks,QK48026,5130025,ETHOS GROUP,5,APAC,PULSE,REGIE,NO_TS_APAC,90.63
Barbara,Contreras,IN45351,8065047,FORVEX SOLUTIONS,5,LATAM EUROPE,PHOENIX,REGIE,NQSVFZGUFFMK19F,12.22
Barbara,Contreras,IN45351,8065047,FORVEX SOLUTIONS,5,NA,PHOENIX,REGIE,NO_TS_NA,87.78
Judith,Spencer,AX05649,6612939,BRYTON CONSULTING,5,LATAM ASIA,PULSE,MAINTENANCE,Z9RPKDHDZWXX8S2,4.55
Judith,Spencer,AX05649,6612939,BRYTON CONSULTING,5,EMEA,PULSE,MAINTENANCE,NO_TS_EMEA,95.45
Patricia,Hayden,VX95864,4340802,GOLZEN GROUP,5,EMEA OCEANIA,QUANTUM,FORFAIT,6BCOL68YDSEABGH,9.66
Patricia,Hayden,VX95864,4340802,GOLZEN GROUP,5,NA,QUANTUM,FORFAIT,NO_TS_NA,90.34
Edward,Castillo,FH23001,8167514,HYRION DIGITAL,5,MEA OCEANIA,STELLAR,FORFAIT,KW2BVCVBRP7UBU0,11.93
Edward,Castillo,FH23001,8167514,HYRION DIGITAL,5,MEA,STELLAR,FORFAIT,NO_TS_MEA,88.07
Allison,Hurley,XA29783,4888452,FORVEX GLOBAL,5,NA MENA,PULSE,RPS,XGWEX3DBKIUWG7S,15.91
Allison,Hurley,XA29783,4888452,FORVEX GLOBAL,5,MEA,PULSE,RPS,NO_TS_MEA,84.09
Jason,Larson,PR22459,4347396,GOLZEN GROUP,5,MEA EUROPE,ATLAS,REGIE,LHM3LTD7QXSLBYF,7.67
Jason,Larson,PR22459,4347396,GOLZEN GROUP,5,NA,ATLAS,REGIE,NO_TS_NA,92.33
Thomas,Baker,JJ57291,8105946,DELVO TECH,5,CONT AFRICA,STELLAR,SUPPORT,RBPHRL4IOY4C1Y5,7.1
Deborah,Jackson,HR45607,1067151,ALCOR GLOBAL,5,CONT ASIA,NOVA,REGIE,9BJ3PMC9M7F2AVL,14.2
Deborah,Jackson,HR45607,1067151,ALCOR GLOBAL,5,CONT,NOVA,REGIE,NO_TS_CONT,85.8
Samantha,Lynch,NG93262,2778929,ETHOS GROUP,5,APAC OCEANIA,PULSE,REGIE,0K59LE30H40BZQH,11.93
Samantha,Lynch,NG93262,2778929,ETHOS GROUP,5,MEA,PULSE,REGIE,NO_TS_MEA,88.07
Jason,Alexander,VA68627,6013648,JALVIK SOLUTIONS,5,NA OCEANIA,NEXUS,MAINTENANCE,VBMI82PJJS05SUC,13.64
Jason,Alexander,VA68627,6013648,JALVIK SOLUTIONS,5,MEA,NEXUS,MAINTENANCE,NO_TS_MEA,86.36
Catherine,Munoz,BX69517,2787983,INOVA GROUP,5,MEA ASIA,NOVA,MAINTENANCE,Y1CX2PRHG181D07,11.36
Catherine,Munoz,BX69517,2787983,INOVA GROUP,5,NA,NOVA,MAINTENANCE,NO_TS_NA,88.64
Joshua,Clark,NN69369,4942079,KESTRA VENTURES,5,LATAM AFRICA,PHOENIX,MAINTENANCE,HG50JPR8FEJ74UR,6.96
Joshua,Clark,NN69369,4942079,KESTRA VENTURES,5,APAC,PHOENIX,MAINTENANCE,NO_TS_APAC,93.04
Brenda,Morales,SI06212,9339881,DELVO VENTURES,5,NA EUROPE,ORBIT,SUPPORT,OUVYLMZJACX7RJ1,12.5
Sarah,Flowers,IQ43656,7405728,CENVEO DYNAMICS,5,CONT OCEANIA,ORBIT,SUPPORT,6B9NIBTW9U3181M,9.38
Sarah,Flowers,IQ43656,7405728,CENVEO DYNAMICS,5,LATAM,ORBIT,SUPPORT,NO_TS_LATAM,90.63
Clayton,Salazar,DP29960,4853141,INOVA SYSTEMS,5,EMEA AFRICA,NEXUS,FORFAIT,GWQRRQ4H7CQHVKR,11.51
Deanna,Johnson,QV32846,9029793,JALVIK GLOBAL,5,APAC OCEANIA,STELLAR,SUPPORT,FXZD9HRMVT0GFAY,8.81
Deanna,Johnson,QV32846,9029793,JALVIK GLOBAL,5,LATAM,STELLAR,SUPPORT,NO_TS_LATAM,91.19
Mary,Lopez,ZG46379,9939543,HYRION GROUP,5,CONT AFRICA,PHOENIX,RPS,PA4XPBYINB52JG8,10.23
Mary,Lopez,ZG46379,9939543,HYRION GROUP,5,CONT,PHOENIX,RPS,NO_TS_CONT,89.77
Katherine,Moore,LI66430,3320962,GOLZEN CONSULTING,5,EMEA EUROPE,VERTEX,MAINTENANCE,BVGL1WQ7MN5J0J8,12.78
Katherine,Moore,LI66430,3320962,GOLZEN CONSULTING,5,APAC,VERTEX,MAINTENANCE,NO_TS_APAC,87.22
Daniel,Gonzales,KG56761,6388861,JALVIK CONSULTING,5,APAC EUROPE,ORBIT,MAINTENANCE,M58M50SK9K8S0LD,10.09
Amy,Mills,LD27399,5631319,JALVIK GLOBAL,5,MEA EUROPE,PHOENIX,REGIE,7TR904MKXXHAZ0B,8.24
Amy,Mills,LD27399,5631319,JALVIK GLOBAL,5,MEA,PHOENIX,REGIE,NO_TS_MEA,91.76
Joshua,Nguyen,ZQ15069,2688829,ALCOR GROUP,5,CONT AMERICA,PHOENIX,FORFAIT,6ZLL9NK2GF7V37A,11.51
Christopher,Lewis,ZF02714,2987076,HYRION DYNAMICS,5,LATAM AMERICA,ATLAS,REGIE,67W2VBM4N7JV0AM,11.36
Christopher,Lewis,ZF02714,2987076,HYRION DYNAMICS,5,APAC,ATLAS,REGIE,NO_TS_APAC,88.64
Rachel,Chan,UF21848,1246142,FORVEX VENTURES,5,EMEA EUROPE,PHOENIX,RPS,BRUUHECTN1TRR6S,12.22
Kevin,Short,YP55019,6567942,INOVA VENTURES,5,LATAM MENA,PULSE,SUPPORT,PWOA4KRW9VUXKYQ,18.18
Kevin,Short,YP55019,6567942,INOVA VENTURES,5,LATAM,PULSE,SUPPORT,NO_TS_LATAM,81.82
Tammy,Hernandez,QA61184,2992405,LUMEX TECH,5,APAC ASIA,PULSE,MAINTENANCE,DFS3TQOEKUYRZKV,9.38
Tammy,Hernandez,QA61184,2992405,LUMEX TECH,5,MEA,PULSE,MAINTENANCE,NO_TS_MEA,90.63
Dorothy,Anderson,RE71544,4815499,ETHOS GLOBAL,5,MEA AFRICA,QUANTUM,MAINTENANCE,5WUT8HOIEP83HAK,13.64
Dorothy,Anderson,RE71544,4815499,ETHOS GLOBAL,5,LATAM,QUANTUM,MAINTENANCE,NO_TS_LATAM,86.36
Nicole,Warner,YZ09223,6389812,HYRION DIGITAL,5,NA AMERICA,PHOENIX,REGIE,28VXXF4418VJGY1,8.81
Kathryn,Spencer,UL59195,8714342,CENVEO GROUP,5,EMEA AMERICA,ORBIT,RPS,NHNUSF2WX7LX24T,9.66
Kathryn,Spencer,UL59195,8714342,CENVEO GROUP,5,LATAM,ORBIT,RPS,NO_TS_LATAM,90.34
Lisa,Williams,LX25988,6412673,GOLZEN VENTURES,5,CONT MENA,NOVA,FORFAIT,HIPC9YDW931XQZV,10.23
Lisa,Williams,LX25988,6412673,GOLZEN VENTURES,5,CONT,NOVA,FORFAIT,NO_TS_CONT,89.77
Chad,Browning,BJ37926,2091699,CENVEO GLOBAL,5,APAC ASIA,PULSE,MAINTENANCE,9N46OPTBS9G1VLL,13.21
David,Lee,SE86218,3596371,JALVIK TECH,5,APAC AFRICA,NEXUS,REGIE,2ENF69Q7GA9FDTQ,11.65
David,Lee,SE86218,3596371,JALVIK TECH,5,NA,NEXUS,REGIE,NO_TS_NA,88.35
Ryan,Shields,RP50573,5161373,BRYTON SYSTEMS,5,MEA MENA,PHOENIX,FORFAIT,CHOZ2U2HT8GPING,10.23
Ryan,Shields,RP50573,5161373,BRYTON SYSTEMS,5,EMEA,PHOENIX,FORFAIT,NO_TS_EMEA,89.77
Robert,Andrade,KC00822,7659569,INOVA DIGITAL,5,MEA OCEANIA,ATLAS,RPS,1SAEHR1LIBG37MS,14.49
Robert,Andrade,KC00822,7659569,INOVA DIGITAL,5,EMEA,ATLAS,RPS,NO_TS_EMEA,85.51
Christine,Williams,AI52672,7054079,KESTRA VENTURES,5,CONT AFRICA,ATLAS,MAINTENANCE,V6Z0Z6XLH35IV3P,10.23
Christine,Williams,AI52672,7054079,KESTRA VENTURES,5,LATAM,ATLAS,MAINTENANCE,NO_TS_LATAM,89.77
Alan,Shields,VH66235,4198601,CENVEO GROUP,5,CONT EUROPE,STELLAR,SUPPORT,B48ME8FX088TOSJ,11.36
Alan,Shields,VH66235,4198601,CENVEO GROUP,5,MEA,STELLAR,SUPPORT,NO_TS_MEA,88.64
Vicki,Brown,WP50519,1366539,CENVEO DIGITAL,5,MEA ASIA,ATLAS,REGIE,YLIOZESSBQOFKUA,11.36
Vicki,Brown,WP50519,1366539,CENVEO DIGITAL,5,CONT,ATLAS,REGIE,NO_TS_CONT,88.64
Sarah,Perez,DH01352,1121875,BRYTON GLOBAL,5,LATAM MENA,NOVA,MAINTENANCE,D9U97VUTE1Z23I2,13.64
Sarah,Perez,DH01352,1121875,BRYTON GLOBAL,5,CONT,NOVA,MAINTENANCE,NO_TS_CONT,86.36
Noah,Powell,CC53861,2205714,ETHOS GROUP,5,LATAM OCEANIA,NEXUS,RPS,8VRT8ENCHM3DC5L,12.07
Noah,Powell,CC53861,2205714,ETHOS GROUP,5,EMEA,NEXUS,RPS,NO_TS_EMEA,87.93
John,Dudley,ID69493,4566744,JALVIK CONSULTING,5,MEA OCEANIA,ATLAS,MAINTENANCE,OCSGW7441RMRE97,10.8
John,Dudley,ID69493,4566744,JALVIK CONSULTING,5,MEA,ATLAS,MAINTENANCE,NO_TS_MEA,89.2
Dennis,Thomas,HP96702,4282379,GOLZEN DYNAMICS,5,LATAM OCEANIA,STELLAR,REGIE,R95UZR6T0YYK40P,11.93
Dennis,Thomas,HP96702,4282379,GOLZEN DYNAMICS,5,EMEA,STELLAR,REGIE,NO_TS_EMEA,88.07
Kenneth,Spencer,WL26744,5598076,ALCOR SOLUTIONS,5,LATAM OCEANIA,QUANTUM,RPS,TKDT0ANPMZKGKGT,10.23
Kenneth,Spencer,WL26744,5598076,ALCOR SOLUTIONS,5,EMEA,QUANTUM,RPS,NO_TS_EMEA,89.77
Zachary,Ramos,UM51477,1704557,HYRION CONSULTING,5,EMEA ASIA,VERTEX,MAINTENANCE,WR8E88S93Z1MDGG,10.23
Zachary,Ramos,UM51477,1704557,HYRION CONSULTING,5,APAC,VERTEX,MAINTENANCE,NO_TS_APAC,89.77
Jessica,Rodriguez,BX74043,5977677,LUMEX DYNAMICS,5,EMEA MENA,STELLAR,MAINTENANCE,QMUJVKLOLURCGD1,9.38
Anna,Chambers,JY74639,8117146,ALCOR DIGITAL,5,NA ASIA,STELLAR,SUPPORT,V22BCEUKAAVLMCT,12.5
Anna,Chambers,JY74639,8117146,ALCOR DIGITAL,5,EMEA,STELLAR,SUPPORT,NO_TS_EMEA,87.5
Jennifer,Melendez,VZ75282,4238489,GOLZEN GLOBAL,5,EMEA OCEANIA,ORBIT,MAINTENANCE,UW7LQ67CBGPF5PA,9.09
Jennifer,Melendez,VZ75282,4238489,GOLZEN GLOBAL,5,MEA,ORBIT,MAINTENANCE,NO_TS_MEA,90.91
Michael,Lynch,VH67536,4151455,FORVEX DIGITAL,5,LATAM AMERICA,STELLAR,REGIE,Y5AM47KT906Y1M3,11.51
Michael,Lynch,VH67536,4151455,FORVEX DIGITAL,5,EMEA,STELLAR,REGIE,NO_TS_EMEA,88.49
Mary,Davidson,LR26021,5246644,DELVO TECH,5,CONT EUROPE,PULSE,SUPPORT,W6DUJUTU5O1XULT,15.91
Mary,Davidson,LR26021,5246644,DELVO TECH,5,APAC,PULSE,SUPPORT,NO_TS_APAC,84.09
William,Green,PL74709,4221039,BRYTON DIGITAL,5,EMEA AMERICA,VERTEX,FORFAIT,I6NJAEW6M4ADWN9,14.2
William,Green,PL74709,4221039,BRYTON DIGITAL,5,CONT,VERTEX,FORFAIT,NO_TS_CONT,85.8
Rachel,Williams,BF90070,4416688,ETHOS TECH,5,LATAM OCEANIA,ORBIT,MAINTENANCE,9ASWT5WPNW51RWP,12.22
Jeremiah,Mckenzie,GB01790,9415296,ALCOR CONSULTING,5,CONT OCEANIA,QUANTUM,SUPPORT,5HXDW74B79ES7M5,13.07
Jeremiah,Mckenzie,GB01790,9415296,ALCOR CONSULTING,5,NA,QUANTUM,SUPPORT,NO_TS_NA,86.93
Shelly,Richardson,YQ31512,8923937,HYRION VENTURES,5,EMEA AMERICA,ORBIT,SUPPORT,LZ0FOF0BG90ODUD,13.64
Shelly,Richardson,YQ31512,8923937,HYRION VENTURES,5,MEA,ORBIT,SUPPORT,NO_TS_MEA,86.36
Tina,Martin,ZH63937,8962064,BRYTON DYNAMICS,5,APAC OCEANIA,ATLAS,REGIE,L9GE3BNHGH0EKM5,10.8
Nancy,Mendoza,SH17569,8751546,BRYTON CONSULTING,5,NA AFRICA,ORBIT,REGIE,N7O6GSF14WM7YY2,9.38
Nancy,Mendoza,SH17569,8751546,BRYTON CONSULTING,5,CONT,ORBIT,REGIE,NO_TS_CONT,90.63
Danielle,Jones,OV37171,4980284,CENVEO TECH,5,NA OCEANIA,ORBIT,REGIE,EOSJ71EQYUZTI7J,11.65
Danielle,Jones,OV37171,4980284,CENVEO TECH,5,EMEA,ORBIT,REGIE,NO_TS_EMEA,88.35
Anthony,Reyes,GO96656,2958730,ETHOS TECH,5,MEA AFRICA,PHOENIX,FORFAIT,ZAAQ9MYEC6II08B,16.05
Anthony,Reyes,GO96656,2958730,ETHOS TECH,5,CONT,PHOENIX,FORFAIT,NO_TS_CONT,83.95
Amy,Dyer,FP93370,6903750,HYRION GROUP,5,APAC AFRICA,VERTEX,REGIE,FHLA28LSF32U559,11.36
Amy,Dyer,FP93370,6903750,HYRION GROUP,5,LATAM,VERTEX,REGIE,NO_TS_LATAM,88.64
Kyle,Jacobs,NM02804,5641469,KESTRA DIGITAL,5,MEA EUROPE,PHOENIX,RPS,FWE0JECW7IY95LT,12.22
Kyle,Jacobs,NM02804,5641469,KESTRA DIGITAL,5,LATAM,PHOENIX,RPS,NO_TS_LATAM,87.78
Christy,Day,LK27133,6085719,LUMEX SOLUTIONS,5,LATAM OCEANIA,ORBIT,MAINTENANCE,WSW5UGRX1BZ8K9Q,8.52
Christy,Day,LK27133,6085719,LUMEX SOLUTIONS,5,MEA,ORBIT,MAINTENANCE,NO_TS_MEA,91.48
Diana,Rodriguez,YB47471,3545669,BRYTON GLOBAL,5,EMEA OCEANIA,NEXUS,MAINTENANCE,D414QDCI2KLMCH8,13.07
Diana,Rodriguez,YB47471,3545669,BRYTON GLOBAL,5,LATAM,NEXUS,MAINTENANCE,NO_TS_LATAM,86.93
Steven,Parks,EK41715,5068646,JALVIK GLOBAL,5,MEA ASIA,STELLAR,RPS,VYXNPMMJ1H3A2ZQ,9.23
Steven,Parks,EK41715,5068646,JALVIK GLOBAL,5,NA,STELLAR,RPS,NO_TS_NA,90.77
Jonathan,Evans,EO72368,3601545,BRYTON GLOBAL,5,MEA AMERICA,NOVA,SUPPORT,I2NZND0EN05ZRLV,13.64
Jonathan,Evans,EO72368,3601545,BRYTON GLOBAL,5,EMEA,NOVA,SUPPORT,NO_TS_EMEA,86.36
Robert,Johnson,YE48607,5885448,GOLZEN DIGITAL,5,CONT EUROPE,STELLAR,FORFAIT,QLHMDLSNOXBURJG,11.22
Robert,Johnson,YE48607,5885448,GOLZEN DIGITAL,5,MEA,STELLAR,FORFAIT,NO_TS_MEA,88.78
Shane,Leach,FO93952,9688434,INOVA GLOBAL,5,LATAM AFRICA,PHOENIX,MAINTENANCE,WUGVQ77E4H3HBCE,11.36
Shane,Leach,FO93952,9688434,INOVA GLOBAL,5,NA,PHOENIX,MAINTENANCE,NO_TS_NA,88.64
Ashley,Wu,HN15004,7341885,GOLZEN CONSULTING,5,MEA ASIA,STELLAR,FORFAIT,5PHIU3SR2R4SLM5,8.1
Ashley,Wu,HN15004,7341885,GOLZEN CONSULTING,5,MEA,STELLAR,FORFAIT,NO_TS_MEA,91.9
Kristie,Campbell,AN09301,1700995,HYRION VENTURES,5,LATAM AFRICA,PULSE,REGIE,VMWWXR7X29TEFBX,7.95
Kristie,Campbell,AN09301,1700995,HYRION VENTURES,5,NA,PULSE,REGIE,NO_TS_NA,92.05
Andrew,Gallagher,RZ14769,6113416,ALCOR DIGITAL,5,EMEA OCEANIA,ATLAS,MAINTENANCE,A105LD46L2HF9JU,10.51
Danielle,Prince,TQ24372,6980322,INOVA GROUP,5,MEA AFRICA,STELLAR,MAINTENANCE,V9BKJAYYRX86VGH,12.64
Danielle,Prince,TQ24372,6980322,INOVA GROUP,5,APAC,STELLAR,MAINTENANCE,NO_TS_APAC,87.36
Brian,Cooper,JU50531,3842927,INOVA DIGITAL,5,MEA ASIA,QUANTUM,SUPPORT,4GGPRKHREI3TBPS,11.65
Brian,Cooper,JU50531,3842927,INOVA DIGITAL,5,CONT,QUANTUM,SUPPORT,NO_TS_CONT,88.35
Karen,Perez,ZM92822,7311417,GOLZEN SOLUTIONS,5,LATAM AFRICA,VERTEX,FORFAIT,OUI1OPXMXHMCMV6,13.92
Samantha,Roberts,SU84301,3533517,DELVO GLOBAL,5,EMEA OCEANIA,STELLAR,FORFAIT,HDZNTJA0E0VH3CV,9.66
Kelly,White,NR67693,9144544,CENVEO VENTURES,5,NA MENA,ORBIT,SUPPORT,OO76KWB47NUUDYI,10.8
Kelly,White,NR67693,9144544,CENVEO VENTURES,5,NA,ORBIT,SUPPORT,NO_TS_NA,89.2
James,King,CY59595,8100897,DELVO DYNAMICS,5,CONT MENA,PHOENIX,SUPPORT,7HKRBRMR3RNBT77,15.91
James,King,CY59595,8100897,DELVO DYNAMICS,5,CONT,PHOENIX,SUPPORT,NO_TS_CONT,84.09
Lisa,Robertson,XD12595,1511734,LUMEX DYNAMICS,5,EMEA AFRICA,NEXUS,MAINTENANCE,7NQ1XD6II70IKO4,11.08
Lisa,Robertson,XD12595,1511734,LUMEX DYNAMICS,5,CONT,NEXUS,MAINTENANCE,NO_TS_CONT,88.92
Carl,Huber,SH92831,7189162,FORVEX DYNAMICS,5,APAC AMERICA,ATLAS,RPS,A9LWHZGOGZVC3RE,9.38
Carl,Huber,SH92831,7189162,FORVEX DYNAMICS,5,NA,ATLAS,RPS,NO_TS_NA,90.63
Timothy,Lin,LG73162,1263638,ETHOS GLOBAL,5,CONT AFRICA,PHOENIX,RPS,OMM10MR7IJC043X,9.09
Timothy,Lin,LG73162,1263638,ETHOS GLOBAL,5,CONT,PHOENIX,RPS,NO_TS_CONT,90.91
Terri,Ponce,UC86263,3143884,GOLZEN CONSULTING,5,CONT EUROPE,NOVA,FORFAIT,3ZPUOF2F42VCIFD,10.23
Terri,Ponce,UC86263,3143884,GOLZEN CONSULTING,5,LATAM,NOVA,FORFAIT,NO_TS_LATAM,89.77
Stephanie,Vargas,SJ23843,9719767,HYRION SOLUTIONS,5,LATAM MENA,VERTEX,REGIE,GV0RCUFXCU8Y5C2,8.1
Stephanie,Vargas,SJ23843,9719767,HYRION SOLUTIONS,5,NA,VERTEX,REGIE,NO_TS_NA,91.9
Douglas,Owens,TU84766,2495308,ALCOR DIGITAL,5,MEA EUROPE,ORBIT,FORFAIT,QDMIPKK7YQ02KK4,10.23
Linda,Miller,MQ43651,5501517,DELVO DYNAMICS,5,MEA OCEANIA,PHOENIX,REGIE,O3MWAU3SM1T8Z6Q,10.65
Linda,Miller,MQ43651,5501517,DELVO DYNAMICS,5,CONT,PHOENIX,REGIE,NO_TS_CONT,89.35
Dustin,Davis,ZQ47545,4866442,DELVO DIGITAL,5,EMEA ASIA,STELLAR,FORFAIT,DNHTK2VEP9LMGRA,14.77
Dustin,Davis,ZQ47545,4866442,DELVO DIGITAL,5,NA,STELLAR,FORFAIT,NO_TS_NA,85.23
Amy,Nichols,TB03014,9073117,KESTRA VENTURES,5,MEA OCEANIA,PULSE,SUPPORT,IZ86LE9ZXCBH93E,14.29
Amy,Nichols,TB03014,9073117,KESTRA VENTURES,5,CONT,PULSE,SUPPORT,NO_TS_CONT,85.71
Philip,Burton,MU81156,9071462,BRYTON SOLUTIONS,5,APAC EUROPE,NOVA,MAINTENANCE,8X7NY7SVFYGFCVY,13.64
Philip,Burton,MU81156,9071462,BRYTON SOLUTIONS,5,NA,NOVA,MAINTENANCE,NO_TS_NA,86.36
Debra,Dorsey,GJ27768,7794780,ALCOR DYNAMICS,5,LATAM EUROPE,PULSE,SUPPORT,ZENT1KTZQCUI7FP,11.36
Debra,Dorsey,GJ27768,7794780,ALCOR DYNAMICS,5,APAC,PULSE,SUPPORT,NO_TS_APAC,88.64
Ann,James,VX03788,8215566,ALCOR VENTURES,5,APAC AFRICA,PULSE,SUPPORT,4Y8SY1I65WC7SW4,9.66
Ann,James,VX03788,8215566,ALCOR VENTURES,5,CONT,PULSE,SUPPORT,NO_TS_CONT,90.34
Brenda,Maldonado,ME59061,2977282,HYRION DYNAMICS,5,MEA OCEANIA,NOVA,RPS,KF8UNLPACR67ZKH,7.67
Brenda,Maldonado,ME59061,2977282,HYRION DYNAMICS,5,EMEA,NOVA,RPS,NO_TS_EMEA,92.33
Antonio,Cruz,DU00692,6103456,CENVEO SOLUTIONS,5,MEA OCEANIA,ORBIT,RPS,FQU4H72T1MPIOXC,10.65
Antonio,Cruz,DU00692,6103456,CENVEO SOLUTIONS,5,APAC,ORBIT,RPS,NO_TS_APAC,89.35
Kimberly,Long,SV51466,4260913,FORVEX GROUP,5,APAC AFRICA,ATLAS,SUPPORT,E48ZNL8RZ02IB64,10.23
Kimberly,Long,SV51466,4260913,FORVEX GROUP,5,EMEA,ATLAS,SUPPORT,NO_TS_EMEA,89.77
Brianna,Wang,UK07017,4451859,ETHOS SYSTEMS,5,CONT AMERICA,PULSE,FORFAIT,ROUI6J34PTRUGVP,5.82
Brianna,Wang,UK07017,4451859,ETHOS SYSTEMS,5,NA,PULSE,FORFAIT,NO_TS_NA,94.18
Taylor,Delacruz,BS88330,7452314,KESTRA SOLUTIONS,5,LATAM OCEANIA,QUANTUM,FORFAIT,VVKKRJG1QIPVKDF,11.36
Taylor,Delacruz,BS88330,7452314,KESTRA SOLUTIONS,5,MEA,QUANTUM,FORFAIT,NO_TS_MEA,88.64
James,Leblanc,RR26721,8684745,CENVEO GROUP,5,NA AFRICA,QUANTUM,RPS,8DWGXD7ZUL5ALSN,11.36
Sara,Torres,IZ82081,3995243,ALCOR TECH,5,APAC AFRICA,QUANTUM,MAINTENANCE,SDG8YOZ4JBY1QSE,11.36
Sara,Torres,IZ82081,3995243,ALCOR TECH,5,MEA,QUANTUM,MAINTENANCE,NO_TS_MEA,88.64
Christopher,Thomas,UM56329,5166898,INOVA TECH,5,CONT MENA,NOVA,FORFAIT,JKO99HO4NKYHJHP,11.36
Christopher,Thomas,UM56329,5166898,INOVA TECH,5,MEA,NOVA,FORFAIT,NO_TS_MEA,88.64
Jennifer,Jackson,JL89989,6181630,HYRION GLOBAL,5,CONT AMERICA,QUANTUM,MAINTENANCE,CEG8PBHUS84FD53,7.24
Jennifer,Jackson,JL89989,6181630,HYRION GLOBAL,5,CONT,QUANTUM,MAINTENANCE,NO_TS_CONT,92.76
Brian,Allen,OS51592,1751884,ETHOS SOLUTIONS,5,MEA AFRICA,ORBIT,REGIE,LERLGJ5IR5V79NE,5.54
Brian,Allen,OS51592,1751884,ETHOS SOLUTIONS,5,CONT,ORBIT,REGIE,NO_TS_CONT,94.46
Richard,Santana,AN47645,5807081,KESTRA SYSTEMS,5,MEA AFRICA,ATLAS,SUPPORT,Q7XC6UKA67EXLOB,7.95
Richard,Santana,AN47645,5807081,KESTRA SYSTEMS,5,LATAM,ATLAS,SUPPORT,NO_TS_LATAM,92.05
Rodney,Mason,PG80278,3957164,BRYTON SYSTEMS,5,CONT OCEANIA,NOVA,FORFAIT,EO76N1V55ULPEIR,7.24
Rodney,Mason,PG80278,3957164,BRYTON SYSTEMS,5,EMEA,NOVA,FORFAIT,NO_TS_EMEA,92.76
Michele,Davis,GN43231,2748046,HYRION CONSULTING,5,LATAM MENA,QUANTUM,SUPPORT,4692RCQU7KU0C21,9.52
Michele,Davis,GN43231,2748046,HYRION CONSULTING,5,NA,QUANTUM,SUPPORT,NO_TS_NA,90.48
Courtney,Wilson,PE45613,1288146,GOLZEN SOLUTIONS,5,MEA AFRICA,NOVA,RPS,EQCQV3KOU9LYKDK,9.38
Courtney,Wilson,PE45613,1288146,GOLZEN SOLUTIONS,5,CONT,NOVA,RPS,NO_TS_CONT,90.63
Alison,Dunn,KK19908,2569003,FORVEX DIGITAL,5,MEA MENA,PHOENIX,MAINTENANCE,CGBL96H94ASNQNG,9.23
Alison,Dunn,KK19908,2569003,FORVEX DIGITAL,5,NA,PHOENIX,MAINTENANCE,NO_TS_NA,90.77
John,Graham,PC18104,2337430,LUMEX SOLUTIONS,5,MEA OCEANIA,QUANTUM,FORFAIT,UK0EBMQZVDBL8YA,11.08
Caleb,Shields,OB76842,2874104,FORVEX GLOBAL,5,EMEA EUROPE,VERTEX,SUPPORT,8F1KNF6JVETYM29,15.91
Caleb,Shields,OB76842,2874104,FORVEX GLOBAL,5,NA,VERTEX,SUPPORT,NO_TS_NA,84.09
Margaret,Sanchez,JZ37030,4474696,DELVO DYNAMICS,5,CONT EUROPE,ATLAS,RPS,DUC4J9CYW18ECCU,11.36
Robert,Hubbard,CJ52718,2749171,FORVEX GLOBAL,5,MEA EUROPE,PULSE,SUPPORT,KQQ35H57BBR82DO,10.8
Robert,Hubbard,CJ52718,2749171,FORVEX GLOBAL,5,NA,PULSE,SUPPORT,NO_TS_NA,89.2
Derek,Mcgee,OL90979,4150576,GOLZEN DIGITAL,5,CONT AMERICA,PULSE,MAINTENANCE,1JIXX5CTVGHNYGO,11.08
Derek,Mcgee,OL90979,4150576,GOLZEN DIGITAL,5,EMEA,PULSE,MAINTENANCE,NO_TS_EMEA,88.92
Steven,Phillips,DU13988,8469946,JALVIK DYNAMICS,5,LATAM ASIA,QUANTUM,FORFAIT,H1D4FYF4LSWP8VO,11.36
Steven,Phillips,DU13988,8469946,JALVIK DYNAMICS,5,APAC,QUANTUM,FORFAIT,NO_TS_APAC,88.64
Rachel,Garza,XL75729,7701560,JALVIK CONSULTING,5,EMEA OCEANIA,ATLAS,MAINTENANCE,NQYMX8165EBHLNM,11.65
Rachel,Garza,XL75729,7701560,JALVIK CONSULTING,5,NA,ATLAS,MAINTENANCE,NO_TS_NA,88.35
James,Walker,UI41937,6181954,GOLZEN CONSULTING,5,EMEA OCEANIA,PULSE,MAINTENANCE,ICS3YO464MKXBG3,10.09
James,Walker,UI41937,6181954,GOLZEN CONSULTING,5,CONT,PULSE,MAINTENANCE,NO_TS_CONT,89.91
Alyssa,Ramos,HI59154,8639854,LUMEX SOLUTIONS,5,LATAM AFRICA,VERTEX,SUPPORT,0GM4V94E1AWRGIN,7.81
Alyssa,Ramos,HI59154,8639854,LUMEX SOLUTIONS,5,MEA,VERTEX,SUPPORT,NO_TS_MEA,92.19
Nicholas,Alexander,HM14159,8704597,KESTRA GROUP,5,NA AFRICA,NOVA,RPS,XCLGWYLD33PDLPW,9.94
Nicholas,Alexander,HM14159,8704597,KESTRA GROUP,5,APAC,NOVA,RPS,NO_TS_APAC,90.06
Jose,Burch,XW64199,7128299,HYRION SOLUTIONS,5,CONT AMERICA,ORBIT,FORFAIT,MX3I6BXNSLZBLX6,10.23
Hunter,Gray,ID89938,3119180,LUMEX GLOBAL,5,LATAM OCEANIA,QUANTUM,FORFAIT,S7UC5QA0L3YQ1LX,11.36
Hunter,Gray,ID89938,3119180,LUMEX GLOBAL,5,LATAM,QUANTUM,FORFAIT,NO_TS_LATAM,88.64
Megan,Miller,EU11771,1153637,KESTRA VENTURES,5,CONT MENA,PHOENIX,SUPPORT,S8P1XNYM2D5KO9W,12.78
Dawn,Romero,ZN90650,6536215,HYRION GROUP,5,CONT EUROPE,STELLAR,REGIE,LGLGL797R4I7NZA,13.64
Dawn,Romero,ZN90650,6536215,HYRION GROUP,5,NA,STELLAR,REGIE,NO_TS_NA,86.36
Tina,Anderson,TY75188,6930269,DELVO GLOBAL,5,LATAM AFRICA,PHOENIX,MAINTENANCE,J826TRLJBBCS3XB,9.66
Tina,Anderson,TY75188,6930269,DELVO GLOBAL,5,MEA,PHOENIX,MAINTENANCE,NO_TS_MEA,90.34
Chris,Mcmillan,MG16105,8426060,KESTRA SOLUTIONS,5,APAC EUROPE,NEXUS,SUPPORT,3LVOVM17OFNMOMG,10.23
Chris,Mcmillan,MG16105,8426060,KESTRA SOLUTIONS,5,LATAM,NEXUS,SUPPORT,NO_TS_LATAM,89.77
Christian,Houston,VL69479,7068666,LUMEX SOLUTIONS,5,MEA AMERICA,NOVA,SUPPORT,9HVFDMOKF8HF5HN,7.53
Ashley,Ball,IB15398,9262359,DELVO DIGITAL,5,LATAM AFRICA,NEXUS,RPS,N2LFV21HSGQLLPX,13.64
Ashley,Ball,IB15398,9262359,DELVO DIGITAL,5,NA,NEXUS,RPS,NO_TS_NA,86.36
Peter,Ray,RP30093,8855648,LUMEX SOLUTIONS,5,EMEA MENA,VERTEX,SUPPORT,MAXBJQIQWTUJ1BR,13.33
Peter,Ray,RP30093,8855648,LUMEX SOLUTIONS,5,EMEA,VERTEX,SUPPORT,NO_TS_EMEA,86.67
Bernard,Rocha,WQ64505,9950988,GOLZEN DYNAMICS,5,MEA AMERICA,QUANTUM,REGIE,83QQLDPEMEGM4PQ,13.35
Justin,Smith,MZ66736,9743837,ETHOS SOLUTIONS,5,NA AMERICA,ORBIT,REGIE,1GUUTQWTN898XTJ,11.36
Justin,Smith,MZ66736,9743837,ETHOS SOLUTIONS,5,NA,ORBIT,REGIE,NO_TS_NA,88.64
Ashley,Long,LF26334,7314518,JALVIK CONSULTING,5,MEA MENA,NEXUS,MAINTENANCE,QSKINYC7I7MMY37,10.23
Martha,Norton,ET12020,5161288,CENVEO TECH,5,APAC AMERICA,PULSE,FORFAIT,LLI6QDLKEMD8OY3,7.1
Martha,Norton,ET12020,5161288,CENVEO TECH,5,CONT,PULSE,FORFAIT,NO_TS_CONT,92.9
Jason,Williams,LR46450,4849792,FORVEX GROUP,5,MEA EUROPE,PULSE,REGIE,WV3I6GLIRH5MSCK,8.52
Brian,Cowan,OT88042,4971235,BRYTON SYSTEMS,5,CONT AFRICA,NEXUS,FORFAIT,SYJ30MWHWQSQKKN,7.39
Brian,Cowan,OT88042,4971235,BRYTON SYSTEMS,5,CONT,NEXUS,FORFAIT,NO_TS_CONT,92.61
Kelsey,Miller,CB13760,6260018,DELVO TECH,5,LATAM EUROPE,NEXUS,FORFAIT,0TQY9R56CY03QWS,11.36
Kelsey,Miller,CB13760,6260018,DELVO TECH,5,EMEA,NEXUS,FORFAIT,NO_TS_EMEA,88.64
Martin,Lowery,XW12943,8490242,INOVA SOLUTIONS,5,CONT EUROPE,VERTEX,REGIE,RHNE7B32RU1AH88,10.23
Troy,Arias,LV25626,1161469,ETHOS CONSULTING,5,EMEA EUROPE,QUANTUM,FORFAIT,Y36L61CQ3AR0ITM,13.64
Troy,Arias,LV25626,1161469,ETHOS CONSULTING,5,APAC,QUANTUM,FORFAIT,NO_TS_APAC,86.36
Dawn,Walker,LA46454,7916007,GOLZEN SYSTEMS,5,EMEA EUROPE,VERTEX,FORFAIT,3JU10H5SPBGVVKM,12.36
Dawn,Walker,LA46454,7916007,GOLZEN SYSTEMS,5,EMEA,VERTEX,FORFAIT,NO_TS_EMEA,87.64
Alexandria,Anderson,WS91111,3044089,KESTRA GROUP,5,LATAM MENA,NOVA,MAINTENANCE,ZKJFY4G216FQE58,13.64
Daniel,Jackson,XJ37026,4265852,JALVIK TECH,5,LATAM MENA,QUANTUM,FORFAIT,9CJTLBARH4PXVD3,13.64
Daniel,Jackson,XJ37026,4265852,JALVIK TECH,5,NA,QUANTUM,FORFAIT,NO_TS_NA,86.36
Bailey,Stevens,LT15637,5715835,GOLZEN SOLUTIONS,5,MEA AMERICA,ATLAS,SUPPORT,GDIKFT4TVNSLZ99,10.8
Bailey,Stevens,LT15637,5715835,GOLZEN SOLUTIONS,5,MEA,ATLAS,SUPPORT,NO_TS_MEA,89.2
Randy,Torres,XZ34330,9521285,CENVEO CONSULTING,5,APAC ASIA,ORBIT,SUPPORT,9OOUFAJTJWTEVFE,11.36
Randy,Torres,XZ34330,9521285,CENVEO CONSULTING,5,EMEA,ORBIT,SUPPORT,NO_TS_EMEA,88.64
Daniel,Davis,MZ04478,6478752,KESTRA DIGITAL,5,LATAM AMERICA,VERTEX,MAINTENANCE,L88J0GYIOIR4RD1,14.2
Nicole,Williams,IV47528,9114964,ALCOR GLOBAL,5,MEA OCEANIA,ORBIT,RPS,YC2CVB0QUDNXMW3,1.79
Nicole,Williams,IV47528,9114964,ALCOR GLOBAL,5,LATAM,ORBIT,RPS,NO_TS_LATAM,98.21
Bradley,Esparza,WW56890,9198179,DELVO DIGITAL,5,LATAM MENA,ATLAS,FORFAIT,92L9N870CPT1PUD,12.07
Bradley,Esparza,WW56890,9198179,DELVO DIGITAL,5,NA,ATLAS,FORFAIT,NO_TS_NA,87.93
Kevin,Alvarez,JI86420,3607897,INOVA TECH,5,CONT MENA,PHOENIX,SUPPORT,7E3U6AIQALSNQ47,11.36
Kevin,Alvarez,JI86420,3607897,INOVA TECH,5,LATAM,PHOENIX,SUPPORT,NO_TS_LATAM,88.64
Derrick,Oconnor,WE57274,4205809,BRYTON GLOBAL,5,NA AFRICA,ATLAS,MAINTENANCE,M6ZHSZFC5LLO5FG,10.23
Derrick,Oconnor,WE57274,4205809,BRYTON GLOBAL,5,MEA,ATLAS,MAINTENANCE,NO_TS_MEA,89.77
Danielle,Stanley,ZM17589,9155170,INOVA DYNAMICS,5,LATAM AFRICA,VERTEX,REGIE,R1J35FQAF3RDRN6,11.36
Danielle,Stanley,ZM17589,9155170,INOVA DYNAMICS,5,EMEA,VERTEX,REGIE,NO_TS_EMEA,88.64
Steven,Sullivan,LS61261,9397406,FORVEX GROUP,5,NA AFRICA,PHOENIX,FORFAIT,WM4AV9YWZOWNWY1,11.51
Steven,Sullivan,LS61261,9397406,FORVEX GROUP,5,MEA,PHOENIX,FORFAIT,NO_TS_MEA,88.49
Jessica,Long,CW54871,5298595,ALCOR SOLUTIONS,5,LATAM OCEANIA,NOVA,FORFAIT,4PFOQ1C4Z6OLCVO,11.36
Richard,Sanchez,HE68754,5215017,INOVA SOLUTIONS,5,MEA ASIA,PULSE,RPS,BWNF4T4MOULOYCZ,12.36
Richard,Sanchez,HE68754,5215017,INOVA SOLUTIONS,5,APAC,PULSE,RPS,NO_TS_APAC,87.64
Vanessa,Sanchez,AQ03216,7402037,GOLZEN GLOBAL,5,NA ASIA,QUANTUM,MAINTENANCE,Y4190Q0CAGFZUXN,7.67
Vanessa,Sanchez,AQ03216,7402037,GOLZEN GLOBAL,5,CONT,QUANTUM,MAINTENANCE,NO_TS_CONT,92.33
Edward,Duke,QT12539,8467589,GOLZEN TECH,5,APAC AMERICA,NOVA,REGIE,SKTNVJYVZ7GKA0A,11.36
Edward,Duke,QT12539,8467589,GOLZEN TECH,5,CONT,NOVA,REGIE,NO_TS_CONT,88.64
Karen,Peters,BO57042,9784638,CENVEO VENTURES,5,CONT AFRICA,VERTEX,SUPPORT,CXN4AC7B61VH08Q,8.1
Karen,Peters,BO57042,9784638,CENVEO VENTURES,5,CONT,VERTEX,SUPPORT,NO_TS_CONT,91.9
Joshua,Hughes,YL47556,5314170,KESTRA SYSTEMS,5,LATAM OCEANIA,NEXUS,RPS,37FZFNHJPS4Z6CV,11.36
Joshua,Hughes,YL47556,5314170,KESTRA SYSTEMS,5,LATAM,NEXUS,RPS,NO_TS_LATAM,88.64
Katherine,Miranda,JH46115,1561649,CENVEO GROUP,5,CONT ASIA,NEXUS,FORFAIT,LR2422P2TVS8BMZ,11.36
Jon,Neal,FQ73802,2922414,GOLZEN DIGITAL,5,NA AMERICA,PHOENIX,SUPPORT,H54M7N68QCNIA5B,13.64
Jon,Neal,FQ73802,2922414,GOLZEN DIGITAL,5,APAC,PHOENIX,SUPPORT,NO_TS_APAC,86.36
Kimberly,Horne,DJ79473,2957379,INOVA SYSTEMS,5,MEA AMERICA,PULSE,FORFAIT,9B34COMJWA31VC8,13.64
Kimberly,Horne,DJ79473,2957379,INOVA SYSTEMS,5,MEA,PULSE,FORFAIT,NO_TS_MEA,86.36
Sharon,Hodges,QD85904,9439719,INOVA SOLUTIONS,5,LATAM MENA,PULSE,REGIE,FPS4MXNE1SSVV3T,6.68
Sharon,Hodges,QD85904,9439719,INOVA SOLUTIONS,5,LATAM,PULSE,REGIE,NO_TS_LATAM,93.32
Gina,Ramos,WA54759,5910123,ETHOS TECH,5,APAC AFRICA,VERTEX,MAINTENANCE,KYGJTI6Q76M0Y4X,12.22
Jason,Patel,ZS82530,6340738,CENVEO GLOBAL,5,CONT ASIA,PULSE,FORFAIT,QB75JY6MN4PTX47,11.36
Jason,Patel,ZS82530,6340738,CENVEO GLOBAL,5,EMEA,PULSE,FORFAIT,NO_TS_EMEA,88.64
Shane,Gonzalez,MN97762,1030909,BRYTON GLOBAL,5,NA AMERICA,ATLAS,RPS,BUDEU05M0A9UA5O,8.81
Shane,Gonzalez,MN97762,1030909,BRYTON GLOBAL,5,NA,ATLAS,RPS,NO_TS_NA,91.19
Melissa,Sanchez,PS28212,3587496,KESTRA DYNAMICS,5,MEA MENA,PULSE,REGIE,9MTEGVTCN56ZBJ4,8.52
Melissa,Sanchez,PS28212,3587496,KESTRA DYNAMICS,5,LATAM,PULSE,REGIE,NO_TS_LATAM,91.48
Andrea,Anderson,QH81825,7041651,INOVA VENTURES,5,MEA ASIA,VERTEX,REGIE,1HSSCVT13WII2B6,11.36
Andrea,Anderson,QH81825,7041651,INOVA VENTURES,5,MEA,VERTEX,REGIE,NO_TS_MEA,88.64
Richard,Mckee,DM28799,3903259,GOLZEN CONSULTING,5,APAC EUROPE,STELLAR,REGIE,OPHR2S3C1KAIHL2,8.81
Jacqueline,Williams,QL73474,7687822,ALCOR DYNAMICS,5,EMEA EUROPE,NOVA,FORFAIT,3IYUZ7CTFB6K5MS,13.78
Jacqueline,Williams,QL73474,7687822,ALCOR DYNAMICS,5,MEA,NOVA,FORFAIT,NO_TS_MEA,86.22
Patrick,Bartlett,UR55331,7168600,GOLZEN SYSTEMS,5,LATAM EUROPE,ATLAS,SUPPORT,MCJJRPN6VU4FQOL,11.36
Patrick,Bartlett,UR55331,7168600,GOLZEN SYSTEMS,5,EMEA,ATLAS,SUPPORT,NO_TS_EMEA,88.64
Debbie,Rodriguez,YB10157,8178931,JALVIK DIGITAL,5,MEA AFRICA,NEXUS,SUPPORT,6TXPQHG49BW5WHN,9.52
Elizabeth,Cook,QF45447,9900420,ETHOS GROUP,5,EMEA ASIA,STELLAR,SUPPORT,2W40724XDHCN54F,10.8
Elizabeth,Cook,QF45447,9900420,ETHOS GROUP,5,NA,STELLAR,SUPPORT,NO_TS_NA,89.2
Lori,Butler,SU59317,6716060,HYRION VENTURES,5,NA MENA,PHOENIX,SUPPORT,T99GZRQGUNYWTZ1,15.91
Lori,Butler,SU59317,6716060,HYRION VENTURES,5,NA,PHOENIX,SUPPORT,NO_TS_NA,84.09
Jason,Lynch,QX58086,3559002,ALCOR DYNAMICS,5,LATAM AMERICA,ORBIT,REGIE,TQAKOC85JA7SHTL,12.5
Jason,Lynch,QX58086,3559002,ALCOR DYNAMICS,5,NA,ORBIT,REGIE,NO_TS_NA,87.5
Tina,Young,MV77328,4711562,KESTRA CONSULTING,5,APAC AFRICA,QUANTUM,MAINTENANCE,FOGX12V8H57P4R0,9.38
Tina,Young,MV77328,4711562,KESTRA CONSULTING,5,EMEA,QUANTUM,MAINTENANCE,NO_TS_EMEA,90.63
Bradley,Melton,JN38283,5792064,ETHOS DIGITAL,5,MEA EUROPE,QUANTUM,MAINTENANCE,BFQ8JBQOLLJ6OEY,10.23
James,Alexander,WZ38730,5873744,CENVEO CONSULTING,5,NA OCEANIA,NOVA,RPS,5R3TX9JLQ22HTE5,11.93
James,Alexander,WZ38730,5873744,CENVEO CONSULTING,5,MEA,NOVA,RPS,NO_TS_MEA,88.07
Sean,Campos,EU38082,7523651,ALCOR GLOBAL,5,MEA AFRICA,STELLAR,SUPPORT,HG13YMKOHF85GYB,15.91
Sean,Campos,EU38082,7523651,ALCOR GLOBAL,5,MEA,STELLAR,SUPPORT,NO_TS_MEA,84.09
Melissa,Perez,VZ57361,8637367,BRYTON DYNAMICS,5,MEA MENA,PULSE,SUPPORT,D7JYG0F0RVRRQST,9.94
Melissa,Perez,VZ57361,8637367,BRYTON DYNAMICS,5,EMEA,PULSE,SUPPORT,NO_TS_EMEA,90.06
Martin,Williams,JV89224,6347664,FORVEX GROUP,5,EMEA MENA,PULSE,RPS,R2MC0FCCXHYP4QC,10.51
Martin,Williams,JV89224,6347664,FORVEX GROUP,5,APAC,PULSE,RPS,NO_TS_APAC,89.49
Carol,Kim,ND28980,7487912,ETHOS SOLUTIONS,5,LATAM MENA,NOVA,MAINTENANCE,UIDDDUXFFOWTIKY,11.36
Carol,Kim,ND28980,7487912,ETHOS SOLUTIONS,5,APAC,NOVA,MAINTENANCE,NO_TS_APAC,88.64
Lorraine,Patterson,PC50337,9967496,CENVEO DYNAMICS,5,EMEA ASIA,STELLAR,SUPPORT,NU952MSKMHLP3AD,11.79
Lorraine,Patterson,PC50337,9967496,CENVEO DYNAMICS,5,MEA,STELLAR,SUPPORT,NO_TS_MEA,88.21
Lauren,Soto,GK40084,6618345,LUMEX DYNAMICS,5,EMEA OCEANIA,STELLAR,MAINTENANCE,Y6ERLFIAZLRMKN0,13.64
Lauren,Soto,GK40084,6618345,LUMEX DYNAMICS,5,NA,STELLAR,MAINTENANCE,NO_TS_NA,86.36
Noah,Griffin,VC52068,2772110,GOLZEN SOLUTIONS,5,CONT AMERICA,NOVA,REGIE,FXMMGTXCMQJLTLB,12.78
Jason,Andrews,GV63194,7580705,GOLZEN DYNAMICS,5,APAC AFRICA,STELLAR,FORFAIT,ZY4RDTE5HZS6Y6D,11.51
Jason,Andrews,GV63194,7580705,GOLZEN DYNAMICS,5,NA,STELLAR,FORFAIT,NO_TS_NA,88.49
James,Krueger,YG47216,5342973,GOLZEN CONSULTING,5,MEA OCEANIA,QUANTUM,MAINTENANCE,YFDWCBOZFX7IZSZ,9.94
James,Krueger,YG47216,5342973,GOLZEN CONSULTING,5,MEA,QUANTUM,MAINTENANCE,NO_TS_MEA,90.06
Brian,Becker,JE79900,1328797,GOLZEN CONSULTING,5,LATAM OCEANIA,NEXUS,SUPPORT,J20A3CAKJ4KC4S9,15.34
Brian,Becker,JE79900,1328797,GOLZEN CONSULTING,5,LATAM,NEXUS,SUPPORT,NO_TS_LATAM,84.66
Katie,Horn,KN40991,8179656,KESTRA GLOBAL,5,LATAM EUROPE,NEXUS,SUPPORT,KPJOATCNTH1JFA8,11.79
Katie,Horn,KN40991,8179656,KESTRA GLOBAL,5,EMEA,NEXUS,SUPPORT,NO_TS_EMEA,88.21
Stephanie,Marshall,DF82011,9332598,DELVO DYNAMICS,5,EMEA MENA,ATLAS,FORFAIT,VEAYRNKRA9Z5NJA,11.93
Jacqueline,Patel,EY54237,9956177,LUMEX DYNAMICS,5,MEA MENA,ORBIT,FORFAIT,3ELP8Q1WIXDBNQB,12.22
Jacqueline,Patel,EY54237,9956177,LUMEX DYNAMICS,5,MEA,ORBIT,FORFAIT,NO_TS_MEA,87.78
Karen,Logan,VG46404,6657054,LUMEX GLOBAL,5,APAC AMERICA,VERTEX,SUPPORT,E0WZDDRLECZ70KS,16.34
Karen,Logan,VG46404,6657054,LUMEX GLOBAL,5,LATAM,VERTEX,SUPPORT,NO_TS_LATAM,83.66
Timothy,Anderson,WB01637,9089362,BRYTON TECH,5,EMEA MENA,STELLAR,SUPPORT,PHFNR32L6M8F68R,13.64
Timothy,Anderson,WB01637,9089362,BRYTON TECH,5,APAC,STELLAR,SUPPORT,NO_TS_APAC,86.36
Jennifer,Brown,YP08631,9194518,JALVIK VENTURES,5,APAC MENA,NEXUS,REGIE,AI2F6N7LEP6B1BH,11.65
Jennifer,Brown,YP08631,9194518,JALVIK VENTURES,5,LATAM,NEXUS,REGIE,NO_TS_LATAM,88.35
Justin,Morgan,EX53651,1055888,ETHOS CONSULTING,5,APAC AFRICA,QUANTUM,REGIE,QTV5JL800R05J47,7.39
Mark,Craig,LY19441,4232686,BRYTON DIGITAL,5,NA EUROPE,STELLAR,REGIE,63Y4VK6K1VTJ5F7,12.67
Jonathan,Robinson,NB69299,1702368,BRYTON GROUP,5,EMEA MENA,VERTEX,FORFAIT,C287LFS7N3PH4NV,11.36
Jonathan,Robinson,NB69299,1702368,BRYTON GROUP,5,MEA,VERTEX,FORFAIT,NO_TS_MEA,88.64
Richard,Bauer,FM90273,9128740,GOLZEN DIGITAL,5,EMEA OCEANIA,STELLAR,SUPPORT,6TNG08E5OWCDJJ8,14.2
Richard,Bauer,FM90273,9128740,GOLZEN DIGITAL,5,MEA,STELLAR,SUPPORT,NO_TS_MEA,85.8
Anthony,Hernandez,EY29291,4148591,BRYTON SOLUTIONS,5,CONT MENA,VERTEX,FORFAIT,OSZ6L3QP9P8YUNH,9.09
Tina,West,DL93519,6185903,INOVA DIGITAL,5,APAC ASIA,PULSE,FORFAIT,WVIQG3J7D1R4MW8,13.64
Adrian,Potts,GA45134,9420515,HYRION TECH,5,CONT MENA,STELLAR,FORFAIT,BM6YGXLLR6YK7DJ,13.21
Fred,Mitchell,ZW68421,3904234,CENVEO SYSTEMS,5,LATAM ASIA,ORBIT,REGIE,EX5S08YEXNXBFZX,11.65
Fred,Mitchell,ZW68421,3904234,CENVEO SYSTEMS,5,MEA,ORBIT,REGIE,NO_TS_MEA,88.35
Tammy,Arias,GR23704,5004060,ETHOS DIGITAL,5,MEA ASIA,STELLAR,SUPPORT,MPYRY3GE3D6J4LI,10.09
Tammy,Arias,GR23704,5004060,ETHOS DIGITAL,5,CONT,STELLAR,SUPPORT,NO_TS_CONT,89.91
Luis,Wright,GY15071,5649139,CENVEO DIGITAL,5,APAC AMERICA,NEXUS,FORFAIT,97TO43NVY3OE904,12.5
Luis,Wright,GY15071,5649139,CENVEO DIGITAL,5,NA,NEXUS,FORFAIT,NO_TS_NA,87.5
Philip,Martin,TU10447,6660043,ALCOR GROUP,5,NA MENA,NEXUS,RPS,3KLY4BFE3J5X9O1,13.64
Philip,Martin,TU10447,6660043,ALCOR GROUP,5,LATAM,NEXUS,RPS,NO_TS_LATAM,86.36
Heidi,Williams,WZ85018,6979912,FORVEX CONSULTING,5,NA EUROPE,NOVA,MAINTENANCE,ZUVHBVBD8FEG6BV,12.5
Miguel,Palmer,GO35761,3000776,ETHOS SOLUTIONS,5,LATAM MENA,PHOENIX,SUPPORT,KFZ7CBBQDZ9W93Q,13.92
Denise,Anthony,QW70364,7602194,INOVA DIGITAL,5,LATAM AMERICA,ORBIT,MAINTENANCE,BD5YRWTD6P22EOV,8.52
Denise,Anthony,QW70364,7602194,INOVA DIGITAL,5,EMEA,ORBIT,MAINTENANCE,NO_TS_EMEA,91.48
Riley,Lester,NU76604,7244845,GOLZEN GROUP,5,MEA AMERICA,ORBIT,FORFAIT,ZUMSBFX8CEHA9KD,10.23
Riley,Lester,NU76604,7244845,GOLZEN GROUP,5,APAC,ORBIT,FORFAIT,NO_TS_APAC,89.77
Jodi,Rodriguez,SR05481,8759224,FORVEX SYSTEMS,5,APAC AFRICA,ATLAS,SUPPORT,X8F19ZZFNC0AJCB,9.09
Jodi,Rodriguez,SR05481,8759224,FORVEX SYSTEMS,5,CONT,ATLAS,SUPPORT,NO_TS_CONT,90.91
Mark,Reese,RY58130,4650162,BRYTON GROUP,5,CONT AFRICA,PHOENIX,FORFAIT,ZNRWZ28R3GOVOFR,12.22
Mark,Reese,RY58130,4650162,BRYTON GROUP,5,CONT,PHOENIX,FORFAIT,NO_TS_CONT,87.78
Andrew,Massey,ZF13388,5917021,CENVEO CONSULTING,5,NA AFRICA,ORBIT,RPS,ZA3KBA15GKLLR87,12.07
Jim,Robinson,UR20624,5703589,KESTRA GROUP,5,CONT AMERICA,VERTEX,RPS,25IPSLI8L01HENK,7.1
Jim,Robinson,UR20624,5703589,KESTRA GROUP,5,MEA,VERTEX,RPS,NO_TS_MEA,92.9
Joshua,Patterson,GK35507,3120076,ALCOR SYSTEMS,5,MEA ASIA,ATLAS,RPS,181OPQ1HIARZRFS,13.64
Joshua,Patterson,GK35507,3120076,ALCOR SYSTEMS,5,CONT,ATLAS,RPS,NO_TS_CONT,86.36
Holly,Hines,AJ10176,7903641,BRYTON GROUP,5,LATAM AMERICA,NOVA,FORFAIT,JM5TOIRYHV5DUSH,15.91
Holly,Hines,AJ10176,7903641,BRYTON GROUP,5,CONT,NOVA,FORFAIT,NO_TS_CONT,84.09
Hannah,Howell,WR72693,6371639,KESTRA DIGITAL,5,APAC AFRICA,PHOENIX,RPS,KWFOI5TUBB79NIV,7.67
Hannah,Howell,WR72693,6371639,KESTRA DIGITAL,5,MEA,PHOENIX,RPS,NO_TS_MEA,92.33
Katelyn,Munoz,PH99029,9835203,BRYTON CONSULTING,5,MEA MENA,ATLAS,RPS,IAWXP27OSE9YVC3,12.5
Katelyn,Munoz,PH99029,9835203,BRYTON CONSULTING,5,APAC,ATLAS,RPS,NO_TS_APAC,87.5
Michael,Stephens,CA52217,4947272,GOLZEN DYNAMICS,5,APAC AMERICA,ORBIT,REGIE,6ELV0OXNDX17Z32,10.65
Michael,Stephens,CA52217,4947272,GOLZEN DYNAMICS,5,CONT,ORBIT,REGIE,NO_TS_CONT,89.35
Jose,Knapp,KW43654,2233913,BRYTON SYSTEMS,5,MEA MENA,PULSE,REGIE,EF4S3B3M1ZTLGSW,9.38
Jose,Knapp,KW43654,2233913,BRYTON SYSTEMS,5,LATAM,PULSE,REGIE,NO_TS_LATAM,90.63
Wendy,Weber,SK78662,9734631,CENVEO DIGITAL,5,LATAM EUROPE,QUANTUM,SUPPORT,M73114LD32SFY4X,7.39
Wendy,Weber,SK78662,9734631,CENVEO DIGITAL,5,LATAM,QUANTUM,SUPPORT,NO_TS_LATAM,92.61
Keith,Harris,YP45600,3353432,LUMEX TECH,5,APAC ASIA,ORBIT,SUPPORT,0DSRVU9S25H6PLS,16.34
Keith,Harris,YP45600,3353432,LUMEX TECH,5,MEA,ORBIT,SUPPORT,NO_TS_MEA,83.66
Joseph,Nguyen,RR13444,7886299,ALCOR SYSTEMS,5,CONT OCEANIA,QUANTUM,RPS,8BOQUUJ3SWR14SR,7.53
Joseph,Nguyen,RR13444,7886299,ALCOR SYSTEMS,5,APAC,QUANTUM,RPS,NO_TS_APAC,92.47
Danielle,Logan,AR75874,1391898,FORVEX SYSTEMS,5,NA EUROPE,STELLAR,MAINTENANCE,VBL9M12WJXTDWUE,12.22
Danielle,Logan,AR75874,1391898,FORVEX SYSTEMS,5,APAC,STELLAR,MAINTENANCE,NO_TS_APAC,87.78
Joseph,Bennett,IF00163,6346376,HYRION DYNAMICS,5,NA AMERICA,ATLAS,MAINTENANCE,DX0JHKCX6QBZTQE,11.93
Joseph,Bennett,IF00163,6346376,HYRION DYNAMICS,5,NA,ATLAS,MAINTENANCE,NO_TS_NA,88.07
Joseph,Lopez,XA46383,5596512,BRYTON SOLUTIONS,5,EMEA MENA,NEXUS,REGIE,2649M7OP7T40K7A,13.35
Joseph,Lopez,XA46383,5596512,BRYTON SOLUTIONS,5,LATAM,NEXUS,REGIE,NO_TS_LATAM,86.65
Joshua,Williamson,FB43071,4493377,KESTRA SOLUTIONS,5,LATAM EUROPE,ATLAS,MAINTENANCE,GZCQLDKO20CZME5,9.38
Joshua,Williamson,FB43071,4493377,KESTRA SOLUTIONS,5,APAC,ATLAS,MAINTENANCE,NO_TS_APAC,90.63
Justin,Friedman,QB43810,1520498,FORVEX TECH,5,MEA EUROPE,NOVA,SUPPORT,IQDSF1PVCT8HFUB,9.38
Justin,Friedman,QB43810,1520498,FORVEX TECH,5,CONT,NOVA,SUPPORT,NO_TS_CONT,90.63
Patrick,Padilla,MZ03263,9864198,DELVO VENTURES,5,CONT AMERICA,ATLAS,RPS,3CTVI5GIG138GL3,8.81
Patrick,Padilla,MZ03263,9864198,DELVO VENTURES,5,LATAM,ATLAS,RPS,NO_TS_LATAM,91.19
Monica,Harmon,UQ73882,8884003,LUMEX SYSTEMS,5,NA AMERICA,NOVA,FORFAIT,I8EO6JQQLHT12EL,12.22
Monica,Harmon,UQ73882,8884003,LUMEX SYSTEMS,5,NA,NOVA,FORFAIT,NO_TS_NA,87.78
Christina,Goodman,WR29874,2384336,DELVO DIGITAL,5,MEA MENA,ORBIT,MAINTENANCE,8Q9RH6EQHGYQSV8,11.93
Kristy,Gutierrez,QH23033,8621524,GOLZEN CONSULTING,5,MEA AFRICA,PULSE,FORFAIT,VES03E3YSE0A66O,9.94
Kristy,Gutierrez,QH23033,8621524,GOLZEN CONSULTING,5,CONT,PULSE,FORFAIT,NO_TS_CONT,90.06
Sandra,Smith,ZN41736,8861753,FORVEX SOLUTIONS,5,APAC MENA,ATLAS,SUPPORT,JWI63R5O21D2IMW,11.36
Sandra,Smith,ZN41736,8861753,FORVEX SOLUTIONS,5,APAC,ATLAS,SUPPORT,NO_TS_APAC,88.64
Patrick,Clark,JR61611,1508293,ETHOS GLOBAL,5,EMEA EUROPE,PHOENIX,REGIE,N7LXNOOTKFGTEW8,13.64
Patrick,Clark,JR61611,1508293,ETHOS GLOBAL,5,LATAM,PHOENIX,REGIE,NO_TS_LATAM,86.36
Amanda,Gillespie,YE30522,6927327,JALVIK GROUP,5,MEA OCEANIA,ORBIT,FORFAIT,4CE8W13MMW494KO,11.93
Andrew,Ruiz,GD69971,6129142,BRYTON TECH,5,CONT ASIA,PULSE,REGIE,ZOA8JVKTDC2T1O1,14.77
Andrew,Ruiz,GD69971,6129142,BRYTON TECH,5,APAC,PULSE,REGIE,NO_TS_APAC,85.23
John,Chapman,TC35989,7967052,HYRION GLOBAL,5,CONT EUROPE,VERTEX,SUPPORT,A030UXUZ2OG8ZI3,14.77
John,Chapman,TC35989,7967052,HYRION GLOBAL,5,MEA,VERTEX,SUPPORT,NO_TS_MEA,85.23
Henry,Lewis,GL69426,3128896,KESTRA TECH,5,APAC ASIA,STELLAR,SUPPORT,JV4OQBI6D8J4ZM5,8.33
Henry,Lewis,GL69426,3128896,KESTRA TECH,5,EMEA,STELLAR,SUPPORT,NO_TS_EMEA,91.67
Amy,Fernandez,YJ01554,8444155,LUMEX DIGITAL,5,LATAM MENA,ORBIT,RPS,C8ZQ3LOJXEH6A3N,15.91
Amy,Fernandez,YJ01554,8444155,LUMEX DIGITAL,5,EMEA,ORBIT,RPS,NO_TS_EMEA,84.09
John,Schmidt,LH95549,3091143,ETHOS DIGITAL,5,CONT EUROPE,STELLAR,MAINTENANCE,X5RCBRRQS0VMYBQ,10.23
John,Schmidt,LH95549,3091143,ETHOS DIGITAL,5,APAC,STELLAR,MAINTENANCE,NO_TS_APAC,89.77
Julie,Potts,QM01161,5352389,GOLZEN GLOBAL,5,MEA MENA,VERTEX,SUPPORT,AR7G01P0QYJCQMK,11.79
Julie,Potts,QM01161,5352389,GOLZEN GLOBAL,5,CONT,VERTEX,SUPPORT,NO_TS_CONT,88.21
Sarah,Petty,FW97492,4029246,DELVO SYSTEMS,5,EMEA AMERICA,ORBIT,RPS,R2WMXKZIU1HDKA0,11.36
Sarah,Petty,FW97492,4029246,DELVO SYSTEMS,5,LATAM,ORBIT,RPS,NO_TS_LATAM,88.64
Ernest,Murphy,XQ18552,4613528,GOLZEN TECH,5,LATAM EUROPE,PULSE,FORFAIT,TMT0EML1QF6Y1TU,15.91
Ernest,Murphy,XQ18552,4613528,GOLZEN TECH,5,CONT,PULSE,FORFAIT,NO_TS_CONT,84.09
Angela,Thomas,CP86669,1089137,GOLZEN GLOBAL,5,LATAM ASIA,NEXUS,RPS,0LPVRJB8C9AXUCP,7.39
Angela,Thomas,CP86669,1089137,GOLZEN GLOBAL,5,NA,NEXUS,RPS,NO_TS_NA,92.61
Randall,Villarreal,QT29311,2735089,FORVEX DYNAMICS,5,CONT OCEANIA,ORBIT,MAINTENANCE,NNG1AM7XEIPV9FL,10.23
Randall,Villarreal,QT29311,2735089,FORVEX DYNAMICS,5,EMEA,ORBIT,MAINTENANCE,NO_TS_EMEA,89.77
Mary,Krause,SY84487,7454442,DELVO DYNAMICS,5,MEA MENA,NEXUS,MAINTENANCE,RRWF5YVFO6BLULI,13.75
Mary,Krause,SY84487,7454442,DELVO DYNAMICS,5,LATAM,NEXUS,MAINTENANCE,NO_TS_LATAM,86.25
Caleb,Johnson,AV84019,5026358,BRYTON SOLUTIONS,5,EMEA OCEANIA,STELLAR,REGIE,QMYEEW6T4BUR6AB,14.77
Darlene,Thompson,KJ46458,4214642,GOLZEN DYNAMICS,5,CONT ASIA,NEXUS,FORFAIT,YFCC3YGZLTU21AQ,12.36
Amy,Bernard,CG82538,5531377,JALVIK DYNAMICS,5,NA AMERICA,PHOENIX,SUPPORT,KQ2SDSLZ3B4X109,12.22
Amy,Bernard,CG82538,5531377,JALVIK DYNAMICS,5,CONT,PHOENIX,SUPPORT,NO_TS_CONT,87.78
Danielle,Delgado,QH79499,5245815,BRYTON DIGITAL,5,MEA EUROPE,PHOENIX,SUPPORT,SCHAFXNTETYJMTM,11.65
Danielle,Delgado,QH79499,5245815,BRYTON DIGITAL,5,LATAM,PHOENIX,SUPPORT,NO_TS_LATAM,88.35
Meagan,Allen,ZT17715,5047007,KESTRA SYSTEMS,5,LATAM OCEANIA,PULSE,FORFAIT,I53SE9EWFQ1335U,15.91
Meagan,Allen,ZT17715,5047007,KESTRA SYSTEMS,5,NA,PULSE,FORFAIT,NO_TS_NA,84.09
Ryan,Jensen,LG73191,9741337,DELVO DIGITAL,5,MEA AFRICA,PHOENIX,SUPPORT,2JCB4GISOOQJZZ4,11.36
Chad,Tucker,DK77349,2545437,DELVO TECH,5,NA EUROPE,STELLAR,FORFAIT,9RCEQ3N68EMVAOT,13.78
Christine,Hayes,EF61062,3566856,GOLZEN GROUP,5,EMEA OCEANIA,NEXUS,MAINTENANCE,3SR6F7VASGJQ7O1,10.8
Christine,Hayes,EF61062,3566856,GOLZEN GROUP,5,MEA,NEXUS,MAINTENANCE,NO_TS_MEA,89.2
Justin,Adams,DK91619,6983397,HYRION DYNAMICS,5,LATAM AFRICA,STELLAR,REGIE,VZ1UCMOUIQIF51C,5.83
Justin,Adams,DK91619,6983397,HYRION DYNAMICS,5,LATAM,STELLAR,REGIE,NO_TS_LATAM,94.17
Kenneth,Ortiz,GT39573,1585496,LUMEX SYSTEMS,5,EMEA AMERICA,NOVA,RPS,U6K0FSJZ71HGEW4,11.51
Dana,Oconnor,TL19548,1587038,DELVO SOLUTIONS,5,CONT MENA,PHOENIX,MAINTENANCE,0Y9XZFT01THY1O3,9.66
David,Morris,QM34956,6968634,JALVIK TECH,5,APAC OCEANIA,NOVA,SUPPORT,KJIS4MHEIJYLI3P,10.37
David,Morris,QM34956,6968634,JALVIK TECH,5,NA,NOVA,SUPPORT,NO_TS_NA,89.63
Tammy,Snyder,VI56091,7121218,KESTRA SYSTEMS,5,EMEA ASIA,ATLAS,SUPPORT,C73PBSD5U6V9ZP3,12.07
Tammy,Snyder,VI56091,7121218,KESTRA SYSTEMS,5,CONT,ATLAS,SUPPORT,NO_TS_CONT,87.93
Robert,Brown,RR79268,1576219,ALCOR GROUP,5,NA ASIA,NOVA,MAINTENANCE,4OGU9O9DL9KVIM3,10.09
Robert,Brown,RR79268,1576219,ALCOR GROUP,5,EMEA,NOVA,MAINTENANCE,NO_TS_EMEA,89.91
Carrie,Mcmillan,PZ60195,3692066,ALCOR VENTURES,5,CONT MENA,NEXUS,SUPPORT,231M7J1Y5ALZQQ1,10.37
Karen,Jones,LG17081,8400918,INOVA GROUP,5,APAC ASIA,STELLAR,REGIE,2AWWI3VAYPFMDWZ,12.22
Karen,Jones,LG17081,8400918,INOVA GROUP,5,MEA,STELLAR,REGIE,NO_TS_MEA,87.78
Luke,Calderon,HB13617,2683612,CENVEO GLOBAL,5,EMEA EUROPE,PULSE,REGIE,PXS7UB19BUREMYI,8.1
Paul,Snyder,ZT16408,6904689,LUMEX SOLUTIONS,5,EMEA OCEANIA,ATLAS,SUPPORT,XJY5ZZ4NTJD5EDV,8.66
Paul,Snyder,ZT16408,6904689,LUMEX SOLUTIONS,5,MEA,ATLAS,SUPPORT,NO_TS_MEA,91.34
Samantha,Sheppard,IH15917,6538539,GOLZEN SOLUTIONS,5,APAC EUROPE,ORBIT,FORFAIT,ANEUTZUBX87A3PY,9.66
Pamela,Smith,ZZ34736,7373977,LUMEX SOLUTIONS,5,EMEA EUROPE,PHOENIX,SUPPORT,GRTQ53PFP9SP9EL,12.5
Pamela,Smith,ZZ34736,7373977,LUMEX SOLUTIONS,5,CONT,PHOENIX,SUPPORT,NO_TS_CONT,87.5
Erin,Nguyen,GE72879,1096020,FORVEX SOLUTIONS,5,CONT EUROPE,NEXUS,FORFAIT,Q3FF6VFQ0LCEGWO,12.5
Erin,Nguyen,GE72879,1096020,FORVEX SOLUTIONS,5,MEA,NEXUS,FORFAIT,NO_TS_MEA,87.5
Jose,Crawford,QR57952,3733652,BRYTON DIGITAL,5,NA EUROPE,ATLAS,MAINTENANCE,EQ9UZF3JE5HVQ1R,11.93
Jose,Crawford,QR57952,3733652,BRYTON DIGITAL,5,LATAM,ATLAS,MAINTENANCE,NO_TS_LATAM,88.07
Dillon,Thomas,AU60756,4951007,CENVEO DYNAMICS,5,CONT MENA,PULSE,FORFAIT,NSOYHSCWS5Q97Z1,11.36
Alexis,Conley,PM13118,1778291,GOLZEN SYSTEMS,5,NA MENA,NEXUS,REGIE,NWA1IS5XNL2YE66,15.91
Alexis,Conley,PM13118,1778291,GOLZEN SYSTEMS,5,MEA,NEXUS,REGIE,NO_TS_MEA,84.09
Dominique,Guerrero,GL81199,7584970,JALVIK DIGITAL,5,CONT AFRICA,STELLAR,RPS,CKCJVP5U68IP91A,11.36
Dominique,Guerrero,GL81199,7584970,JALVIK DIGITAL,5,APAC,STELLAR,RPS,NO_TS_APAC,88.64
Kenneth,Wright,VI21407,5387405,KESTRA SOLUTIONS,5,NA AFRICA,PHOENIX,MAINTENANCE,U6XYC0Y4G2M5Y4H,9.09
Andrew,Molina,EB17610,2846731,INOVA GLOBAL,5,NA EUROPE,NOVA,REGIE,XSJPFGXWO9T81A9,9.66
Andrew,Molina,EB17610,2846731,INOVA GLOBAL,5,MEA,NOVA,REGIE,NO_TS_MEA,90.34
Sharon,Harris,RA98408,5803851,GOLZEN GROUP,5,MEA MENA,QUANTUM,MAINTENANCE,ZJUHX46W8I5DBSY,8.38
Sharon,Harris,RA98408,5803851,GOLZEN GROUP,5,APAC,QUANTUM,MAINTENANCE,NO_TS_APAC,91.62
Kyle,English,EK41824,6696853,GOLZEN GLOBAL,5,LATAM EUROPE,NOVA,REGIE,7TUKQIRW0TMOB5D,11.65
Kyle,English,EK41824,6696853,GOLZEN GLOBAL,5,MEA,NOVA,REGIE,NO_TS_MEA,88.35
Lacey,Johnson,IA22844,8892381,INOVA SOLUTIONS,5,CONT ASIA,PULSE,RPS,B69X1XH775IOUW5,11.93
Lacey,Johnson,IA22844,8892381,INOVA SOLUTIONS,5,EMEA,PULSE,RPS,NO_TS_EMEA,88.07
Gregory,Simon,XP53623,9724714,INOVA GROUP,5,MEA AFRICA,VERTEX,FORFAIT,5PGLQZXYS99CFFH,13.64
Eric,Hendrix,AO30470,2251962,BRYTON GROUP,5,APAC OCEANIA,NOVA,REGIE,SJY36NFQMMJHCHR,9.66
Eric,Hendrix,AO30470,2251962,BRYTON GROUP,5,APAC,NOVA,REGIE,NO_TS_APAC,90.34
Erin,Howard,MB21296,3478814,FORVEX GLOBAL,5,EMEA OCEANIA,NEXUS,RPS,RP484BNPWB53F4E,9.52
Erin,Howard,MB21296,3478814,FORVEX GLOBAL,5,APAC,NEXUS,RPS,NO_TS_APAC,90.48
Christopher,Mercado,AK83656,3616123,LUMEX CONSULTING,5,LATAM AFRICA,PHOENIX,MAINTENANCE,ODDCXOHCB4ZROX9,11.22
Christopher,Mercado,AK83656,3616123,LUMEX CONSULTING,5,EMEA,PHOENIX,MAINTENANCE,NO_TS_EMEA,88.78
John,Marquez,GP02951,8076463,ETHOS SOLUTIONS,5,MEA AFRICA,PULSE,RPS,NOANV5JC9IRRUVX,13.64
John,Marquez,GP02951,8076463,ETHOS SOLUTIONS,5,APAC,PULSE,RPS,NO_TS_APAC,86.36
Lisa,Shepard,BS71578,3584982,BRYTON TECH,5,CONT AFRICA,NEXUS,MAINTENANCE,UQFJ8YK6O9QW0KE,9.09
Lisa,Shepard,BS71578,3584982,BRYTON TECH,5,NA,NEXUS,MAINTENANCE,NO_TS_NA,90.91
Timothy,Adams,JF31298,4863770,CENVEO DIGITAL,5,NA AMERICA,VERTEX,MAINTENANCE,Q53XSBCC1EC9QRR,10.23
Timothy,Adams,JF31298,4863770,CENVEO DIGITAL,5,LATAM,VERTEX,MAINTENANCE,NO_TS_LATAM,89.77
Heather,Wright,ZA23251,4228374,ALCOR VENTURES,5,CONT AFRICA,NEXUS,REGIE,L9QIQOP0ERXRURX,11.51
Rebecca,Holmes,VS33227,7743305,ETHOS GROUP,5,EMEA MENA,STELLAR,RPS,C3DVM5KGZJ9TKZC,11.08
Donald,Bryant,ET73099,8481560,INOVA DIGITAL,5,CONT OCEANIA,ORBIT,RPS,C98OG2WLTBQAPQF,10.8
Donald,Bryant,ET73099,8481560,INOVA DIGITAL,5,MEA,ORBIT,RPS,NO_TS_MEA,89.2
Kathleen,Snyder,VH66159,8561530,ALCOR SOLUTIONS,5,LATAM ASIA,PHOENIX,REGIE,NPG5JB3KWC8CG3T,13.92
Kathleen,Snyder,VH66159,8561530,ALCOR SOLUTIONS,5,CONT,PHOENIX,REGIE,NO_TS_CONT,86.08
Patricia,Morrow,IN96997,8761738,HYRION VENTURES,5,MEA ASIA,PHOENIX,FORFAIT,P8PNJD9J0XXSA28,10.23
Deanna,Peterson,ZF03954,4240439,HYRION TECH,5,APAC EUROPE,PULSE,REGIE,1ANGC9K7Z6RY6DY,7.39
Deanna,Peterson,ZF03954,4240439,HYRION TECH,5,LATAM,PULSE,REGIE,NO_TS_LATAM,92.61
Erin,Ortiz,PJ06419,6894512,INOVA DIGITAL,5,APAC OCEANIA,ATLAS,RPS,EPVE69KMDIK7G9W,11.36
Erin,Ortiz,PJ06419,6894512,INOVA DIGITAL,5,APAC,ATLAS,RPS,NO_TS_APAC,88.64
Christy,Liu,BS82222,1163751,LUMEX GROUP,5,LATAM AMERICA,NOVA,FORFAIT,3AXQFWZY36GB9GS,8.52
Louis,Carter,YA75292,5782574,KESTRA DYNAMICS,5,NA AMERICA,PHOENIX,SUPPORT,S5SBC70P9ZIV5LU,7.14
Louis,Carter,YA75292,5782574,KESTRA DYNAMICS,5,LATAM,PHOENIX,SUPPORT,NO_TS_LATAM,92.86
Julie,Leonard,LA82055,1757448,GOLZEN DIGITAL,5,EMEA OCEANIA,VERTEX,FORFAIT,Z4ZZVYXAMLC9QUS,11.93
Julie,Leonard,LA82055,1757448,GOLZEN DIGITAL,5,MEA,VERTEX,FORFAIT,NO_TS_MEA,88.07
Erica,Parker,TS41218,3454134,DELVO SYSTEMS,5,LATAM EUROPE,ORBIT,MAINTENANCE,Z1W5A0FLPEQ73G2,9.66
Erica,Parker,TS41218,3454134,DELVO SYSTEMS,5,APAC,ORBIT,MAINTENANCE,NO_TS_APAC,90.34
Rebecca,Moore,WE90627,3139186,JALVIK GLOBAL,5,LATAM ASIA,STELLAR,FORFAIT,VHCP6IWPW2MB3OR,13.64
James,Johnson,MS76381,8947853,INOVA DIGITAL,5,APAC AFRICA,PULSE,SUPPORT,DZGQ2SKU4CRQE0Z,11.65
Joseph,Cox,FJ39338,3942330,FORVEX TECH,5,APAC ASIA,QUANTUM,REGIE,NOQVVQZ7M2WODZN,12.78
Christina,Fowler,SP86510,1694651,DELVO TECH,5,NA ASIA,NEXUS,MAINTENANCE,ARL4IUHAD6R0KKK,8.66
Christina,Fowler,SP86510,1694651,DELVO TECH,5,EMEA,NEXUS,MAINTENANCE,NO_TS_EMEA,91.34
Kelly,White,WB31439,6221547,ETHOS TECH,5,LATAM AMERICA,PHOENIX,SUPPORT,GZS1H1853E1YOQM,13.35
Kelly,White,WB31439,6221547,ETHOS TECH,5,EMEA,PHOENIX,SUPPORT,NO_TS_EMEA,86.65
Mark,Foster,YJ30013,4438661,KESTRA GLOBAL,5,CONT AMERICA,STELLAR,RPS,XLDW6VOIE3SER36,9.8
Mark,Foster,YJ30013,4438661,KESTRA GLOBAL,5,APAC,STELLAR,RPS,NO_TS_APAC,90.2
Amy,Austin,RM19760,1811494,KESTRA CONSULTING,5,LATAM MENA,STELLAR,RPS,0MLELKTASRML2KP,11.36
Amy,Austin,RM19760,1811494,KESTRA CONSULTING,5,CONT,STELLAR,RPS,NO_TS_CONT,88.64
Donna,Ramos,CO33104,6294654,INOVA GROUP,5,MEA ASIA,PHOENIX,MAINTENANCE,1E7NWKHVR6TZ3TM,10.23
Donna,Ramos,CO33104,6294654,INOVA GROUP,5,NA,PHOENIX,MAINTENANCE,NO_TS_NA,89.77
Robert,Bates,GU47371,6391543,DELVO SOLUTIONS,5,LATAM ASIA,NOVA,REGIE,6KY8AXFLH61SA7S,13.07
Robert,Bates,GU47371,6391543,DELVO SOLUTIONS,5,EMEA,NOVA,REGIE,NO_TS_EMEA,86.93
Patricia,Brown,EU58441,8203315,LUMEX TECH,5,EMEA EUROPE,QUANTUM,FORFAIT,9Y5RTNHD4REL415,10.23
Patricia,Brown,EU58441,8203315,LUMEX TECH,5,APAC,QUANTUM,FORFAIT,NO_TS_APAC,89.77
Diane,Sawyer,PZ53070,5995264,CENVEO GLOBAL,5,MEA AFRICA,PHOENIX,FORFAIT,S8WMBSXKRDM5P97,8.81
Jonathan,Smith,WO64172,4309252,ALCOR TECH,5,LATAM MENA,ATLAS,SUPPORT,HTFU3SFFLVI169F,14.06
Aaron,Lamb,YC55542,8527016,LUMEX GLOBAL,5,NA ASIA,PHOENIX,REGIE,5U3XHV5LZP8MQGL,9.52
Aaron,Lamb,YC55542,8527016,LUMEX GLOBAL,5,NA,PHOENIX,REGIE,NO_TS_NA,90.48
Sarah,Soto,OB55019,8046558,CENVEO GLOBAL,5,CONT AMERICA,NOVA,FORFAIT,6JNDLTLBFF69NTD,15.91
Sarah,Soto,OB55019,8046558,CENVEO GLOBAL,5,CONT,NOVA,FORFAIT,NO_TS_CONT,84.09
Manuel,Ingram,WW98748,7555090,ETHOS SYSTEMS,5,CONT EUROPE,PULSE,SUPPORT,NFXJ02HD36UCPNU,8.95
Manuel,Ingram,WW98748,7555090,ETHOS SYSTEMS,5,CONT,PULSE,SUPPORT,NO_TS_CONT,91.05
Sandra,Maldonado,XG84238,3355070,ALCOR GROUP,5,MEA AMERICA,VERTEX,SUPPORT,GRS0FL2B7AV498B,11.36
Sandra,Maldonado,XG84238,3355070,ALCOR GROUP,5,APAC,VERTEX,SUPPORT,NO_TS_APAC,88.64
Kathryn,Ellis,LY51577,7168112,JALVIK CONSULTING,5,MEA EUROPE,QUANTUM,FORFAIT,6PZHG8B863U7KYW,13.64
Lynn,Lee,PT39988,5620099,DELVO DIGITAL,5,NA AFRICA,ATLAS,FORFAIT,48ZPQFDKENUKT54,6.96
Lynn,Lee,PT39988,5620099,DELVO DIGITAL,5,APAC,ATLAS,FORFAIT,NO_TS_APAC,93.04
Martin,Nguyen,JI12125,1542752,ETHOS SOLUTIONS,5,MEA OCEANIA,VERTEX,SUPPORT,CIG2OJ4K57HKTHV,7.39
Martin,Nguyen,JI12125,1542752,ETHOS SOLUTIONS,5,LATAM,VERTEX,SUPPORT,NO_TS_LATAM,92.61
Kelly,Heath,HS61325,2864672,GOLZEN VENTURES,5,MEA AFRICA,ATLAS,FORFAIT,5UFCJ0P9F4CLOR5,11.36
Kelly,Heath,HS61325,2864672,GOLZEN VENTURES,5,MEA,ATLAS,FORFAIT,NO_TS_MEA,88.64
Sarah,Hamilton,VV60814,1686568,FORVEX VENTURES,5,LATAM MENA,ORBIT,FORFAIT,NDGGTM6HCVQVJQ3,11.93
Sarah,Hamilton,VV60814,1686568,FORVEX VENTURES,5,LATAM,ORBIT,FORFAIT,NO_TS_LATAM,88.07
Kathryn,Richards,QZ20138,8599311,FORVEX SYSTEMS,5,EMEA MENA,STELLAR,SUPPORT,ZOQ8O6SXMB6E1ZS,11.51
Kathryn,Richards,QZ20138,8599311,FORVEX SYSTEMS,5,APAC,STELLAR,SUPPORT,NO_TS_APAC,88.49
Douglas,Lopez,CP37650,9595866,GOLZEN GROUP,5,CONT AMERICA,PHOENIX,FORFAIT,4D3VXRJ5MBAUBZD,10.37
Chelsea,Thornton,AF81526,8769672,KESTRA TECH,5,MEA MENA,ORBIT,RPS,F97KU1WX1QTUTUP,9.94
Stephanie,Taylor,CN50333,1450050,ALCOR CONSULTING,5,CONT AMERICA,VERTEX,RPS,QGXNCZI44K9MX78,10.37
Stephanie,Taylor,CN50333,1450050,ALCOR CONSULTING,5,CONT,VERTEX,RPS,NO_TS_CONT,89.63
Kimberly,Underwood,BN48052,4572654,JALVIK GLOBAL,5,EMEA MENA,PHOENIX,SUPPORT,EJ271IQJ7R8GICB,11.36
Kimberly,Underwood,BN48052,4572654,JALVIK GLOBAL,5,LATAM,PHOENIX,SUPPORT,NO_TS_LATAM,88.64
Pamela,Phillips,XJ32246,9264712,DELVO GROUP,5,LATAM ASIA,PULSE,MAINTENANCE,OS0NW7TX69E96X3,11.93
Pamela,Phillips,XJ32246,9264712,DELVO GROUP,5,LATAM,PULSE,MAINTENANCE,NO_TS_LATAM,88.07
Theresa,Wells,WG62066,6001450,GOLZEN SOLUTIONS,5,NA OCEANIA,ORBIT,MAINTENANCE,FTXO5GYDDUF4TV8,11.36
Sherry,Smith,BY90378,2543094,ALCOR SOLUTIONS,5,LATAM ASIA,ATLAS,RPS,R9Z6Y2RYT6PL9K2,11.36
Sherry,Smith,BY90378,2543094,ALCOR SOLUTIONS,5,CONT,ATLAS,RPS,NO_TS_CONT,88.64
Rebecca,Pratt,VQ66693,6368008,ETHOS GROUP,5,MEA ASIA,NOVA,FORFAIT,MOS2WWTO79LX9A5,11.36
Bridget,Vasquez,OV51502,9133639,INOVA SYSTEMS,5,EMEA AFRICA,PULSE,REGIE,QB23850LV442E2F,12.5
Bridget,Vasquez,OV51502,9133639,INOVA SYSTEMS,5,NA,PULSE,REGIE,NO_TS_NA,87.5
Carla,West,NH96419,7168852,GOLZEN GLOBAL,5,MEA ASIA,PHOENIX,RPS,6OSNVCP2EWK2FGE,12.5
Carla,West,NH96419,7168852,GOLZEN GLOBAL,5,CONT,PHOENIX,RPS,NO_TS_CONT,87.5
James,Zimmerman,HK64067,1227346,DELVO VENTURES,5,CONT AMERICA,PULSE,MAINTENANCE,J8ORZFA50UZ9US6,11.36
James,Zimmerman,HK64067,1227346,DELVO VENTURES,5,APAC,PULSE,MAINTENANCE,NO_TS_APAC,88.64
Pamela,Serrano,VZ88509,7974807,GOLZEN SOLUTIONS,5,EMEA AMERICA,STELLAR,FORFAIT,MD2QMCMG3263YP8,9.94
Robin,Jensen,FQ28435,5899551,CENVEO SOLUTIONS,5,MEA AFRICA,QUANTUM,FORFAIT,TXHIU5S95FCZL8L,15.91
Robin,Jensen,FQ28435,5899551,CENVEO SOLUTIONS,5,LATAM,QUANTUM,FORFAIT,NO_TS_LATAM,84.09
Cheyenne,Swanson,HQ19984,1743138,CENVEO VENTURES,5,MEA ASIA,NEXUS,FORFAIT,SS9HPU2TOB6RTV2,10.51
Cheyenne,Swanson,HQ19984,1743138,CENVEO VENTURES,5,CONT,NEXUS,FORFAIT,NO_TS_CONT,89.49
Linda,Smith,IB71532,6894052,CENVEO DIGITAL,5,MEA MENA,PHOENIX,RPS,EPXJEJ17NTPIRTJ,9.38
Linda,Smith,IB71532,6894052,CENVEO DIGITAL,5,APAC,PHOENIX,RPS,NO_TS_APAC,90.63
Jenna,Miller,JF43224,7706186,INOVA GROUP,5,APAC MENA,NOVA,MAINTENANCE,MENGO5KQ3ZY0V3X,7.53
Jenna,Miller,JF43224,7706186,INOVA GROUP,5,NA,NOVA,MAINTENANCE,NO_TS_NA,92.47
James,Pitts,IY75578,1990589,DELVO DIGITAL,5,EMEA OCEANIA,PULSE,SUPPORT,A2IO6KTXUP2IE5B,13.64
James,Pitts,IY75578,1990589,DELVO DIGITAL,5,APAC,PULSE,SUPPORT,NO_TS_APAC,86.36
Connor,Parks,YA56156,3362250,ETHOS GROUP,5,APAC EUROPE,ORBIT,MAINTENANCE,0SH8FTMENCLGCPE,12.5
Connor,Parks,YA56156,3362250,ETHOS GROUP,5,NA,ORBIT,MAINTENANCE,NO_TS_NA,87.5
Michelle,Bishop,HK12876,9278294,LUMEX DYNAMICS,5,NA MENA,NOVA,SUPPORT,YJ4QH9W34TCCJVQ,13.07
Michelle,Bishop,HK12876,9278294,LUMEX DYNAMICS,5,EMEA,NOVA,SUPPORT,NO_TS_EMEA,86.93
Erin,Li,CU06840,3254038,HYRION DIGITAL,5,MEA AFRICA,ATLAS,REGIE,7886HUONAUCEA4O,10.23
Erin,Li,CU06840,3254038,HYRION DIGITAL,5,MEA,ATLAS,REGIE,NO_TS_MEA,89.77
Carolyn,Haas,UY61316,7002421,GOLZEN TECH,5,NA EUROPE,VERTEX,RPS,BM9ZMCDKZBCIDJT,9.94
Carolyn,Haas,UY61316,7002421,GOLZEN TECH,5,CONT,VERTEX,RPS,NO_TS_CONT,90.06
Alicia,Lester,IV27023,4405713,JALVIK DYNAMICS,5,EMEA ASIA,PULSE,MAINTENANCE,T7V3G9BAZFZX0PH,11.36
Alicia,Lester,IV27023,4405713,JALVIK DYNAMICS,5,LATAM,PULSE,MAINTENANCE,NO_TS_LATAM,88.64
Sara,Moore,VA81596,2678731,FORVEX CONSULTING,5,LATAM ASIA,ATLAS,RPS,VW56E8LKQ02QEZW,9.66
Sara,Moore,VA81596,2678731,FORVEX CONSULTING,5,APAC,ATLAS,RPS,NO_TS_APAC,90.34
Anthony,Morgan,PJ51850,9042630,ETHOS VENTURES,5,CONT MENA,QUANTUM,REGIE,VJ7SLP6G9L1NOWL,9.23
Anthony,Morgan,PJ51850,9042630,ETHOS VENTURES,5,CONT,QUANTUM,REGIE,NO_TS_CONT,90.77
John,Johnson,SM95402,5708138,DELVO DIGITAL,5,NA AFRICA,PULSE,MAINTENANCE,Z4PLTB8RSBOTBYN,9.66
David,Silva,TD85551,9224345,GOLZEN VENTURES,5,EMEA OCEANIA,NEXUS,SUPPORT,UL0XZRIG4ZFE0FR,11.93
David,Silva,TD85551,9224345,GOLZEN VENTURES,5,LATAM,NEXUS,SUPPORT,NO_TS_LATAM,88.07
Pamela,Noble,SZ86389,2399402,GOLZEN DIGITAL,5,LATAM AFRICA,PHOENIX,FORFAIT,VXEHBRPCD004V11,11.93
Rachel,Hernandez,HS36342,3250334,CENVEO SYSTEMS,5,LATAM MENA,NOVA,SUPPORT,11YTFK8GFYP4T47,7.1
Rebecca,Short,UL42374,6636956,KESTRA SOLUTIONS,5,LATAM AFRICA,ORBIT,MAINTENANCE,9MHW87A8JKYNNVU,12.5
Joshua,Ramirez,WA57010,7892722,ALCOR TECH,5,NA OCEANIA,PULSE,RPS,AD9YA9BEAIZNE0I,11.36
Joshua,Ramirez,WA57010,7892722,ALCOR TECH,5,EMEA,PULSE,RPS,NO_TS_EMEA,88.64
Carmen,Brown,KY53793,5783084,KESTRA TECH,5,EMEA OCEANIA,VERTEX,REGIE,E8KD13L8TI44UBB,10.51
Christopher,Church,IO04175,8122850,INOVA CONSULTING,5,CONT ASIA,VERTEX,MAINTENANCE,UL30IRKYSPYL8RO,10.51
Kaitlin,Baker,JG17935,1734781,ALCOR DIGITAL,5,MEA MENA,PULSE,FORFAIT,F44V40W43F786VJ,8.52
Kaitlin,Baker,JG17935,1734781,ALCOR DIGITAL,5,LATAM,PULSE,FORFAIT,NO_TS_LATAM,91.48
Anthony,Munoz,NN58616,8303879,ALCOR GROUP,5,LATAM AFRICA,NOVA,REGIE,M1DCPZOCYHQ0YBR,11.65
Jennifer,Young,AQ39174,2296519,GOLZEN GLOBAL,5,LATAM MENA,STELLAR,REGIE,CHLM3FICPJGXLMQ,7.81
Jennifer,Young,AQ39174,2296519,GOLZEN GLOBAL,5,APAC,STELLAR,REGIE,NO_TS_APAC,92.19
John,Sanders,PT76937,9467367,DELVO DYNAMICS,5,EMEA EUROPE,PHOENIX,SUPPORT,GVFAMCI3H1V9DCS,13.64
John,Sanders,PT76937,9467367,DELVO DYNAMICS,5,LATAM,PHOENIX,SUPPORT,NO_TS_LATAM,86.36
Erica,Hammond,VF61423,1946552,ALCOR CONSULTING,5,LATAM EUROPE,ORBIT,RPS,UVSF3O75EKY0GKB,13.64
James,Wiggins,WK30607,1790981,LUMEX VENTURES,5,MEA MENA,PULSE,MAINTENANCE,I24C51K2PNVCMH6,9.66
James,Wiggins,WK30607,1790981,LUMEX VENTURES,5,APAC,PULSE,MAINTENANCE,NO_TS_APAC,90.34
Danielle,Reyes,EZ39646,9813298,ALCOR GLOBAL,5,EMEA OCEANIA,QUANTUM,RPS,V3KETC7EMQQFF7O,10.37
Danielle,Reyes,EZ39646,9813298,ALCOR GLOBAL,5,EMEA,QUANTUM,RPS,NO_TS_EMEA,89.63
Tamara,Peterson,MV06991,2979344,GOLZEN DIGITAL,5,LATAM MENA,NEXUS,REGIE,QX42KA0O45OA6BG,15.91
Nathaniel,Simmons,WP36299,2140148,CENVEO SYSTEMS,5,LATAM EUROPE,QUANTUM,FORFAIT,SYMT7QVQ60EOHKQ,15.91
Nathaniel,Simmons,WP36299,2140148,CENVEO SYSTEMS,5,MEA,QUANTUM,FORFAIT,NO_TS_MEA,84.09
Jeffery,Golden,KR90479,4929068,GOLZEN VENTURES,5,APAC OCEANIA,NOVA,RPS,QC616M3SM4IOQF0,5.82
Jeffery,Golden,KR90479,4929068,GOLZEN VENTURES,5,MEA,NOVA,RPS,NO_TS_MEA,94.18
Martin,Ruiz,XR83693,3208896,DELVO GLOBAL,5,MEA MENA,NEXUS,SUPPORT,D6863UVES90IXVX,10.23
Martin,Ruiz,XR83693,3208896,DELVO GLOBAL,5,MEA,NEXUS,SUPPORT,NO_TS_MEA,89.77
Craig,Wiggins,SO96691,3128577,GOLZEN DIGITAL,5,APAC ASIA,STELLAR,FORFAIT,6FFOSBNSDEWPXBH,11.93
Craig,Wiggins,SO96691,3128577,GOLZEN DIGITAL,5,LATAM,STELLAR,FORFAIT,NO_TS_LATAM,88.07
Shannon,Hall,LK77705,4630006,CENVEO DIGITAL,5,APAC MENA,NOVA,REGIE,UFYQ8GOD1PWFVDG,10.23
Shannon,Hall,LK77705,4630006,CENVEO DIGITAL,5,LATAM,NOVA,REGIE,NO_TS_LATAM,89.77
Amy,Smith,LT44443,9627946,CENVEO GLOBAL,5,NA MENA,PHOENIX,SUPPORT,2YXR37H8MN9Q7KU,11.36
Amy,Smith,LT44443,9627946,CENVEO GLOBAL,5,CONT,PHOENIX,SUPPORT,NO_TS_CONT,88.64
Jennifer,Jones,WX50246,8366813,FORVEX DIGITAL,5,APAC AFRICA,PULSE,REGIE,9KX7NAKRIXN057M,10.23
Jennifer,Jones,WX50246,8366813,FORVEX DIGITAL,5,NA,PULSE,REGIE,NO_TS_NA,89.77
Felicia,Mcclure,LK40426,5171016,ALCOR DIGITAL,5,MEA OCEANIA,PHOENIX,RPS,1318FDZ94HATLRF,12.5
Felicia,Mcclure,LK40426,5171016,ALCOR DIGITAL,5,LATAM,PHOENIX,RPS,NO_TS_LATAM,87.5
Veronica,Chandler,AU88416,2923637,ALCOR SYSTEMS,5,CONT OCEANIA,VERTEX,REGIE,1E3UP8HVG0U1O2R,10.23
Melanie,Shields,AU65778,8475584,LUMEX SYSTEMS,5,APAC ASIA,NOVA,REGIE,429LZJCWPOUQRUH,14.77
Melanie,Shields,AU65778,8475584,LUMEX SYSTEMS,5,NA,NOVA,REGIE,NO_TS_NA,85.23
Kelly,Davis,WE41833,9860153,INOVA DYNAMICS,5,LATAM OCEANIA,QUANTUM,MAINTENANCE,7AIZPYACHX45N95,13.78
Kelly,Davis,WE41833,9860153,INOVA DYNAMICS,5,MEA,QUANTUM,MAINTENANCE,NO_TS_MEA,86.22
Ryan,Thomas,CJ52415,9601199,HYRION SOLUTIONS,5,EMEA AMERICA,ORBIT,SUPPORT,XBBSU5SL9WX11CO,12.22
Ryan,Thomas,CJ52415,9601199,HYRION SOLUTIONS,5,EMEA,ORBIT,SUPPORT,NO_TS_EMEA,87.78
Danielle,Gonzalez,AY86399,1767756,CENVEO VENTURES,5,EMEA AMERICA,PULSE,FORFAIT,4VMBZTHIPWR7YP7,13.64
Kelly,Weber,SK35155,6324952,DELVO DYNAMICS,5,MEA MENA,NOVA,MAINTENANCE,UK3XYS0RUDPRXBU,13.64
Anne,Davis,OP62904,3314859,INOVA GROUP,5,APAC MENA,STELLAR,RPS,45V5DFIDLS7IUT2,10.23
Charles,Murphy,HO83917,9474748,BRYTON SYSTEMS,5,APAC EUROPE,PULSE,FORFAIT,SU9VOE21GVUFJTI,11.08
Charles,Murphy,HO83917,9474748,BRYTON SYSTEMS,5,MEA,PULSE,FORFAIT,NO_TS_MEA,88.92
Michael,Wright,RC91632,2318560,LUMEX SYSTEMS,5,LATAM AMERICA,PHOENIX,RPS,PU9OV1Y7D8RM1SF,7.24
Michael,Wright,RC91632,2318560,LUMEX SYSTEMS,5,EMEA,PHOENIX,RPS,NO_TS_EMEA,92.76
Jonathan,Weaver,YD63073,9625229,INOVA CONSULTING,5,NA ASIA,VERTEX,REGIE,VEX21HR6BN8K0VE,8.38
Jonathan,Weaver,YD63073,9625229,INOVA CONSULTING,5,LATAM,VERTEX,REGIE,NO_TS_LATAM,91.62
Scott,Garcia,QY11063,5890736,JALVIK TECH,5,LATAM MENA,PULSE,REGIE,2S5HSQPHFTRAQGM,10.51
Scott,Garcia,QY11063,5890736,JALVIK TECH,5,NA,PULSE,REGIE,NO_TS_NA,89.49
Kimberly,Rosario,ML23590,3447970,JALVIK TECH,5,MEA AMERICA,PULSE,RPS,SR9LQBB4AYDDU4Z,12.22
Brandon,Harper,CL69790,2950956,INOVA SOLUTIONS,5,LATAM MENA,ATLAS,RPS,FJUOC01LVEGCMQ7,11.36
Brandon,Harper,CL69790,2950956,INOVA SOLUTIONS,5,CONT,ATLAS,RPS,NO_TS_CONT,88.64
Emily,Levy,ET66141,5198584,LUMEX SOLUTIONS,5,NA AFRICA,NEXUS,REGIE,GJ687VEI6FJMSCN,11.36
Emily,Levy,ET66141,5198584,LUMEX SOLUTIONS,5,CONT,NEXUS,REGIE,NO_TS_CONT,88.64
Christopher,Johnson,FP37325,2791828,INOVA VENTURES,5,EMEA AFRICA,ORBIT,SUPPORT,H99UB85REIQT1Y4,13.64
Angela,Shannon,TF14115,1887206,JALVIK TECH,5,MEA AMERICA,NEXUS,FORFAIT,VZUGB5T9P9P3Q7F,11.65
Ashley,Wang,WN20547,5057813,CENVEO DIGITAL,5,NA AFRICA,ATLAS,MAINTENANCE,W79LPICP1JFIIH3,15.91
Ashley,Wang,WN20547,5057813,CENVEO DIGITAL,5,EMEA,ATLAS,MAINTENANCE,NO_TS_EMEA,84.09
Shelby,Neal,IZ30913,1785555,JALVIK VENTURES,5,MEA AFRICA,VERTEX,REGIE,LBBTQB1GMOWW7ZJ,7.1
Shelby,Neal,IZ30913,1785555,JALVIK VENTURES,5,NA,VERTEX,REGIE,NO_TS_NA,92.9
Jonathan,Beltran,ZX38085,3627974,DELVO TECH,5,LATAM EUROPE,STELLAR,REGIE,KQDA8YUP2D13INU,9.66
Jonathan,Beltran,ZX38085,3627974,DELVO TECH,5,CONT,STELLAR,REGIE,NO_TS_CONT,90.34
Amber,Pena,AO31399,9204704,KESTRA DYNAMICS,5,CONT EUROPE,ATLAS,REGIE,73FXI5XDST8ZYP9,13.64
Luke,Gardner,ZY65052,5321115,ETHOS VENTURES,5,NA ASIA,VERTEX,FORFAIT,YPSISSEN4KG2345,8.38
Luke,Gardner,ZY65052,5321115,ETHOS VENTURES,5,APAC,VERTEX,FORFAIT,NO_TS_APAC,91.62
Kevin,Odom,EO19875,4208602,CENVEO VENTURES,5,LATAM AFRICA,STELLAR,FORFAIT,2U7NUYO2SN28VN1,8.81
Kevin,Odom,EO19875,4208602,CENVEO VENTURES,5,CONT,STELLAR,FORFAIT,NO_TS_CONT,91.19
Derrick,Tran,DQ19678,1805344,INOVA GROUP,5,APAC AMERICA,STELLAR,MAINTENANCE,DTCPJYPD2IRRPK5,8.1
Derrick,Tran,DQ19678,1805344,INOVA GROUP,5,MEA,STELLAR,MAINTENANCE,NO_TS_MEA,91.9
Alexander,Herrera,QB24773,2400997,HYRION DIGITAL,5,MEA MENA,NEXUS,REGIE,V79G07IX4U0ZM0D,13.07
Alexander,Herrera,QB24773,2400997,HYRION DIGITAL,5,CONT,NEXUS,REGIE,NO_TS_CONT,86.93
Michelle,Howell,HU83270,3743786,FORVEX CONSULTING,5,MEA OCEANIA,PULSE,FORFAIT,BO6A0290PUERG4C,10.23
Michelle,Howell,HU83270,3743786,FORVEX CONSULTING,5,CONT,PULSE,FORFAIT,NO_TS_CONT,89.77
Denise,Leon,RQ11903,6513534,FORVEX SOLUTIONS,5,APAC AMERICA,QUANTUM,MAINTENANCE,OORNKLETB7MTPXM,9.66
Denise,Leon,RQ11903,6513534,FORVEX SOLUTIONS,5,APAC,QUANTUM,MAINTENANCE,NO_TS_APAC,90.34
Marvin,Ashley,NT17349,6026664,KESTRA SOLUTIONS,5,APAC AFRICA,ATLAS,FORFAIT,W1IE7SSOGCK2HD7,12.78
Marvin,Ashley,NT17349,6026664,KESTRA SOLUTIONS,5,LATAM,ATLAS,FORFAIT,NO_TS_LATAM,87.22
Ryan,Schmidt,JG25070,1621273,LUMEX SYSTEMS,5,NA OCEANIA,STELLAR,FORFAIT,55ED96TWFYOXLRA,9.09
Ryan,Schmidt,JG25070,1621273,LUMEX SYSTEMS,5,MEA,STELLAR,FORFAIT,NO_TS_MEA,90.91
Erica,Murphy,SX56637,9754937,KESTRA TECH,5,EMEA EUROPE,NEXUS,SUPPORT,SC4CGK3HAO9O8NJ,8.38
Erica,Murphy,SX56637,9754937,KESTRA TECH,5,EMEA,NEXUS,SUPPORT,NO_TS_EMEA,91.62
Andrew,Butler,OA52074,2672575,HYRION GROUP,5,EMEA EUROPE,NEXUS,FORFAIT,LJH5PW5XSEXX92Z,12.22
Jennifer,Garrison,OV64438,8004345,LUMEX VENTURES,5,APAC EUROPE,STELLAR,FORFAIT,BKMRZNRLUCW2D6K,11.93
Kelly,Smith,JB39721,4722676,INOVA DIGITAL,5,APAC AFRICA,ORBIT,RPS,MYSULV3NXRCOIFH,10.23
Kelly,Smith,JB39721,4722676,INOVA DIGITAL,5,APAC,ORBIT,RPS,NO_TS_APAC,89.77
Alexa,Singh,MT87805,1982856,FORVEX SYSTEMS,5,APAC ASIA,PHOENIX,SUPPORT,K7P1UVRDXAA4PQR,8.24
Alexa,Singh,MT87805,1982856,FORVEX SYSTEMS,5,LATAM,PHOENIX,SUPPORT,NO_TS_LATAM,91.76
Ashley,Russell,OO09651,9795077,FORVEX SYSTEMS,5,EMEA AMERICA,NOVA,RPS,RJ8TLLQ9H75UWAP,12.07
Ashley,Russell,OO09651,9795077,FORVEX SYSTEMS,5,CONT,NOVA,RPS,NO_TS_CONT,87.93
Peggy,Brown,AV77109,4993339,FORVEX DIGITAL,5,CONT MENA,STELLAR,RPS,DHZIWAL52EH7TG4,11.36
Peggy,Brown,AV77109,4993339,FORVEX DIGITAL,5,MEA,STELLAR,RPS,NO_TS_MEA,88.64
Jonathan,Rodgers,IU11863,2937600,JALVIK SOLUTIONS,5,LATAM AMERICA,PHOENIX,MAINTENANCE,LRA3FY8G7SSLNSX,9.66
Jonathan,Rodgers,IU11863,2937600,JALVIK SOLUTIONS,5,APAC,PHOENIX,MAINTENANCE,NO_TS_APAC,90.34
Amy,Young,LH64559,6065388,INOVA CONSULTING,5,EMEA AFRICA,NEXUS,MAINTENANCE,X62RD9W36DP25ON,12.5
Amy,Young,LH64559,6065388,INOVA CONSULTING,5,MEA,NEXUS,MAINTENANCE,NO_TS_MEA,87.5
Ronald,Guerra,ZH18844,4910724,HYRION CONSULTING,5,EMEA OCEANIA,NOVA,MAINTENANCE,3C9NS0310PJHEZD,10.09
James,Alvarez,IC80359,2931289,GOLZEN SOLUTIONS,5,EMEA AMERICA,QUANTUM,SUPPORT,KJU5NXGNI03RAUN,13.64
Scott,Grant,BJ34367,1195241,INOVA GROUP,5,NA ASIA,PULSE,RPS,SUK6SG0BY7FJ8TV,11.36
Scott,Grant,BJ34367,1195241,INOVA GROUP,5,LATAM,PULSE,RPS,NO_TS_LATAM,88.64
William,Baker,NF79207,6598999,ALCOR SYSTEMS,5,NA ASIA,PHOENIX,SUPPORT,EHOLPBD4WSBRYGH,13.64
William,Baker,NF79207,6598999,ALCOR SYSTEMS,5,MEA,PHOENIX,SUPPORT,NO_TS_MEA,86.36
Stephanie,Sharp,DQ05071,7365648,FORVEX GLOBAL,5,CONT AMERICA,ORBIT,REGIE,UZAE60CLRKX62N8,12.5
Stephanie,Sharp,DQ05071,7365648,FORVEX GLOBAL,5,EMEA,ORBIT,REGIE,NO_TS_EMEA,87.5
Colleen,Brown,BL13083,9496180,ALCOR SYSTEMS,5,LATAM MENA,QUANTUM,REGIE,Q8TY63MNO0455BH,13.78
Colleen,Brown,BL13083,9496180,ALCOR SYSTEMS,5,LATAM,QUANTUM,REGIE,NO_TS_LATAM,86.22
Kimberly,Parker,SF65057,8497913,DELVO SOLUTIONS,5,MEA ASIA,PULSE,MAINTENANCE,XTKSGJTCRUBNE1U,14.2
Kimberly,Parker,SF65057,8497913,DELVO SOLUTIONS,5,CONT,PULSE,MAINTENANCE,NO_TS_CONT,85.8
Andrew,Patel,LD30639,5594256,INOVA DYNAMICS,5,APAC EUROPE,STELLAR,RPS,JYHUCXCQG8GXRIG,13.07
Andrew,Patel,LD30639,5594256,INOVA DYNAMICS,5,CONT,STELLAR,RPS,NO_TS_CONT,86.93
Michael,Washington,KF80731,2633794,CENVEO CONSULTING,5,CONT AMERICA,ORBIT,RPS,XX8YK2DAJOJL2A4,11.93
Dawn,Harmon,OQ28876,2405091,HYRION SOLUTIONS,5,APAC AFRICA,PULSE,FORFAIT,OS53GUBFZUBS7QU,13.78
Dawn,Harmon,OQ28876,2405091,HYRION SOLUTIONS,5,NA,PULSE,FORFAIT,NO_TS_NA,86.22
Jason,Taylor,DT19500,5513893,DELVO DIGITAL,5,APAC OCEANIA,NEXUS,FORFAIT,SJE8CIFYAZQJCGZ,8.66
Traci,Jacobs,OJ68077,9881028,CENVEO SOLUTIONS,5,LATAM MENA,NOVA,REGIE,D4N27F7LKWABOZU,7.95
Traci,Jacobs,OJ68077,9881028,CENVEO SOLUTIONS,5,LATAM,NOVA,REGIE,NO_TS_LATAM,92.05
Kaitlin,Mclean,ON32601,2676993,JALVIK SYSTEMS,5,APAC OCEANIA,PHOENIX,FORFAIT,P8FHA9UMPRUW8BT,14.77
Kaitlin,Mclean,ON32601,2676993,JALVIK SYSTEMS,5,CONT,PHOENIX,FORFAIT,NO_TS_CONT,85.23
Frank,Colon,OY69172,4458443,ETHOS GROUP,5,EMEA EUROPE,STELLAR,FORFAIT,S52LN157CNMEZ26,10.23
Frank,Colon,OY69172,4458443,ETHOS GROUP,5,APAC,STELLAR,FORFAIT,NO_TS_APAC,89.77
Brandon,Herman,ER62134,3961052,CENVEO DYNAMICS,5,LATAM MENA,PULSE,FORFAIT,S34LFP2E6CAA62V,12.22
Suzanne,Elliott,WC20007,2330564,CENVEO SOLUTIONS,5,CONT AMERICA,NOVA,REGIE,07CH4WHCL8CU93D,9.23
Suzanne,Elliott,WC20007,2330564,CENVEO SOLUTIONS,5,MEA,NOVA,REGIE,NO_TS_MEA,90.77
Patrick,Velez,OK18884,1967174,FORVEX SYSTEMS,5,APAC MENA,NOVA,RPS,OWNIYDOTFHS0FOD,10.8
Patrick,Velez,OK18884,1967174,FORVEX SYSTEMS,5,LATAM,NOVA,RPS,NO_TS_LATAM,89.2
Linda,Duran,FQ75013,3258906,KESTRA SYSTEMS,5,NA EUROPE,STELLAR,RPS,DMSILWIBTTO8EV6,10.51
Linda,Duran,FQ75013,3258906,KESTRA SYSTEMS,5,NA,STELLAR,RPS,NO_TS_NA,89.49
James,Clarke,UK15645,8896487,HYRION DYNAMICS,5,NA OCEANIA,ORBIT,FORFAIT,C9N5BK8NXVA0M4A,13.64
Jennifer,Brooks,OX24014,5224408,ALCOR DYNAMICS,5,APAC EUROPE,ORBIT,FORFAIT,E6MSAN8NTDWKIO9,9.94
Zachary,Brady,QZ40260,2820606,ALCOR DIGITAL,5,APAC EUROPE,ATLAS,RPS,RYMNN1F448OUG0U,13.64
Zachary,Brady,QZ40260,2820606,ALCOR DIGITAL,5,CONT,ATLAS,RPS,NO_TS_CONT,86.36
Stacy,Clark,QC51797,9711669,CENVEO DIGITAL,5,CONT ASIA,NOVA,RPS,EYZZ7SYNUSA25XA,8.38
Alexander,Alexander,WA59497,7058575,BRYTON GROUP,5,APAC AFRICA,NEXUS,MAINTENANCE,GS38HJH4RUO2F3H,12.07
Alexander,Alexander,WA59497,7058575,BRYTON GROUP,5,LATAM,NEXUS,MAINTENANCE,NO_TS_LATAM,87.93
Raymond,Bond,AX45199,8876272,INOVA VENTURES,5,EMEA ASIA,STELLAR,SUPPORT,HRHXL7ZAJ6KK3MU,11.36
Raymond,Bond,AX45199,8876272,INOVA VENTURES,5,MEA,STELLAR,SUPPORT,NO_TS_MEA,88.64
Roberto,Martinez,KC76351,5658159,JALVIK CONSULTING,5,MEA AMERICA,NOVA,FORFAIT,L9UPN6JQ1SDAEV3,9.38
Roberto,Martinez,KC76351,5658159,JALVIK CONSULTING,5,NA,NOVA,FORFAIT,NO_TS_NA,90.63
Lori,Lewis,RV77697,4431297,LUMEX CONSULTING,5,CONT MENA,NOVA,SUPPORT,BCINNS6ALFJSAYG,11.36
Lori,Lewis,RV77697,4431297,LUMEX CONSULTING,5,EMEA,NOVA,SUPPORT,NO_TS_EMEA,88.64
Brian,Morse,DN89292,1987411,ETHOS TECH,5,LATAM AMERICA,ATLAS,RPS,6SLOZ8RV9PC9LNW,10.51
Brian,Morse,DN89292,1987411,ETHOS TECH,5,NA,ATLAS,RPS,NO_TS_NA,89.49
Debbie,Zimmerman,CE33347,5289389,BRYTON GLOBAL,5,CONT ASIA,VERTEX,SUPPORT,1B05698FOEGCOBN,15.91
Debbie,Zimmerman,CE33347,5289389,BRYTON GLOBAL,5,NA,VERTEX,SUPPORT,NO_TS_NA,84.09
David,Parks,JO12836,4277956,LUMEX CONSULTING,5,MEA OCEANIA,QUANTUM,FORFAIT,5XDQ2P86ONXHEMR,9.66
David,Parks,JO12836,4277956,LUMEX CONSULTING,5,MEA,QUANTUM,FORFAIT,NO_TS_MEA,90.34
Albert,Smith,DH93192,1375155,KESTRA GROUP,5,EMEA OCEANIA,QUANTUM,FORFAIT,UDV9AKPR01HVO6B,10.23
Albert,Smith,DH93192,1375155,KESTRA GROUP,5,APAC,QUANTUM,FORFAIT,NO_TS_APAC,89.77
Margaret,Black,ZH36697,6862007,INOVA DYNAMICS,5,NA EUROPE,STELLAR,RPS,N6E5RZUTRFCW18U,12.64
Margaret,Black,ZH36697,6862007,INOVA DYNAMICS,5,NA,STELLAR,RPS,NO_TS_NA,87.36
Daniel,Robinson,JO95176,5343258,HYRION TECH,5,EMEA OCEANIA,PULSE,SUPPORT,ZEQ0VI4A06E5UBH,8.81
Daniel,Robinson,JO95176,5343258,HYRION TECH,5,NA,PULSE,SUPPORT,NO_TS_NA,91.19
Susan,Leon,IZ05914,2577186,ALCOR DYNAMICS,5,LATAM AFRICA,ORBIT,MAINTENANCE,TFBUQZIBJP6FBCW,11.36
Colton,Jacobs,CN73051,1978927,ETHOS DIGITAL,5,LATAM OCEANIA,VERTEX,SUPPORT,YE6Y3KTR83DJK9O,11.36
Colton,Jacobs,CN73051,1978927,ETHOS DIGITAL,5,MEA,VERTEX,SUPPORT,NO_TS_MEA,88.64
Bruce,Kelley,HX23015,2508565,ALCOR GROUP,5,MEA AMERICA,ORBIT,SUPPORT,P0RAV5Y5IGQTMVY,12.22
Bruce,Kelley,HX23015,2508565,ALCOR GROUP,5,CONT,ORBIT,SUPPORT,NO_TS_CONT,87.78
Jonathan,Welch,LJ80239,3377618,KESTRA SOLUTIONS,5,MEA OCEANIA,NOVA,FORFAIT,8BS83AEB72VL900,12.22
Jonathan,Welch,LJ80239,3377618,KESTRA SOLUTIONS,5,NA,NOVA,FORFAIT,NO_TS_NA,87.78
Jennifer,Martin,DG11020,5924096,KESTRA SYSTEMS,5,MEA MENA,PULSE,MAINTENANCE,5J5CGL8D7EPBGFV,12.22
Jennifer,Martin,DG11020,5924096,KESTRA SYSTEMS,5,MEA,PULSE,MAINTENANCE,NO_TS_MEA,87.78
Sara,Watson,KK91310,5312270,INOVA CONSULTING,5,CONT EUROPE,NOVA,MAINTENANCE,ZF4JC7VAW2DHZWI,13.64
Sara,Watson,KK91310,5312270,INOVA CONSULTING,5,APAC,NOVA,MAINTENANCE,NO_TS_APAC,86.36
Kathy,Jimenez,SP06532,6261864,INOVA TECH,5,EMEA AFRICA,NOVA,SUPPORT,M5JE9NFSKYQSG87,13.64
Kathy,Jimenez,SP06532,6261864,INOVA TECH,5,LATAM,NOVA,SUPPORT,NO_TS_LATAM,86.36
Gregory,Fields,LY03837,2720765,GOLZEN DYNAMICS,5,EMEA AFRICA,VERTEX,RPS,84S1K6P2013M52H,4.83
Gregory,Fields,LY03837,2720765,GOLZEN DYNAMICS,5,LATAM,VERTEX,RPS,NO_TS_LATAM,95.17
Robert,Decker,YN91860,7409159,ALCOR TECH,5,NA ASIA,ORBIT,REGIE,G7RPH8YLK7D38MP,13.64
Robert,Decker,YN91860,7409159,ALCOR TECH,5,CONT,ORBIT,REGIE,NO_TS_CONT,86.36
Wesley,Jones,KM03242,1030590,INOVA GLOBAL,5,LATAM OCEANIA,PHOENIX,FORFAIT,AW098SG2J91TQVD,15.91
Wesley,Jones,KM03242,1030590,INOVA GLOBAL,5,EMEA,PHOENIX,FORFAIT,NO_TS_EMEA,84.09
Carrie,Wilson,VY98633,1323987,LUMEX GROUP,5,MEA ASIA,PHOENIX,REGIE,9797VUMX011VJ81,13.35
Carrie,Wilson,VY98633,1323987,LUMEX GROUP,5,CONT,PHOENIX,REGIE,NO_TS_CONT,86.65
Anna,Weaver,QH88975,9899483,FORVEX SOLUTIONS,5,EMEA MENA,STELLAR,MAINTENANCE,VCRWNX0TMPGB4SP,12.5
Anna,Weaver,QH88975,9899483,FORVEX SOLUTIONS,5,NA,STELLAR,MAINTENANCE,NO_TS_NA,87.5
Rick,Williams,RN51225,5198510,LUMEX SYSTEMS,5,CONT ASIA,PULSE,SUPPORT,8PJBR1W10F6L67Q,8.66
Rick,Williams,RN51225,5198510,LUMEX SYSTEMS,5,NA,PULSE,SUPPORT,NO_TS_NA,91.34
Dawn,Escobar,TN85540,6412497,ETHOS DIGITAL,5,APAC MENA,NOVA,RPS,AUTKYCOW9YKT31C,13.64
Dave,Black,TC87241,5908761,KESTRA TECH,5,MEA AFRICA,NEXUS,SUPPORT,2WONFGXBDIL7BH2,7.67
Dave,Black,TC87241,5908761,KESTRA TECH,5,LATAM,NEXUS,SUPPORT,NO_TS_LATAM,92.33
Catherine,Hanson,OF18956,5246688,JALVIK TECH,5,LATAM AMERICA,NOVA,MAINTENANCE,WA993VKUZST0NHG,10.51
Catherine,Hanson,OF18956,5246688,JALVIK TECH,5,CONT,NOVA,MAINTENANCE,NO_TS_CONT,89.49
Christopher,King,PG37772,1900165,GOLZEN CONSULTING,5,APAC EUROPE,VERTEX,FORFAIT,D0A8W311FMSAO0N,10.37
Sharon,Watson,WA58190,4272503,INOVA VENTURES,5,LATAM EUROPE,ATLAS,REGIE,371DHWLOXH6NFNJ,6.53
Sharon,Watson,WA58190,4272503,INOVA VENTURES,5,MEA,ATLAS,REGIE,NO_TS_MEA,93.47
Michael,Fowler,FV78892,4127941,ALCOR DIGITAL,5,EMEA ASIA,QUANTUM,FORFAIT,COMJBCKNEH63KCL,9.94
Robert,Henry,HO71920,1594935,HYRION GROUP,5,CONT AMERICA,NOVA,MAINTENANCE,S5KM8LP06YVCIGD,9.8
Timothy,Smith,DF88536,1247602,ETHOS TECH,5,CONT MENA,ATLAS,SUPPORT,Y157XB1SDAH6YW2,11.36
Timothy,Smith,DF88536,1247602,ETHOS TECH,5,MEA,ATLAS,SUPPORT,NO_TS_MEA,88.64
John,Yang,MV42539,4206154,LUMEX GROUP,5,EMEA OCEANIA,STELLAR,FORFAIT,A6OK5OB3RIMGJ5J,9.94
John,Yang,MV42539,4206154,LUMEX GROUP,5,EMEA,STELLAR,FORFAIT,NO_TS_EMEA,90.06
Teresa,Gallagher,EU40677,1831543,LUMEX SYSTEMS,5,EMEA EUROPE,NOVA,SUPPORT,15INQ2RGK8E73MW,11.51
Teresa,Gallagher,EU40677,1831543,LUMEX SYSTEMS,5,NA,NOVA,SUPPORT,NO_TS_NA,88.49
Mark,Bautista,MD17913,3547508,GOLZEN SYSTEMS,5,APAC OCEANIA,VERTEX,MAINTENANCE,3ZBV9GWW7S9SMAL,8.38
Mark,Bautista,MD17913,3547508,GOLZEN SYSTEMS,5,LATAM,VERTEX,MAINTENANCE,NO_TS_LATAM,91.62
Casey,Melton,VM80533,1155136,DELVO TECH,5,LATAM MENA,ORBIT,FORFAIT,W9H9XSZM9S03FI1,11.36
Debra,Anderson,LJ26755,6757005,LUMEX SYSTEMS,5,APAC MENA,ATLAS,FORFAIT,F98V7ZOOG7YHQKU,15.91
William,Wilkerson,YH94787,4686156,JALVIK CONSULTING,5,LATAM OCEANIA,VERTEX,SUPPORT,V4W0LTUZ7V89XV9,9.52
William,Wilkerson,YH94787,4686156,JALVIK CONSULTING,5,APAC,VERTEX,SUPPORT,NO_TS_APAC,90.48
Karen,Soto,QA88990,5319480,FORVEX DYNAMICS,5,APAC OCEANIA,ORBIT,FORFAIT,IMDN4GYWBMEDWFI,13.64
Karen,Soto,QA88990,5319480,FORVEX DYNAMICS,5,CONT,ORBIT,FORFAIT,NO_TS_CONT,86.36
Claudia,Doyle,NT30356,4785162,JALVIK CONSULTING,5,APAC OCEANIA,PHOENIX,REGIE,XES2KOCEAA1019J,12.5
Claudia,Doyle,NT30356,4785162,JALVIK CONSULTING,5,EMEA,PHOENIX,REGIE,NO_TS_EMEA,87.5
Jennifer,Dunlap,MB91820,6641649,BRYTON CONSULTING,5,NA EUROPE,QUANTUM,MAINTENANCE,5X74A7QI3B90TY0,14.49
Jennifer,Dunlap,MB91820,6641649,BRYTON CONSULTING,5,EMEA,QUANTUM,MAINTENANCE,NO_TS_EMEA,85.51
Jack,Hill,RM56703,6392211,BRYTON CONSULTING,5,MEA ASIA,ORBIT,MAINTENANCE,0NUHLTK5NFR60ND,6.67
Jack,Hill,RM56703,6392211,BRYTON CONSULTING,5,LATAM,ORBIT,MAINTENANCE,NO_TS_LATAM,93.33
Kristina,Jackson,BY59453,4815391,DELVO GLOBAL,5,APAC AFRICA,ORBIT,MAINTENANCE,ITGTYD8BROBI76X,12.5
Derek,Bennett,UI91740,6508921,BRYTON SOLUTIONS,5,LATAM MENA,ATLAS,FORFAIT,8JPHA9JUH9NDWX5,8.24
Mary,Hernandez,CH09510,7934681,GOLZEN TECH,5,NA OCEANIA,ORBIT,REGIE,TZ4FFNJTY1GY6MV,11.36
Tiffany,Burgess,QL25904,8407916,LUMEX DYNAMICS,5,APAC OCEANIA,NOVA,SUPPORT,55PTQ68K16Q7U71,11.36
Martha,Ferguson,SH66817,5510954,FORVEX GLOBAL,5,APAC ASIA,NEXUS,FORFAIT,R99OT8J6MF557N0,12.78
Martha,Ferguson,SH66817,5510954,FORVEX GLOBAL,5,LATAM,NEXUS,FORFAIT,NO_TS_LATAM,87.22
Colleen,Johnson,PZ48771,1933543,LUMEX SYSTEMS,5,NA AFRICA,ORBIT,RPS,1Z0MBDVL55Z3B3C,11.36
Colleen,Johnson,PZ48771,1933543,LUMEX SYSTEMS,5,EMEA,ORBIT,RPS,NO_TS_EMEA,88.64
Erika,Lawrence,ZN64494,5634088,ETHOS GROUP,5,MEA AFRICA,NOVA,FORFAIT,8XW5QMQ2KERZ4S7,11.79
Erika,Lawrence,ZN64494,5634088,ETHOS GROUP,5,NA,NOVA,FORFAIT,NO_TS_NA,88.21
Christopher,Mayer,RV66999,4791433,LUMEX GROUP,5,LATAM EUROPE,PULSE,REGIE,RUKX0NCK2228WS4,5.31
Christopher,Mayer,RV66999,4791433,LUMEX GROUP,5,EMEA,PULSE,REGIE,NO_TS_EMEA,94.69
Jeffrey,Mccoy,UW40924,5917006,ETHOS DIGITAL,5,NA OCEANIA,PULSE,MAINTENANCE,G96D8FPII6KRJCT,8.81
Jeffrey,Mccoy,UW40924,5917006,ETHOS DIGITAL,5,MEA,PULSE,MAINTENANCE,NO_TS_MEA,91.19
Wesley,Griffin,NT54393,8362385,BRYTON GLOBAL,5,MEA MENA,PULSE,RPS,R1UDTZUM4UUFJMJ,7.95
Wesley,Griffin,NT54393,8362385,BRYTON GLOBAL,5,EMEA,PULSE,RPS,NO_TS_EMEA,92.05
Jose,Wall,YK52792,4046817,CENVEO GLOBAL,5,APAC EUROPE,NEXUS,FORFAIT,C1SDES5M58X7RD3,12.5
Melissa,Young,SN61339,8597203,ETHOS GROUP,5,MEA ASIA,ORBIT,FORFAIT,SSXIZ1EJ9LWSMCG,12.5
Melissa,Young,SN61339,8597203,ETHOS GROUP,5,APAC,ORBIT,FORFAIT,NO_TS_APAC,87.5
William,Wheeler,SO78863,5623090,LUMEX TECH,5,MEA ASIA,STELLAR,REGIE,8HK0Y59UGZJVAJK,10.51
Anthony,Gonzales,HN29397,1570991,DELVO TECH,5,MEA AFRICA,NOVA,REGIE,YCG383YKFMXWLSZ,13.64
Lori,Moore,BI55020,3463810,DELVO DIGITAL,5,MEA AMERICA,ORBIT,RPS,2ZJLADNRH6TMGMS,15.91
Cheryl,Suarez,HP16538,5369878,BRYTON GLOBAL,5,MEA MENA,QUANTUM,FORFAIT,UWSAPPS1G8IT89Y,10.23
Cheryl,Suarez,HP16538,5369878,BRYTON GLOBAL,5,APAC,QUANTUM,FORFAIT,NO_TS_APAC,89.77
Melissa,Lopez,CX44378,6843832,GOLZEN GLOBAL,5,APAC OCEANIA,VERTEX,FORFAIT,7NECDRKAEUDZAIE,13.35
Melissa,Lopez,CX44378,6843832,GOLZEN GLOBAL,5,LATAM,VERTEX,FORFAIT,NO_TS_LATAM,86.65
Sarah,Hudson,KC47897,9685063,ALCOR DYNAMICS,5,LATAM EUROPE,ATLAS,MAINTENANCE,UBP7EE6WIYZ2QUM,9.38
Sarah,Hudson,KC47897,9685063,ALCOR DYNAMICS,5,CONT,ATLAS,MAINTENANCE,NO_TS_CONT,90.63
Carol,Martinez,FO18811,4435188,DELVO DIGITAL,5,APAC EUROPE,ORBIT,MAINTENANCE,WJZWYJO37VWK1Y5,11.36
Carol,Martinez,FO18811,4435188,DELVO DIGITAL,5,NA,ORBIT,MAINTENANCE,NO_TS_NA,88.64
Rebecca,Hardy,LA71728,5629949,GOLZEN VENTURES,5,NA EUROPE,VERTEX,RPS,HYMHDS7IPGA5YHT,7.95
Rebecca,Hardy,LA71728,5629949,GOLZEN VENTURES,5,LATAM,VERTEX,RPS,NO_TS_LATAM,92.05
Lisa,Tate,ZT84209,8692593,JALVIK VENTURES,5,APAC MENA,NEXUS,RPS,2S5K96X31BI8YS0,7.67
Jeff,Ochoa,XK66733,8744312,FORVEX SYSTEMS,5,LATAM AFRICA,ATLAS,REGIE,D03A8ETE38AXWBM,13.07
Jeff,Ochoa,XK66733,8744312,FORVEX SYSTEMS,5,APAC,ATLAS,REGIE,NO_TS_APAC,86.93
Charles,Moore,MI40236,6917905,HYRION SOLUTIONS,5,MEA AFRICA,PULSE,FORFAIT,23IUGDECKV2L6N9,10.23
Charles,Moore,MI40236,6917905,HYRION SOLUTIONS,5,LATAM,PULSE,FORFAIT,NO_TS_LATAM,89.77
Douglas,Collins,BT55923,8948334,JALVIK VENTURES,5,CONT ASIA,ATLAS,RPS,7XYOTBQC0EN3TUV,12.22
Paul,Bennett,DM77844,1650701,HYRION SOLUTIONS,5,LATAM MENA,NEXUS,FORFAIT,GERIC5PVA5GJ5XZ,11.36
Paul,Bennett,DM77844,1650701,HYRION SOLUTIONS,5,EMEA,NEXUS,FORFAIT,NO_TS_EMEA,88.64
Joy,Jones,QW58988,8304778,BRYTON CONSULTING,5,CONT AFRICA,VERTEX,REGIE,JFUAHK4ULNOZLKU,9.52
Joy,Jones,QW58988,8304778,BRYTON CONSULTING,5,NA,VERTEX,REGIE,NO_TS_NA,90.48
Ricky,Howe,DL12241,2605791,LUMEX CONSULTING,5,APAC EUROPE,PULSE,REGIE,EIDDRBQ83FJGF7G,15.06
Vincent,Noble,SB02665,7359182,BRYTON GLOBAL,5,APAC AMERICA,STELLAR,RPS,9PULDJ9I4JRPRBJ,13.64
Vincent,Noble,SB02665,7359182,BRYTON GLOBAL,5,CONT,STELLAR,RPS,NO_TS_CONT,86.36
Amy,Kelly,CW03199,6067029,CENVEO SYSTEMS,5,CONT AMERICA,NOVA,MAINTENANCE,FW26T2K6F1Y48D7,10.8
Penny,White,YA57714,5542255,INOVA SOLUTIONS,5,NA EUROPE,STELLAR,REGIE,W7G38ZN3M1HODK5,11.93
Penny,White,YA57714,5542255,INOVA SOLUTIONS,5,MEA,STELLAR,REGIE,NO_TS_MEA,88.07
Sandy,Gibson,LO00013,1732841,BRYTON SOLUTIONS,5,CONT ASIA,NOVA,REGIE,K0M3HUJHSTZ6SVZ,13.64
Sandy,Gibson,LO00013,1732841,BRYTON SOLUTIONS,5,EMEA,NOVA,REGIE,NO_TS_EMEA,86.36
Victoria,Jones,QK90796,1493675,DELVO SOLUTIONS,5,EMEA ASIA,STELLAR,RPS,EDXZZC78KHDS8VA,11.36
Debra,Johnson,OG92288,5814166,LUMEX DYNAMICS,5,LATAM ASIA,VERTEX,REGIE,VYZTM3280ATMTK3,12.22
Christopher,Gonzalez,QX94002,5118996,BRYTON GROUP,5,APAC EUROPE,QUANTUM,REGIE,WFCBUINGKYA4T66,13.64
Christopher,Gonzalez,QX94002,5118996,BRYTON GROUP,5,EMEA,QUANTUM,REGIE,NO_TS_EMEA,86.36
Shawn,Sanchez,SF43683,3229274,ETHOS DIGITAL,5,APAC AMERICA,NEXUS,REGIE,X2IG97J612GCT6D,7.95
Shawn,Sanchez,SF43683,3229274,ETHOS DIGITAL,5,LATAM,NEXUS,REGIE,NO_TS_LATAM,92.05
Jesse,Randall,FP24076,4352093,CENVEO SOLUTIONS,5,CONT OCEANIA,ORBIT,FORFAIT,P563LPGZU8KXHU4,8.81
Brian,Price,LI28224,6618035,DELVO CONSULTING,5,NA AFRICA,QUANTUM,RPS,Z9UUQTM09SG2ANV,10.23
Brian,Price,LI28224,6618035,DELVO CONSULTING,5,CONT,QUANTUM,RPS,NO_TS_CONT,89.77
Andrea,Smith,FN49291,6975082,BRYTON SOLUTIONS,5,MEA MENA,ORBIT,RPS,MV5AU1EGCWWJMOY,11.51
Andrea,Smith,FN49291,6975082,BRYTON SOLUTIONS,5,NA,ORBIT,RPS,NO_TS_NA,88.49
Brooke,Murphy,QO25816,1652892,JALVIK DIGITAL,5,CONT AMERICA,NOVA,FORFAIT,N6AENIKJ881MN1A,12.78
Brooke,Murphy,QO25816,1652892,JALVIK DIGITAL,5,CONT,NOVA,FORFAIT,NO_TS_CONT,87.22
Stacy,Williamson,SM09380,1993926,HYRION SYSTEMS,5,NA AMERICA,PHOENIX,SUPPORT,NLN215HKHHG8GWG,9.94
Stacy,Williamson,SM09380,1993926,HYRION SYSTEMS,5,NA,PHOENIX,SUPPORT,NO_TS_NA,90.06
Keith,Torres,HX42193,7737052,ALCOR TECH,5,EMEA AMERICA,ORBIT,RPS,TK9YL27DTG4EQXZ,13.64
Keith,Torres,HX42193,7737052,ALCOR TECH,5,MEA,ORBIT,RPS,NO_TS_MEA,86.36
Daniel,Moore,JK48207,2782469,FORVEX GROUP,5,NA AMERICA,NOVA,RPS,32B8IYHHXM8M0GA,15.91
Daniel,Moore,JK48207,2782469,FORVEX GROUP,5,LATAM,NOVA,RPS,NO_TS_LATAM,84.09
Carolyn,Roberts,RX40486,1321813,LUMEX VENTURES,5,MEA MENA,NEXUS,MAINTENANCE,BWB5BUPL2B0E4FM,10.09
Carolyn,Roberts,RX40486,1321813,LUMEX VENTURES,5,APAC,NEXUS,MAINTENANCE,NO_TS_APAC,89.91
Joshua,Hill,MA13231,8587464,DELVO GROUP,5,MEA OCEANIA,PULSE,RPS,ZZ5VUIBAQRSOMUB,13.64
Joshua,Hill,MA13231,8587464,DELVO GROUP,5,NA,PULSE,RPS,NO_TS_NA,86.36
Crystal,Fritz,ZR87751,3522016,HYRION DIGITAL,5,MEA AFRICA,NEXUS,MAINTENANCE,2EY9365S2V2HNZB,13.35
Crystal,Fritz,ZR87751,3522016,HYRION DIGITAL,5,EMEA,NEXUS,MAINTENANCE,NO_TS_EMEA,86.65
Brittney,Hall,RR26862,6053915,HYRION SOLUTIONS,5,CONT ASIA,NOVA,REGIE,GH07EHCCS8VZRLX,9.09
Brittney,Hall,RR26862,6053915,HYRION SOLUTIONS,5,LATAM,NOVA,REGIE,NO_TS_LATAM,90.91
Derrick,Ray,IW21712,4446508,DELVO TECH,5,LATAM AMERICA,ORBIT,SUPPORT,6EM8HS10JOP6XQX,11.36
Timothy,Martin,YT20864,4084382,DELVO GROUP,5,MEA AFRICA,ATLAS,FORFAIT,XGITI922M5LJ18P,11.65
Timothy,Martin,YT20864,4084382,DELVO GROUP,5,LATAM,ATLAS,FORFAIT,NO_TS_LATAM,88.35
Cory,Lowery,ZE47452,3126292,KESTRA SOLUTIONS,5,APAC MENA,PULSE,RPS,TKYH1U9AG5IJTU8,13.64
Cory,Lowery,ZE47452,3126292,KESTRA SOLUTIONS,5,NA,PULSE,RPS,NO_TS_NA,86.36
Gregory,Terry,ND12083,3687192,INOVA CONSULTING,5,APAC OCEANIA,NEXUS,REGIE,2EGOMFUUCAUMRV2,7.95
Crystal,Bishop,ZK19582,4475167,LUMEX TECH,5,NA EUROPE,STELLAR,MAINTENANCE,NWHTHNS7RANPFG8,13.64
Crystal,Bishop,ZK19582,4475167,LUMEX TECH,5,APAC,STELLAR,MAINTENANCE,NO_TS_APAC,86.36
Jennifer,Knapp,DC83888,1145886,INOVA TECH,5,CONT ASIA,NOVA,RPS,TO4BASQLSF96UEF,11.36
Jennifer,Knapp,DC83888,1145886,INOVA TECH,5,CONT,NOVA,RPS,NO_TS_CONT,88.64
Daniel,Walker,VT00869,9278048,ETHOS GLOBAL,5,LATAM ASIA,PULSE,MAINTENANCE,O30VVCBZH3VGYRF,9.09
Ruth,Reed,GR55908,7090956,ETHOS TECH,5,MEA MENA,PULSE,RPS,7JDOSP7XNI7J4UE,13.64
Ruth,Reed,GR55908,7090956,ETHOS TECH,5,MEA,PULSE,RPS,NO_TS_MEA,86.36
Kelsey,Wilson,DO92231,9780479,HYRION DIGITAL,5,MEA ASIA,ORBIT,MAINTENANCE,ZQ3W67E4XCRGM0Q,13.64
Kelsey,Wilson,DO92231,9780479,HYRION DIGITAL,5,LATAM,ORBIT,MAINTENANCE,NO_TS_LATAM,86.36
Christina,Gonzalez,YP45500,9181134,ALCOR DYNAMICS,5,LATAM OCEANIA,ORBIT,MAINTENANCE,3YADQKRJ3J7EQDH,11.36
Christina,Gonzalez,YP45500,9181134,ALCOR DYNAMICS,5,CONT,ORBIT,MAINTENANCE,NO_TS_CONT,88.64
Christopher,Griffin,JA80574,3339423,ETHOS GLOBAL,5,NA MENA,PULSE,REGIE,VQ0G9WI9IJBN9FQ,9.94
Christopher,Griffin,JA80574,3339423,ETHOS GLOBAL,5,MEA,PULSE,REGIE,NO_TS_MEA,90.06
Pamela,Nicholson,YG48618,9240804,KESTRA DIGITAL,5,NA ASIA,ORBIT,SUPPORT,X9LW7MZ96Q2K8LO,14.2
Pamela,Nicholson,YG48618,9240804,KESTRA DIGITAL,5,NA,ORBIT,SUPPORT,NO_TS_NA,85.8
Amy,Martin,PB47126,1137627,CENVEO DIGITAL,5,CONT AMERICA,PULSE,RPS,Q5O8DZKOJUHH058,15.63
Amy,Martin,PB47126,1137627,CENVEO DIGITAL,5,APAC,PULSE,RPS,NO_TS_APAC,84.38
Michael,Price,JG90978,7762084,INOVA DIGITAL,5,NA OCEANIA,NOVA,MAINTENANCE,LT03WVYVAA48ZQL,11.08
Michael,Price,JG90978,7762084,INOVA DIGITAL,5,CONT,NOVA,MAINTENANCE,NO_TS_CONT,88.92
Allison,Copeland,IV53083,8529951,ALCOR VENTURES,5,MEA AMERICA,PHOENIX,REGIE,LAEMG4MAOP8HIK5,11.93
Anne,Pearson,IQ25937,7438938,INOVA GROUP,5,MEA EUROPE,NOVA,MAINTENANCE,XU41GD3M0NZY24E,13.64
Anne,Pearson,IQ25937,7438938,INOVA GROUP,5,MEA,NOVA,MAINTENANCE,NO_TS_MEA,86.36
Sarah,Rose,QE28147,1359309,ETHOS GROUP,5,CONT AFRICA,PULSE,MAINTENANCE,AWWB5SC4PBYP3RY,16.48
Sarah,Rose,QE28147,1359309,ETHOS GROUP,5,NA,PULSE,MAINTENANCE,NO_TS_NA,83.52
Heather,Nichols,JT91572,9276298,DELVO GROUP,5,CONT OCEANIA,STELLAR,MAINTENANCE,DH3GRPKDN6ALAF6,10.8
Heather,Nichols,JT91572,9276298,DELVO GROUP,5,NA,STELLAR,MAINTENANCE,NO_TS_NA,89.2
Erik,Bray,TG73530,4713593,FORVEX SOLUTIONS,5,APAC EUROPE,ATLAS,RPS,AIDZXQCTBQ9K5KS,10.23
Erik,Bray,TG73530,4713593,FORVEX SOLUTIONS,5,EMEA,ATLAS,RPS,NO_TS_EMEA,89.77
Michelle,Bell,RX95567,7028581,JALVIK SOLUTIONS,5,CONT AFRICA,PULSE,FORFAIT,W1ATGRG4DYQ2FAA,11.36
Michelle,Bell,RX95567,7028581,JALVIK SOLUTIONS,5,APAC,PULSE,FORFAIT,NO_TS_APAC,88.64
Peter,Cabrera,GB06491,1593378,GOLZEN DIGITAL,5,LATAM ASIA,QUANTUM,FORFAIT,36AQEPPF4ZZLPM1,9.09
Peter,Cabrera,GB06491,1593378,GOLZEN DIGITAL,5,APAC,QUANTUM,FORFAIT,NO_TS_APAC,90.91
Sandra,Miller,XK66777,2049349,GOLZEN DIGITAL,5,MEA EUROPE,PHOENIX,RPS,D1UVF2GATFEC2CT,9.09
Sandra,Miller,XK66777,2049349,GOLZEN DIGITAL,5,NA,PHOENIX,RPS,NO_TS_NA,90.91
Emily,Torres,PP73828,9903740,ALCOR SOLUTIONS,5,MEA EUROPE,PULSE,SUPPORT,4NBDCK69YT5ERSD,8.52
Malik,Black,VA67635,7094187,BRYTON SOLUTIONS,5,EMEA ASIA,STELLAR,RPS,ZLPDHUR8RWH56P4,8.1
Malik,Black,VA67635,7094187,BRYTON SOLUTIONS,5,EMEA,STELLAR,RPS,NO_TS_EMEA,91.9
Wayne,Kramer,WQ81370,4674064,LUMEX SOLUTIONS,5,EMEA AMERICA,NOVA,REGIE,Q6CE8GLX8TU0VI2,10.23
Brian,Martinez,WR42479,8397629,DELVO VENTURES,5,APAC ASIA,VERTEX,REGIE,5CC83KI6UGBQMQG,13.64
Ebony,Armstrong,HY40608,5161931,FORVEX SOLUTIONS,5,EMEA AFRICA,ORBIT,REGIE,RM64HTDNQFM11RK,17.05
Ebony,Armstrong,HY40608,5161931,FORVEX SOLUTIONS,5,EMEA,ORBIT,REGIE,NO_TS_EMEA,82.95
Joseph,Brooks,UF19278,7390111,ALCOR GLOBAL,5,EMEA MENA,STELLAR,MAINTENANCE,SQLRD94PEZ2M7AM,10.37
Joseph,Brooks,UF19278,7390111,ALCOR GLOBAL,5,LATAM,STELLAR,MAINTENANCE,NO_TS_LATAM,89.63
Brian,Stevenson,RA56787,9668762,JALVIK DYNAMICS,5,NA AFRICA,QUANTUM,REGIE,YGSEOD9B9NX4JBC,7.1
Brian,Stevenson,RA56787,9668762,JALVIK DYNAMICS,5,NA,QUANTUM,REGIE,NO_TS_NA,92.9
Jessica,Perry,HR64609,4586978,FORVEX CONSULTING,5,CONT OCEANIA,NOVA,MAINTENANCE,ATPW2KSBX007R1W,13.64
Jessica,Perry,HR64609,4586978,FORVEX CONSULTING,5,LATAM,NOVA,MAINTENANCE,NO_TS_LATAM,86.36
Michael,Greene,KB06215,1109990,DELVO GROUP,5,EMEA OCEANIA,ORBIT,RPS,ZDXFXXVD602J2EK,12.5
John,Flores,WO95590,5281918,ALCOR GROUP,5,LATAM AMERICA,ORBIT,FORFAIT,CD6F64F53D0S3TZ,9.94
John,Flores,WO95590,5281918,ALCOR GROUP,5,CONT,ORBIT,FORFAIT,NO_TS_CONT,90.06
Christian,Arnold,GG74176,6227521,CENVEO TECH,5,NA OCEANIA,NEXUS,MAINTENANCE,196KYYU19RQ9QYN,12.07
Christian,Arnold,GG74176,6227521,CENVEO TECH,5,NA,NEXUS,MAINTENANCE,NO_TS_NA,87.93
Jessica,Scott,LB99965,3946245,FORVEX DIGITAL,5,EMEA MENA,STELLAR,MAINTENANCE,WTM266BU4NC697S,7.95
Janice,Lewis,ZX83502,9286106,ETHOS GLOBAL,5,EMEA AFRICA,NEXUS,FORFAIT,HBM7HLVSISY8R0K,9.94
Janice,Lewis,ZX83502,9286106,ETHOS GLOBAL,5,MEA,NEXUS,FORFAIT,NO_TS_MEA,90.06
Dustin,Diaz,ZC17646,1725868,CENVEO DYNAMICS,5,CONT OCEANIA,PHOENIX,REGIE,UF0L8R5LDLEU5F2,12.22
Dustin,Diaz,ZC17646,1725868,CENVEO DYNAMICS,5,EMEA,PHOENIX,REGIE,NO_TS_EMEA,87.78
Patrick,Campbell,SQ52676,6546557,GOLZEN GROUP,5,LATAM AFRICA,STELLAR,RPS,2C5I2JNQFYCE32F,11.93
Lauren,Cox,DG26933,6780676,DELVO CONSULTING,5,APAC OCEANIA,PHOENIX,SUPPORT,YR1K8UOFPWHSZO5,12.78
David,Hensley,AJ61648,4758599,BRYTON SYSTEMS,5,EMEA EUROPE,STELLAR,SUPPORT,ZBCICN2LWTNX11V,12.5
Timothy,Smith,HQ01665,9410332,LUMEX SYSTEMS,5,NA AMERICA,PULSE,SUPPORT,MXRSG3YUWSANUAK,11.36
Timothy,Smith,HQ01665,9410332,LUMEX SYSTEMS,5,MEA,PULSE,SUPPORT,NO_TS_MEA,88.64
Laura,Marquez,QR32393,4197897,CENVEO TECH,5,MEA ASIA,NOVA,REGIE,N4ULJYMMQDYLT2H,6.68
Laura,Marquez,QR32393,4197897,CENVEO TECH,5,LATAM,NOVA,REGIE,NO_TS_LATAM,93.32
Joseph,Brock,TT46947,6624548,BRYTON GROUP,5,CONT ASIA,ATLAS,SUPPORT,IRX22V8LWCF8VWD,12.5
Joseph,Brock,TT46947,6624548,BRYTON GROUP,5,CONT,ATLAS,SUPPORT,NO_TS_CONT,87.5
Alan,Fisher,RB02380,7033580,HYRION SYSTEMS,5,EMEA AFRICA,NEXUS,REGIE,2F2S97532FJ37F3,9.38
Stephanie,Maldonado,RA97284,9774312,ETHOS TECH,5,CONT AFRICA,PULSE,REGIE,QQE85HLUIJSOPR6,9.09
Elizabeth,Martinez,LT81414,2466579,BRYTON GROUP,5,APAC AMERICA,ORBIT,RPS,UWMFXRJ0U28N7YC,14.77
David,York,UD71729,7031601,HYRION DYNAMICS,5,EMEA AMERICA,QUANTUM,MAINTENANCE,UBFB65EADNFSHR3,12.5
David,York,UD71729,7031601,HYRION DYNAMICS,5,EMEA,QUANTUM,MAINTENANCE,NO_TS_EMEA,87.5
Pamela,Alvarado,TT32304,8828189,INOVA TECH,5,CONT EUROPE,NEXUS,FORFAIT,SP70P1AEH0UYOJC,11.36
Pamela,Alvarado,TT32304,8828189,INOVA TECH,5,CONT,NEXUS,FORFAIT,NO_TS_CONT,88.64
Jennifer,Ellis,OV90741,7043853,CENVEO DIGITAL,5,MEA MENA,STELLAR,REGIE,YBH37YMS84DNZUI,11.93
Jennifer,Ellis,OV90741,7043853,CENVEO DIGITAL,5,MEA,STELLAR,REGIE,NO_TS_MEA,88.07
Andrew,Baxter,VW43485,7094696,LUMEX VENTURES,5,NA MENA,QUANTUM,FORFAIT,NGAGMBZXJG7WPCD,10.09
Andrew,Baxter,VW43485,7094696,LUMEX VENTURES,5,EMEA,QUANTUM,FORFAIT,NO_TS_EMEA,89.91
Kelly,Phillips,CM14046,1895152,JALVIK GROUP,5,LATAM AFRICA,STELLAR,MAINTENANCE,4JOUCUZ651WIWVS,11.36
Derek,Mason,DW77735,9788700,FORVEX CONSULTING,5,EMEA ASIA,NEXUS,RPS,MCSY45U9RHNYPPI,9.94
Derek,Mason,DW77735,9788700,FORVEX CONSULTING,5,MEA,NEXUS,RPS,NO_TS_MEA,90.06
Joseph,Schaefer,UI45368,2132414,FORVEX SOLUTIONS,5,CONT AMERICA,PHOENIX,REGIE,W39WSZLOGDVBB6W,8.24
Joseph,Schaefer,UI45368,2132414,FORVEX SOLUTIONS,5,CONT,PHOENIX,REGIE,NO_TS_CONT,91.76
Scott,Cooley,ZY04059,6823087,CENVEO DYNAMICS,5,NA MENA,QUANTUM,RPS,1N58BBTERNCE0BA,9.38
Scott,Cooley,ZY04059,6823087,CENVEO DYNAMICS,5,NA,QUANTUM,RPS,NO_TS_NA,90.63
Karen,Duran,FQ72814,4568826,HYRION SOLUTIONS,5,NA EUROPE,NOVA,FORFAIT,7L3CHMJ2VMKNO3N,11.36
Karen,Duran,FQ72814,4568826,HYRION SOLUTIONS,5,APAC,NOVA,FORFAIT,NO_TS_APAC,88.64
Shawn,Riley,GG87471,8758976,BRYTON SOLUTIONS,5,MEA AMERICA,ORBIT,MAINTENANCE,DBC2KB6EA0FE045,10.23
Shawn,Riley,GG87471,8758976,BRYTON SOLUTIONS,5,EMEA,ORBIT,MAINTENANCE,NO_TS_EMEA,89.77
Wayne,Palmer,KO65658,6997964,DELVO VENTURES,5,MEA ASIA,STELLAR,SUPPORT,JCM07REXHY23L62,9.8
Wayne,Palmer,KO65658,6997964,DELVO VENTURES,5,NA,STELLAR,SUPPORT,NO_TS_NA,90.2
Timothy,Walker,FZ74101,1220721,FORVEX GROUP,5,APAC AFRICA,NEXUS,REGIE,DITCKBPMJB84HVC,10.51
Timothy,Walker,FZ74101,1220721,FORVEX GROUP,5,CONT,NEXUS,REGIE,NO_TS_CONT,89.49
Timothy,Vazquez,NY29309,1193392,DELVO SYSTEMS,5,NA MENA,ATLAS,FORFAIT,13XD8F7NCERPHEW,13.35
Timothy,Vazquez,NY29309,1193392,DELVO SYSTEMS,5,EMEA,ATLAS,FORFAIT,NO_TS_EMEA,86.65
Joseph,Gutierrez,WC82247,7134021,CENVEO GROUP,5,CONT MENA,ATLAS,REGIE,SPZ2X4EBZ1BPCQT,11.93
Joseph,Gutierrez,WC82247,7134021,CENVEO GROUP,5,APAC,ATLAS,REGIE,NO_TS_APAC,88.07
Joseph,Greer,IN51100,9462706,ALCOR CONSULTING,5,MEA MENA,ATLAS,REGIE,8CM6OHNEHQ1R110,10.23
Joseph,Greer,IN51100,9462706,ALCOR CONSULTING,5,CONT,ATLAS,REGIE,NO_TS_CONT,89.77
Angelica,Robles,MB23744,5889206,KESTRA DYNAMICS,5,MEA ASIA,QUANTUM,RPS,8GHCBVTEO0KOIMP,7.39
Angelica,Robles,MB23744,5889206,KESTRA DYNAMICS,5,APAC,QUANTUM,RPS,NO_TS_APAC,92.61
Shirley,Fox,VZ57594,2977841,ETHOS DYNAMICS,5,NA MENA,NOVA,FORFAIT,MPGV5NE3N1OHIOX,13.35
Shirley,Fox,VZ57594,2977841,ETHOS DYNAMICS,5,APAC,NOVA,FORFAIT,NO_TS_APAC,86.65
Jamie,Santiago,RY09055,7730201,ETHOS DYNAMICS,5,NA ASIA,PHOENIX,REGIE,SIBRDIJ79X6Y1VG,6.82
Jamie,Santiago,RY09055,7730201,ETHOS DYNAMICS,5,APAC,PHOENIX,REGIE,NO_TS_APAC,93.18
Holly,Harrington,NE70101,9526446,DELVO GLOBAL,5,APAC ASIA,NEXUS,FORFAIT,7CSG207B9KDO3TO,4.69
Holly,Harrington,NE70101,9526446,DELVO GLOBAL,5,LATAM,NEXUS,FORFAIT,NO_TS_LATAM,95.31
Traci,Jones,SJ64653,2511870,GOLZEN GROUP,5,NA AMERICA,ATLAS,SUPPORT,OMSCQX706D8MXBZ,8.24
Sandra,Scott,LS22018,6603346,CENVEO GLOBAL,5,EMEA AMERICA,PHOENIX,RPS,KNY7J1B2HBAMD6T,6.25
Sandra,Scott,LS22018,6603346,CENVEO GLOBAL,5,APAC,PHOENIX,RPS,NO_TS_APAC,93.75
Elizabeth,Clark,KX82663,2255587,DELVO VENTURES,5,MEA AMERICA,ATLAS,REGIE,OGSLYVCM9UJR2EE,6.25
Elizabeth,Clark,KX82663,2255587,DELVO VENTURES,5,EMEA,ATLAS,REGIE,NO_TS_EMEA,93.75
Monica,Benson,HG86837,3641288,INOVA TECH,5,MEA OCEANIA,PHOENIX,REGIE,HOF7E3N8D4V95N4,9.66
Monica,Benson,HG86837,3641288,INOVA TECH,5,NA,PHOENIX,REGIE,NO_TS_NA,90.34
Alexandra,Mullen,PW23980,9643277,FORVEX SYSTEMS,5,CONT AMERICA,ATLAS,FORFAIT,OBCGWFHRX80EUSL,10.37
Alexandra,Mullen,PW23980,9643277,FORVEX SYSTEMS,5,LATAM,ATLAS,FORFAIT,NO_TS_LATAM,89.63
Rachel,Conrad,XL25517,5487564,BRYTON SYSTEMS,5,MEA ASIA,STELLAR,RPS,83CBKYXLKKBH4PB,9.09
Patrick,Kim,AT31343,8197942,KESTRA TECH,5,CONT EUROPE,ORBIT,REGIE,33JVDIYZEUR50L2,11.65
Patrick,Kim,AT31343,8197942,KESTRA TECH,5,CONT,ORBIT,REGIE,NO_TS_CONT,88.35
Katherine,Rogers,LQ61157,1368421,HYRION TECH,5,EMEA AMERICA,NOVA,REGIE,YCZ16IW90ACV6ZB,11.22
Katherine,Rogers,LQ61157,1368421,HYRION TECH,5,APAC,NOVA,REGIE,NO_TS_APAC,88.78
Frank,Bailey,ZK07553,2268041,FORVEX DYNAMICS,5,MEA ASIA,STELLAR,REGIE,PLGXR66UM876ZVK,11.36
Frank,Bailey,ZK07553,2268041,FORVEX DYNAMICS,5,APAC,STELLAR,REGIE,NO_TS_APAC,88.64
Joshua,Dixon,WN76907,4722079,INOVA SOLUTIONS,5,APAC OCEANIA,ATLAS,REGIE,QBITNHM69NL3683,9.23
Joshua,Dixon,WN76907,4722079,INOVA SOLUTIONS,5,APAC,ATLAS,REGIE,NO_TS_APAC,90.77
Robert,Washington,FH83082,6508866,JALVIK SYSTEMS,5,CONT EUROPE,STELLAR,REGIE,CSIXL5L5F86ZUBA,7.67
Robert,Washington,FH83082,6508866,JALVIK SYSTEMS,5,APAC,STELLAR,REGIE,NO_TS_APAC,92.33
Karen,Kelly,RT25908,7894630,DELVO SYSTEMS,5,EMEA EUROPE,ORBIT,REGIE,EJYHFDVKRGJLALQ,13.35
Karen,Kelly,RT25908,7894630,DELVO SYSTEMS,5,EMEA,ORBIT,REGIE,NO_TS_EMEA,86.65
Sherri,Reese,CX32429,6035376,JALVIK DYNAMICS,5,EMEA AMERICA,QUANTUM,MAINTENANCE,WPMWDHS1L2NM5VL,8.81
Sherri,Reese,CX32429,6035376,JALVIK DYNAMICS,5,APAC,QUANTUM,MAINTENANCE,NO_TS_APAC,91.19
Timothy,Weaver,HP42896,3879237,GOLZEN SOLUTIONS,5,LATAM MENA,PULSE,REGIE,6PRW6AO4IIKQHJX,13.64
Timothy,Weaver,HP42896,3879237,GOLZEN SOLUTIONS,5,NA,PULSE,REGIE,NO_TS_NA,86.36
Bradley,Branch,SY66753,5850224,CENVEO GLOBAL,5,NA OCEANIA,NEXUS,SUPPORT,SW2SS2MP2BZHPC9,9.09
Bradley,Branch,SY66753,5850224,CENVEO GLOBAL,5,LATAM,NEXUS,SUPPORT,NO_TS_LATAM,90.91
Steven,Gonzalez,AO19729,3771358,FORVEX GROUP,5,APAC ASIA,VERTEX,MAINTENANCE,ZOOKOI10PERV66A,8.1
Steven,Gonzalez,AO19729,3771358,FORVEX GROUP,5,CONT,VERTEX,MAINTENANCE,NO_TS_CONT,91.9
Kristin,Adams,NY32946,8490181,GOLZEN CONSULTING,5,APAC EUROPE,ORBIT,REGIE,YG6LOS92UNGF0RD,8.52
Kristin,Adams,NY32946,8490181,GOLZEN CONSULTING,5,NA,ORBIT,REGIE,NO_TS_NA,91.48
Kathryn,Richardson,MQ77281,5752632,KESTRA CONSULTING,5,MEA AMERICA,STELLAR,FORFAIT,JD0PXILBSOL9YMV,11.36
Kathryn,Richardson,MQ77281,5752632,KESTRA CONSULTING,5,MEA,STELLAR,FORFAIT,NO_TS_MEA,88.64
Mark,Morgan,MB23775,7310432,DELVO CONSULTING,5,MEA AFRICA,QUANTUM,SUPPORT,H666O7UGP577E6Z,9.09
Mark,Morgan,MB23775,7310432,DELVO CONSULTING,5,NA,QUANTUM,SUPPORT,NO_TS_NA,90.91
Anthony,Smith,QU88348,6041291,BRYTON SOLUTIONS,5,NA MENA,PHOENIX,RPS,EDL450HYGJ4G0QI,15.91
Anthony,Smith,QU88348,6041291,BRYTON SOLUTIONS,5,MEA,PHOENIX,RPS,NO_TS_MEA,84.09
James,Cunningham,CA28222,2658407,CENVEO GLOBAL,5,LATAM AFRICA,STELLAR,REGIE,IUJATQW235QUAYD,11.51
Richard,Burns,MW63333,5444446,LUMEX CONSULTING,5,APAC OCEANIA,PHOENIX,FORFAIT,PB3XI7DLFUS315J,12.5
Richard,Burns,MW63333,5444446,LUMEX CONSULTING,5,NA,PHOENIX,FORFAIT,NO_TS_NA,87.5
Samantha,Lee,BF61464,8418047,INOVA TECH,5,MEA AFRICA,QUANTUM,REGIE,O6O4Q2X0N82EPLB,11.36
Samantha,Lee,BF61464,8418047,INOVA TECH,5,NA,QUANTUM,REGIE,NO_TS_NA,88.64
James,Sawyer,HG25893,8712644,CENVEO GROUP,5,EMEA AFRICA,PHOENIX,SUPPORT,ZXA5QAOMXJHI313,4.97
James,Sawyer,HG25893,8712644,CENVEO GROUP,5,LATAM,PHOENIX,SUPPORT,NO_TS_LATAM,95.03
Tyler,Howard,YJ80674,6102438,FORVEX GROUP,5,LATAM EUROPE,STELLAR,FORFAIT,28N6U5MNN7G0SCI,9.94
Tyler,Howard,YJ80674,6102438,FORVEX GROUP,5,EMEA,STELLAR,FORFAIT,NO_TS_EMEA,90.06
Matthew,Rodriguez,OF77373,2052459,ALCOR SYSTEMS,5,MEA AMERICA,VERTEX,FORFAIT,RO9DW4YRWYJQWV6,10.8
Matthew,Walker,VG59870,9356152,CENVEO DYNAMICS,5,CONT AMERICA,STELLAR,MAINTENANCE,ET98MSOPODF55OP,10.37
Matthew,Walker,VG59870,9356152,CENVEO DYNAMICS,5,NA,STELLAR,MAINTENANCE,NO_TS_NA,89.63
Emily,Peters,IL09009,8947085,JALVIK GLOBAL,5,LATAM AMERICA,VERTEX,MAINTENANCE,XIXZYDZMUA2C6SR,13.64
Emily,Peters,IL09009,8947085,JALVIK GLOBAL,5,LATAM,VERTEX,MAINTENANCE,NO_TS_LATAM,86.36
Laurie,Delgado,TT19439,3894465,ETHOS VENTURES,5,CONT AFRICA,QUANTUM,RPS,E0O9UXNR015H3QJ,6.25
Laurie,Delgado,TT19439,3894465,ETHOS VENTURES,5,NA,QUANTUM,RPS,NO_TS_NA,93.75
Dan,Riley,SB26586,6819601,HYRION VENTURES,5,LATAM MENA,NOVA,SUPPORT,7WXE5GNQS9IKV18,8.81
Dan,Riley,SB26586,6819601,HYRION VENTURES,5,CONT,NOVA,SUPPORT,NO_TS_CONT,91.19
Jenna,Morales,AR51724,3856523,KESTRA TECH,5,APAC AFRICA,VERTEX,MAINTENANCE,M67UX9S42ZEY0YZ,10.51
Jenna,Morales,AR51724,3856523,KESTRA TECH,5,EMEA,VERTEX,MAINTENANCE,NO_TS_EMEA,89.49
James,Bauer,TM60805,4993592,ETHOS SOLUTIONS,5,MEA EUROPE,VERTEX,RPS,9BCW1QVA5ECQEXM,12.36
Dennis,Galvan,XO70541,5345290,DELVO DIGITAL,5,EMEA AMERICA,NOVA,REGIE,4UUM03GOJF9HMMA,8.24
Christina,Ingram,IR85017,4247310,JALVIK DYNAMICS,5,LATAM AFRICA,QUANTUM,FORFAIT,XKNK9GB80RI9JA9,6.25
Christina,Ingram,IR85017,4247310,JALVIK DYNAMICS,5,APAC,QUANTUM,FORFAIT,NO_TS_APAC,93.75
Lisa,Logan,QG12731,9109904,JALVIK DIGITAL,5,NA AMERICA,ATLAS,REGIE,HBOA4Y1Y8GRPBLQ,13.64
Christian,Robinson,HP52228,8754278,CENVEO TECH,5,NA MENA,NOVA,REGIE,VSJFD53LC7KTKVL,18.18
Christian,Robinson,HP52228,8754278,CENVEO TECH,5,LATAM,NOVA,REGIE,NO_TS_LATAM,81.82
Kimberly,Patton,XO34888,8821320,HYRION TECH,5,EMEA MENA,NEXUS,RPS,XOD4V5KQX7IT5ET,9.38
Kimberly,Patton,XO34888,8821320,HYRION TECH,5,MEA,NEXUS,RPS,NO_TS_MEA,90.63
Lindsey,Osborne,IS64272,7221359,HYRION TECH,5,MEA EUROPE,NOVA,FORFAIT,4J1I7PPP88XF7GE,10.51
Lindsey,Osborne,IS64272,7221359,HYRION TECH,5,APAC,NOVA,FORFAIT,NO_TS_APAC,89.49
Jessica,Phillips,VN07383,8919201,ALCOR GLOBAL,5,APAC MENA,STELLAR,MAINTENANCE,JZRMXIE9U88G2JE,12.07
Jessica,Phillips,VN07383,8919201,ALCOR GLOBAL,5,NA,STELLAR,MAINTENANCE,NO_TS_NA,87.93
Paul,Todd,PO37160,3937930,ETHOS CONSULTING,5,NA MENA,PHOENIX,RPS,BSSGO3FVJET742C,11.36
Paul,Todd,PO37160,3937930,ETHOS CONSULTING,5,NA,PHOENIX,RPS,NO_TS_NA,88.64
Stacy,Randolph,KD98784,7113310,HYRION DYNAMICS,5,EMEA MENA,STELLAR,FORFAIT,8BSW948XQQQ783G,14.2
Stacy,Randolph,KD98784,7113310,HYRION DYNAMICS,5,LATAM,STELLAR,FORFAIT,NO_TS_LATAM,85.8
Rebecca,Gilbert,ZO31775,9240917,ETHOS TECH,5,NA AFRICA,STELLAR,RPS,ATPUP2IJQ5SAEIW,12.5
Rebecca,Gilbert,ZO31775,9240917,ETHOS TECH,5,LATAM,STELLAR,RPS,NO_TS_LATAM,87.5
Andrea,Diaz,JB86057,6050708,BRYTON GROUP,5,MEA EUROPE,QUANTUM,REGIE,5EAHAUQRCWP2BGO,9.66
Donald,Rhodes,MP52691,8306517,JALVIK SYSTEMS,5,MEA EUROPE,ORBIT,REGIE,N1V91X4OY2N2NDM,5.54
Mary,Scott,LX29429,4934719,HYRION DYNAMICS,5,EMEA AMERICA,STELLAR,MAINTENANCE,ZODZEWNPY12I6G9,7.95
Mary,Scott,LX29429,4934719,HYRION DYNAMICS,5,EMEA,STELLAR,MAINTENANCE,NO_TS_EMEA,92.05
Lori,Miller,KE07348,6681499,CENVEO VENTURES,5,EMEA EUROPE,STELLAR,MAINTENANCE,C7RIRRZDEYIZEM0,9.94
Lori,Miller,KE07348,6681499,CENVEO VENTURES,5,CONT,STELLAR,MAINTENANCE,NO_TS_CONT,90.06
Elizabeth,Spence,PZ55945,3942935,JALVIK GROUP,5,LATAM AFRICA,PULSE,FORFAIT,67JG9O2AUHRIVCJ,11.36
Elizabeth,Spence,PZ55945,3942935,JALVIK GROUP,5,EMEA,PULSE,FORFAIT,NO_TS_EMEA,88.64
Raymond,Henderson,QW75504,7497612,KESTRA VENTURES,5,LATAM AFRICA,PULSE,FORFAIT,7NQM4SCJKRIB0N9,7.67
Raymond,Henderson,QW75504,7497612,KESTRA VENTURES,5,NA,PULSE,FORFAIT,NO_TS_NA,92.33
Danielle,Short,GW47366,4513055,JALVIK DIGITAL,5,CONT AMERICA,NEXUS,SUPPORT,25U9LN8BR7ULRYK,6.53
Danielle,Short,GW47366,4513055,JALVIK DIGITAL,5,LATAM,NEXUS,SUPPORT,NO_TS_LATAM,93.47
Craig,Vaughn,YK27708,3402215,INOVA GLOBAL,5,EMEA ASIA,PHOENIX,FORFAIT,OYO2W6M31XFXY44,11.36
Craig,Vaughn,YK27708,3402215,INOVA GLOBAL,5,CONT,PHOENIX,FORFAIT,NO_TS_CONT,88.64
Devin,Mann,IA70831,3970982,ALCOR DYNAMICS,5,APAC MENA,NOVA,FORFAIT,8TOW5S4ZN2AYLGV,11.65
Devin,Mann,IA70831,3970982,ALCOR DYNAMICS,5,LATAM,NOVA,FORFAIT,NO_TS_LATAM,88.35
Carlos,Jacobs,IN65717,2763242,GOLZEN TECH,5,MEA MENA,VERTEX,FORFAIT,YNH19GBHF5VJ9W0,9.66
Christopher,Robinson,EK20366,7914011,FORVEX VENTURES,5,NA EUROPE,NOVA,FORFAIT,JR84F52JUXJSO23,11.65
Christopher,Robinson,EK20366,7914011,FORVEX VENTURES,5,NA,NOVA,FORFAIT,NO_TS_NA,88.35
Amy,Gutierrez,PV17103,9683104,CENVEO GROUP,5,CONT ASIA,NEXUS,RPS,V34DLVC8T32YL3O,7.95
Amy,Gutierrez,PV17103,9683104,CENVEO GROUP,5,CONT,NEXUS,RPS,NO_TS_CONT,92.05
Felicia,Browning,WU20903,2404444,KESTRA TECH,5,MEA MENA,PHOENIX,REGIE,ZO7IBPDC9KGMKDE,11.36
Felicia,Browning,WU20903,2404444,KESTRA TECH,5,LATAM,PHOENIX,REGIE,NO_TS_LATAM,88.64
Earl,Ford,RJ36719,4982734,ETHOS DYNAMICS,5,APAC OCEANIA,NOVA,FORFAIT,DUA3YX1TM4UES6N,6.53
Earl,Ford,RJ36719,4982734,ETHOS DYNAMICS,5,APAC,NOVA,FORFAIT,NO_TS_APAC,93.47
Maria,Pierce,ZO42453,3336772,HYRION SYSTEMS,5,LATAM MENA,ORBIT,REGIE,DLD8ZWCB7F8L0CG,13.64
Maria,Pierce,ZO42453,3336772,HYRION SYSTEMS,5,EMEA,ORBIT,REGIE,NO_TS_EMEA,86.36
Vincent,Guerrero,FW55541,3505744,KESTRA DIGITAL,5,CONT ASIA,VERTEX,RPS,QJDVJGA38HUE6GB,11.93
Scott,Garza,LL42067,8583634,LUMEX VENTURES,5,NA ASIA,NOVA,MAINTENANCE,IXL8ZQV4Y7EUTLL,10.94
Scott,Garza,LL42067,8583634,LUMEX VENTURES,5,APAC,NOVA,MAINTENANCE,NO_TS_APAC,89.06
Dana,Clark,UQ17604,1564699,LUMEX DYNAMICS,5,APAC MENA,ORBIT,RPS,5YTWPCRFLTU5LYZ,12.78
Dana,Clark,UQ17604,1564699,LUMEX DYNAMICS,5,APAC,ORBIT,RPS,NO_TS_APAC,87.22
Anthony,Burns,SZ13522,5846162,HYRION SOLUTIONS,5,CONT EUROPE,NOVA,SUPPORT,JVNN551QQ9F781R,15.06
Anthony,Burns,SZ13522,5846162,HYRION SOLUTIONS,5,NA,NOVA,SUPPORT,NO_TS_NA,84.94
David,Hughes,DN96487,2180777,KESTRA VENTURES,5,APAC OCEANIA,VERTEX,SUPPORT,X2NZBEG3S3RXVNR,8.52
David,Hughes,DN96487,2180777,KESTRA VENTURES,5,EMEA,VERTEX,SUPPORT,NO_TS_EMEA,91.48
Cathy,Mcmillan,WX01212,1108502,KESTRA SYSTEMS,5,MEA OCEANIA,QUANTUM,SUPPORT,WARNRMHQNJFMBMQ,11.36
Cathy,Mcmillan,WX01212,1108502,KESTRA SYSTEMS,5,EMEA,QUANTUM,SUPPORT,NO_TS_EMEA,88.64
Sheena,Davis,ZH54424,4790130,GOLZEN DIGITAL,5,EMEA EUROPE,NEXUS,FORFAIT,29V6N3SGUPUS2VX,13.64
Sheena,Davis,ZH54424,4790130,GOLZEN DIGITAL,5,CONT,NEXUS,FORFAIT,NO_TS_CONT,86.36
Victor,Morgan,BM07943,5580646,BRYTON CONSULTING,5,NA AFRICA,VERTEX,FORFAIT,08RKQP2RWQPHUKJ,10.23
Victor,Morgan,BM07943,5580646,BRYTON CONSULTING,5,LATAM,VERTEX,FORFAIT,NO_TS_LATAM,89.77
Kim,Fleming,ZZ99547,5156416,ALCOR SOLUTIONS,5,CONT OCEANIA,PHOENIX,FORFAIT,LH39O9GP9Z52O3Y,9.66
Willie,Butler,ET86658,6786328,LUMEX SOLUTIONS,5,APAC MENA,PHOENIX,SUPPORT,04WN6R9BWWGSQKN,9.38
Willie,Butler,ET86658,6786328,LUMEX SOLUTIONS,5,NA,PHOENIX,SUPPORT,NO_TS_NA,90.63
Barbara,Johnston,QN09502,6929314,ALCOR TECH,5,MEA AFRICA,QUANTUM,RPS,TX99B8UUL1K6BFS,9.66
Barbara,Johnston,QN09502,6929314,ALCOR TECH,5,CONT,QUANTUM,RPS,NO_TS_CONT,90.34
Devin,Gomez,JP25568,2973121,BRYTON GLOBAL,5,CONT MENA,STELLAR,RPS,MT7B63NCB9KVU9K,9.09
Devin,Gomez,JP25568,2973121,BRYTON GLOBAL,5,LATAM,STELLAR,RPS,NO_TS_LATAM,90.91
Martha,Davis,JC89087,8126564,ALCOR CONSULTING,5,APAC AMERICA,ATLAS,FORFAIT,NFWBP8JDR2VZ6IW,11.08
Martha,Davis,JC89087,8126564,ALCOR CONSULTING,5,NA,ATLAS,FORFAIT,NO_TS_NA,88.92
Angela,Carroll,LH84989,2779341,GOLZEN VENTURES,5,CONT OCEANIA,STELLAR,FORFAIT,IJOXR63I5HNIQDY,15.34
Angela,Carroll,LH84989,2779341,GOLZEN VENTURES,5,CONT,STELLAR,FORFAIT,NO_TS_CONT,84.66
Lindsay,Walters,TO49349,1339673,LUMEX GLOBAL,5,MEA OCEANIA,NOVA,MAINTENANCE,HO01832WGUSHOQQ,9.38
Duane,Merritt,EL72524,9423296,DELVO TECH,5,NA AFRICA,NEXUS,RPS,55HSHFSI7LC7KGC,9.52
Duane,Merritt,EL72524,9423296,DELVO TECH,5,EMEA,NEXUS,RPS,NO_TS_EMEA,90.48
Amanda,Conley,XL79324,6082999,JALVIK GROUP,5,LATAM AFRICA,STELLAR,MAINTENANCE,FQ0UNYCJ3KK7VOC,12.22
Amanda,Conley,XL79324,6082999,JALVIK GROUP,5,APAC,STELLAR,MAINTENANCE,NO_TS_APAC,87.78
Melissa,Chavez,VY79569,7902813,ALCOR DIGITAL,5,LATAM AFRICA,PULSE,MAINTENANCE,DIY8XEDP8SMD1Q7,13.92
Melissa,Chavez,VY79569,7902813,ALCOR DIGITAL,5,APAC,PULSE,MAINTENANCE,NO_TS_APAC,86.08
Jerry,Estes,TB78457,5408135,BRYTON SOLUTIONS,5,EMEA AFRICA,PHOENIX,MAINTENANCE,VHQMM1KCA2G0WOO,11.51
Jerry,Estes,TB78457,5408135,BRYTON SOLUTIONS,5,NA,PHOENIX,MAINTENANCE,NO_TS_NA,88.49
Todd,Greer,UJ49664,7464042,CENVEO GROUP,5,APAC ASIA,NOVA,RPS,W86QVEYBKW1NCBA,10.8
Michelle,Hanna,RC55916,8347204,JALVIK SYSTEMS,5,LATAM ASIA,STELLAR,RPS,6A5HEKOISRHTWNC,9.66
Bryan,Reid,DF84980,9329414,CENVEO CONSULTING,5,MEA OCEANIA,PULSE,RPS,A2ZYV7RLPBT4ZMR,11.36
Jonathon,Gordon,MD66953,8240256,GOLZEN SYSTEMS,5,MEA EUROPE,PHOENIX,RPS,LKOR98HTHYA9G0A,12.5
Jonathon,Gordon,MD66953,8240256,GOLZEN SYSTEMS,5,APAC,PHOENIX,RPS,NO_TS_APAC,87.5
Brad,Johnson,UX23481,6535884,LUMEX GROUP,5,NA MENA,PHOENIX,MAINTENANCE,5T2V5ZWNIIENBPY,14.77
Brad,Johnson,UX23481,6535884,LUMEX GROUP,5,MEA,PHOENIX,MAINTENANCE,NO_TS_MEA,85.23
Vanessa,Patterson,GL40767,8499184,GOLZEN CONSULTING,5,EMEA ASIA,NOVA,SUPPORT,409V37Y9X276QJM,12.36
Vanessa,Patterson,GL40767,8499184,GOLZEN CONSULTING,5,EMEA,NOVA,SUPPORT,NO_TS_EMEA,87.64
Karina,Atkins,UD27586,8652869,JALVIK SOLUTIONS,5,MEA AFRICA,QUANTUM,RPS,8Q7YHD98VPTKEEL,9.38
Karina,Atkins,UD27586,8652869,JALVIK SOLUTIONS,5,EMEA,QUANTUM,RPS,NO_TS_EMEA,90.63
Jay,Hayes,AA18052,8372182,DELVO CONSULTING,5,APAC OCEANIA,ATLAS,SUPPORT,X26JJHAO1XJVJDQ,13.35
Jay,Hayes,AA18052,8372182,DELVO CONSULTING,5,APAC,ATLAS,SUPPORT,NO_TS_APAC,86.65
Tiffany,Hess,HN73558,3431469,FORVEX GLOBAL,5,CONT EUROPE,ORBIT,REGIE,UUDR36FENWXDW7O,11.22
Tiffany,Hess,HN73558,3431469,FORVEX GLOBAL,5,NA,ORBIT,REGIE,NO_TS_NA,88.78
Gabriella,Smith,EW68228,2680077,LUMEX SYSTEMS,5,MEA AMERICA,ORBIT,REGIE,X8AXP35FF3PTYJD,9.09
Gabriella,Smith,EW68228,2680077,LUMEX SYSTEMS,5,MEA,ORBIT,REGIE,NO_TS_MEA,90.91
Franklin,Alexander,JA16027,1619334,GOLZEN DYNAMICS,5,NA EUROPE,ORBIT,MAINTENANCE,IDGWMU50MWM1VUR,12.5
Franklin,Alexander,JA16027,1619334,GOLZEN DYNAMICS,5,MEA,ORBIT,MAINTENANCE,NO_TS_MEA,87.5
Amy,Walters,NO62941,7983727,DELVO GROUP,5,APAC EUROPE,NOVA,SUPPORT,4MHH7BFVTNSCVQL,15.91
Amy,Walters,NO62941,7983727,DELVO GROUP,5,APAC,NOVA,SUPPORT,NO_TS_APAC,84.09
Christine,Mason,NH16032,3079234,KESTRA VENTURES,5,MEA MENA,ATLAS,SUPPORT,ONX1V5BG41FK7R7,11.93
Christine,Mason,NH16032,3079234,KESTRA VENTURES,5,MEA,ATLAS,SUPPORT,NO_TS_MEA,88.07
Ricky,Figueroa,NX04918,2585346,KESTRA DYNAMICS,5,MEA AMERICA,QUANTUM,SUPPORT,ARFRQXAO94IGY96,6.39
Ricky,Figueroa,NX04918,2585346,KESTRA DYNAMICS,5,CONT,QUANTUM,SUPPORT,NO_TS_CONT,93.61
Matthew,Bradley,QY18414,9168714,LUMEX SOLUTIONS,5,APAC AMERICA,PULSE,SUPPORT,I11O765AGK925WX,11.36
Matthew,Bradley,QY18414,9168714,LUMEX SOLUTIONS,5,APAC,PULSE,SUPPORT,NO_TS_APAC,88.64
Martha,Norton,MS78676,4415842,INOVA GROUP,5,MEA MENA,ORBIT,SUPPORT,3791BM5LM85PNK5,11.36
Martha,Norton,MS78676,4415842,INOVA GROUP,5,MEA,ORBIT,SUPPORT,NO_TS_MEA,88.64
Kathleen,Harris,LZ61640,4598411,LUMEX SOLUTIONS,5,APAC MENA,VERTEX,RPS,LQ5FBRY09B6QVV3,11.36
Kathleen,Harris,LZ61640,4598411,LUMEX SOLUTIONS,5,MEA,VERTEX,RPS,NO_TS_MEA,88.64
Aaron,Smith,IY97070,8123551,JALVIK GLOBAL,5,EMEA ASIA,VERTEX,REGIE,Z95TNJJUG1OFD52,7.1
Aaron,Smith,IY97070,8123551,JALVIK GLOBAL,5,EMEA,VERTEX,REGIE,NO_TS_EMEA,92.9
David,Robertson,JY17579,2635188,GOLZEN GLOBAL,5,NA EUROPE,NOVA,REGIE,FI2V1BQD9CROBC7,10.94
David,Robertson,JY17579,2635188,GOLZEN GLOBAL,5,NA,NOVA,REGIE,NO_TS_NA,89.06
Steven,West,IN83564,7798772,INOVA SOLUTIONS,5,APAC ASIA,QUANTUM,FORFAIT,TONI277M0K9SS3H,12.5
Steven,West,IN83564,7798772,INOVA SOLUTIONS,5,MEA,QUANTUM,FORFAIT,NO_TS_MEA,87.5
Kevin,Garcia,LO36006,9804779,LUMEX VENTURES,5,APAC AFRICA,VERTEX,REGIE,5U5WZXNT8HQN73Y,10.51
Andrew,Freeman,PV48247,7112721,HYRION VENTURES,5,NA AMERICA,PHOENIX,MAINTENANCE,MWRNVIRKV090A6R,9.09
Andrew,Freeman,PV48247,7112721,HYRION VENTURES,5,LATAM,PHOENIX,MAINTENANCE,NO_TS_LATAM,90.91
Bridget,Klein,QC70895,2480113,ALCOR SYSTEMS,5,MEA AFRICA,ATLAS,MAINTENANCE,5OIA6Q6J003Z4YM,11.93
Bridget,Klein,QC70895,2480113,ALCOR SYSTEMS,5,LATAM,ATLAS,MAINTENANCE,NO_TS_LATAM,88.07
Darrell,Jackson,ZT65006,5995777,FORVEX SOLUTIONS,5,NA AMERICA,PHOENIX,FORFAIT,FHSWDRKJJX1NOYY,10.8
Lauren,Williamson,FC41322,8637629,HYRION SOLUTIONS,5,LATAM AMERICA,VERTEX,FORFAIT,4TS830AKDUG0J8R,11.36
Lauren,Williamson,FC41322,8637629,HYRION SOLUTIONS,5,NA,VERTEX,FORFAIT,NO_TS_NA,88.64
Jennifer,Alvarez,JW13516,2952418,FORVEX DYNAMICS,5,NA MENA,STELLAR,MAINTENANCE,GLCAWOPSOPRF8CV,13.64
Jennifer,Alvarez,JW13516,2952418,FORVEX DYNAMICS,5,NA,STELLAR,MAINTENANCE,NO_TS_NA,86.36
Christopher,Haney,UP08324,4399196,CENVEO CONSULTING,5,APAC ASIA,PULSE,REGIE,64DI356FFJAL6RB,8.24
Tracey,Clark,WV99119,1426205,INOVA DYNAMICS,5,LATAM AFRICA,ORBIT,REGIE,HCYFQX7O42BGOY5,10.37
Tracey,Clark,WV99119,1426205,INOVA DYNAMICS,5,CONT,ORBIT,REGIE,NO_TS_CONT,89.63
Jeffrey,Burton,BZ95895,7254811,ETHOS DIGITAL,5,MEA MENA,STELLAR,FORFAIT,CMJOFH5BSRJ9VHS,13.78
Jeffrey,Burton,BZ95895,7254811,ETHOS DIGITAL,5,NA,STELLAR,FORFAIT,NO_TS_NA,86.22
Holly,Williams,LE93641,1794478,LUMEX CONSULTING,5,EMEA AMERICA,PULSE,SUPPORT,ZW15026CUGS76QJ,10.09
Holly,Williams,LE93641,1794478,LUMEX CONSULTING,5,APAC,PULSE,SUPPORT,NO_TS_APAC,89.91
William,Elliott,QZ64244,6533273,JALVIK GROUP,5,EMEA OCEANIA,ATLAS,SUPPORT,4G7F25H57AET3PF,9.09
William,Elliott,QZ64244,6533273,JALVIK GROUP,5,APAC,ATLAS,SUPPORT,NO_TS_APAC,90.91
Jason,Roy,QV62766,3926866,DELVO TECH,5,NA MENA,PHOENIX,RPS,IAC950V5YM4BAF1,11.93
Jason,Roy,QV62766,3926866,DELVO TECH,5,EMEA,PHOENIX,RPS,NO_TS_EMEA,88.07
Deanna,Wiggins,JY29560,9694832,GOLZEN SYSTEMS,5,CONT AMERICA,QUANTUM,MAINTENANCE,A535ILCF392QNDU,9.38
Deanna,Wiggins,JY29560,9694832,GOLZEN SYSTEMS,5,EMEA,QUANTUM,MAINTENANCE,NO_TS_EMEA,90.63
Amy,Barr,RF36385,4172547,GOLZEN SOLUTIONS,5,EMEA OCEANIA,NEXUS,RPS,YY1DR73MLM2LYRB,12.5
James,Davis,AN03476,4455643,INOVA CONSULTING,5,APAC AMERICA,STELLAR,RPS,TEP9TPJQRLIA6VC,7.1
James,Davis,AN03476,4455643,INOVA CONSULTING,5,CONT,STELLAR,RPS,NO_TS_CONT,92.9
Alyssa,Munoz,BI63416,8950005,GOLZEN DYNAMICS,5,NA AMERICA,ATLAS,REGIE,V6PFX0CA64P2OT9,13.64
Alyssa,Munoz,BI63416,8950005,GOLZEN DYNAMICS,5,LATAM,ATLAS,REGIE,NO_TS_LATAM,86.36
Kristi,Fox,CF50979,5380384,ALCOR GLOBAL,5,APAC OCEANIA,ATLAS,MAINTENANCE,VV0DT3KRBT4CLPU,8.52
Kristi,Fox,CF50979,5380384,ALCOR GLOBAL,5,APAC,ATLAS,MAINTENANCE,NO_TS_APAC,91.48
Jennifer,Marshall,KS43162,3604018,LUMEX TECH,5,APAC ASIA,PHOENIX,RPS,XT3B18CD0P7IWY3,11.51
Jennifer,Marshall,KS43162,3604018,LUMEX TECH,5,NA,PHOENIX,RPS,NO_TS_NA,88.49
Natalie,Reed,HG61572,7231262,JALVIK GLOBAL,5,NA EUROPE,ORBIT,RPS,DRTTNAV4THYAKAU,10.51
Natalie,Reed,HG61572,7231262,JALVIK GLOBAL,5,LATAM,ORBIT,RPS,NO_TS_LATAM,89.49
Rodney,Roman,TI85556,4250767,LUMEX SOLUTIONS,5,CONT MENA,VERTEX,SUPPORT,8M8F58KDBUNDWI4,11.36
Rodney,Roman,TI85556,4250767,LUMEX SOLUTIONS,5,EMEA,VERTEX,SUPPORT,NO_TS_EMEA,88.64
Eric,Hess,PH76732,7958555,DELVO DYNAMICS,5,LATAM MENA,QUANTUM,MAINTENANCE,KFVKPUF5UB0VFFQ,7.1
Eric,Hess,PH76732,7958555,DELVO DYNAMICS,5,LATAM,QUANTUM,MAINTENANCE,NO_TS_LATAM,92.9
Chase,Mcclure,PM41965,7440599,KESTRA SOLUTIONS,5,CONT AFRICA,ATLAS,RPS,PWC5E9DPAKRNFRI,8.38
Chase,Mcclure,PM41965,7440599,KESTRA SOLUTIONS,5,LATAM,ATLAS,RPS,NO_TS_LATAM,91.62
Rebecca,Davis,QJ93984,6061863,CENVEO DYNAMICS,5,LATAM ASIA,QUANTUM,SUPPORT,FJZDIA4ATJPJ9X6,9.94
Rebecca,Davis,QJ93984,6061863,CENVEO DYNAMICS,5,LATAM,QUANTUM,SUPPORT,NO_TS_LATAM,90.06
Amanda,Olson,GQ94458,8269216,HYRION CONSULTING,5,MEA AFRICA,STELLAR,RPS,1XF5P9CRVYYH7W2,12.5
Amanda,Olson,GQ94458,8269216,HYRION CONSULTING,5,EMEA,STELLAR,RPS,NO_TS_EMEA,87.5
Mckenzie,Contreras,BV53452,6462785,FORVEX GLOBAL,5,APAC OCEANIA,PULSE,MAINTENANCE,GNHJEVFE29Y8HMB,9.09
Mckenzie,Contreras,BV53452,6462785,FORVEX GLOBAL,5,LATAM,PULSE,MAINTENANCE,NO_TS_LATAM,90.91
Alexis,Mcdonald,IT85115,2555657,ALCOR SYSTEMS,5,EMEA OCEANIA,STELLAR,RPS,YKIASA2L1W7ERJB,13.64
Alexis,Mcdonald,IT85115,2555657,ALCOR SYSTEMS,5,APAC,STELLAR,RPS,NO_TS_APAC,86.36
Tonya,Young,DP61856,9620531,BRYTON DYNAMICS,5,MEA MENA,NOVA,MAINTENANCE,KKCPA0IROKX3E19,12.5
Tonya,Young,DP61856,9620531,BRYTON DYNAMICS,5,LATAM,NOVA,MAINTENANCE,NO_TS_LATAM,87.5
Jessica,Abbott,GN78151,4996656,FORVEX GLOBAL,5,NA AMERICA,ORBIT,MAINTENANCE,GG4TY6KDRODFWJY,11.36
Jessica,Abbott,GN78151,4996656,FORVEX GLOBAL,5,MEA,ORBIT,MAINTENANCE,NO_TS_MEA,88.64
Timothy,Ortiz,KE93025,9148692,JALVIK DIGITAL,5,EMEA AFRICA,QUANTUM,MAINTENANCE,9A02TZDFC85BAQW,8.1
Timothy,Ortiz,KE93025,9148692,JALVIK DIGITAL,5,LATAM,QUANTUM,MAINTENANCE,NO_TS_LATAM,91.9
Dennis,Patel,EL95254,5933588,FORVEX SYSTEMS,5,LATAM ASIA,PULSE,SUPPORT,LFXTAQ7ZWE0FTGP,16.48
Dennis,Patel,EL95254,5933588,FORVEX SYSTEMS,5,EMEA,PULSE,SUPPORT,NO_TS_EMEA,83.52
Jake,Horn,PN42354,7988353,INOVA GROUP,5,NA AFRICA,ORBIT,MAINTENANCE,G29ZKGMQJBU24JR,10.8
Jake,Horn,PN42354,7988353,INOVA GROUP,5,NA,ORBIT,MAINTENANCE,NO_TS_NA,89.2
Brian,Johnson,AK15649,2310690,CENVEO VENTURES,5,NA AMERICA,NEXUS,REGIE,3P8NTO57SDONLNU,11.08
Brian,Johnson,AK15649,2310690,CENVEO VENTURES,5,APAC,NEXUS,REGIE,NO_TS_APAC,88.92
Maria,Morales,NL17916,8972113,ALCOR CONSULTING,5,APAC OCEANIA,STELLAR,FORFAIT,375SCE0BP4L4LDD,13.78
Maria,Morales,NL17916,8972113,ALCOR CONSULTING,5,MEA,STELLAR,FORFAIT,NO_TS_MEA,86.22
Jennifer,Atkins,ZK00053,3829290,KESTRA GROUP,5,MEA ASIA,NOVA,SUPPORT,3VWBLSWD4XVCP4X,9.66
Jennifer,Atkins,ZK00053,3829290,KESTRA GROUP,5,MEA,NOVA,SUPPORT,NO_TS_MEA,90.34
Yvette,Bowen,XN71079,3441819,KESTRA VENTURES,5,LATAM EUROPE,ORBIT,RPS,NIIN2O2M10Z6O06,13.64
Yvette,Bowen,XN71079,3441819,KESTRA VENTURES,5,EMEA,ORBIT,RPS,NO_TS_EMEA,86.36
Mackenzie,Owens,KO14033,7932933,ALCOR TECH,5,APAC AMERICA,ATLAS,FORFAIT,HU0DHGTTPAESMZC,10.8
Mackenzie,Owens,KO14033,7932933,ALCOR TECH,5,NA,ATLAS,FORFAIT,NO_TS_NA,89.2
Henry,Bowman,AQ42426,2301239,HYRION GROUP,5,LATAM AMERICA,NEXUS,RPS,0PG3DUOMF0T0RFJ,9.23
Henry,Bowman,AQ42426,2301239,HYRION GROUP,5,MEA,NEXUS,RPS,NO_TS_MEA,90.77
Mary,Rodriguez,RL90789,6248703,HYRION DYNAMICS,5,LATAM AMERICA,QUANTUM,MAINTENANCE,GEAB09P43DO71EA,4.83
Mary,Rodriguez,RL90789,6248703,HYRION DYNAMICS,5,LATAM,QUANTUM,MAINTENANCE,NO_TS_LATAM,95.17
Daniel,Vargas,AC42002,9611323,CENVEO SYSTEMS,5,MEA EUROPE,NEXUS,REGIE,EZOIDCULBFK1FOF,13.78
Daniel,Vargas,AC42002,9611323,CENVEO SYSTEMS,5,MEA,NEXUS,REGIE,NO_TS_MEA,86.22
Joshua,Franco,FR65042,5215936,ETHOS GROUP,5,EMEA AFRICA,VERTEX,MAINTENANCE,9HYEWFNKNBISABI,8.24
Joshua,Franco,FR65042,5215936,ETHOS GROUP,5,CONT,VERTEX,MAINTENANCE,NO_TS_CONT,91.76
Alice,Brady,RQ87057,7465895,JALVIK CONSULTING,5,MEA MENA,NEXUS,MAINTENANCE,U14UITWRAOHUG1Q,6.96
Lisa,Fuentes,UI82057,5971183,CENVEO VENTURES,5,MEA AFRICA,PHOENIX,MAINTENANCE,RKK7EFIKVXYO8PX,8.52
Lisa,Fuentes,UI82057,5971183,CENVEO VENTURES,5,CONT,PHOENIX,MAINTENANCE,NO_TS_CONT,91.48
Michael,Vaughn,KM95380,5837887,ALCOR VENTURES,5,EMEA ASIA,STELLAR,MAINTENANCE,AUM7E8IL8OWO0GZ,9.94
Michael,Vaughn,KM95380,5837887,ALCOR VENTURES,5,MEA,STELLAR,MAINTENANCE,NO_TS_MEA,90.06
Donald,Atkins,FF13512,2777091,HYRION GROUP,5,APAC OCEANIA,PULSE,RPS,K5IEE38Y5L2276O,8.95
Donald,Atkins,FF13512,2777091,HYRION GROUP,5,APAC,PULSE,RPS,NO_TS_APAC,91.05
Lacey,Blackburn,RK44707,6359433,HYRION GLOBAL,5,APAC EUROPE,ATLAS,FORFAIT,3CPNIKFUNZCVBGM,15.91
Lacey,Blackburn,RK44707,6359433,HYRION GLOBAL,5,LATAM,ATLAS,FORFAIT,NO_TS_LATAM,84.09
Eric,Yoder,AF83846,7523648,ETHOS CONSULTING,5,MEA OCEANIA,NOVA,SUPPORT,VURUZ7XIB5U1WJK,13.64
Eric,Yoder,AF83846,7523648,ETHOS CONSULTING,5,CONT,NOVA,SUPPORT,NO_TS_CONT,86.36
Stephanie,Collins,OA30759,9169763,FORVEX TECH,5,CONT ASIA,VERTEX,MAINTENANCE,M2DD97Q88LU6G6Q,11.08
Stephanie,Collins,OA30759,9169763,FORVEX TECH,5,LATAM,VERTEX,MAINTENANCE,NO_TS_LATAM,88.92
Sonia,Keller,DY32387,8222366,CENVEO SYSTEMS,5,NA AMERICA,QUANTUM,SUPPORT,092VHOQFLWIC7NQ,8.52
Sonia,Keller,DY32387,8222366,CENVEO SYSTEMS,5,APAC,QUANTUM,SUPPORT,NO_TS_APAC,91.48
David,Miller,FW13784,4927069,LUMEX TECH,5,NA OCEANIA,PULSE,RPS,F0SEBG8R693L2CP,11.51
David,Miller,FW13784,4927069,LUMEX TECH,5,CONT,PULSE,RPS,NO_TS_CONT,88.49
Dominique,Smith,AD13006,5775308,KESTRA CONSULTING,5,MEA ASIA,STELLAR,RPS,FOZ6HCATMOVUI0B,9.66
Dominique,Smith,AD13006,5775308,KESTRA CONSULTING,5,MEA,STELLAR,RPS,NO_TS_MEA,90.34
Thomas,Lawson,RV84721,1212791,ETHOS GLOBAL,5,APAC MENA,STELLAR,REGIE,A2LH7AXTQZQMU7Q,10.23
Thomas,Lawson,RV84721,1212791,ETHOS GLOBAL,5,APAC,STELLAR,REGIE,NO_TS_APAC,89.77
Robert,Gibson,YB54843,7312808,ALCOR GLOBAL,5,CONT AMERICA,VERTEX,REGIE,HD1MWI06AESCJXJ,12.5
Robert,Gibson,YB54843,7312808,ALCOR GLOBAL,5,MEA,VERTEX,REGIE,NO_TS_MEA,87.5
Dominic,Wheeler,OS39901,5267953,LUMEX SOLUTIONS,5,NA AMERICA,QUANTUM,SUPPORT,RXC4MLS9HH1CVVD,11.36
Amanda,Scott,ZC53271,9695772,BRYTON SYSTEMS,5,CONT OCEANIA,PULSE,FORFAIT,ORFOYOR7AVT5RWJ,9.94
Amanda,Scott,ZC53271,9695772,BRYTON SYSTEMS,5,NA,PULSE,FORFAIT,NO_TS_NA,90.06
Jasmine,Thomas,OB30064,5103986,ALCOR DIGITAL,5,EMEA AMERICA,NOVA,REGIE,FJVQ4SLVFNBCSOJ,12.5
Jasmine,Thomas,OB30064,5103986,ALCOR DIGITAL,5,CONT,NOVA,REGIE,NO_TS_CONT,87.5
Marco,Medina,ET55545,8182583,HYRION VENTURES,5,EMEA AMERICA,NOVA,SUPPORT,FLQGK35IJZ9J3YT,10.23
Marco,Medina,ET55545,8182583,HYRION VENTURES,5,EMEA,NOVA,SUPPORT,NO_TS_EMEA,89.77
Kimberly,Hill,AK81100,3243615,GOLZEN GLOBAL,5,APAC OCEANIA,STELLAR,RPS,P1YG4G8OHDSF6YJ,13.64
Kimberly,Hill,AK81100,3243615,GOLZEN GLOBAL,5,MEA,STELLAR,RPS,NO_TS_MEA,86.36
James,Landry,VG91940,4853907,GOLZEN TECH,5,NA MENA,QUANTUM,REGIE,FFW5F27UR7SU9XU,8.66
James,Landry,VG91940,4853907,GOLZEN TECH,5,CONT,QUANTUM,REGIE,NO_TS_CONT,91.34
Kristen,Holland,UW49240,6002190,ALCOR SYSTEMS,5,NA EUROPE,STELLAR,MAINTENANCE,8V3RW0JY2FDEOLW,12.78
Kristen,Holland,UW49240,6002190,ALCOR SYSTEMS,5,LATAM,STELLAR,MAINTENANCE,NO_TS_LATAM,87.22
Rita,Edwards,XO69523,1669883,KESTRA VENTURES,5,EMEA EUROPE,NEXUS,SUPPORT,WMY9ZK7MCRI9W1T,9.52
Shannon,Hudson,TK02079,6804674,GOLZEN SYSTEMS,5,CONT AMERICA,ORBIT,MAINTENANCE,4W8DUYD1QWMVXFX,9.66
Albert,Long,ZQ64358,6062846,LUMEX SYSTEMS,5,MEA AMERICA,ORBIT,MAINTENANCE,FR1JF3HQK0F1TV6,13.35
Albert,Long,ZQ64358,6062846,LUMEX SYSTEMS,5,LATAM,ORBIT,MAINTENANCE,NO_TS_LATAM,86.65
Kelly,Marquez,UN47619,9923628,INOVA VENTURES,5,CONT EUROPE,STELLAR,FORFAIT,NFRW8NCY0BPNO5R,13.07
Kelly,Marquez,UN47619,9923628,INOVA VENTURES,5,NA,STELLAR,FORFAIT,NO_TS_NA,86.93
Douglas,Norton,BM28073,5090470,ETHOS GLOBAL,5,MEA AFRICA,ORBIT,SUPPORT,6FN41Q06D4EPOFD,7.67
Douglas,Norton,BM28073,5090470,ETHOS GLOBAL,5,MEA,ORBIT,SUPPORT,NO_TS_MEA,92.33
Leah,Larson,TS81872,6523333,INOVA DIGITAL,5,LATAM AFRICA,ATLAS,MAINTENANCE,44MOUU2X2FTKYG5,15.91
Leah,Larson,TS81872,6523333,INOVA DIGITAL,5,CONT,ATLAS,MAINTENANCE,NO_TS_CONT,84.09
Amanda,Thomas,HV06373,4641431,INOVA DIGITAL,5,APAC MENA,PHOENIX,FORFAIT,X9O8CEPHRF111AP,7.81
Amanda,Thomas,HV06373,4641431,INOVA DIGITAL,5,LATAM,PHOENIX,FORFAIT,NO_TS_LATAM,92.19
Charles,Khan,UC42050,8118876,DELVO GROUP,5,MEA ASIA,PULSE,REGIE,L489ZN9N8LO0S3K,13.07
Charles,Khan,UC42050,8118876,DELVO GROUP,5,CONT,PULSE,REGIE,NO_TS_CONT,86.93
Dawn,Oliver,ZK01576,8443354,CENVEO TECH,5,MEA AMERICA,PHOENIX,MAINTENANCE,FOMEZ24DKR6YKLZ,8.38
Dawn,Oliver,ZK01576,8443354,CENVEO TECH,5,CONT,PHOENIX,MAINTENANCE,NO_TS_CONT,91.62
Mark,Ryan,VC73688,6375880,ALCOR GLOBAL,5,LATAM OCEANIA,STELLAR,RPS,39FKA2LRMEILBHK,11.36
Sheena,Webb,NY12540,4184479,LUMEX SOLUTIONS,5,CONT ASIA,STELLAR,REGIE,9Y9OZOXBSKIVDOS,9.09
Sheena,Webb,NY12540,4184479,LUMEX SOLUTIONS,5,MEA,STELLAR,REGIE,NO_TS_MEA,90.91
Jon,Jones,NO96317,6228141,CENVEO SYSTEMS,5,EMEA ASIA,QUANTUM,REGIE,J63TFBUU84DTEPE,8.24
Brianna,Jones,SP28013,9831680,CENVEO GLOBAL,5,EMEA AMERICA,ATLAS,REGIE,093T5XE8BSI4DHS,9.23
Brianna,Jones,SP28013,9831680,CENVEO GLOBAL,5,CONT,ATLAS,REGIE,NO_TS_CONT,90.77
Lee,Taylor,GW27033,1301292,CENVEO VENTURES,5,NA MENA,PULSE,FORFAIT,NNGWTOOZR7D8NA7,10.8
Lee,Taylor,GW27033,1301292,CENVEO VENTURES,5,EMEA,PULSE,FORFAIT,NO_TS_EMEA,89.2
Daniel,Stevens,CR27152,8738393,ALCOR VENTURES,5,LATAM AMERICA,STELLAR,RPS,LIUAPB16NQJ1NPU,10.8
Daniel,Stevens,CR27152,8738393,ALCOR VENTURES,5,CONT,STELLAR,RPS,NO_TS_CONT,89.2
Daniel,Munoz,UD96996,4972488,JALVIK SYSTEMS,5,NA EUROPE,NEXUS,SUPPORT,AOKGH4AQKN41UZA,14.2
Adam,Miller,ZV21065,4000127,BRYTON GLOBAL,5,NA MENA,PHOENIX,MAINTENANCE,CV8OUZOF8C2QQTY,15.91
Adam,Miller,ZV21065,4000127,BRYTON GLOBAL,5,APAC,PHOENIX,MAINTENANCE,NO_TS_APAC,84.09
Lynn,Holloway,CT33276,8889179,CENVEO TECH,5,APAC ASIA,NEXUS,REGIE,W1BSMUZKBSV7Z4Z,8.24
Christine,Saunders,UB42692,1642938,FORVEX GLOBAL,5,EMEA OCEANIA,PHOENIX,MAINTENANCE,533TLFAL1TMHLYK,12.5
Christine,Saunders,UB42692,1642938,FORVEX GLOBAL,5,MEA,PHOENIX,MAINTENANCE,NO_TS_MEA,87.5
Katherine,Gregory,IH37583,1124289,FORVEX VENTURES,5,MEA AMERICA,STELLAR,FORFAIT,6UUOWEPECXNQPXU,7.81
Katherine,Gregory,IH37583,1124289,FORVEX VENTURES,5,APAC,STELLAR,FORFAIT,NO_TS_APAC,92.19
Francisco,Miller,AG64143,7531104,FORVEX GLOBAL,5,APAC AMERICA,VERTEX,RPS,9Y6JQPWO8MWA9MV,9.09
Francisco,Miller,AG64143,7531104,FORVEX GLOBAL,5,APAC,VERTEX,RPS,NO_TS_APAC,90.91
Andrew,Bush,SI79401,4522234,ETHOS SYSTEMS,5,NA AFRICA,STELLAR,RPS,9U2ZUU6ZPMBMEH9,14.2
Andrew,Bush,SI79401,4522234,ETHOS SYSTEMS,5,CONT,STELLAR,RPS,NO_TS_CONT,85.8
Leonard,Richardson,TS92514,9016961,HYRION VENTURES,5,NA MENA,PHOENIX,RPS,3DTXD3OZ0LKUOEY,10.23
Leonard,Richardson,TS92514,9016961,HYRION VENTURES,5,NA,PHOENIX,RPS,NO_TS_NA,89.77
Charles,Day,OY05891,3652427,INOVA SYSTEMS,5,MEA AFRICA,PHOENIX,RPS,B2LKE0N9R3XZIJL,11.36
Charles,Day,OY05891,3652427,INOVA SYSTEMS,5,CONT,PHOENIX,RPS,NO_TS_CONT,88.64
Kristen,Howard,TQ48101,2307630,BRYTON DYNAMICS,5,APAC AMERICA,QUANTUM,FORFAIT,LTXUTUXE3YWET5G,9.66
David,Matthews,EB72635,5854636,GOLZEN GROUP,5,APAC EUROPE,VERTEX,FORFAIT,PJ1QLADU8BY38C5,5.82
David,Matthews,EB72635,5854636,GOLZEN GROUP,5,NA,VERTEX,FORFAIT,NO_TS_NA,94.18
Barbara,Mckinney,WY91762,5334287,ETHOS SOLUTIONS,5,APAC AMERICA,STELLAR,SUPPORT,R5QRGSRTJB73F5K,13.64
Barbara,Mckinney,WY91762,5334287,ETHOS SOLUTIONS,5,CONT,STELLAR,SUPPORT,NO_TS_CONT,86.36
Sara,Benitez,FC28165,1928065,ETHOS GROUP,5,CONT AFRICA,VERTEX,MAINTENANCE,EPHMUVBWT7NI899,15.06
Sara,Benitez,FC28165,1928065,ETHOS GROUP,5,EMEA,VERTEX,MAINTENANCE,NO_TS_EMEA,84.94
Craig,Cunningham,UP37031,7805598,LUMEX GLOBAL,5,CONT OCEANIA,PULSE,REGIE,2OCZOSULJSBI37P,8.81
Craig,Cunningham,UP37031,7805598,LUMEX GLOBAL,5,CONT,PULSE,REGIE,NO_TS_CONT,91.19
Karen,Velazquez,RI25119,1405144,ALCOR DYNAMICS,5,CONT MENA,ATLAS,SUPPORT,FFVSYN3IOG28I7S,15.91
Thomas,Stephenson,QY75841,8743133,FORVEX GLOBAL,5,CONT EUROPE,PHOENIX,RPS,TNKFUB06LHG34V4,13.64
Sharon,Roberts,GU65076,5037250,KESTRA SYSTEMS,5,CONT OCEANIA,ORBIT,MAINTENANCE,UHUNWQNZMOU5A9J,11.36
Sharon,Roberts,GU65076,5037250,KESTRA SYSTEMS,5,CONT,ORBIT,MAINTENANCE,NO_TS_CONT,88.64
Vanessa,Walker,HE12112,2330474,GOLZEN DYNAMICS,5,EMEA AFRICA,PHOENIX,MAINTENANCE,HELP8HVCQLTJ2P6,11.36
Vanessa,Walker,HE12112,2330474,GOLZEN DYNAMICS,5,APAC,PHOENIX,MAINTENANCE,NO_TS_APAC,88.64
Angela,Stokes,KS26858,3335057,JALVIK SOLUTIONS,5,NA AMERICA,NEXUS,REGIE,Q43Z1ALLG0CCWOI,11.93
Angela,Stokes,KS26858,3335057,JALVIK SOLUTIONS,5,MEA,NEXUS,REGIE,NO_TS_MEA,88.07
Mark,Martin,ER62236,5499280,JALVIK DYNAMICS,5,NA MENA,NEXUS,FORFAIT,TIQ05DRMMVCG650,11.65
Mark,Martin,ER62236,5499280,JALVIK DYNAMICS,5,NA,NEXUS,FORFAIT,NO_TS_NA,88.35
Nathan,Molina,XZ97772,5175384,HYRION CONSULTING,5,MEA AFRICA,PHOENIX,MAINTENANCE,T9TS6Q8F63F1U9Z,9.94
Nathan,Molina,XZ97772,5175384,HYRION CONSULTING,5,EMEA,PHOENIX,MAINTENANCE,NO_TS_EMEA,90.06
Susan,Smith,JG76506,7900499,CENVEO DIGITAL,5,LATAM AMERICA,NEXUS,FORFAIT,7DIPAYHDCBRFFZI,9.66
Susan,Smith,JG76506,7900499,CENVEO DIGITAL,5,CONT,NEXUS,FORFAIT,NO_TS_CONT,90.34
Megan,Edwards,IA24058,9649559,FORVEX SOLUTIONS,5,APAC MENA,VERTEX,MAINTENANCE,ZY37TG9U6OHCMCU,13.64
Megan,Edwards,IA24058,9649559,FORVEX SOLUTIONS,5,LATAM,VERTEX,MAINTENANCE,NO_TS_LATAM,86.36
Jesse,Hunt,MJ05328,9914945,ETHOS CONSULTING,5,EMEA MENA,PULSE,FORFAIT,WFS00MBZXSTVYB5,15.91
Jesse,Hunt,MJ05328,9914945,ETHOS CONSULTING,5,LATAM,PULSE,FORFAIT,NO_TS_LATAM,84.09
Dean,Greene,WI74518,5789426,INOVA GROUP,5,EMEA AFRICA,QUANTUM,REGIE,YEVHHWOS3N3TE8I,11.51
Dean,Greene,WI74518,5789426,INOVA GROUP,5,LATAM,QUANTUM,REGIE,NO_TS_LATAM,88.49
Wesley,Salas,DX93936,9973561,ETHOS DYNAMICS,5,EMEA OCEANIA,ORBIT,REGIE,57GWOLN8HHE0FCD,11.36
Wesley,Salas,DX93936,9973561,ETHOS DYNAMICS,5,EMEA,ORBIT,REGIE,NO_TS_EMEA,88.64
Alexander,Middleton,OA53274,2736062,FORVEX CONSULTING,5,CONT ASIA,STELLAR,RPS,ZT0PIDFVCX4POWX,11.51
Alexander,Middleton,OA53274,2736062,FORVEX CONSULTING,5,LATAM,STELLAR,RPS,NO_TS_LATAM,88.49
Melanie,Wolfe,QA18151,9062497,KESTRA GROUP,5,APAC AFRICA,NEXUS,FORFAIT,DU41M0UEAQN2YPP,15.77
Melanie,Wolfe,QA18151,9062497,KESTRA GROUP,5,CONT,NEXUS,FORFAIT,NO_TS_CONT,84.23
Glenn,Villa,DL96008,4306105,ETHOS DYNAMICS,5,APAC AFRICA,QUANTUM,RPS,74LN75NDTMCKH8N,9.23
Glenn,Villa,DL96008,4306105,ETHOS DYNAMICS,5,NA,QUANTUM,RPS,NO_TS_NA,90.77
Latoya,Reynolds,SH30728,4513877,FORVEX SYSTEMS,5,NA EUROPE,VERTEX,MAINTENANCE,50BFVW8JYDWCWQZ,15.91
Latoya,Reynolds,SH30728,4513877,FORVEX SYSTEMS,5,APAC,VERTEX,MAINTENANCE,NO_TS_APAC,84.09
Mikayla,Ortiz,IF86069,1602950,GOLZEN GROUP,5,CONT ASIA,STELLAR,SUPPORT,RRLEZ1Q9N3LFODJ,9.09
Mikayla,Ortiz,IF86069,1602950,GOLZEN GROUP,5,EMEA,STELLAR,SUPPORT,NO_TS_EMEA,90.91
Jerry,Baker,VG16792,5739203,JALVIK SOLUTIONS,5,CONT EUROPE,NOVA,REGIE,CEBT6UKM89RH7W3,10.51
Jerry,Baker,VG16792,5739203,JALVIK SOLUTIONS,5,MEA,NOVA,REGIE,NO_TS_MEA,89.49
Kathleen,Ortega,SY22356,9858516,KESTRA GROUP,5,LATAM AMERICA,NEXUS,FORFAIT,4GEDJGX6C199AB3,12.22
Laura,Horton,OL31165,3912340,BRYTON DYNAMICS,5,CONT EUROPE,ORBIT,FORFAIT,HKV7PVH8RCKL9IM,9.58
Laura,Horton,OL31165,3912340,BRYTON DYNAMICS,5,NA,ORBIT,FORFAIT,NO_TS_NA,90.42
Michael,Brown,PT38493,8345230,JALVIK VENTURES,5,MEA AFRICA,ORBIT,REGIE,37LGN2IIJFX07QM,11.36
Michael,Brown,PT38493,8345230,JALVIK VENTURES,5,LATAM,ORBIT,REGIE,NO_TS_LATAM,88.64
Brenda,Lopez,LY70599,1094039,ALCOR SYSTEMS,5,MEA AFRICA,PULSE,SUPPORT,X8NPL40L2BTA0HM,9.8
Brenda,Lopez,LY70599,1094039,ALCOR SYSTEMS,5,EMEA,PULSE,SUPPORT,NO_TS_EMEA,90.2
Crystal,Shepard,PP29851,3703051,ETHOS SOLUTIONS,5,NA ASIA,VERTEX,RPS,BNHN7CHFXVBXATA,11.36
Aaron,Brooks,IJ92671,7587759,FORVEX GROUP,5,NA OCEANIA,NOVA,RPS,UPCKSPJDKCU26M5,10.23
Aaron,Brooks,IJ92671,7587759,FORVEX GROUP,5,MEA,NOVA,RPS,NO_TS_MEA,89.77
Cassidy,Molina,BO96496,8238732,GOLZEN TECH,5,CONT AFRICA,ORBIT,MAINTENANCE,L15XVA6YKYU4LHB,6.39
Cassidy,Molina,BO96496,8238732,GOLZEN TECH,5,EMEA,ORBIT,MAINTENANCE,NO_TS_EMEA,93.61
James,Carroll,FM17341,3737547,GOLZEN GLOBAL,5,NA AFRICA,ORBIT,MAINTENANCE,NJO9UAYFCVZEKUM,12.5
James,Carroll,FM17341,3737547,GOLZEN GLOBAL,5,CONT,ORBIT,MAINTENANCE,NO_TS_CONT,87.5
Kimberly,Allen,ZU45627,6810757,KESTRA DYNAMICS,5,APAC AMERICA,ATLAS,SUPPORT,3S56SM357F2RHU6,9.8
Kimberly,Allen,ZU45627,6810757,KESTRA DYNAMICS,5,APAC,ATLAS,SUPPORT,NO_TS_APAC,90.2
Valerie,Briggs,YD58646,5076076,KESTRA CONSULTING,5,LATAM AMERICA,PHOENIX,SUPPORT,FSNJIL56291IVK6,10.8
Jeffrey,Fox,TK54883,8530909,FORVEX GLOBAL,5,NA AMERICA,VERTEX,RPS,IX1BQ3U9YGE4HLL,13.07
Jeffrey,Fox,TK54883,8530909,FORVEX GLOBAL,5,LATAM,VERTEX,RPS,NO_TS_LATAM,86.93
Marcus,Wilcox,AY86473,6367884,ETHOS CONSULTING,5,NA ASIA,ORBIT,MAINTENANCE,DMZNBX5YU76MDJ8,8.24
Marcus,Wilcox,AY86473,6367884,ETHOS CONSULTING,5,CONT,ORBIT,MAINTENANCE,NO_TS_CONT,91.76
Heidi,Smith,RG40499,7982073,BRYTON GROUP,5,NA MENA,NOVA,MAINTENANCE,X1VEHQ4LIAA8IZT,7.39
Michael,Davis,YN03375,8399038,GOLZEN SOLUTIONS,5,NA AMERICA,VERTEX,FORFAIT,J5A3CLYXG9E93X2,10.09
Teresa,Johnson,ZG71577,3032512,INOVA SYSTEMS,5,EMEA AMERICA,VERTEX,MAINTENANCE,GCM15Z75MAUA7EP,12.22
Teresa,Johnson,ZG71577,3032512,INOVA SYSTEMS,5,EMEA,VERTEX,MAINTENANCE,NO_TS_EMEA,87.78
Nicholas,Knapp,CB76977,1306095,ALCOR GROUP,5,EMEA ASIA,PHOENIX,RPS,LECQU129MTNGPB1,13.64
Nicholas,Knapp,CB76977,1306095,ALCOR GROUP,5,APAC,PHOENIX,RPS,NO_TS_APAC,86.36
Denise,Lopez,XO01140,4980947,ETHOS GROUP,5,APAC MENA,ATLAS,REGIE,W91CUPYPC7HYW12,7.95
Denise,Lopez,XO01140,4980947,ETHOS GROUP,5,CONT,ATLAS,REGIE,NO_TS_CONT,92.05
Sarah,Morris,BH80706,4616155,INOVA GLOBAL,5,CONT MENA,PHOENIX,REGIE,QBGU84SIG1B4CYT,9.66
Sarah,Morris,BH80706,4616155,INOVA GLOBAL,5,LATAM,PHOENIX,REGIE,NO_TS_LATAM,90.34
Christian,Johnson,PY50088,1386401,HYRION GLOBAL,5,LATAM AFRICA,NEXUS,REGIE,LWBG17E98B15MHZ,7.81
Christian,Johnson,PY50088,1386401,HYRION GLOBAL,5,APAC,NEXUS,REGIE,NO_TS_APAC,92.19
Rebekah,Simpson,JE08195,2938015,DELVO SYSTEMS,5,MEA OCEANIA,VERTEX,MAINTENANCE,VTVAXOR2AECTEOI,7.67
Rebekah,Simpson,JE08195,2938015,DELVO SYSTEMS,5,CONT,VERTEX,MAINTENANCE,NO_TS_CONT,92.33
Christine,Gonzalez,IJ28069,8962822,ETHOS DYNAMICS,5,EMEA EUROPE,ATLAS,MAINTENANCE,EMOVR1D7552QWWN,9.09
Christine,Gonzalez,IJ28069,8962822,ETHOS DYNAMICS,5,EMEA,ATLAS,MAINTENANCE,NO_TS_EMEA,90.91
John,Jordan,VC73656,9924552,CENVEO DYNAMICS,5,NA ASIA,ORBIT,SUPPORT,FCB6W52A9T2EMJI,11.36
Robert,Lopez,WH10464,1089676,CENVEO DIGITAL,5,MEA MENA,ORBIT,FORFAIT,PVNOSERUGPE4SVX,12.5
Robert,Lopez,WH10464,1089676,CENVEO DIGITAL,5,MEA,ORBIT,FORFAIT,NO_TS_MEA,87.5
Joshua,Thomas,LA35946,2179675,INOVA DYNAMICS,5,LATAM MENA,ORBIT,RPS,1NH4QGERPWK0CYC,10.8
Joshua,Thomas,LA35946,2179675,INOVA DYNAMICS,5,CONT,ORBIT,RPS,NO_TS_CONT,89.2
Michelle,Carter,GU37821,6281960,LUMEX TECH,5,EMEA AFRICA,ORBIT,SUPPORT,0XD39IWPZ5RBY9A,11.36
Walter,Allen,HW46463,1471375,JALVIK TECH,5,EMEA ASIA,NOVA,REGIE,TCBBYCLCJASH8NL,13.64
William,Harrison,JI20368,5994382,JALVIK SOLUTIONS,5,MEA AMERICA,ATLAS,SUPPORT,WSME3MUTWZB4T3J,10.8
William,Harrison,JI20368,5994382,JALVIK SOLUTIONS,5,LATAM,ATLAS,SUPPORT,NO_TS_LATAM,89.2
Benjamin,Hancock,KO69260,6800701,JALVIK VENTURES,5,LATAM OCEANIA,ORBIT,FORFAIT,MN06YZMRU7P0ZKP,11.36
Benjamin,Hancock,KO69260,6800701,JALVIK VENTURES,5,LATAM,ORBIT,FORFAIT,NO_TS_LATAM,88.64
Sarah,Bennett,YY97158,2897117,JALVIK CONSULTING,5,NA OCEANIA,VERTEX,REGIE,Y1V8Q7VXT02PG7D,11.36
Sarah,Bennett,YY97158,2897117,JALVIK CONSULTING,5,CONT,VERTEX,REGIE,NO_TS_CONT,88.64
James,Glass,MW32257,2166341,INOVA TECH,5,EMEA MENA,PHOENIX,MAINTENANCE,7ZAXJNO3MCHEL0T,12.5
James,Glass,MW32257,2166341,INOVA TECH,5,EMEA,PHOENIX,MAINTENANCE,NO_TS_EMEA,87.5
John,Horn,JY72219,1345483,BRYTON TECH,5,MEA AFRICA,NEXUS,FORFAIT,4PU65NZERGQE89F,11.93
John,Horn,JY72219,1345483,BRYTON TECH,5,APAC,NEXUS,FORFAIT,NO_TS_APAC,88.07
Amy,Hill,DD95101,5726061,ETHOS SOLUTIONS,5,CONT MENA,QUANTUM,FORFAIT,LSS383K31XJVX19,13.64
Amy,Hill,DD95101,5726061,ETHOS SOLUTIONS,5,EMEA,QUANTUM,FORFAIT,NO_TS_EMEA,86.36
James,Turner,CX01394,9633976,HYRION DYNAMICS,5,LATAM EUROPE,PULSE,REGIE,RA73KSEM7F7TTEF,8.66
James,Turner,CX01394,9633976,HYRION DYNAMICS,5,EMEA,PULSE,REGIE,NO_TS_EMEA,91.34
Tracy,Robinson,TP11643,5044580,ETHOS DIGITAL,5,APAC AMERICA,PHOENIX,SUPPORT,GDDPY86U9YK3CH0,11.36
Nathan,Wright,BQ90541,8257421,HYRION GLOBAL,5,NA EUROPE,PULSE,SUPPORT,XBIK5NVQAG9PKXI,12.22
Nathan,Wright,BQ90541,8257421,HYRION GLOBAL,5,CONT,PULSE,SUPPORT,NO_TS_CONT,87.78
Don,Wright,HI47371,6421831,CENVEO CONSULTING,5,APAC ASIA,ORBIT,SUPPORT,SRDHR6HEGAQ9WSN,9.66
Don,Wright,HI47371,6421831,CENVEO CONSULTING,5,MEA,ORBIT,SUPPORT,NO_TS_MEA,90.34
Mary,Martin,KT82125,3724166,LUMEX CONSULTING,5,APAC AMERICA,NEXUS,SUPPORT,MUFOWTCL41VGVDJ,9.38
Mary,Martin,KT82125,3724166,LUMEX CONSULTING,5,LATAM,NEXUS,SUPPORT,NO_TS_LATAM,90.63
Rachel,Burke,KV44183,9859928,KESTRA SYSTEMS,5,APAC AMERICA,PHOENIX,FORFAIT,CJTRVX86HCKJBDK,9.94
Rachel,Burke,KV44183,9859928,KESTRA SYSTEMS,5,MEA,PHOENIX,FORFAIT,NO_TS_MEA,90.06
Jerome,Jones,XW78953,1471305,HYRION TECH,5,MEA AMERICA,QUANTUM,RPS,0NGG3ZLHUPFQ1L4,11.93
Jerome,Jones,XW78953,1471305,HYRION TECH,5,MEA,QUANTUM,RPS,NO_TS_MEA,88.07
Fernando,Lewis,PV55258,6035311,GOLZEN SYSTEMS,5,NA ASIA,PHOENIX,MAINTENANCE,3FA6ZN11DMANC6F,12.5
Fernando,Lewis,PV55258,6035311,GOLZEN SYSTEMS,5,MEA,PHOENIX,MAINTENANCE,NO_TS_MEA,87.5
Ryan,Reid,NO46237,7031086,JALVIK DIGITAL,5,LATAM AFRICA,VERTEX,FORFAIT,B6UXECL3D1SBH7Y,10.23
Michael,Hernandez,PD10233,5303447,DELVO SYSTEMS,5,EMEA AMERICA,NEXUS,REGIE,CJG0MALWTSGU0U6,8.81
Michael,Hernandez,PD10233,5303447,DELVO SYSTEMS,5,LATAM,NEXUS,REGIE,NO_TS_LATAM,91.19
Brandi,Lambert,GT34551,1486633,FORVEX DYNAMICS,5,APAC EUROPE,VERTEX,MAINTENANCE,3X63FXOIDHCNCBG,7.81
Brandi,Lambert,GT34551,1486633,FORVEX DYNAMICS,5,APAC,VERTEX,MAINTENANCE,NO_TS_APAC,92.19
Kenneth,Wilson,GC27311,9679768,HYRION DIGITAL,5,MEA OCEANIA,VERTEX,SUPPORT,5XCYMHGKOOVWS9U,13.07
Kenneth,Wilson,GC27311,9679768,HYRION DIGITAL,5,APAC,VERTEX,SUPPORT,NO_TS_APAC,86.93
Timothy,Martin,QT78135,9909124,DELVO VENTURES,5,CONT EUROPE,NEXUS,FORFAIT,6HDTUN3WHOXBB4D,10.51
Timothy,Martin,QT78135,9909124,DELVO VENTURES,5,APAC,NEXUS,FORFAIT,NO_TS_APAC,89.49
Kim,Bowers,JX16921,7039641,HYRION VENTURES,5,CONT ASIA,PULSE,SUPPORT,UTT6HDNSO1JJL1X,11.36
Kim,Bowers,JX16921,7039641,HYRION VENTURES,5,CONT,PULSE,SUPPORT,NO_TS_CONT,88.64
Danny,Lester,MU88404,5091432,FORVEX TECH,5,APAC EUROPE,QUANTUM,RPS,O30GGS4HI3351D9,11.08
Danny,Lester,MU88404,5091432,FORVEX TECH,5,APAC,QUANTUM,RPS,NO_TS_APAC,88.92
Charles,Williams,UM21826,6248450,ETHOS CONSULTING,5,MEA OCEANIA,QUANTUM,FORFAIT,VRP8G4F5Z1KNMB4,9.52
Yesenia,Savage,ZL84791,7980357,ALCOR TECH,5,MEA AMERICA,VERTEX,RPS,NY2X9FIJVKMJGHD,7.39
Yesenia,Savage,ZL84791,7980357,ALCOR TECH,5,CONT,VERTEX,RPS,NO_TS_CONT,92.61
Eduardo,French,JD62272,6508608,DELVO TECH,5,EMEA OCEANIA,ATLAS,REGIE,DR6M6HWXDWCKR8J,11.08
Eduardo,French,JD62272,6508608,DELVO TECH,5,CONT,ATLAS,REGIE,NO_TS_CONT,88.92
Carl,Rodriguez,TN29530,6248557,ETHOS VENTURES,5,LATAM AFRICA,ORBIT,SUPPORT,PUPO01P1V4NYHFG,15.91
Carl,Rodriguez,TN29530,6248557,ETHOS VENTURES,5,APAC,ORBIT,SUPPORT,NO_TS_APAC,84.09
Katie,Howard,TT56212,7216853,HYRION TECH,5,LATAM ASIA,ATLAS,RPS,5PDD1Q3X4BRXID7,9.52
Katie,Howard,TT56212,7216853,HYRION TECH,5,EMEA,ATLAS,RPS,NO_TS_EMEA,90.48
Sara,Robinson,FX90722,9473586,BRYTON VENTURES,5,NA AFRICA,STELLAR,MAINTENANCE,54TKYC6F4772D6M,11.65
Sara,Robinson,FX90722,9473586,BRYTON VENTURES,5,MEA,STELLAR,MAINTENANCE,NO_TS_MEA,88.35
Miranda,Carter,CF58137,6968954,ETHOS TECH,5,EMEA AMERICA,NEXUS,RPS,FXEGET8N2WVU2YK,7.95
Miranda,Carter,CF58137,6968954,ETHOS TECH,5,MEA,NEXUS,RPS,NO_TS_MEA,92.05
Wendy,Hall,FR55509,4618352,KESTRA DYNAMICS,5,CONT ASIA,QUANTUM,MAINTENANCE,DU3NZXY95HMWR0E,10.51
Wendy,Hall,FR55509,4618352,KESTRA DYNAMICS,5,EMEA,QUANTUM,MAINTENANCE,NO_TS_EMEA,89.49
Paul,Blair,YV91351,6447481,KESTRA VENTURES,5,LATAM EUROPE,PHOENIX,RPS,1Z4DZ5JODZKZCT7,15.91
Paul,Blair,YV91351,6447481,KESTRA VENTURES,5,LATAM,PHOENIX,RPS,NO_TS_LATAM,84.09
Edward,Valenzuela,DJ02765,3704495,INOVA TECH,5,NA EUROPE,ORBIT,RPS,YM9QTXUIYYVXBV4,9.66
Edward,Valenzuela,DJ02765,3704495,INOVA TECH,5,APAC,ORBIT,RPS,NO_TS_APAC,90.34
Amanda,Serrano,YS59566,5344012,LUMEX DIGITAL,5,APAC OCEANIA,ATLAS,REGIE,X2NL1RRF2X3EKDU,7.39
Amanda,Serrano,YS59566,5344012,LUMEX DIGITAL,5,MEA,ATLAS,REGIE,NO_TS_MEA,92.61
Nicole,Nguyen,TD61843,3030235,HYRION SOLUTIONS,5,MEA OCEANIA,NOVA,MAINTENANCE,QRE30H2DMN6JUT2,10.23
Bianca,Meza,YR64868,2525353,INOVA CONSULTING,5,APAC AMERICA,QUANTUM,SUPPORT,W4DVMNXS19IIKF0,13.64
Bianca,Meza,YR64868,2525353,INOVA CONSULTING,5,MEA,QUANTUM,SUPPORT,NO_TS_MEA,86.36
Heather,Elliott,AA01292,1682706,DELVO DYNAMICS,5,EMEA EUROPE,NEXUS,REGIE,XSH9ZEM8AOS50ED,14.2
Heather,Elliott,AA01292,1682706,DELVO DYNAMICS,5,CONT,NEXUS,REGIE,NO_TS_CONT,85.8
Veronica,Atkinson,TT57536,5610588,KESTRA GLOBAL,5,APAC ASIA,ORBIT,FORFAIT,1A7BIE1UJAN5JKL,13.64
Veronica,Atkinson,TT57536,5610588,KESTRA GLOBAL,5,APAC,ORBIT,FORFAIT,NO_TS_APAC,86.36
James,Turner,DW78977,4286403,ALCOR GLOBAL,5,LATAM AMERICA,NOVA,SUPPORT,CZ3RKMGC0YLEFIB,9.94
James,Turner,DW78977,4286403,ALCOR GLOBAL,5,MEA,NOVA,SUPPORT,NO_TS_MEA,90.06
Alexandra,Gentry,HJ14675,7565053,FORVEX TECH,5,MEA EUROPE,QUANTUM,REGIE,ZAE8E9R00X2Y178,9.66
Alexandra,Gentry,HJ14675,7565053,FORVEX TECH,5,APAC,QUANTUM,REGIE,NO_TS_APAC,90.34
Franklin,Hoffman,UT66108,4825817,LUMEX GLOBAL,5,CONT AMERICA,ORBIT,MAINTENANCE,0U72SA7EP26SF20,8.24
Linda,Williams,BS40706,4444205,ALCOR SYSTEMS,5,APAC OCEANIA,QUANTUM,RPS,YNUN5AQUSU4OPX6,8.81
Linda,Williams,BS40706,4444205,ALCOR SYSTEMS,5,EMEA,QUANTUM,RPS,NO_TS_EMEA,91.19
John,Bridges,YT98546,8900482,HYRION VENTURES,5,EMEA OCEANIA,VERTEX,FORFAIT,M2VZ2OIJ9MQLSLM,13.64
John,Bridges,YT98546,8900482,HYRION VENTURES,5,CONT,VERTEX,FORFAIT,NO_TS_CONT,86.36
Angela,Phillips,PG62617,3958432,BRYTON TECH,5,NA MENA,VERTEX,MAINTENANCE,S6EH5EVOJHNGLN8,10.09
Angela,Phillips,PG62617,3958432,BRYTON TECH,5,CONT,VERTEX,MAINTENANCE,NO_TS_CONT,89.91
Travis,Jenkins,EX12965,1035589,JALVIK DIGITAL,5,LATAM AMERICA,ATLAS,MAINTENANCE,VQETXDD694TSXHQ,12.5
Travis,Jenkins,EX12965,1035589,JALVIK DIGITAL,5,NA,ATLAS,MAINTENANCE,NO_TS_NA,87.5
Diane,Ward,NV33112,3044199,HYRION CONSULTING,5,MEA ASIA,PULSE,REGIE,NU4MJQZP931RT8W,13.07
Diane,Ward,NV33112,3044199,HYRION CONSULTING,5,NA,PULSE,REGIE,NO_TS_NA,86.93
Samantha,Wilson,QT11003,7750736,BRYTON CONSULTING,5,CONT EUROPE,ATLAS,REGIE,SQ7C37X7MLRMSNV,9.8
Nicole,Le,II42938,4836682,HYRION CONSULTING,5,LATAM MENA,STELLAR,MAINTENANCE,MFE0AGMFTE6XW27,13.07
Holly,Taylor,WX01348,9007753,HYRION SOLUTIONS,5,CONT AFRICA,QUANTUM,SUPPORT,PLRL963OA6GNQOT,7.67
Holly,Taylor,WX01348,9007753,HYRION SOLUTIONS,5,LATAM,QUANTUM,SUPPORT,NO_TS_LATAM,92.33
Latoya,Taylor,FZ98291,8145467,HYRION TECH,5,LATAM EUROPE,STELLAR,RPS,TOTJD1Y69BNR8UX,14.2
Latoya,Taylor,FZ98291,8145467,HYRION TECH,5,NA,STELLAR,RPS,NO_TS_NA,85.8
Robert,Glover,CU05279,1296306,GOLZEN DYNAMICS,5,CONT OCEANIA,ORBIT,SUPPORT,VNB551E9MNUYV32,8.24
Robert,Glover,CU05279,1296306,GOLZEN DYNAMICS,5,MEA,ORBIT,SUPPORT,NO_TS_MEA,91.76
Brandon,Bell,AD87128,9122309,BRYTON VENTURES,5,NA OCEANIA,ATLAS,MAINTENANCE,3ZA295CK50J1JPO,7.95
Brandon,Bell,AD87128,9122309,BRYTON VENTURES,5,CONT,ATLAS,MAINTENANCE,NO_TS_CONT,92.05
Maria,Moore,PC76680,2022166,BRYTON SYSTEMS,5,LATAM AFRICA,ATLAS,REGIE,0U8LO5X16FPZ1JT,14.2
Maria,Moore,PC76680,2022166,BRYTON SYSTEMS,5,CONT,ATLAS,REGIE,NO_TS_CONT,85.8
James,Decker,TK21118,4392678,JALVIK TECH,5,EMEA EUROPE,ORBIT,MAINTENANCE,G90N93C9TEZAOW8,13.64
James,Decker,TK21118,4392678,JALVIK TECH,5,MEA,ORBIT,MAINTENANCE,NO_TS_MEA,86.36
Timothy,Livingston,NZ37296,9784423,ALCOR SYSTEMS,5,MEA ASIA,QUANTUM,FORFAIT,9M6KJZHOE5DZXKE,11.36
Timothy,Livingston,NZ37296,9784423,ALCOR SYSTEMS,5,MEA,QUANTUM,FORFAIT,NO_TS_MEA,88.64
Alexander,Williams,BH90092,7733140,HYRION DYNAMICS,5,APAC EUROPE,STELLAR,FORFAIT,FSGF0EP008L1NUE,9.66
Alexander,Williams,BH90092,7733140,HYRION DYNAMICS,5,MEA,STELLAR,FORFAIT,NO_TS_MEA,90.34
Adam,Jackson,OA35452,2765886,BRYTON DYNAMICS,5,CONT AMERICA,VERTEX,FORFAIT,SHXC7OLPDUWPXHX,12.22
Adam,Jackson,OA35452,2765886,BRYTON DYNAMICS,5,CONT,VERTEX,FORFAIT,NO_TS_CONT,87.78
Rachel,Martinez,YT99885,6244804,FORVEX DIGITAL,5,EMEA EUROPE,NOVA,REGIE,LMEFB1SDF0XJORH,12.22
April,Nichols,CM28589,4897949,ALCOR CONSULTING,5,MEA AMERICA,PHOENIX,REGIE,9NBEGY2APB65WB9,7.53
April,Nichols,CM28589,4897949,ALCOR CONSULTING,5,MEA,PHOENIX,REGIE,NO_TS_MEA,92.47
Jennifer,Burton,HY15765,2452104,FORVEX CONSULTING,5,MEA AFRICA,ORBIT,RPS,G4NV48DLGFG3RJ4,13.35
Jennifer,Burton,HY15765,2452104,FORVEX CONSULTING,5,LATAM,ORBIT,RPS,NO_TS_LATAM,86.65
Austin,Ray,JZ75507,6299327,BRYTON SYSTEMS,5,CONT ASIA,STELLAR,FORFAIT,W85C10JWR97I98M,9.8
Austin,Ray,JZ75507,6299327,BRYTON SYSTEMS,5,NA,STELLAR,FORFAIT,NO_TS_NA,90.2
Jonathan,Hunt,PW46549,1721756,INOVA GLOBAL,5,MEA ASIA,ORBIT,FORFAIT,3OAJKL0WZQQ2A21,13.92
Ryan,Simmons,XT40688,2788953,BRYTON VENTURES,5,EMEA OCEANIA,NEXUS,SUPPORT,I81XR5MR89RQJCX,9.66
Ryan,Simmons,XT40688,2788953,BRYTON VENTURES,5,NA,NEXUS,SUPPORT,NO_TS_NA,90.34
Noah,Hicks,NY67677,1595359,GOLZEN GROUP,5,NA OCEANIA,VERTEX,FORFAIT,M80IHK6XWVL0NY2,11.36
Noah,Hicks,NY67677,1595359,GOLZEN GROUP,5,NA,VERTEX,FORFAIT,NO_TS_NA,88.64
Sheila,Lawrence,MB39126,2233332,BRYTON DIGITAL,5,MEA MENA,NEXUS,FORFAIT,5EA0ZO1SSIHWRJV,10.09
Jamie,Johnson,DU28378,3130414,GOLZEN SOLUTIONS,5,NA AFRICA,PULSE,MAINTENANCE,R4PEB82S0585DF0,11.51
Jamie,Johnson,DU28378,3130414,GOLZEN SOLUTIONS,5,MEA,PULSE,MAINTENANCE,NO_TS_MEA,88.49
Lawrence,Perez,IT49679,5030191,DELVO GLOBAL,5,CONT AMERICA,STELLAR,MAINTENANCE,HVVX0WVH3WCBGD2,15.34
Lawrence,Perez,IT49679,5030191,DELVO GLOBAL,5,CONT,STELLAR,MAINTENANCE,NO_TS_CONT,84.66
Peter,Anthony,ZW19684,6481156,JALVIK SOLUTIONS,5,MEA ASIA,STELLAR,SUPPORT,J1VKCF9SBADHW80,9.66
Peter,Anthony,ZW19684,6481156,JALVIK SOLUTIONS,5,CONT,STELLAR,SUPPORT,NO_TS_CONT,90.34
Robert,Thomas,XL81660,3350637,ETHOS TECH,5,EMEA OCEANIA,PULSE,SUPPORT,XILQLQ7ACRTUMQE,12.5
Robert,Thomas,XL81660,3350637,ETHOS TECH,5,MEA,PULSE,SUPPORT,NO_TS_MEA,87.5
Rachel,Byrd,NA12491,5994246,GOLZEN GLOBAL,5,LATAM EUROPE,VERTEX,RPS,45HWDHGEJQGRO6B,10.8
Brian,Barker,GL22990,7735611,ALCOR GLOBAL,5,NA AFRICA,ATLAS,SUPPORT,EFVDSUEFVRDPSLY,8.38
Brian,Barker,GL22990,7735611,ALCOR GLOBAL,5,LATAM,ATLAS,SUPPORT,NO_TS_LATAM,91.62
Cheryl,Green,WD30143,8229241,FORVEX SYSTEMS,5,LATAM OCEANIA,QUANTUM,FORFAIT,SNGLNGOSD691HDE,13.92
Cheryl,Green,WD30143,8229241,FORVEX SYSTEMS,5,MEA,QUANTUM,FORFAIT,NO_TS_MEA,86.08
Robin,Phillips,OJ52463,6920344,BRYTON TECH,5,APAC AFRICA,NOVA,MAINTENANCE,0RTEUGE63O11V01,13.64
Robin,Phillips,OJ52463,6920344,BRYTON TECH,5,NA,NOVA,MAINTENANCE,NO_TS_NA,86.36
David,Williams,CB74381,7355111,HYRION GLOBAL,5,APAC ASIA,STELLAR,SUPPORT,WHCWO1BMSOJ7J59,11.36
Lawrence,Rodriguez,SQ82495,2628331,JALVIK CONSULTING,5,CONT AMERICA,ATLAS,MAINTENANCE,IG6F23UJLFO0E5L,11.93
Lawrence,Rodriguez,SQ82495,2628331,JALVIK CONSULTING,5,CONT,ATLAS,MAINTENANCE,NO_TS_CONT,88.07
Tyler,Zamora,AV48542,6688421,LUMEX VENTURES,5,LATAM AFRICA,QUANTUM,SUPPORT,4VXV4AH2ZPD0NJU,7.67
Tyler,Zamora,AV48542,6688421,LUMEX VENTURES,5,MEA,QUANTUM,SUPPORT,NO_TS_MEA,92.33
Ariel,Wilcox,CG94722,7011983,FORVEX SOLUTIONS,5,MEA AFRICA,NOVA,MAINTENANCE,CCTLAVQWA0EOIXS,9.66
Justin,Johnson,VA85347,9037994,LUMEX CONSULTING,5,MEA AMERICA,PULSE,MAINTENANCE,F2PY5N6VQX1GAWI,8.93
Justin,Johnson,VA85347,9037994,LUMEX CONSULTING,5,CONT,PULSE,MAINTENANCE,NO_TS_CONT,91.07
Maria,Fuller,EM92151,8105133,INOVA SOLUTIONS,5,CONT AFRICA,PULSE,RPS,F4HWLS0JHRZMCB3,7.67
Maria,Fuller,EM92151,8105133,INOVA SOLUTIONS,5,APAC,PULSE,RPS,NO_TS_APAC,92.33
Daniel,Schwartz,YM18217,1916009,BRYTON CONSULTING,5,APAC ASIA,ATLAS,FORFAIT,O1EAXJWZ9O8E0U8,10.8
Courtney,Mckinney,BB56228,8872513,KESTRA DIGITAL,5,CONT AMERICA,STELLAR,RPS,FNPER3DRK9F1EBL,8.95
Courtney,Mckinney,BB56228,8872513,KESTRA DIGITAL,5,MEA,STELLAR,RPS,NO_TS_MEA,91.05
Heather,Nichols,XC68199,7615474,BRYTON GROUP,5,MEA EUROPE,VERTEX,REGIE,A87UMB8GPIAF68L,11.36
Heather,Nichols,XC68199,7615474,BRYTON GROUP,5,EMEA,VERTEX,REGIE,NO_TS_EMEA,88.64
Dale,Sparks,TK45120,9973397,GOLZEN VENTURES,5,CONT AFRICA,PULSE,SUPPORT,Y0WCBL57IR7F5SR,9.38
Dale,Sparks,TK45120,9973397,GOLZEN VENTURES,5,CONT,PULSE,SUPPORT,NO_TS_CONT,90.63
Cheryl,Levy,WX63630,4620214,DELVO SOLUTIONS,5,APAC MENA,PHOENIX,REGIE,QOUYKXCS25FQHSL,7.67
Cheryl,Levy,WX63630,4620214,DELVO SOLUTIONS,5,CONT,PHOENIX,REGIE,NO_TS_CONT,92.33
Marvin,Rhodes,LO69741,1327193,INOVA CONSULTING,5,APAC EUROPE,STELLAR,FORFAIT,IAIVJE4CN3G0VD3,9.66
Marvin,Rhodes,LO69741,1327193,INOVA CONSULTING,5,EMEA,STELLAR,FORFAIT,NO_TS_EMEA,90.34
Michelle,Rodgers,HO57792,3394362,KESTRA SOLUTIONS,5,LATAM ASIA,VERTEX,REGIE,W0B7BTS76QQHV7G,9.09
Michelle,Rodgers,HO57792,3394362,KESTRA SOLUTIONS,5,APAC,VERTEX,REGIE,NO_TS_APAC,90.91
Anthony,Long,BX59970,8607828,BRYTON CONSULTING,5,APAC EUROPE,PULSE,SUPPORT,LIDD4SJ92G5ABP8,11.36
Anthony,Long,BX59970,8607828,BRYTON CONSULTING,5,NA,PULSE,SUPPORT,NO_TS_NA,88.64
Donna,Sanders,YQ36591,5875463,HYRION TECH,5,APAC AMERICA,NEXUS,FORFAIT,SAU3R7L1ETN0SD2,15.91
Donna,Sanders,YQ36591,5875463,HYRION TECH,5,LATAM,NEXUS,FORFAIT,NO_TS_LATAM,84.09
Emily,Huerta,OF90111,8509373,ETHOS GLOBAL,5,APAC AFRICA,PHOENIX,RPS,SF6JTX3RGEO4QKL,11.08
Emily,Huerta,OF90111,8509373,ETHOS GLOBAL,5,EMEA,PHOENIX,RPS,NO_TS_EMEA,88.92
Benjamin,Mosley,BV57024,5883604,FORVEX DIGITAL,5,LATAM EUROPE,STELLAR,FORFAIT,1DBKUCSXWLAJC6P,11.36
Benjamin,Mosley,BV57024,5883604,FORVEX DIGITAL,5,APAC,STELLAR,FORFAIT,NO_TS_APAC,88.64
Felicia,David,YA21625,6627759,FORVEX DIGITAL,5,LATAM AFRICA,NOVA,FORFAIT,8F0UIY9H652Z135,11.93
Felicia,David,YA21625,6627759,FORVEX DIGITAL,5,CONT,NOVA,FORFAIT,NO_TS_CONT,88.07
Michael,Parsons,RC42544,8038960,KESTRA DIGITAL,5,CONT OCEANIA,STELLAR,FORFAIT,VJCP60C9XG53O1B,9.66
Michael,Parsons,RC42544,8038960,KESTRA DIGITAL,5,MEA,STELLAR,FORFAIT,NO_TS_MEA,90.34
Jason,Olson,YJ92498,5445203,GOLZEN DYNAMICS,5,LATAM AFRICA,PULSE,REGIE,ZETT6EW5OG8IDOD,10.23
Jason,Olson,YJ92498,5445203,GOLZEN DYNAMICS,5,CONT,PULSE,REGIE,NO_TS_CONT,89.77
Julie,Vaughn,NY78341,1440498,CENVEO CONSULTING,5,LATAM AFRICA,ATLAS,SUPPORT,B20V14K67IGVC3Q,9.94
Martha,Perkins,RS39682,1148085,ALCOR CONSULTING,5,LATAM AMERICA,NOVA,REGIE,Q621CLS9MYPIDG0,8.24
Martha,Perkins,RS39682,1148085,ALCOR CONSULTING,5,APAC,NOVA,REGIE,NO_TS_APAC,91.76
Kelly,Thomas,HM57499,1424562,LUMEX DIGITAL,5,MEA OCEANIA,NOVA,MAINTENANCE,V8NTJKKD9B0XNYQ,8.24
Kelly,Thomas,HM57499,1424562,LUMEX DIGITAL,5,EMEA,NOVA,MAINTENANCE,NO_TS_EMEA,91.76
Frank,Mills,QB85836,4611529,GOLZEN SYSTEMS,5,APAC EUROPE,ORBIT,SUPPORT,0HZVFOV8YA70NIL,11.51
Frank,Mills,QB85836,4611529,GOLZEN SYSTEMS,5,MEA,ORBIT,SUPPORT,NO_TS_MEA,88.49
Christine,Lee,IN15292,1206636,ETHOS GLOBAL,5,NA ASIA,NEXUS,REGIE,2U0TH9KAZ71TJ1C,11.36
Christine,Lee,IN15292,1206636,ETHOS GLOBAL,5,MEA,NEXUS,REGIE,NO_TS_MEA,88.64
Paul,Morrison,DC81333,7176117,JALVIK SOLUTIONS,5,APAC AMERICA,PHOENIX,REGIE,45FOLBDGZFDMIXB,13.64
Paul,Morrison,DC81333,7176117,JALVIK SOLUTIONS,5,EMEA,PHOENIX,REGIE,NO_TS_EMEA,86.36
Shirley,Johnson,HZ53234,8860763,LUMEX SOLUTIONS,5,EMEA MENA,PHOENIX,MAINTENANCE,2T40NEB2TERQTRI,11.36
Shirley,Johnson,HZ53234,8860763,LUMEX SOLUTIONS,5,LATAM,PHOENIX,MAINTENANCE,NO_TS_LATAM,88.64
Ricardo,Boyd,QC30102,3244433,CENVEO GROUP,5,LATAM ASIA,ORBIT,MAINTENANCE,5KDQYL547YFSLN6,11.36
Ricardo,Boyd,QC30102,3244433,CENVEO GROUP,5,CONT,ORBIT,MAINTENANCE,NO_TS_CONT,88.64
Michael,Mueller,JA81791,4495065,LUMEX TECH,5,LATAM AFRICA,NOVA,FORFAIT,5ZYCOJRU4DLPFS4,12.5
Michael,Mueller,JA81791,4495065,LUMEX TECH,5,APAC,NOVA,FORFAIT,NO_TS_APAC,87.5
Henry,Graves,GS85067,5959317,LUMEX DIGITAL,5,CONT ASIA,PHOENIX,SUPPORT,TBASUZBZ2D9B9ZB,10.0
Henry,Graves,GS85067,5959317,LUMEX DIGITAL,5,LATAM,PHOENIX,SUPPORT,NO_TS_LATAM,90.0
John,Werner,TP90467,5868083,FORVEX DIGITAL,5,LATAM AMERICA,NEXUS,REGIE,JWNA2694FZ7LZXE,9.09
John,Werner,TP90467,5868083,FORVEX DIGITAL,5,APAC,NEXUS,REGIE,NO_TS_APAC,90.91
Harry,Gonzalez,UL46053,2119010,ETHOS SYSTEMS,5,MEA AMERICA,NOVA,REGIE,FYOVC1P2UTNF4PA,13.64
Harry,Gonzalez,UL46053,2119010,ETHOS SYSTEMS,5,MEA,NOVA,REGIE,NO_TS_MEA,86.36
Chase,Carter,VW94902,7505577,DELVO GLOBAL,5,APAC AMERICA,NEXUS,RPS,LYF0U49O8K7IO0N,15.34
Chase,Carter,VW94902,7505577,DELVO GLOBAL,5,EMEA,NEXUS,RPS,NO_TS_EMEA,84.66
Brian,Ayers,XV51677,2926953,BRYTON SYSTEMS,5,NA OCEANIA,ATLAS,SUPPORT,MUI74WVE7SWIUZV,11.36
Amy,Mahoney,XF77541,9351069,GOLZEN CONSULTING,5,LATAM EUROPE,ORBIT,SUPPORT,JS9VM41MYO08IT3,12.5
Adam,Sullivan,AA49253,9555123,LUMEX DIGITAL,5,APAC MENA,NEXUS,MAINTENANCE,G7WLCD83YRDDE5P,12.5
Adam,Sullivan,AA49253,9555123,LUMEX DIGITAL,5,MEA,NEXUS,MAINTENANCE,NO_TS_MEA,87.5
Christina,Faulkner,FF74514,5527404,LUMEX DIGITAL,5,APAC AMERICA,QUANTUM,RPS,UR1AYBI8YF13LQX,9.23
Christina,Faulkner,FF74514,5527404,LUMEX DIGITAL,5,NA,QUANTUM,RPS,NO_TS_NA,90.77
Andrea,Myers,LM69432,8843738,CENVEO DIGITAL,5,CONT AFRICA,STELLAR,REGIE,MACIMJIOF7MINOQ,13.64
Andrea,Myers,LM69432,8843738,CENVEO DIGITAL,5,CONT,STELLAR,REGIE,NO_TS_CONT,86.36
Shannon,Kirby,ID41772,9417584,ETHOS TECH,5,EMEA AFRICA,STELLAR,RPS,2DYN7BFFLO5ZPQ8,9.66
Jesse,Rodriguez,LQ98466,8298674,ALCOR GLOBAL,5,EMEA MENA,VERTEX,FORFAIT,Q6S2G8XMVB4WGX4,13.64
Jesse,Rodriguez,LQ98466,8298674,ALCOR GLOBAL,5,LATAM,VERTEX,FORFAIT,NO_TS_LATAM,86.36
Justin,Villanueva,YP45406,8116251,BRYTON DYNAMICS,5,NA ASIA,PULSE,FORFAIT,CZ0RSJP2HN047C9,8.52
Justin,Villanueva,YP45406,8116251,BRYTON DYNAMICS,5,EMEA,PULSE,FORFAIT,NO_TS_EMEA,91.48
Angela,Berry,ZX71664,2009489,ETHOS GLOBAL,5,APAC EUROPE,ORBIT,SUPPORT,1AW75UAB4JROKLC,13.92
Calvin,Stone,PW60882,7061340,GOLZEN GLOBAL,5,EMEA MENA,ATLAS,RPS,L18ERT71BVWY8OX,11.93
Calvin,Stone,PW60882,7061340,GOLZEN GLOBAL,5,EMEA,ATLAS,RPS,NO_TS_EMEA,88.07
Damon,Holt,PA88486,1764541,INOVA SOLUTIONS,5,CONT MENA,PULSE,SUPPORT,NSF6EJUMVCR9JKJ,16.05
Damon,Holt,PA88486,1764541,INOVA SOLUTIONS,5,NA,PULSE,SUPPORT,NO_TS_NA,83.95
Justin,Brock,DK14082,5632771,HYRION SYSTEMS,5,CONT OCEANIA,ORBIT,REGIE,H58WUE10INYIPYN,12.5
Justin,Brock,DK14082,5632771,HYRION SYSTEMS,5,CONT,ORBIT,REGIE,NO_TS_CONT,87.5
Barbara,Weaver,WG12014,7823856,FORVEX GROUP,5,NA AFRICA,NEXUS,FORFAIT,2BXR3WOE5XTS99J,13.07
Barbara,Weaver,WG12014,7823856,FORVEX GROUP,5,LATAM,NEXUS,FORFAIT,NO_TS_LATAM,86.93
Christopher,Mitchell,YU90688,4449485,DELVO GLOBAL,5,CONT MENA,NOVA,SUPPORT,H2MH1XDE4CIJWT7,12.78
Christopher,Mitchell,YU90688,4449485,DELVO GLOBAL,5,MEA,NOVA,SUPPORT,NO_TS_MEA,87.22
Ariel,Smith,VW68649,8244731,HYRION DIGITAL,5,NA AMERICA,ORBIT,MAINTENANCE,Q1P8AZHJRSJTMV9,14.77
Ariel,Smith,VW68649,8244731,HYRION DIGITAL,5,LATAM,ORBIT,MAINTENANCE,NO_TS_LATAM,85.23
Claudia,Rodgers,DB30395,4561989,ALCOR DYNAMICS,5,CONT OCEANIA,ORBIT,FORFAIT,A5OTD7IK7RGR6E4,10.8
Claudia,Rodgers,DB30395,4561989,ALCOR DYNAMICS,5,APAC,ORBIT,FORFAIT,NO_TS_APAC,89.2
Edgar,Gillespie,NW63813,5483117,ETHOS SOLUTIONS,5,NA AFRICA,NEXUS,MAINTENANCE,AQ7JHYZTAIQ3GPR,11.36
Edgar,Gillespie,NW63813,5483117,ETHOS SOLUTIONS,5,APAC,NEXUS,MAINTENANCE,NO_TS_APAC,88.64
Kenneth,Douglas,YA76885,3430949,FORVEX DYNAMICS,5,APAC EUROPE,PHOENIX,RPS,X26Q2JG10CQX0IV,14.91
Kenneth,Douglas,YA76885,3430949,FORVEX DYNAMICS,5,EMEA,PHOENIX,RPS,NO_TS_EMEA,85.09
Jessica,Andrews,OU05304,2011682,ALCOR VENTURES,5,LATAM AFRICA,ATLAS,SUPPORT,DHGMKX79KHGFYNL,9.38
Jessica,Andrews,OU05304,2011682,ALCOR VENTURES,5,CONT,ATLAS,SUPPORT,NO_TS_CONT,90.63
Melanie,Klein,NZ64869,9226817,LUMEX GLOBAL,5,LATAM OCEANIA,NOVA,FORFAIT,E7PP44GIN9A6JTO,11.36
Melanie,Klein,NZ64869,9226817,LUMEX GLOBAL,5,MEA,NOVA,FORFAIT,NO_TS_MEA,88.64
Jamie,Campbell,HM53911,9883235,LUMEX TECH,5,CONT AMERICA,VERTEX,RPS,WUUZ6VOD1SUWAHH,13.35
Jamie,Campbell,HM53911,9883235,LUMEX TECH,5,NA,VERTEX,RPS,NO_TS_NA,86.65
Rebecca,Hutchinson,OT90610,8568178,DELVO TECH,5,NA AMERICA,STELLAR,SUPPORT,DQE5D5OHD889IW5,13.64
Rebecca,Hutchinson,OT90610,8568178,DELVO TECH,5,CONT,STELLAR,SUPPORT,NO_TS_CONT,86.36
Michelle,Price,HF10566,6530581,ETHOS CONSULTING,5,NA MENA,NEXUS,SUPPORT,3VO0Y6TY58UJFKL,11.36
Michelle,Price,HF10566,6530581,ETHOS CONSULTING,5,MEA,NEXUS,SUPPORT,NO_TS_MEA,88.64
Kevin,Torres,XF03380,8907294,CENVEO SOLUTIONS,5,LATAM MENA,ORBIT,REGIE,2O6ZS3C59URZN04,13.64
Kevin,Torres,XF03380,8907294,CENVEO SOLUTIONS,5,LATAM,ORBIT,REGIE,NO_TS_LATAM,86.36
Joseph,Gallegos,TM34723,2308753,CENVEO GLOBAL,5,APAC AMERICA,VERTEX,REGIE,H5LT3CBBA3R217Z,13.64
Joseph,Gallegos,TM34723,2308753,CENVEO GLOBAL,5,APAC,VERTEX,REGIE,NO_TS_APAC,86.36
Gary,Russo,MO85323,9859064,LUMEX SOLUTIONS,5,CONT AFRICA,NEXUS,REGIE,6IV79L0E2TLEFVO,7.39
Gary,Russo,MO85323,9859064,LUMEX SOLUTIONS,5,CONT,NEXUS,REGIE,NO_TS_CONT,92.61
Austin,Cunningham,AR14687,5608203,FORVEX DIGITAL,5,EMEA EUROPE,ORBIT,FORFAIT,B132V0FFON6SS2K,11.36
Austin,Cunningham,AR14687,5608203,FORVEX DIGITAL,5,NA,ORBIT,FORFAIT,NO_TS_NA,88.64
Julia,Lawrence,FS25089,7939420,KESTRA SOLUTIONS,5,LATAM OCEANIA,QUANTUM,SUPPORT,QV38YFW31E2LTUW,15.2
Julia,Lawrence,FS25089,7939420,KESTRA SOLUTIONS,5,MEA,QUANTUM,SUPPORT,NO_TS_MEA,84.8
Jennifer,Hamilton,DG17316,3409981,ETHOS TECH,5,APAC MENA,ORBIT,RPS,HLX1J3LC9XZIMIF,9.66
Devin,Gonzalez,JG20048,7558363,HYRION GLOBAL,5,CONT ASIA,VERTEX,RPS,ALNMPRJCKQ84G02,8.81
Devin,Gonzalez,JG20048,7558363,HYRION GLOBAL,5,APAC,VERTEX,RPS,NO_TS_APAC,91.19
Karen,Kelly,ID09655,5704821,KESTRA CONSULTING,5,NA ASIA,ATLAS,REGIE,59UM8G5O8ZXTUXL,11.36
Karen,Kelly,ID09655,5704821,KESTRA CONSULTING,5,NA,ATLAS,REGIE,NO_TS_NA,88.64
David,Hayes,PO87574,6796008,HYRION GLOBAL,5,EMEA ASIA,PHOENIX,FORFAIT,W0ZPA9DHG60IIUX,8.81
David,Hayes,PO87574,6796008,HYRION GLOBAL,5,EMEA,PHOENIX,FORFAIT,NO_TS_EMEA,91.19
Kimberly,Willis,GQ50139,4860925,ETHOS GROUP,5,CONT AFRICA,QUANTUM,RPS,GCIRQC1V1KW6MEB,11.36
Kimberly,Willis,GQ50139,4860925,ETHOS GROUP,5,APAC,QUANTUM,RPS,NO_TS_APAC,88.64
Tara,Miller,FM12520,5366501,HYRION VENTURES,5,NA AMERICA,STELLAR,REGIE,DL81BKM031ZJTTU,13.78
Tara,Miller,FM12520,5366501,HYRION VENTURES,5,LATAM,STELLAR,REGIE,NO_TS_LATAM,86.22
Eric,Brown,RO15002,4045944,HYRION VENTURES,5,CONT AFRICA,QUANTUM,MAINTENANCE,S06KSS11CIZBFYA,9.94
Eric,Brown,RO15002,4045944,HYRION VENTURES,5,EMEA,QUANTUM,MAINTENANCE,NO_TS_EMEA,90.06
Jeffrey,Snyder,CW03006,3217345,BRYTON VENTURES,5,LATAM ASIA,ATLAS,SUPPORT,Y5T7KC47RNIAUIH,11.93
Jeffrey,Snyder,CW03006,3217345,BRYTON VENTURES,5,APAC,ATLAS,SUPPORT,NO_TS_APAC,88.07
Jennifer,Hardy,LP70015,1541580,FORVEX TECH,5,EMEA EUROPE,NEXUS,FORFAIT,AFB12ZJ8X01OA5D,11.36
Sarah,Baxter,JX87203,7264771,GOLZEN GROUP,5,LATAM MENA,ORBIT,REGIE,E1A2OJ7KGJYORUR,6.96
Sarah,Baxter,JX87203,7264771,GOLZEN GROUP,5,APAC,ORBIT,REGIE,NO_TS_APAC,93.04
John,Nichols,OZ23007,1023007,JALVIK CONSULTING,5,CONT AFRICA,NEXUS,RPS,5KIL83MB17UEBVH,13.64
Steven,Kelley,FK62477,9552136,ETHOS SYSTEMS,5,EMEA AMERICA,ATLAS,SUPPORT,SHKAE4LCZFW4CXD,9.66
Ashley,Gonzalez,YC51803,8553040,ETHOS DIGITAL,5,MEA AMERICA,ORBIT,REGIE,2SSVIZGYZJHK9V0,14.77
Ashley,Gonzalez,YC51803,8553040,ETHOS DIGITAL,5,LATAM,ORBIT,REGIE,NO_TS_LATAM,85.23
Kevin,Diaz,YL55810,9146748,INOVA GLOBAL,5,MEA AMERICA,ATLAS,MAINTENANCE,3CDQLFI1PDP2XL2,9.94
Kevin,Diaz,YL55810,9146748,INOVA GLOBAL,5,NA,ATLAS,MAINTENANCE,NO_TS_NA,90.06
Christy,Hernandez,KW89201,6285631,JALVIK DYNAMICS,5,LATAM MENA,PULSE,REGIE,KFY5PC5F8YW5TCR,10.23
Christy,Hernandez,KW89201,6285631,JALVIK DYNAMICS,5,NA,PULSE,REGIE,NO_TS_NA,89.77
Chelsea,Burch,UP45440,6588046,FORVEX DIGITAL,5,MEA OCEANIA,PHOENIX,SUPPORT,2G5WVZHRCUV490Y,8.81
Chelsea,Burch,UP45440,6588046,FORVEX DIGITAL,5,EMEA,PHOENIX,SUPPORT,NO_TS_EMEA,91.19
Christine,Hopkins,YH49465,3275332,KESTRA SOLUTIONS,5,APAC OCEANIA,ORBIT,MAINTENANCE,490FLQ96EYK4DXV,8.52
Christine,Hopkins,YH49465,3275332,KESTRA SOLUTIONS,5,MEA,ORBIT,MAINTENANCE,NO_TS_MEA,91.48
John,Lee,ZB96982,8723511,FORVEX DYNAMICS,5,LATAM MENA,ORBIT,SUPPORT,3OOEPMGFHDIXKDJ,9.23
Colleen,Thompson,VZ68347,5150585,BRYTON SOLUTIONS,5,CONT ASIA,PHOENIX,SUPPORT,RP470DQ4DYDNFB3,11.65
Colleen,Thompson,VZ68347,5150585,BRYTON SOLUTIONS,5,LATAM,PHOENIX,SUPPORT,NO_TS_LATAM,88.35
Kathy,Robinson,II71528,1884456,HYRION SYSTEMS,5,APAC AMERICA,ORBIT,MAINTENANCE,YAF6MH7J5H0OSDI,9.66
Kathy,Robinson,II71528,1884456,HYRION SYSTEMS,5,CONT,ORBIT,MAINTENANCE,NO_TS_CONT,90.34
Michael,Kirby,YW13179,1847573,CENVEO GLOBAL,5,LATAM MENA,NOVA,SUPPORT,8E4HIZVYYHUNPU8,10.8
Jacob,Wagner,BM61552,6450589,GOLZEN VENTURES,5,CONT OCEANIA,NEXUS,MAINTENANCE,5TFEY2Y4JMJWQ54,12.5
Jacob,Wagner,BM61552,6450589,GOLZEN VENTURES,5,EMEA,NEXUS,MAINTENANCE,NO_TS_EMEA,87.5
Victor,Jones,VK56590,7191663,FORVEX GROUP,5,LATAM AMERICA,ORBIT,SUPPORT,E1LNKNJCG04KF8G,10.23
Daryl,Johnson,IN41667,2591127,INOVA TECH,5,CONT EUROPE,PULSE,SUPPORT,R4HVXHXMB3QX52Q,9.09
Kimberly,Daugherty,CX61076,9914044,HYRION DIGITAL,5,LATAM EUROPE,PULSE,RPS,ZY35YCXWUMA09F0,11.65
Kimberly,Daugherty,CX61076,9914044,HYRION DIGITAL,5,NA,PULSE,RPS,NO_TS_NA,88.35
Connie,Barber,NN62001,9998977,HYRION CONSULTING,5,CONT MENA,NEXUS,RPS,I45YVPPH1MZI7VO,11.36
Connie,Barber,NN62001,9998977,HYRION CONSULTING,5,NA,NEXUS,RPS,NO_TS_NA,88.64
Kimberly,Brown,PL05166,1088121,LUMEX TECH,5,EMEA EUROPE,ORBIT,REGIE,UIK7KLYUPA35EL1,13.35
Kimberly,Brown,PL05166,1088121,LUMEX TECH,5,APAC,ORBIT,REGIE,NO_TS_APAC,86.65
Wyatt,Cobb,FC58019,8510686,FORVEX DIGITAL,5,LATAM OCEANIA,NOVA,REGIE,SF97X217J04A11Q,10.37
Wyatt,Cobb,FC58019,8510686,FORVEX DIGITAL,5,APAC,NOVA,REGIE,NO_TS_APAC,89.63
Brian,Acevedo,JO46116,2074776,ETHOS GROUP,5,LATAM OCEANIA,QUANTUM,RPS,XC8NYT1UGZ53AI4,11.36
Brian,Acevedo,JO46116,2074776,ETHOS GROUP,5,CONT,QUANTUM,RPS,NO_TS_CONT,88.64
Gabriela,Fox,PZ67871,5151108,GOLZEN DYNAMICS,5,EMEA EUROPE,PHOENIX,MAINTENANCE,THQ5GZYOCDM47ZA,12.5
Thomas,Mathis,IT25634,2571503,FORVEX SOLUTIONS,5,LATAM AMERICA,PHOENIX,MAINTENANCE,82I8IJCO7DY6PGD,11.36
Carol,King,VW12229,9232154,BRYTON CONSULTING,5,MEA ASIA,ATLAS,FORFAIT,IWW1CV9XZCAKBCP,10.51
Carol,King,VW12229,9232154,BRYTON CONSULTING,5,EMEA,ATLAS,FORFAIT,NO_TS_EMEA,89.49
Joshua,Miller,ZG87124,9255170,ETHOS GLOBAL,5,CONT OCEANIA,VERTEX,RPS,BV6U5Z2UJULDCQY,15.91
Joshua,Miller,ZG87124,9255170,ETHOS GLOBAL,5,NA,VERTEX,RPS,NO_TS_NA,84.09
Sylvia,Bell,HY03762,4197558,HYRION GROUP,5,NA EUROPE,ATLAS,REGIE,2V2WTW301UJLBXS,8.52
Sylvia,Bell,HY03762,4197558,HYRION GROUP,5,EMEA,ATLAS,REGIE,NO_TS_EMEA,91.48
Karina,Brown,IK07240,1349290,ETHOS DYNAMICS,5,CONT OCEANIA,PHOENIX,RPS,TJDB1GLJZ9JA2UM,9.94
Karina,Brown,IK07240,1349290,ETHOS DYNAMICS,5,CONT,PHOENIX,RPS,NO_TS_CONT,90.06
Ashley,Smith,VI99432,4898487,JALVIK DIGITAL,5,EMEA EUROPE,PHOENIX,FORFAIT,SDNJP1ANIUUQW3B,9.94
Ashley,Smith,VI99432,4898487,JALVIK DIGITAL,5,MEA,PHOENIX,FORFAIT,NO_TS_MEA,90.06
Adam,Anderson,XP46212,5776535,CENVEO SOLUTIONS,5,NA ASIA,PHOENIX,RPS,BLE90K56TFFE8DQ,11.08
Derek,Doyle,JP62380,2336512,FORVEX DIGITAL,5,CONT OCEANIA,NEXUS,SUPPORT,4OMBPI5B2472EJ2,12.5
Derek,Doyle,JP62380,2336512,FORVEX DIGITAL,5,APAC,NEXUS,SUPPORT,NO_TS_APAC,87.5
Tiffany,Pineda,IS76195,2939539,HYRION SOLUTIONS,5,NA MENA,ATLAS,RPS,80J0U2YU6GCO77U,9.38
Tiffany,Pineda,IS76195,2939539,HYRION SOLUTIONS,5,APAC,ATLAS,RPS,NO_TS_APAC,90.63
Andrew,Bryant,KJ57351,8984296,GOLZEN SYSTEMS,5,CONT MENA,NOVA,RPS,N6BK6X5MBK4OWU9,12.78
Justin,Duncan,IL36762,9044427,ALCOR GROUP,5,LATAM AMERICA,NEXUS,REGIE,B070D1W8PWI5HRC,9.52
Margaret,Smith,XZ53250,3089266,HYRION DIGITAL,5,CONT ASIA,ORBIT,RPS,CGNXRHWCZ6G10VT,10.23
Margaret,Smith,XZ53250,3089266,HYRION DIGITAL,5,MEA,ORBIT,RPS,NO_TS_MEA,89.77
Gina,Brown,ZO17591,1719499,GOLZEN CONSULTING,5,CONT ASIA,PULSE,MAINTENANCE,MR92H6YAX41V8P5,11.36
Gina,Brown,ZO17591,1719499,GOLZEN CONSULTING,5,LATAM,PULSE,MAINTENANCE,NO_TS_LATAM,88.64
Christopher,Douglas,FJ97867,3770549,INOVA CONSULTING,5,NA ASIA,STELLAR,MAINTENANCE,4ZXS9T9UXYKO9OR,13.64
Christopher,Douglas,FJ97867,3770549,INOVA CONSULTING,5,LATAM,STELLAR,MAINTENANCE,NO_TS_LATAM,86.36
Annette,Craig,WY22365,4662618,ALCOR CONSULTING,5,CONT OCEANIA,NOVA,MAINTENANCE,56YBBEISAQ1TWO3,14.77
Annette,Craig,WY22365,4662618,ALCOR CONSULTING,5,NA,NOVA,MAINTENANCE,NO_TS_NA,85.23
Madison,Klein,EQ96397,5465994,CENVEO GLOBAL,5,MEA ASIA,STELLAR,SUPPORT,6Q68PB60FLIKYT3,11.51
Allison,Clark,WI54110,9104375,BRYTON DYNAMICS,5,CONT MENA,ORBIT,MAINTENANCE,ZJK2TSG34DQ0UXQ,12.78
Linda,Hart,TI18888,5650065,KESTRA DIGITAL,5,MEA AMERICA,ATLAS,FORFAIT,1WQA3HAIA4KH6DS,10.37
Linda,Hart,TI18888,5650065,KESTRA DIGITAL,5,CONT,ATLAS,FORFAIT,NO_TS_CONT,89.63
Amanda,Wu,JA62651,1912503,ETHOS SYSTEMS,5,EMEA AFRICA,STELLAR,MAINTENANCE,D52LGQ8UDHUWKDY,13.64
Amanda,Wu,JA62651,1912503,ETHOS SYSTEMS,5,EMEA,STELLAR,MAINTENANCE,NO_TS_EMEA,86.36
Bailey,Gillespie,QS46383,1243058,JALVIK GROUP,5,EMEA OCEANIA,QUANTUM,FORFAIT,KLBMTVTWL8ZT5JT,9.66
Bailey,Gillespie,QS46383,1243058,JALVIK GROUP,5,APAC,QUANTUM,FORFAIT,NO_TS_APAC,90.34
Robert,Sawyer,LG56879,9912863,HYRION SYSTEMS,5,CONT OCEANIA,QUANTUM,FORFAIT,JT0CZQ4W1DXMTUE,13.64
Robert,Sawyer,LG56879,9912863,HYRION SYSTEMS,5,NA,QUANTUM,FORFAIT,NO_TS_NA,86.36
Lisa,Douglas,UP69355,2844952,LUMEX SYSTEMS,5,MEA EUROPE,QUANTUM,MAINTENANCE,YSJEJDMHHJ20Q3A,11.36
Lisa,Douglas,UP69355,2844952,LUMEX SYSTEMS,5,NA,QUANTUM,MAINTENANCE,NO_TS_NA,88.64
Nicole,Castro,JN57511,7655174,JALVIK VENTURES,5,NA EUROPE,QUANTUM,RPS,Y3UGS198G6PPI6F,10.8
Nicole,Castro,JN57511,7655174,JALVIK VENTURES,5,NA,QUANTUM,RPS,NO_TS_NA,89.2
Diamond,Christian,DZ71197,5207472,ETHOS CONSULTING,5,NA EUROPE,NEXUS,REGIE,JKT9IM500NJ2U10,11.65
Diamond,Christian,DZ71197,5207472,ETHOS CONSULTING,5,LATAM,NEXUS,REGIE,NO_TS_LATAM,88.35
Chad,Hall,PR02138,3489671,ETHOS VENTURES,5,MEA AFRICA,STELLAR,RPS,09PXT9U0JFF2Z0N,13.64
Tyler,Ford,ZA87907,4630778,HYRION CONSULTING,5,NA EUROPE,PHOENIX,SUPPORT,19CDHWGJ284VOG0,14.77
Tyler,Ford,ZA87907,4630778,HYRION CONSULTING,5,APAC,PHOENIX,SUPPORT,NO_TS_APAC,85.23
Michael,Wallace,DQ91055,5404294,ALCOR SYSTEMS,5,NA EUROPE,PULSE,FORFAIT,8ROS4R13SGH488M,11.36
Raymond,Harmon,ZR36392,8077684,FORVEX TECH,5,APAC AMERICA,NEXUS,REGIE,OANKC5EIC4LXBLD,9.94
Raymond,Harmon,ZR36392,8077684,FORVEX TECH,5,LATAM,NEXUS,REGIE,NO_TS_LATAM,90.06
Adam,Logan,QS21073,5167768,INOVA DIGITAL,5,CONT EUROPE,PULSE,FORFAIT,OENB6MU2MEG9SLS,15.91
Thomas,Miles,BE84669,5928604,FORVEX DIGITAL,5,APAC AFRICA,NOVA,RPS,M4K7TE748UP2VK9,11.93
Katrina,Webb,BU88968,2778436,HYRION CONSULTING,5,APAC OCEANIA,PULSE,REGIE,CPIEETMF14RT2WM,17.05
Katrina,Webb,BU88968,2778436,HYRION CONSULTING,5,NA,PULSE,REGIE,NO_TS_NA,82.95
Donald,Bailey,AN70107,2505549,ETHOS SOLUTIONS,5,MEA AMERICA,PULSE,SUPPORT,VXZT8ILMZAR9EUG,9.8
Brian,Obrien,LL50692,2673726,GOLZEN SYSTEMS,5,MEA EUROPE,ORBIT,REGIE,I65G34YPXB1ILB8,5.54
Brian,Obrien,LL50692,2673726,GOLZEN SYSTEMS,5,EMEA,ORBIT,REGIE,NO_TS_EMEA,94.46
Michael,Page,ZN62048,1827273,FORVEX TECH,5,NA MENA,ORBIT,MAINTENANCE,XMC4OTW6KJIHM8Z,11.36
Michael,Page,ZN62048,1827273,FORVEX TECH,5,APAC,ORBIT,MAINTENANCE,NO_TS_APAC,88.64
Todd,Schmitt,YM44450,2797375,ALCOR TECH,5,NA MENA,PULSE,REGIE,XS7V3SYQYPTAQ1U,12.78
Todd,Schmitt,YM44450,2797375,ALCOR TECH,5,APAC,PULSE,REGIE,NO_TS_APAC,87.22
Diane,Arroyo,TL32744,7083838,CENVEO CONSULTING,5,NA ASIA,PHOENIX,RPS,86LFNOP09VWI2Z1,10.23
Diane,Arroyo,TL32744,7083838,CENVEO CONSULTING,5,CONT,PHOENIX,RPS,NO_TS_CONT,89.77
Brian,Smith,WX15964,3312647,INOVA GROUP,5,CONT AFRICA,STELLAR,SUPPORT,QRMLUAMI1U4Y8CR,11.93
Brian,Smith,WX15964,3312647,INOVA GROUP,5,LATAM,STELLAR,SUPPORT,NO_TS_LATAM,88.07
Roberto,Chapman,CT91916,4637965,DELVO GROUP,5,MEA AMERICA,STELLAR,SUPPORT,TDZ84HXZ15M94J4,11.36
Roberto,Chapman,CT91916,4637965,DELVO GROUP,5,LATAM,STELLAR,SUPPORT,NO_TS_LATAM,88.64
Dalton,Roberts,KP31678,1737945,JALVIK CONSULTING,5,EMEA AMERICA,NOVA,SUPPORT,HMG4U2Q26A774PG,9.8
Dalton,Roberts,KP31678,1737945,JALVIK CONSULTING,5,APAC,NOVA,SUPPORT,NO_TS_APAC,90.2
Crystal,Jones,RN03755,9357098,CENVEO GLOBAL,5,NA ASIA,PULSE,SUPPORT,3MHJ8BMUF0JSHW7,15.91
Crystal,Jones,RN03755,9357098,CENVEO GLOBAL,5,NA,PULSE,SUPPORT,NO_TS_NA,84.09
Frank,Hughes,XI47347,3145762,INOVA SYSTEMS,5,NA OCEANIA,NOVA,FORFAIT,5L0XP9TPUP41RWA,8.81
Frank,Hughes,XI47347,3145762,INOVA SYSTEMS,5,MEA,NOVA,FORFAIT,NO_TS_MEA,91.19
David,Elliott,CR00874,4315369,LUMEX TECH,5,MEA EUROPE,STELLAR,RPS,S9H76ABSAX33SMI,12.5
David,Elliott,CR00874,4315369,LUMEX TECH,5,LATAM,STELLAR,RPS,NO_TS_LATAM,87.5
Judith,Love,QJ18635,7809407,KESTRA TECH,5,EMEA EUROPE,ATLAS,REGIE,SWK10PCHBPDU71H,8.52
Judith,Love,QJ18635,7809407,KESTRA TECH,5,NA,ATLAS,REGIE,NO_TS_NA,91.48
Janice,Richardson,MN60790,3937229,CENVEO SYSTEMS,5,CONT ASIA,STELLAR,REGIE,BGX1E0KHVJF4XE5,11.79
Janice,Richardson,MN60790,3937229,CENVEO SYSTEMS,5,LATAM,STELLAR,REGIE,NO_TS_LATAM,88.21
Kathryn,Parks,KZ19818,8325923,ALCOR GROUP,5,EMEA EUROPE,ATLAS,REGIE,SW2P127UX3U82V0,16.19
Kathryn,Parks,KZ19818,8325923,ALCOR GROUP,5,MEA,ATLAS,REGIE,NO_TS_MEA,83.81
Shawn,Brown,KY71378,3585180,LUMEX GLOBAL,5,EMEA AFRICA,ORBIT,SUPPORT,Y6RJHPHS6E0KPRU,11.93
Shawn,Brown,KY71378,3585180,LUMEX GLOBAL,5,CONT,ORBIT,SUPPORT,NO_TS_CONT,88.07
Pamela,Miller,YT02816,2071593,FORVEX SYSTEMS,5,NA ASIA,STELLAR,SUPPORT,3A1J3KBXDUIFJ0D,7.1
Pamela,Miller,YT02816,2071593,FORVEX SYSTEMS,5,NA,STELLAR,SUPPORT,NO_TS_NA,92.9
Lisa,Butler,VY05475,1214664,ALCOR DYNAMICS,5,MEA OCEANIA,STELLAR,MAINTENANCE,XEWUXB890ALGFVM,15.91
Lisa,Butler,VY05475,1214664,ALCOR DYNAMICS,5,APAC,STELLAR,MAINTENANCE,NO_TS_APAC,84.09
William,Abbott,WM48829,1190100,JALVIK GROUP,5,MEA EUROPE,STELLAR,MAINTENANCE,J82HUX3692WEE1D,11.93
William,Abbott,WM48829,1190100,JALVIK GROUP,5,APAC,STELLAR,MAINTENANCE,NO_TS_APAC,88.07
Jessica,Sanford,DW90651,9386312,KESTRA DIGITAL,5,EMEA OCEANIA,PULSE,SUPPORT,DG5Q4SLWPP3O5ND,9.52
Joseph,Jackson,TH44175,2917845,HYRION TECH,5,MEA AFRICA,ORBIT,MAINTENANCE,RYAQRWKYF1HPZW7,9.09
Joseph,Jackson,TH44175,2917845,HYRION TECH,5,CONT,ORBIT,MAINTENANCE,NO_TS_CONT,90.91
John,Ortiz,KA80913,6091421,INOVA GROUP,5,LATAM AFRICA,PULSE,MAINTENANCE,9DPYN1OKMVLY2FC,10.23
John,Ortiz,KA80913,6091421,INOVA GROUP,5,CONT,PULSE,MAINTENANCE,NO_TS_CONT,89.77
Travis,Hale,YT67358,3140063,JALVIK GROUP,5,NA ASIA,NEXUS,SUPPORT,3E6VBY02CN3E2JF,11.36
Monica,Davis,MD35910,9042089,ETHOS DIGITAL,5,MEA OCEANIA,NOVA,MAINTENANCE,SS0ZDTUEEKJ310M,11.36
Monica,Davis,MD35910,9042089,ETHOS DIGITAL,5,NA,NOVA,MAINTENANCE,NO_TS_NA,88.64
Jenny,Foster,VY12566,4547456,HYRION DYNAMICS,5,LATAM OCEANIA,ATLAS,REGIE,Y1H381KFADXNS2C,7.67
Jenny,Foster,VY12566,4547456,HYRION DYNAMICS,5,APAC,ATLAS,REGIE,NO_TS_APAC,92.33
Sara,Romero,LF76389,2301554,DELVO GROUP,5,LATAM EUROPE,NEXUS,REGIE,YARH9AI0HUH8BBE,11.93
Robert,Stewart,ZV47619,6967278,FORVEX GLOBAL,5,CONT EUROPE,STELLAR,RPS,TZAVTF8HR1PHC93,10.23
Robert,Stewart,ZV47619,6967278,FORVEX GLOBAL,5,APAC,STELLAR,RPS,NO_TS_APAC,89.77
Brenda,Cooper,XU59482,6413860,KESTRA SYSTEMS,5,MEA EUROPE,PULSE,SUPPORT,3412TPXCSHW8SJQ,10.8
Kimberly,Gonzalez,YK38370,4349271,LUMEX TECH,5,LATAM ASIA,STELLAR,REGIE,HWZ6XT6GQCX0WGU,9.94
Jennifer,Aguilar,WM59581,6016039,BRYTON TECH,5,EMEA EUROPE,STELLAR,REGIE,SS2VBI87QVLU22I,13.64
Jennifer,Aguilar,WM59581,6016039,BRYTON TECH,5,CONT,STELLAR,REGIE,NO_TS_CONT,86.36
Mary,Garcia,AI70218,1778409,JALVIK SYSTEMS,5,LATAM MENA,STELLAR,RPS,UK6DYSKS2WUKBEN,11.93
Mary,Garcia,AI70218,1778409,JALVIK SYSTEMS,5,APAC,STELLAR,RPS,NO_TS_APAC,88.07
Anthony,Adams,HQ43407,4032110,INOVA CONSULTING,5,EMEA OCEANIA,VERTEX,MAINTENANCE,7D06U0JH2OEFOKE,13.64
Anthony,Adams,HQ43407,4032110,INOVA CONSULTING,5,APAC,VERTEX,MAINTENANCE,NO_TS_APAC,86.36
Jeffery,Vang,AL11526,3908882,KESTRA SYSTEMS,5,LATAM AMERICA,PHOENIX,REGIE,WHA1TK0QJRA5NVN,13.07
Jeffery,Vang,AL11526,3908882,KESTRA SYSTEMS,5,APAC,PHOENIX,REGIE,NO_TS_APAC,86.93
Joshua,Cruz,YH01451,9648861,LUMEX SOLUTIONS,5,MEA EUROPE,ORBIT,RPS,J978M31ONFN366A,10.51
Joshua,Cruz,YH01451,9648861,LUMEX SOLUTIONS,5,LATAM,ORBIT,RPS,NO_TS_LATAM,89.49
Mary,Lawrence,OG56400,8844155,HYRION GLOBAL,5,MEA MENA,STELLAR,SUPPORT,1QQQRGAY095K1UP,9.38
Alexander,Tran,BF78198,2572311,LUMEX CONSULTING,5,CONT AFRICA,PULSE,REGIE,ZN9CJ6INWAC1ZWB,12.22
Alexander,Tran,BF78198,2572311,LUMEX CONSULTING,5,APAC,PULSE,REGIE,NO_TS_APAC,87.78
Ryan,Brock,LK53582,9662443,DELVO DYNAMICS,5,LATAM ASIA,STELLAR,FORFAIT,D654BJGX7E31QV5,10.51
Kelly,Middleton,XD22172,3849091,FORVEX DIGITAL,5,LATAM OCEANIA,NOVA,MAINTENANCE,RS2GCCEM48YQ2MC,13.64
Kelly,Middleton,XD22172,3849091,FORVEX DIGITAL,5,APAC,NOVA,MAINTENANCE,NO_TS_APAC,86.36
Cynthia,Parrish,WW46086,7659236,DELVO SOLUTIONS,5,EMEA AFRICA,VERTEX,REGIE,34XAGC5XYRXI75K,10.23
Cynthia,Parrish,WW46086,7659236,DELVO SOLUTIONS,5,APAC,VERTEX,REGIE,NO_TS_APAC,89.77
Chad,Wright,ZY11288,1728087,GOLZEN DIGITAL,5,EMEA MENA,STELLAR,MAINTENANCE,7MNKWWZYPWLMASC,11.36
Chad,Wright,ZY11288,1728087,GOLZEN DIGITAL,5,LATAM,STELLAR,MAINTENANCE,NO_TS_LATAM,88.64
Joshua,Wallace,KX36009,9975839,HYRION GLOBAL,5,APAC OCEANIA,ORBIT,RPS,SH1R1IW5SLJA0CK,10.23
Joshua,Wallace,KX36009,9975839,HYRION GLOBAL,5,NA,ORBIT,RPS,NO_TS_NA,89.77
Jacqueline,Burns,QE49862,3388103,CENVEO GLOBAL,5,MEA AFRICA,NOVA,RPS,ERU0O28DAQQ1BQ5,15.91
Jacqueline,Burns,QE49862,3388103,CENVEO GLOBAL,5,CONT,NOVA,RPS,NO_TS_CONT,84.09
Ivan,Nguyen,XW15311,7284658,ALCOR DIGITAL,5,EMEA AFRICA,STELLAR,MAINTENANCE,U8IXZBJ9GHG9XOD,8.24
Sandra,Hill,LM08400,3667050,JALVIK DIGITAL,5,MEA OCEANIA,NOVA,REGIE,6JBTA5XK7KIKHYP,8.24
Sandra,Hill,LM08400,3667050,JALVIK DIGITAL,5,EMEA,NOVA,REGIE,NO_TS_EMEA,91.76
Jodi,Burton,KW09125,7935643,LUMEX SYSTEMS,5,APAC OCEANIA,STELLAR,FORFAIT,BHGM9ADHLGZWC1R,13.64
Jodi,Burton,KW09125,7935643,LUMEX SYSTEMS,5,CONT,STELLAR,FORFAIT,NO_TS_CONT,86.36
Donna,White,IG04438,2037610,ETHOS VENTURES,5,EMEA EUROPE,ORBIT,FORFAIT,CZB4Y6ZMO4KPUQL,11.93
Darryl,Mccullough,CY21197,1718715,DELVO SYSTEMS,5,NA OCEANIA,ORBIT,FORFAIT,UQUQND5XV3C4LQV,11.79
Douglas,Smith,HL49652,6352099,BRYTON TECH,5,CONT AMERICA,QUANTUM,RPS,2CW0U88SSYF02XY,11.65
Douglas,Smith,HL49652,6352099,BRYTON TECH,5,MEA,QUANTUM,RPS,NO_TS_MEA,88.35
Jennifer,Miller,OY52230,2859523,CENVEO GLOBAL,5,APAC AMERICA,ATLAS,SUPPORT,O505Q1ZOWS17PQD,14.77
Jennifer,Miller,OY52230,2859523,CENVEO GLOBAL,5,CONT,ATLAS,SUPPORT,NO_TS_CONT,85.23
Julie,Roberts,NR30266,3034580,LUMEX SYSTEMS,5,NA EUROPE,VERTEX,MAINTENANCE,2RRB64SX4OVQH78,8.24
Julie,Roberts,NR30266,3034580,LUMEX SYSTEMS,5,NA,VERTEX,MAINTENANCE,NO_TS_NA,91.76
Stacy,Simon,WQ69508,3404906,ALCOR GROUP,5,CONT OCEANIA,STELLAR,MAINTENANCE,OC1ISTX4K23JN4L,11.36
Stacy,Simon,WQ69508,3404906,ALCOR GROUP,5,MEA,STELLAR,MAINTENANCE,NO_TS_MEA,88.64
Isaiah,Reyes,EF95950,5663542,LUMEX SOLUTIONS,5,CONT AFRICA,QUANTUM,MAINTENANCE,KL2V3O0GRU5BIRS,9.09
Isaiah,Reyes,EF95950,5663542,LUMEX SOLUTIONS,5,CONT,QUANTUM,MAINTENANCE,NO_TS_CONT,90.91
Charles,Castaneda,XX56819,8487600,ETHOS GLOBAL,5,EMEA AMERICA,STELLAR,MAINTENANCE,X12XRI8VQSQYDHS,6.25
Charles,Castaneda,XX56819,8487600,ETHOS GLOBAL,5,NA,STELLAR,MAINTENANCE,NO_TS_NA,93.75
Alexandra,Knapp,AI14164,3482711,INOVA CONSULTING,5,NA EUROPE,STELLAR,FORFAIT,XI5NZWGO2OLTG7W,12.78
Alexandra,Knapp,AI14164,3482711,INOVA CONSULTING,5,CONT,STELLAR,FORFAIT,NO_TS_CONT,87.22
Thomas,Jones,EL79918,7089931,ETHOS SOLUTIONS,5,LATAM AMERICA,QUANTUM,RPS,NDCVBI9OG456KPB,13.64
Thomas,Jones,EL79918,7089931,ETHOS SOLUTIONS,5,CONT,QUANTUM,RPS,NO_TS_CONT,86.36
Thomas,Turner,VJ89383,6722662,INOVA GLOBAL,5,MEA OCEANIA,PULSE,MAINTENANCE,Y7CN2IQDTKPIXCT,15.91
Gary,Warren,QK08561,6811904,ALCOR VENTURES,5,APAC AMERICA,ATLAS,RPS,E75FYR6IF39VJ0B,11.36
Gary,Warren,QK08561,6811904,ALCOR VENTURES,5,LATAM,ATLAS,RPS,NO_TS_LATAM,88.64
Bryan,Alvarado,SZ98558,2068676,LUMEX SOLUTIONS,5,MEA AFRICA,STELLAR,MAINTENANCE,V4A34L0694GESSG,5.97
Bryan,Alvarado,SZ98558,2068676,LUMEX SOLUTIONS,5,CONT,STELLAR,MAINTENANCE,NO_TS_CONT,94.03
Laura,Salas,WY35683,5388696,ALCOR GLOBAL,5,EMEA AFRICA,ATLAS,FORFAIT,VM4381BSUZTIPHZ,8.24
Stephen,Costa,IN58489,3101818,FORVEX CONSULTING,5,EMEA ASIA,STELLAR,FORFAIT,7GKITH90NK5R5MX,11.65
Stephen,Ingram,QB12935,5361061,LUMEX CONSULTING,5,EMEA ASIA,QUANTUM,RPS,GKS5PM4AVPYP50O,14.77
Stephen,Ingram,QB12935,5361061,LUMEX CONSULTING,5,EMEA,QUANTUM,RPS,NO_TS_EMEA,85.23
Nancy,Medina,LG61401,2467162,JALVIK SYSTEMS,5,CONT OCEANIA,STELLAR,RPS,MTXCB0ORWW1ZQAO,9.66
Nancy,Medina,LG61401,2467162,JALVIK SYSTEMS,5,NA,STELLAR,RPS,NO_TS_NA,90.34
Alan,Norris,WI73262,1902448,FORVEX GROUP,5,LATAM EUROPE,NEXUS,MAINTENANCE,XG4G1WERL117V4T,13.78
Alan,Norris,WI73262,1902448,FORVEX GROUP,5,EMEA,NEXUS,MAINTENANCE,NO_TS_EMEA,86.22
Jacob,Charles,KN51829,5346118,LUMEX VENTURES,5,NA MENA,ORBIT,REGIE,RET8H73DHHSB8DS,11.65
Jamie,Johnson,OH85969,2656642,KESTRA CONSULTING,5,APAC EUROPE,PHOENIX,SUPPORT,4ZMB9RZYYBHV4RE,15.91
Jamie,Johnson,OH85969,2656642,KESTRA CONSULTING,5,APAC,PHOENIX,SUPPORT,NO_TS_APAC,84.09
Nathan,Richardson,CU78296,6886911,ETHOS SYSTEMS,5,APAC MENA,NEXUS,REGIE,MUD5DNQL592EU7P,11.65
Nathan,Richardson,CU78296,6886911,ETHOS SYSTEMS,5,APAC,NEXUS,REGIE,NO_TS_APAC,88.35
Shannon,Johnson,LM90858,5732184,KESTRA SYSTEMS,5,LATAM OCEANIA,PHOENIX,SUPPORT,XAF8Y9288M04BNY,9.23
Shannon,Johnson,LM90858,5732184,KESTRA SYSTEMS,5,MEA,PHOENIX,SUPPORT,NO_TS_MEA,90.77
Tami,Mclean,WC10464,4332779,FORVEX TECH,5,NA EUROPE,VERTEX,RPS,DWTPT78IYIOQ4JS,10.23
Tami,Mclean,WC10464,4332779,FORVEX TECH,5,EMEA,VERTEX,RPS,NO_TS_EMEA,89.77
Kristen,Wallace,NH62888,2424101,DELVO TECH,5,APAC MENA,ORBIT,RPS,19JCB8VQVXREN9H,10.23
Kristen,Wallace,NH62888,2424101,DELVO TECH,5,MEA,ORBIT,RPS,NO_TS_MEA,89.77
Kathryn,Santos,PS54364,2379773,ALCOR SOLUTIONS,5,LATAM AMERICA,STELLAR,RPS,R352PTUXV9UWCVT,11.65
Lawrence,Donaldson,VZ21649,3680597,DELVO DYNAMICS,5,NA AFRICA,NEXUS,SUPPORT,8P6NI9R0TXGDJKJ,9.09
Lawrence,Donaldson,VZ21649,3680597,DELVO DYNAMICS,5,LATAM,NEXUS,SUPPORT,NO_TS_LATAM,90.91
Richard,Barnes,ZU67099,9625201,KESTRA DYNAMICS,5,MEA ASIA,ORBIT,REGIE,S5ZUFPSE2LPGC6T,11.79
Richard,Barnes,ZU67099,9625201,KESTRA DYNAMICS,5,LATAM,ORBIT,REGIE,NO_TS_LATAM,88.21
Anthony,Stokes,RD92097,3766019,CENVEO DIGITAL,5,NA MENA,PULSE,FORFAIT,BGUBN4Y82T92FAM,9.66
Anthony,Stokes,RD92097,3766019,CENVEO DIGITAL,5,LATAM,PULSE,FORFAIT,NO_TS_LATAM,90.34
Ricardo,Lopez,MO07881,7989179,GOLZEN DIGITAL,5,LATAM AMERICA,ORBIT,SUPPORT,8QA3QBH94JSA966,10.94
Ricardo,Lopez,MO07881,7989179,GOLZEN DIGITAL,5,EMEA,ORBIT,SUPPORT,NO_TS_EMEA,89.06
Victoria,Bradley,KZ24335,1992162,INOVA SYSTEMS,5,APAC AFRICA,PULSE,SUPPORT,K17RKTB7KSA4M8I,11.36
Victoria,Bradley,KZ24335,1992162,INOVA SYSTEMS,5,NA,PULSE,SUPPORT,NO_TS_NA,88.64
Matthew,Brown,XI59397,6202266,BRYTON GLOBAL,5,NA AMERICA,PULSE,RPS,AXO9BE0ZI1GOD16,9.09
Ryan,Garcia,OD72073,2374191,DELVO SOLUTIONS,5,CONT EUROPE,PULSE,SUPPORT,7LSKTSNOYX0XZNP,12.5
Ryan,Garcia,OD72073,2374191,DELVO SOLUTIONS,5,NA,PULSE,SUPPORT,NO_TS_NA,87.5
James,Shepherd,LO87507,5499256,LUMEX DIGITAL,5,MEA AFRICA,ORBIT,SUPPORT,M5OHEC8D81790QL,9.38
James,Shepherd,LO87507,5499256,LUMEX DIGITAL,5,LATAM,ORBIT,SUPPORT,NO_TS_LATAM,90.63
Jeffrey,Dickson,JZ70657,2511900,JALVIK TECH,5,CONT ASIA,PULSE,REGIE,7Q00TE3PK2W1G8I,13.92
Jeffrey,Dickson,JZ70657,2511900,JALVIK TECH,5,CONT,PULSE,REGIE,NO_TS_CONT,86.08
Hannah,Duncan,RV61958,9710293,LUMEX CONSULTING,5,MEA ASIA,PHOENIX,RPS,VWGGA0R4UZGHFIK,10.23
Hannah,Duncan,RV61958,9710293,LUMEX CONSULTING,5,MEA,PHOENIX,RPS,NO_TS_MEA,89.77
Sheri,Hickman,DC08680,9234195,JALVIK SYSTEMS,5,MEA AMERICA,NEXUS,REGIE,ML7CRRFSWUVDWOK,11.36
Sheri,Hickman,DC08680,9234195,JALVIK SYSTEMS,5,NA,NEXUS,REGIE,NO_TS_NA,88.64
Joshua,Adams,CF10167,4188187,ALCOR TECH,5,NA EUROPE,ORBIT,MAINTENANCE,KWUI7JBP6VPXIHZ,8.52
Joshua,Adams,CF10167,4188187,ALCOR TECH,5,CONT,ORBIT,MAINTENANCE,NO_TS_CONT,91.48
Christine,Taylor,DK21188,5866004,KESTRA DYNAMICS,5,NA ASIA,PULSE,FORFAIT,9HOPDPSRF9OMBTT,12.22
Christine,Taylor,DK21188,5866004,KESTRA DYNAMICS,5,NA,PULSE,FORFAIT,NO_TS_NA,87.78
Lisa,Lowe,AI15453,5668114,JALVIK VENTURES,5,MEA AFRICA,NOVA,RPS,7AYGXPHL1VB0ECN,13.64
Lisa,Lowe,AI15453,5668114,JALVIK VENTURES,5,APAC,NOVA,RPS,NO_TS_APAC,86.36
Alicia,Richards,PC02480,6571785,KESTRA SOLUTIONS,5,EMEA OCEANIA,PHOENIX,REGIE,4IYW0K0V4UTV2VU,11.36
Alicia,Richards,PC02480,6571785,KESTRA SOLUTIONS,5,APAC,PHOENIX,REGIE,NO_TS_APAC,88.64
Eric,Jones,NX16833,1047900,BRYTON SOLUTIONS,5,APAC AMERICA,STELLAR,MAINTENANCE,654IZ6KDL7NWINU,10.23
Lisa,Velazquez,QB77431,7869044,LUMEX VENTURES,5,EMEA MENA,PHOENIX,REGIE,E9VGBKEAM2Z28E1,12.78
Lisa,Velazquez,QB77431,7869044,LUMEX VENTURES,5,CONT,PHOENIX,REGIE,NO_TS_CONT,87.22
Nicole,Benson,HK22442,7370947,ALCOR SOLUTIONS,5,EMEA OCEANIA,PULSE,RPS,FXLJHP9QHWXPJXF,13.64
Nicole,Benson,HK22442,7370947,ALCOR SOLUTIONS,5,EMEA,PULSE,RPS,NO_TS_EMEA,86.36
Katherine,Arnold,LD23521,6717066,BRYTON TECH,5,LATAM ASIA,QUANTUM,SUPPORT,OOG6FTJR1ZYR8R3,8.66
Tracy,Hunt,PF14070,8408933,DELVO GROUP,5,EMEA AMERICA,QUANTUM,FORFAIT,YCA5W3PK24OVSB3,10.23
Omar,Vaughan,XH04970,7022620,GOLZEN DIGITAL,5,APAC AMERICA,VERTEX,FORFAIT,UNNPQ5C37ZUIOH3,11.36
Omar,Vaughan,XH04970,7022620,GOLZEN DIGITAL,5,EMEA,VERTEX,FORFAIT,NO_TS_EMEA,88.64
Charles,Rodriguez,UP26281,2525635,LUMEX SYSTEMS,5,NA MENA,NEXUS,MAINTENANCE,X6RYN768UM62EZE,12.5
Charles,Rodriguez,UP26281,2525635,LUMEX SYSTEMS,5,LATAM,NEXUS,MAINTENANCE,NO_TS_LATAM,87.5
Zachary,Hill,LD24850,9848339,LUMEX CONSULTING,5,CONT MENA,NOVA,FORFAIT,2GU9W6FUFCSF1U6,9.23
Zachary,Hill,LD24850,9848339,LUMEX CONSULTING,5,APAC,NOVA,FORFAIT,NO_TS_APAC,90.77
Tara,Ward,KE82470,2358528,KESTRA TECH,5,EMEA MENA,NEXUS,SUPPORT,50WMSKPLGB17CMP,9.52
Tara,Ward,KE82470,2358528,KESTRA TECH,5,EMEA,NEXUS,SUPPORT,NO_TS_EMEA,90.48
Phillip,Carter,AA02654,9295896,HYRION DIGITAL,5,NA MENA,ORBIT,REGIE,J0G9Q473BJL317X,12.07
Jasmine,Brown,RA19830,7338974,HYRION GROUP,5,MEA OCEANIA,ORBIT,REGIE,XVGI68ZAMCHDDPD,10.37
Jasmine,Brown,RA19830,7338974,HYRION GROUP,5,LATAM,ORBIT,REGIE,NO_TS_LATAM,89.63
Michael,Cruz,PR94284,6960280,FORVEX SOLUTIONS,5,APAC MENA,VERTEX,SUPPORT,XK70J8G4U7IHICF,11.93
Michael,Cruz,PR94284,6960280,FORVEX SOLUTIONS,5,LATAM,VERTEX,SUPPORT,NO_TS_LATAM,88.07
Steven,Matthews,RM60122,7581712,BRYTON DIGITAL,5,LATAM AFRICA,STELLAR,MAINTENANCE,FAVN4HULJH0LCY8,11.93
John,Long,JI15839,4955202,FORVEX SYSTEMS,5,NA ASIA,STELLAR,FORFAIT,2IC22D0C227COFY,11.65
John,Long,JI15839,4955202,FORVEX SYSTEMS,5,APAC,STELLAR,FORFAIT,NO_TS_APAC,88.35
Natalie,Gregory,VY35266,9643722,KESTRA TECH,5,APAC MENA,ORBIT,FORFAIT,7N149ZE1IDQ6W7R,11.36
Natalie,Gregory,VY35266,9643722,KESTRA TECH,5,EMEA,ORBIT,FORFAIT,NO_TS_EMEA,88.64
Elijah,Hubbard,HN62956,4592669,GOLZEN CONSULTING,5,LATAM MENA,ATLAS,MAINTENANCE,K7AHV6NDMTQSJD7,13.64
Elijah,Hubbard,HN62956,4592669,GOLZEN CONSULTING,5,MEA,ATLAS,MAINTENANCE,NO_TS_MEA,86.36
Joshua,Richardson,JC58086,5016913,BRYTON GLOBAL,5,MEA ASIA,NOVA,SUPPORT,LYMAI69TMDDZTCD,10.51
Joshua,Richardson,JC58086,5016913,BRYTON GLOBAL,5,LATAM,NOVA,SUPPORT,NO_TS_LATAM,89.49
Jacob,Macdonald,BM23206,1306439,ETHOS DIGITAL,5,EMEA AMERICA,ORBIT,REGIE,GR7RJMFR6ZWR409,12.07
Jacob,Macdonald,BM23206,1306439,ETHOS DIGITAL,5,NA,ORBIT,REGIE,NO_TS_NA,87.93
Tracy,Burns,XF03326,6587302,DELVO CONSULTING,5,LATAM OCEANIA,NOVA,REGIE,EACKRY6N1EY68TE,10.23
Tracy,Burns,XF03326,6587302,DELVO CONSULTING,5,CONT,NOVA,REGIE,NO_TS_CONT,89.77
Aaron,Villa,LI24750,2008387,JALVIK GLOBAL,5,MEA MENA,PULSE,FORFAIT,5FZS60V3MNYQUME,9.23
Aaron,Villa,LI24750,2008387,JALVIK GLOBAL,5,MEA,PULSE,FORFAIT,NO_TS_MEA,90.77
Daniel,Murphy,TD30660,9304119,JALVIK TECH,5,EMEA OCEANIA,PHOENIX,RPS,JBRBOYBLRZIP0FK,11.51
Daniel,Murphy,TD30660,9304119,JALVIK TECH,5,CONT,PHOENIX,RPS,NO_TS_CONT,88.49
Candice,Kelley,FV27281,6661159,FORVEX VENTURES,5,MEA MENA,ATLAS,REGIE,BTBNBX0BHHS8M4N,9.09
Candice,Kelley,FV27281,6661159,FORVEX VENTURES,5,NA,ATLAS,REGIE,NO_TS_NA,90.91
David,Martinez,KZ12349,1299754,JALVIK CONSULTING,5,MEA AMERICA,NEXUS,SUPPORT,RS4NCULW8ZVR6MO,11.36
David,Martinez,KZ12349,1299754,JALVIK CONSULTING,5,APAC,NEXUS,SUPPORT,NO_TS_APAC,88.64
Melissa,James,KR66654,3199941,GOLZEN SYSTEMS,5,NA AMERICA,STELLAR,MAINTENANCE,I2KL24GRRG7VTB9,11.65
Melissa,James,KR66654,3199941,GOLZEN SYSTEMS,5,LATAM,STELLAR,MAINTENANCE,NO_TS_LATAM,88.35
Julie,Miller,VT90150,1164952,JALVIK GLOBAL,5,CONT EUROPE,STELLAR,FORFAIT,E1UJ9Z3QPGNR152,11.65
Julie,Miller,VT90150,1164952,JALVIK GLOBAL,5,LATAM,STELLAR,FORFAIT,NO_TS_LATAM,88.35
Jennifer,Wilson,JZ07798,5922394,JALVIK SYSTEMS,5,NA MENA,PHOENIX,FORFAIT,KZCT43DXFBORGMO,4.17
Jennifer,Wilson,JZ07798,5922394,JALVIK SYSTEMS,5,NA,PHOENIX,FORFAIT,NO_TS_NA,95.83
Shane,Welch,NF57642,7047567,KESTRA VENTURES,5,CONT AFRICA,NOVA,RPS,AJOCSTM7YHTJOEC,11.79
Erica,Christensen,BY24558,7368676,ETHOS DYNAMICS,5,CONT ASIA,NEXUS,MAINTENANCE,DC3KQ9RL1WPLFZ4,9.09
Erica,Christensen,BY24558,7368676,ETHOS DYNAMICS,5,NA,NEXUS,MAINTENANCE,NO_TS_NA,90.91
Justin,Williams,OX62974,7208422,FORVEX SOLUTIONS,5,MEA OCEANIA,VERTEX,MAINTENANCE,VGY9YKRY0R49A72,11.36
Justin,Williams,OX62974,7208422,FORVEX SOLUTIONS,5,EMEA,VERTEX,MAINTENANCE,NO_TS_EMEA,88.64
Jeffrey,Taylor,LQ78154,8121355,ALCOR DIGITAL,5,NA EUROPE,VERTEX,MAINTENANCE,J1TIYKDTPRULQ8Z,13.64
Jeffrey,Taylor,LQ78154,8121355,ALCOR DIGITAL,5,CONT,VERTEX,MAINTENANCE,NO_TS_CONT,86.36
Robert,Murphy,YG53338,9382438,BRYTON DIGITAL,5,MEA MENA,PHOENIX,FORFAIT,4F1E2Q1VDN11GNB,9.94
Robert,Murphy,YG53338,9382438,BRYTON DIGITAL,5,NA,PHOENIX,FORFAIT,NO_TS_NA,90.06
Timothy,Smith,MY44846,6335136,KESTRA DYNAMICS,5,CONT AMERICA,ORBIT,FORFAIT,CAW6GX21JLHHXE1,7.14
Timothy,Smith,MY44846,6335136,KESTRA DYNAMICS,5,EMEA,ORBIT,FORFAIT,NO_TS_EMEA,92.86
Cassandra,Larson,FB61274,1711559,BRYTON DYNAMICS,5,APAC AMERICA,PHOENIX,RPS,OW1H0U16I3CDCZG,7.95
Cassandra,Larson,FB61274,1711559,BRYTON DYNAMICS,5,APAC,PHOENIX,RPS,NO_TS_APAC,92.05
Megan,Davis,QU12465,5196160,INOVA SOLUTIONS,5,APAC AMERICA,VERTEX,REGIE,32XF9SQE0MLIWUT,14.35
Megan,Davis,QU12465,5196160,INOVA SOLUTIONS,5,EMEA,VERTEX,REGIE,NO_TS_EMEA,85.65
Joann,Garcia,OV32613,8740042,KESTRA DIGITAL,5,MEA AFRICA,ORBIT,REGIE,OKQJRP3XMQF7WXF,11.65
Joann,Garcia,OV32613,8740042,KESTRA DIGITAL,5,MEA,ORBIT,REGIE,NO_TS_MEA,88.35
Rita,Camacho,LY61545,5882197,ETHOS SOLUTIONS,5,CONT MENA,NOVA,REGIE,RD5QRW4IPTJHT58,13.64
Rita,Camacho,LY61545,5882197,ETHOS SOLUTIONS,5,CONT,NOVA,REGIE,NO_TS_CONT,86.36
Rebecca,Romero,KH72527,6068582,FORVEX GLOBAL,5,APAC OCEANIA,ORBIT,REGIE,2BWJO6O1EDXQGCY,10.23
Rebecca,Romero,KH72527,6068582,FORVEX GLOBAL,5,LATAM,ORBIT,REGIE,NO_TS_LATAM,89.77
Garrett,Hernandez,OY62326,4688004,HYRION TECH,5,LATAM AMERICA,QUANTUM,SUPPORT,KZHAMUFN8LQGGCD,10.23
Garrett,Hernandez,OY62326,4688004,HYRION TECH,5,APAC,QUANTUM,SUPPORT,NO_TS_APAC,89.77
Yolanda,Jones,PT41762,9852547,DELVO GROUP,5,APAC AFRICA,NEXUS,RPS,XWGY9I6GV2JBR1I,11.08
Yolanda,Jones,PT41762,9852547,DELVO GROUP,5,APAC,NEXUS,RPS,NO_TS_APAC,88.92
Mary,Moreno,ZS48139,2350250,DELVO SOLUTIONS,5,MEA OCEANIA,PULSE,RPS,9MJ4TMMYZY8L7JD,13.35
Mary,Moreno,ZS48139,2350250,DELVO SOLUTIONS,5,NA,PULSE,RPS,NO_TS_NA,86.65
Justin,Smith,KQ43632,6772824,INOVA SYSTEMS,5,LATAM ASIA,QUANTUM,RPS,449ZEOETCDQMJ9F,11.36
Justin,Smith,KQ43632,6772824,INOVA SYSTEMS,5,EMEA,QUANTUM,RPS,NO_TS_EMEA,88.64
Eric,Wright,GG07921,4601555,DELVO DIGITAL,5,CONT AMERICA,NEXUS,REGIE,VMP5ZIOP8RW3U7Q,9.66
Eric,Wright,GG07921,4601555,DELVO DIGITAL,5,APAC,NEXUS,REGIE,NO_TS_APAC,90.34
Scott,Rowland,MO46774,4715963,FORVEX DIGITAL,5,NA EUROPE,ATLAS,REGIE,W57X0GUT5T3OMK2,11.36
Scott,Rowland,MO46774,4715963,FORVEX DIGITAL,5,NA,ATLAS,REGIE,NO_TS_NA,88.64
Anthony,Sweeney,WO21498,4143754,BRYTON GLOBAL,5,MEA ASIA,ORBIT,MAINTENANCE,0YIA1WU03334XWO,15.34
Anthony,Sweeney,WO21498,4143754,BRYTON GLOBAL,5,NA,ORBIT,MAINTENANCE,NO_TS_NA,84.66
Natasha,Crosby,DJ53385,5530420,DELVO GROUP,5,APAC AMERICA,VERTEX,FORFAIT,QFGA5RS1GW1WOPG,8.52
Natasha,Crosby,DJ53385,5530420,DELVO GROUP,5,LATAM,VERTEX,FORFAIT,NO_TS_LATAM,91.48
Jose,Barber,LU83675,4036901,INOVA DIGITAL,5,EMEA OCEANIA,ORBIT,FORFAIT,FH9JCV4GVUY8OPB,9.38
Michael,Blackwell,ZI52370,1155517,FORVEX TECH,5,LATAM MENA,STELLAR,RPS,LQ35OMTZSBBQZMY,9.09
Michael,Blackwell,ZI52370,1155517,FORVEX TECH,5,APAC,STELLAR,RPS,NO_TS_APAC,90.91
Michael,Gomez,FG49917,7592454,JALVIK GROUP,5,EMEA EUROPE,PULSE,SUPPORT,J3NKKD0LQJ6KDVR,8.24
Michael,Gomez,FG49917,7592454,JALVIK GROUP,5,APAC,PULSE,SUPPORT,NO_TS_APAC,91.76
Kathleen,Green,NS20940,7440910,DELVO SOLUTIONS,5,CONT EUROPE,STELLAR,REGIE,J3CIW7K1VYHUE08,16.67
Kathleen,Green,NS20940,7440910,DELVO SOLUTIONS,5,APAC,STELLAR,REGIE,NO_TS_APAC,83.33
Jack,Powell,XM90218,4633722,KESTRA SYSTEMS,5,CONT OCEANIA,QUANTUM,REGIE,6VI74XI9Z7333N8,7.95
Jack,Powell,XM90218,4633722,KESTRA SYSTEMS,5,APAC,QUANTUM,REGIE,NO_TS_APAC,92.05
Robert,Porter,SK84774,4807697,HYRION SOLUTIONS,5,APAC AFRICA,QUANTUM,REGIE,79W9T3OFMYC89JL,15.91
Robert,Porter,SK84774,4807697,HYRION SOLUTIONS,5,CONT,QUANTUM,REGIE,NO_TS_CONT,84.09
Laurie,Burns,EI99177,8758302,ETHOS SOLUTIONS,5,LATAM MENA,STELLAR,FORFAIT,05BO0CBB67YA0MY,11.93
Christopher,Lang,MW39818,7603001,ALCOR CONSULTING,5,CONT ASIA,NEXUS,MAINTENANCE,DYDWS0K659XJIA9,12.93
Christopher,Lang,MW39818,7603001,ALCOR CONSULTING,5,NA,NEXUS,MAINTENANCE,NO_TS_NA,87.07
Kristen,Maddox,ZG00674,5177594,ALCOR GLOBAL,5,CONT MENA,PULSE,FORFAIT,XISSW5LATL3JT68,9.94
Kristen,Maddox,ZG00674,5177594,ALCOR GLOBAL,5,APAC,PULSE,FORFAIT,NO_TS_APAC,90.06
Amber,Chapman,NL41887,5734764,JALVIK VENTURES,5,LATAM EUROPE,VERTEX,SUPPORT,O8W7WMO3ETBJW4C,13.92
Amber,Chapman,NL41887,5734764,JALVIK VENTURES,5,EMEA,VERTEX,SUPPORT,NO_TS_EMEA,86.08
Kelly,Cuevas,AP69173,4980709,INOVA GROUP,5,NA OCEANIA,QUANTUM,SUPPORT,KPDALUUW2HH9VMC,11.46
Kelly,Cuevas,AP69173,4980709,INOVA GROUP,5,MEA,QUANTUM,SUPPORT,NO_TS_MEA,88.54
Kevin,Henderson,EZ89606,3346741,ETHOS CONSULTING,5,APAC MENA,ATLAS,MAINTENANCE,3YBJG30GY5O7TFQ,4.4
Kevin,Henderson,EZ89606,3346741,ETHOS CONSULTING,5,LATAM,ATLAS,MAINTENANCE,NO_TS_LATAM,95.6
David,Mitchell,TA02862,4045281,CENVEO GLOBAL,5,APAC ASIA,ORBIT,FORFAIT,SXU2DVCH8FI1CP8,7.95
David,Mitchell,TA02862,4045281,CENVEO GLOBAL,5,NA,ORBIT,FORFAIT,NO_TS_NA,92.05
Deanna,Ford,XL88575,2795018,JALVIK SOLUTIONS,5,EMEA AMERICA,ORBIT,RPS,JN02XHP6YUFE4QI,8.52
Carol,Hurst,MG39393,9782611,INOVA SYSTEMS,5,EMEA AMERICA,QUANTUM,SUPPORT,6LU9SP7PEY69KO6,13.64
Carol,Hurst,MG39393,9782611,INOVA SYSTEMS,5,CONT,QUANTUM,SUPPORT,NO_TS_CONT,86.36
Nicholas,Webb,NS18622,6408961,GOLZEN GLOBAL,5,CONT ASIA,PULSE,MAINTENANCE,TZLYCBTHDHQZ585,12.5
Joseph,Johnston,ZW66900,6225529,ALCOR DIGITAL,5,CONT AFRICA,VERTEX,RPS,8BOYIZZ9I3VQJ3R,14.77
Joseph,Johnston,ZW66900,6225529,ALCOR DIGITAL,5,LATAM,VERTEX,RPS,NO_TS_LATAM,85.23
Joy,Olsen,LR25000,4742635,HYRION GROUP,5,MEA ASIA,STELLAR,RPS,80SOKLM3O8WJ5PW,10.09
Joy,Olsen,LR25000,4742635,HYRION GROUP,5,MEA,STELLAR,RPS,NO_TS_MEA,89.91
Melanie,Hogan,MH00546,6619590,BRYTON SYSTEMS,5,EMEA ASIA,NOVA,MAINTENANCE,VUQBINMXJ54QNTG,13.07
Melanie,Hogan,MH00546,6619590,BRYTON SYSTEMS,5,MEA,NOVA,MAINTENANCE,NO_TS_MEA,86.93
Arthur,Conner,HL89189,4811468,LUMEX GROUP,5,EMEA AMERICA,NEXUS,MAINTENANCE,KW2IRF4RUXN6N2G,11.65
Arthur,Conner,HL89189,4811468,LUMEX GROUP,5,EMEA,NEXUS,MAINTENANCE,NO_TS_EMEA,88.35
Joshua,Cook,YZ60804,1903788,HYRION CONSULTING,5,CONT EUROPE,QUANTUM,MAINTENANCE,IKQ9ZBNNKPFNQUO,10.23
Joshua,Cook,YZ60804,1903788,HYRION CONSULTING,5,APAC,QUANTUM,MAINTENANCE,NO_TS_APAC,89.77
Amber,Rosales,QJ11006,2216743,BRYTON SOLUTIONS,5,EMEA AFRICA,ATLAS,FORFAIT,1FIIFNV4731U5F1,8.24
Amber,Rosales,QJ11006,2216743,BRYTON SOLUTIONS,5,CONT,ATLAS,FORFAIT,NO_TS_CONT,91.76
Christina,Dunn,RO12509,1403361,LUMEX CONSULTING,5,MEA ASIA,VERTEX,RPS,F5RKUJE578O8C2A,8.24
Leonard,Campbell,UQ17352,6013724,ETHOS TECH,5,EMEA AFRICA,STELLAR,MAINTENANCE,GMUXELIO9E3IJXW,10.8
Leonard,Campbell,UQ17352,6013724,ETHOS TECH,5,EMEA,STELLAR,MAINTENANCE,NO_TS_EMEA,89.2
Kathleen,Dixon,KZ14727,5339166,ALCOR VENTURES,5,CONT EUROPE,STELLAR,MAINTENANCE,IZ3FKWU2VJQWB1I,13.64
Kathleen,Dixon,KZ14727,5339166,ALCOR VENTURES,5,NA,STELLAR,MAINTENANCE,NO_TS_NA,86.36
Jillian,Jones,EN49235,9735289,INOVA DYNAMICS,5,APAC AMERICA,PULSE,FORFAIT,4QVI5QU4D939SDK,6.96
Samuel,Brown,LE90308,9603877,JALVIK SYSTEMS,5,NA EUROPE,NOVA,REGIE,B959U4U934XN60F,11.51
Samuel,Brown,LE90308,9603877,JALVIK SYSTEMS,5,CONT,NOVA,REGIE,NO_TS_CONT,88.49
Chloe,Johnson,PD10162,8108095,GOLZEN DIGITAL,5,LATAM MENA,QUANTUM,RPS,1B9379Z09VI8QI7,11.08
Scott,Stephens,ZJ77062,2671972,FORVEX SOLUTIONS,5,APAC AMERICA,NEXUS,RPS,6MZPWII51VS4WRJ,13.64
Scott,Stephens,ZJ77062,2671972,FORVEX SOLUTIONS,5,EMEA,NEXUS,RPS,NO_TS_EMEA,86.36
Holly,Walter,EE56765,9426140,CENVEO GLOBAL,5,NA OCEANIA,ATLAS,FORFAIT,YYGY6UQ9CLT4VWH,14.77
Holly,Walter,EE56765,9426140,CENVEO GLOBAL,5,MEA,ATLAS,FORFAIT,NO_TS_MEA,85.23
Denise,Nelson,CL21568,3546948,LUMEX SYSTEMS,5,MEA EUROPE,PULSE,REGIE,HR1BQPXOE7DR57X,7.95
Denise,Nelson,CL21568,3546948,LUMEX SYSTEMS,5,EMEA,PULSE,REGIE,NO_TS_EMEA,92.05
Courtney,Young,VQ92456,5538861,CENVEO GLOBAL,5,LATAM OCEANIA,ATLAS,RPS,PE03RJWCIMBBXGM,11.36
Courtney,Young,VQ92456,5538861,CENVEO GLOBAL,5,MEA,ATLAS,RPS,NO_TS_MEA,88.64
Stanley,Smith,OV61145,2113847,CENVEO TECH,5,EMEA ASIA,PULSE,MAINTENANCE,QY5JIJBAR4847CY,9.23
Stanley,Smith,OV61145,2113847,CENVEO TECH,5,EMEA,PULSE,MAINTENANCE,NO_TS_EMEA,90.77
Joseph,Montoya,ZG11318,1825185,GOLZEN TECH,5,CONT MENA,STELLAR,MAINTENANCE,QZAX6595BRU1HUE,9.66
Joseph,Montoya,ZG11318,1825185,GOLZEN TECH,5,LATAM,STELLAR,MAINTENANCE,NO_TS_LATAM,90.34
David,Lloyd,VL81409,4958592,DELVO GLOBAL,5,CONT OCEANIA,STELLAR,SUPPORT,P9DKAGDF10MY78U,11.65
Heather,Murphy,CZ34800,8855818,HYRION TECH,5,LATAM MENA,VERTEX,FORFAIT,CAH5EZ1X6775UQY,7.95
Mary,Keith,MD46679,2759081,CENVEO GROUP,5,CONT MENA,PHOENIX,SUPPORT,MBT46AOQU0STWUK,6.96
Mary,Keith,MD46679,2759081,CENVEO GROUP,5,EMEA,PHOENIX,SUPPORT,NO_TS_EMEA,93.04
Alejandra,Bennett,LY60253,8562022,ETHOS TECH,5,NA ASIA,NEXUS,SUPPORT,NKZJ04LOC395XZF,11.79
Alejandra,Bennett,LY60253,8562022,ETHOS TECH,5,NA,NEXUS,SUPPORT,NO_TS_NA,88.21
Linda,Garcia,FP50578,7705810,GOLZEN CONSULTING,5,CONT MENA,ORBIT,FORFAIT,7ODAGYZMBLUD5I5,9.09
Linda,Garcia,FP50578,7705810,GOLZEN CONSULTING,5,NA,ORBIT,FORFAIT,NO_TS_NA,90.91
Joseph,Yates,ZG85635,8563237,DELVO DIGITAL,5,NA OCEANIA,NOVA,REGIE,21G98RVCOLCAGUE,9.66
Joseph,Yates,ZG85635,8563237,DELVO DIGITAL,5,MEA,NOVA,REGIE,NO_TS_MEA,90.34
Ann,Best,VU41868,7070518,CENVEO CONSULTING,5,NA EUROPE,ORBIT,FORFAIT,10D5SBBQLPU2IFX,9.66
Ann,Best,VU41868,7070518,CENVEO CONSULTING,5,CONT,ORBIT,FORFAIT,NO_TS_CONT,90.34
Carl,Lucas,WG90650,2906387,CENVEO VENTURES,5,MEA MENA,NEXUS,RPS,P5F97ALQWI5IOGU,14.49
Carl,Lucas,WG90650,2906387,CENVEO VENTURES,5,LATAM,NEXUS,RPS,NO_TS_LATAM,85.51
Darrell,Brown,NB92799,6114531,LUMEX SOLUTIONS,5,APAC OCEANIA,NEXUS,REGIE,IVY282CQY0Z27E6,9.09
Darrell,Brown,NB92799,6114531,LUMEX SOLUTIONS,5,NA,NEXUS,REGIE,NO_TS_NA,90.91
Matthew,Gibbs,IT53258,1133131,FORVEX CONSULTING,5,NA OCEANIA,VERTEX,SUPPORT,8TPSLR6MSHZXMW2,8.81
Matthew,Gibbs,IT53258,1133131,FORVEX CONSULTING,5,LATAM,VERTEX,SUPPORT,NO_TS_LATAM,91.19
James,Adams,GL27068,6239614,ETHOS DIGITAL,5,MEA OCEANIA,ATLAS,REGIE,IY7984VU8GCYBU0,10.23
James,Adams,GL27068,6239614,ETHOS DIGITAL,5,EMEA,ATLAS,REGIE,NO_TS_EMEA,89.77
Lindsay,Eaton,WW13231,2165640,CENVEO DYNAMICS,5,APAC EUROPE,NEXUS,FORFAIT,D0Q7YQGX9KRZ3Z9,9.09
Lindsay,Eaton,WW13231,2165640,CENVEO DYNAMICS,5,LATAM,NEXUS,FORFAIT,NO_TS_LATAM,90.91
Angela,Walker,RM48073,2493415,GOLZEN SYSTEMS,5,EMEA AFRICA,VERTEX,REGIE,4CUQXJGHY1PL5JD,11.65
Angela,Walker,RM48073,2493415,GOLZEN SYSTEMS,5,CONT,VERTEX,REGIE,NO_TS_CONT,88.35
Sara,Jackson,WU38085,2111205,HYRION CONSULTING,5,CONT AFRICA,ORBIT,SUPPORT,B1A9V90CPW4T7JP,9.38
Sara,Jackson,WU38085,2111205,HYRION CONSULTING,5,CONT,ORBIT,SUPPORT,NO_TS_CONT,90.63
George,Sharp,FV02616,2011915,ETHOS VENTURES,5,EMEA OCEANIA,QUANTUM,RPS,RVC1TFGH1Z5WVFW,9.09
George,Sharp,FV02616,2011915,ETHOS VENTURES,5,APAC,QUANTUM,RPS,NO_TS_APAC,90.91
Margaret,Bradford,DO33261,1641170,GOLZEN VENTURES,5,NA MENA,VERTEX,MAINTENANCE,ZT2N48XHW7257WF,7.39
Margaret,Bradford,DO33261,1641170,GOLZEN VENTURES,5,LATAM,VERTEX,MAINTENANCE,NO_TS_LATAM,92.61
Ashley,Escobar,GG86791,9924517,CENVEO SOLUTIONS,5,NA EUROPE,STELLAR,REGIE,QAZKOJKJ3RN48YS,11.51
Ashley,Escobar,GG86791,9924517,CENVEO SOLUTIONS,5,APAC,STELLAR,REGIE,NO_TS_APAC,88.49
Richard,Kennedy,DQ06197,5091793,CENVEO DYNAMICS,5,MEA OCEANIA,PULSE,FORFAIT,23C7URZBG3CBESM,12.5
Richard,Kennedy,DQ06197,5091793,CENVEO DYNAMICS,5,LATAM,PULSE,FORFAIT,NO_TS_LATAM,87.5
Todd,Callahan,EI47979,7354673,GOLZEN DYNAMICS,5,CONT EUROPE,STELLAR,MAINTENANCE,GCIEMZ7X0PEB49K,13.64
Todd,Callahan,EI47979,7354673,GOLZEN DYNAMICS,5,LATAM,STELLAR,MAINTENANCE,NO_TS_LATAM,86.36
Brad,Lee,JR88960,4140911,ALCOR TECH,5,MEA AMERICA,STELLAR,RPS,XXNLS7TCG2E97UP,12.5
Brad,Lee,JR88960,4140911,ALCOR TECH,5,MEA,STELLAR,RPS,NO_TS_MEA,87.5
Sarah,West,OD27130,4879016,JALVIK SYSTEMS,5,EMEA MENA,NEXUS,REGIE,EX02O5EYVD6LTPK,8.24
Kimberly,West,HS83815,3537637,FORVEX TECH,5,CONT ASIA,NEXUS,SUPPORT,TA831U166YHWHMH,11.36
John,Gilbert,LJ58561,5433775,CENVEO DIGITAL,5,CONT AFRICA,PHOENIX,MAINTENANCE,PQ1SPTBJLUJQ5FA,8.81
John,Gilbert,LJ58561,5433775,CENVEO DIGITAL,5,NA,PHOENIX,MAINTENANCE,NO_TS_NA,91.19
Jacqueline,Deleon,ON33719,8616257,JALVIK GLOBAL,5,MEA EUROPE,QUANTUM,FORFAIT,LW9T22MGUBEKBAT,9.09
Jacqueline,Deleon,ON33719,8616257,JALVIK GLOBAL,5,LATAM,QUANTUM,FORFAIT,NO_TS_LATAM,90.91
Frank,Brown,ZZ69009,5880398,FORVEX TECH,5,CONT EUROPE,PHOENIX,SUPPORT,QR4H652WTBLLVLH,13.64
Frank,Brown,ZZ69009,5880398,FORVEX TECH,5,CONT,PHOENIX,SUPPORT,NO_TS_CONT,86.36
Scott,Garrison,PL30807,1392383,KESTRA DIGITAL,5,NA EUROPE,QUANTUM,FORFAIT,RGBUHS38YIMALBI,10.51
Scott,Garrison,PL30807,1392383,KESTRA DIGITAL,5,NA,QUANTUM,FORFAIT,NO_TS_NA,89.49
Lori,Malone,NZ02245,2054655,ETHOS GLOBAL,5,APAC OCEANIA,STELLAR,FORFAIT,I38VVFMPF7V0HET,9.94
Lori,Malone,NZ02245,2054655,ETHOS GLOBAL,5,APAC,STELLAR,FORFAIT,NO_TS_APAC,90.06
Veronica,Wolf,NP31745,6814341,GOLZEN VENTURES,5,CONT EUROPE,STELLAR,SUPPORT,LEBBBLJ1Y91N9XO,11.93
Veronica,Wolf,NP31745,6814341,GOLZEN VENTURES,5,MEA,STELLAR,SUPPORT,NO_TS_MEA,88.07
Abigail,Fox,IA61361,5191662,GOLZEN SOLUTIONS,5,LATAM OCEANIA,PULSE,FORFAIT,G1L63I46JZPMNT8,11.08
Donna,Lee,NG04543,6844923,KESTRA VENTURES,5,MEA MENA,ORBIT,REGIE,FAB0KIGVAEIH0MO,10.23
Donna,Lee,NG04543,6844923,KESTRA VENTURES,5,NA,ORBIT,REGIE,NO_TS_NA,89.77
Nathan,Gutierrez,IZ74753,7695978,DELVO DIGITAL,5,EMEA AFRICA,PULSE,REGIE,ZND8244LJPQQXII,13.64
Sherry,Le,XJ47575,3283418,INOVA SYSTEMS,5,MEA AMERICA,PHOENIX,REGIE,11LVH48WSPBAW1B,13.07
Christina,Carr,AP33141,9494988,BRYTON VENTURES,5,LATAM AMERICA,PULSE,RPS,7S0XVPC17XSQ2SH,10.8
Christina,Carr,AP33141,9494988,BRYTON VENTURES,5,CONT,PULSE,RPS,NO_TS_CONT,89.2
Summer,Anthony,BW36056,8183823,LUMEX CONSULTING,5,LATAM AMERICA,PHOENIX,FORFAIT,ECJL6TFQJFD1ZJW,13.64
Samantha,Allen,HD67517,1114280,INOVA SYSTEMS,5,APAC EUROPE,PULSE,SUPPORT,GPP740OYE0RV7RD,12.5
Daniel,Snyder,DK63851,7858096,CENVEO SOLUTIONS,5,MEA AFRICA,ORBIT,FORFAIT,HX6V7DZX8OOR880,9.38
Daniel,Snyder,DK63851,7858096,CENVEO SOLUTIONS,5,CONT,ORBIT,FORFAIT,NO_TS_CONT,90.63
Colin,Mckinney,NP43736,6326817,CENVEO GLOBAL,5,LATAM MENA,VERTEX,SUPPORT,VHOPNUI8K7PZTK8,13.64
Colin,Mckinney,NP43736,6326817,CENVEO GLOBAL,5,LATAM,VERTEX,SUPPORT,NO_TS_LATAM,86.36
Jonathan,Navarro,WF62333,6250917,INOVA GLOBAL,5,APAC ASIA,PHOENIX,RPS,AU7OBNBS20CM08F,9.09
Jonathan,Navarro,WF62333,6250917,INOVA GLOBAL,5,APAC,PHOENIX,RPS,NO_TS_APAC,90.91
Virginia,Wheeler,CR03465,7274171,FORVEX VENTURES,5,APAC EUROPE,PULSE,RPS,NG3FWXVOFONDHMP,12.07
Virginia,Wheeler,CR03465,7274171,FORVEX VENTURES,5,CONT,PULSE,RPS,NO_TS_CONT,87.93
Abigail,Coleman,YY64962,4611997,DELVO GROUP,5,LATAM AMERICA,PULSE,RPS,IIT95OM0OAQWU65,10.51
Abigail,Coleman,YY64962,4611997,DELVO GROUP,5,NA,PULSE,RPS,NO_TS_NA,89.49
Joseph,Rogers,YC34941,2338660,KESTRA TECH,5,LATAM MENA,NOVA,SUPPORT,PX1RSBC9SQO98U6,10.23
Joseph,Rogers,YC34941,2338660,KESTRA TECH,5,CONT,NOVA,SUPPORT,NO_TS_CONT,89.77
George,Hill,LK18785,3305927,HYRION DYNAMICS,5,LATAM OCEANIA,PHOENIX,REGIE,SFIMC8IO95C8F3E,11.65
George,Hill,LK18785,3305927,HYRION DYNAMICS,5,MEA,PHOENIX,REGIE,NO_TS_MEA,88.35
Jesse,Taylor,JL92408,6369077,LUMEX DYNAMICS,5,EMEA ASIA,PULSE,REGIE,UZFHU5D57GJ75HW,13.64
Alexander,Schmidt,FL47691,4044669,CENVEO GROUP,5,EMEA OCEANIA,QUANTUM,REGIE,MD26G9BC29QB0AW,11.93
Julie,Mckee,ZT75121,1180282,ALCOR SOLUTIONS,5,APAC EUROPE,ATLAS,SUPPORT,QRLFQO9E5PW2ES5,10.23
Julie,Mckee,ZT75121,1180282,ALCOR SOLUTIONS,5,EMEA,ATLAS,SUPPORT,NO_TS_EMEA,89.77
Kristen,Williams,DL28806,4632346,CENVEO GLOBAL,5,LATAM MENA,VERTEX,FORFAIT,GSM9GWR3RH8W3L3,12.5
Kristen,Williams,DL28806,4632346,CENVEO GLOBAL,5,CONT,VERTEX,FORFAIT,NO_TS_CONT,87.5
Gregory,Barker,AH04414,4808640,GOLZEN SOLUTIONS,5,LATAM MENA,NEXUS,FORFAIT,IVB4SKKT8IG4M05,10.65
George,Haynes,AQ98711,2851383,KESTRA GROUP,5,EMEA MENA,ORBIT,RPS,BGPS9S2YR9DTKMK,11.36
George,Haynes,AQ98711,2851383,KESTRA GROUP,5,MEA,ORBIT,RPS,NO_TS_MEA,88.64
Bryan,Woodward,FD73786,1951514,LUMEX SOLUTIONS,5,LATAM OCEANIA,NOVA,MAINTENANCE,G1UITVG5AEPZ8OV,11.36
Bryan,Woodward,FD73786,1951514,LUMEX SOLUTIONS,5,NA,NOVA,MAINTENANCE,NO_TS_NA,88.64
Danielle,Hodges,GW05758,3141066,CENVEO CONSULTING,5,MEA OCEANIA,ATLAS,FORFAIT,YJ2ZFVT1GE9P1GC,9.94
Mike,Duncan,NG54820,6338711,CENVEO GROUP,5,CONT ASIA,PHOENIX,SUPPORT,UWM4T5A62A7810S,11.51
Mike,Duncan,NG54820,6338711,CENVEO GROUP,5,CONT,PHOENIX,SUPPORT,NO_TS_CONT,88.49
William,Stokes,TY40167,2740530,CENVEO GROUP,5,EMEA OCEANIA,ATLAS,MAINTENANCE,UIP1R3Y5HNCFT7U,9.09
William,Stokes,TY40167,2740530,CENVEO GROUP,5,CONT,ATLAS,MAINTENANCE,NO_TS_CONT,90.91
Jerry,Williams,II85564,3718750,DELVO SYSTEMS,5,LATAM AFRICA,PHOENIX,FORFAIT,B3RSBC2QGDKA22K,11.65
Jerry,Williams,II85564,3718750,DELVO SYSTEMS,5,APAC,PHOENIX,FORFAIT,NO_TS_APAC,88.35
Nathan,Yang,KZ63742,9000800,KESTRA DYNAMICS,5,APAC AMERICA,NOVA,RPS,3NNTPD7XG8CLJ5Y,11.36
Nathan,Yang,KZ63742,9000800,KESTRA DYNAMICS,5,MEA,NOVA,RPS,NO_TS_MEA,88.64
Ryan,Juarez,BV48615,9405728,ALCOR VENTURES,5,CONT MENA,STELLAR,MAINTENANCE,KP3ATMBSMQ0Q2DT,11.93
Ryan,Juarez,BV48615,9405728,ALCOR VENTURES,5,APAC,STELLAR,MAINTENANCE,NO_TS_APAC,88.07
Jason,Rivera,SD78076,1751725,FORVEX SYSTEMS,5,EMEA AFRICA,NEXUS,REGIE,9D4X05HG2DN365O,10.51
Jason,Rivera,SD78076,1751725,FORVEX SYSTEMS,5,CONT,NEXUS,REGIE,NO_TS_CONT,89.49
Samuel,Davis,AV23596,6052896,GOLZEN CONSULTING,5,MEA EUROPE,NOVA,FORFAIT,L4ZHHBYM9367OUV,9.09
Samuel,Davis,AV23596,6052896,GOLZEN CONSULTING,5,APAC,NOVA,FORFAIT,NO_TS_APAC,90.91
Bradley,Lee,TS95522,7119647,FORVEX TECH,5,LATAM AMERICA,ATLAS,MAINTENANCE,8KQGYFBH7WKW0CG,10.23
Bradley,Lee,TS95522,7119647,FORVEX TECH,5,NA,ATLAS,MAINTENANCE,NO_TS_NA,89.77
Sandra,Peters,PM43599,4516867,LUMEX TECH,5,LATAM AFRICA,NOVA,REGIE,01IVCUJLYGNAGVZ,13.64
Timothy,Sloan,AU19247,4076691,JALVIK TECH,5,LATAM EUROPE,VERTEX,REGIE,9ETJR8JL5ENVZJ3,12.78
Timothy,Sloan,AU19247,4076691,JALVIK TECH,5,MEA,VERTEX,REGIE,NO_TS_MEA,87.22
Carl,Kennedy,MC42047,5350779,FORVEX SOLUTIONS,5,APAC OCEANIA,ORBIT,FORFAIT,FO4TYGZIYLDEGI9,11.65
Carl,Kennedy,MC42047,5350779,FORVEX SOLUTIONS,5,EMEA,ORBIT,FORFAIT,NO_TS_EMEA,88.35
Brent,Lewis,CG75084,2967840,ALCOR GLOBAL,5,MEA EUROPE,STELLAR,REGIE,FZJJ7F5CQ4IABFN,12.5
Brent,Lewis,CG75084,2967840,ALCOR GLOBAL,5,APAC,STELLAR,REGIE,NO_TS_APAC,87.5
William,Murphy,MX76206,8916167,INOVA DIGITAL,5,LATAM AMERICA,PHOENIX,RPS,CZRJQ6UQ2BXSE1X,13.64
Jeffrey,Ferguson,CG23880,5711708,HYRION TECH,5,APAC OCEANIA,VERTEX,REGIE,P6RKAN9QR0CHB44,10.8
Jeffrey,Ferguson,CG23880,5711708,HYRION TECH,5,LATAM,VERTEX,REGIE,NO_TS_LATAM,89.2
Pamela,Garcia,YG76073,6206451,DELVO DIGITAL,5,LATAM AMERICA,PHOENIX,MAINTENANCE,EVI25I8X2COJ8UQ,7.24
Pamela,Garcia,YG76073,6206451,DELVO DIGITAL,5,CONT,PHOENIX,MAINTENANCE,NO_TS_CONT,92.76
Tyler,Cooper,DI86064,2260950,ETHOS VENTURES,5,MEA ASIA,ORBIT,FORFAIT,YF2F8OHX7LUD3Y1,13.64
Tyler,Cooper,DI86064,2260950,ETHOS VENTURES,5,LATAM,ORBIT,FORFAIT,NO_TS_LATAM,86.36
Michael,Richmond,QR35206,6214640,CENVEO CONSULTING,5,EMEA ASIA,PULSE,FORFAIT,CINZPD5G2AO6G5F,11.65
Michael,Richmond,QR35206,6214640,CENVEO CONSULTING,5,NA,PULSE,FORFAIT,NO_TS_NA,88.35
Sarah,Richards,XD35803,4518482,INOVA GROUP,5,NA AFRICA,ATLAS,SUPPORT,2V25R5ZV65JWO4Y,9.38
Sarah,Richards,XD35803,4518482,INOVA GROUP,5,CONT,ATLAS,SUPPORT,NO_TS_CONT,90.63
Donna,Gray,UN09079,2314185,DELVO DYNAMICS,5,CONT AMERICA,ORBIT,FORFAIT,A4AWRS5P5NOPPY6,12.93
Donna,Gray,UN09079,2314185,DELVO DYNAMICS,5,MEA,ORBIT,FORFAIT,NO_TS_MEA,87.07
David,Blair,XW86099,5974110,ALCOR SYSTEMS,5,CONT OCEANIA,PULSE,RPS,PH1H62QBJXCIL6Q,6.82
David,Blair,XW86099,5974110,ALCOR SYSTEMS,5,LATAM,PULSE,RPS,NO_TS_LATAM,93.18
Chad,Campbell,LQ18491,2503037,DELVO SYSTEMS,5,CONT AMERICA,STELLAR,FORFAIT,VA7MG7CDWHQCEKI,13.64
Chad,Campbell,LQ18491,2503037,DELVO SYSTEMS,5,LATAM,STELLAR,FORFAIT,NO_TS_LATAM,86.36
John,Lee,PQ10797,7984487,DELVO SOLUTIONS,5,EMEA EUROPE,NEXUS,FORFAIT,Y16Q6BH8HQJUMLG,8.52
John,Lee,PQ10797,7984487,DELVO SOLUTIONS,5,LATAM,NEXUS,FORFAIT,NO_TS_LATAM,91.48
Jennifer,Stewart,OP86746,5791061,ALCOR DIGITAL,5,MEA AFRICA,PHOENIX,FORFAIT,BNSF7XQ9FFWD00O,8.24
Jennifer,Stewart,OP86746,5791061,ALCOR DIGITAL,5,APAC,PHOENIX,FORFAIT,NO_TS_APAC,91.76
Wendy,Russell,KO19499,2526597,KESTRA VENTURES,5,MEA ASIA,PHOENIX,FORFAIT,WRVR52O044L8YGX,13.64
Wendy,Russell,KO19499,2526597,KESTRA VENTURES,5,MEA,PHOENIX,FORFAIT,NO_TS_MEA,86.36
Megan,Moore,VN62727,9261287,CENVEO GROUP,5,NA AMERICA,NEXUS,RPS,CNQIPKS4XRX9171,13.64
Megan,Moore,VN62727,9261287,CENVEO GROUP,5,EMEA,NEXUS,RPS,NO_TS_EMEA,86.36
Laura,Hill,JX20253,1920788,ALCOR GROUP,5,EMEA AFRICA,NOVA,MAINTENANCE,A4ZAVM31HJHV8HO,11.36
Brittany,Smith,RF24941,4186355,HYRION TECH,5,MEA MENA,STELLAR,REGIE,OI7EIPUZBYKMKW0,7.95
Brittany,Smith,RF24941,4186355,HYRION TECH,5,LATAM,STELLAR,REGIE,NO_TS_LATAM,92.05
Summer,Lopez,HS51386,8075211,JALVIK GROUP,5,NA AFRICA,NEXUS,SUPPORT,4YD6JHGFGX0C01Q,11.93
Summer,Lopez,HS51386,8075211,JALVIK GROUP,5,EMEA,NEXUS,SUPPORT,NO_TS_EMEA,88.07
Sheila,Russell,TV29892,5592402,FORVEX VENTURES,5,NA OCEANIA,VERTEX,FORFAIT,E7G4S9RERIAFVLG,20.0
April,Nicholson,JH72753,2238374,ALCOR GROUP,5,EMEA EUROPE,VERTEX,FORFAIT,4Z0HYSYYOEE7BBH,7.95
April,Nicholson,JH72753,2238374,ALCOR GROUP,5,NA,VERTEX,FORFAIT,NO_TS_NA,92.05
Bradley,Spears,VC07882,9601697,ETHOS DIGITAL,5,APAC OCEANIA,PULSE,MAINTENANCE,351K7ATLLBNO3WE,14.77
Erica,Smith,JC10071,3924171,ALCOR SOLUTIONS,5,CONT AFRICA,STELLAR,REGIE,W54OV75DYIO9TOD,9.66
Erica,Smith,JC10071,3924171,ALCOR SOLUTIONS,5,NA,STELLAR,REGIE,NO_TS_NA,90.34
Mary,Byrd,DF74118,9937174,ALCOR DYNAMICS,5,LATAM AMERICA,NEXUS,RPS,443OL9IOGUEGSKO,12.36
Mary,Byrd,DF74118,9937174,ALCOR DYNAMICS,5,EMEA,NEXUS,RPS,NO_TS_EMEA,87.64
Melissa,Miller,ZR24711,6242210,LUMEX GROUP,5,EMEA ASIA,ATLAS,RPS,QC2MMLJB56KTNLM,9.09
Vanessa,Sanchez,IP27675,8242833,HYRION CONSULTING,5,APAC AFRICA,PULSE,SUPPORT,NQO9RSKMYQPB53Y,9.09
Rebecca,Cohen,WO53952,4921614,KESTRA DYNAMICS,5,LATAM EUROPE,PHOENIX,SUPPORT,YZ0H3V1WGQ7K99A,8.24
Rebecca,Cohen,WO53952,4921614,KESTRA DYNAMICS,5,EMEA,PHOENIX,SUPPORT,NO_TS_EMEA,91.76
Kevin,Morris,QL54641,3691604,ETHOS SOLUTIONS,5,CONT AFRICA,NOVA,RPS,YKF58R4HA0J82IW,9.8
Kevin,Morris,QL54641,3691604,ETHOS SOLUTIONS,5,LATAM,NOVA,RPS,NO_TS_LATAM,90.2
Nicole,Brennan,AN37901,5017934,HYRION VENTURES,5,LATAM ASIA,ORBIT,FORFAIT,IUEIX30M44P1YRI,7.1
Nicole,Brennan,AN37901,5017934,HYRION VENTURES,5,APAC,ORBIT,FORFAIT,NO_TS_APAC,92.9
Brooke,Sullivan,KF92577,2792435,HYRION GROUP,5,NA AFRICA,NOVA,MAINTENANCE,0N9JR1YESSP000J,11.93
Brooke,Sullivan,KF92577,2792435,HYRION GROUP,5,LATAM,NOVA,MAINTENANCE,NO_TS_LATAM,88.07
Tracy,Moore,BE85808,8584253,ALCOR DYNAMICS,5,APAC AMERICA,NEXUS,RPS,A8Z5IANJIMCYQHU,10.8
Tracy,Moore,BE85808,8584253,ALCOR DYNAMICS,5,CONT,NEXUS,RPS,NO_TS_CONT,89.2
Matthew,Smith,KR25219,2503547,GOLZEN VENTURES,5,NA ASIA,NOVA,SUPPORT,N41Z7C5LRUBIQYZ,12.78
Matthew,Smith,KR25219,2503547,GOLZEN VENTURES,5,EMEA,NOVA,SUPPORT,NO_TS_EMEA,87.22
Elizabeth,Marsh,SH90734,7238707,HYRION SYSTEMS,5,MEA AMERICA,ORBIT,SUPPORT,A2TU9H3GMAWYZSY,12.5
Victoria,Austin,UV00827,8235984,ETHOS VENTURES,5,EMEA EUROPE,QUANTUM,MAINTENANCE,ZX2MWATW0B5YJFJ,10.8
Victoria,Austin,UV00827,8235984,ETHOS VENTURES,5,LATAM,QUANTUM,MAINTENANCE,NO_TS_LATAM,89.2
Michael,Miller,YJ05522,2653505,LUMEX CONSULTING,5,CONT EUROPE,PULSE,RPS,Z7DL1EHWRSALA9N,13.07
Michael,Miller,YJ05522,2653505,LUMEX CONSULTING,5,LATAM,PULSE,RPS,NO_TS_LATAM,86.93
Bradley,Weber,TT30376,6011732,DELVO SOLUTIONS,5,EMEA MENA,VERTEX,MAINTENANCE,IFH3ZKHKPQJBYZW,10.23
Bradley,Weber,TT30376,6011732,DELVO SOLUTIONS,5,NA,VERTEX,MAINTENANCE,NO_TS_NA,89.77
Lindsay,Kane,OC44317,5021051,ALCOR GROUP,5,NA MENA,PHOENIX,MAINTENANCE,Q8X27HVA5EI2JRZ,10.23
Lindsay,Kane,OC44317,5021051,ALCOR GROUP,5,APAC,PHOENIX,MAINTENANCE,NO_TS_APAC,89.77
Tammy,Parsons,IK28695,8324544,JALVIK VENTURES,5,LATAM MENA,NOVA,SUPPORT,6U1XQTNJC2MEC7D,7.24
Tammy,Parsons,IK28695,8324544,JALVIK VENTURES,5,LATAM,NOVA,SUPPORT,NO_TS_LATAM,92.76
Douglas,Davis,RU13576,2586982,BRYTON CONSULTING,5,NA EUROPE,ATLAS,SUPPORT,ZPO226X88II8NC6,15.91
Douglas,Davis,RU13576,2586982,BRYTON CONSULTING,5,LATAM,ATLAS,SUPPORT,NO_TS_LATAM,84.09
Julie,Dunlap,XJ29764,2700295,BRYTON GROUP,5,MEA AMERICA,STELLAR,RPS,G51A824K5DB9378,13.64
Julie,Dunlap,XJ29764,2700295,BRYTON GROUP,5,MEA,STELLAR,RPS,NO_TS_MEA,86.36
Austin,Erickson,YS80477,1323740,KESTRA TECH,5,LATAM MENA,ORBIT,SUPPORT,8ZX97LHTQGU7C10,12.5
Maria,Fisher,ZV24010,6165459,INOVA GLOBAL,5,APAC ASIA,STELLAR,SUPPORT,YVXGM606U0QQ9Q4,13.64
Brenda,Herman,RR11125,2467686,GOLZEN CONSULTING,5,APAC AMERICA,STELLAR,RPS,8HZ03ABZTO7CW5L,9.38
Lori,Cruz,QK15606,9288831,CENVEO DYNAMICS,5,NA EUROPE,ATLAS,REGIE,YSLGPJ2F35JTRY3,10.23
Lori,Cruz,QK15606,9288831,CENVEO DYNAMICS,5,MEA,ATLAS,REGIE,NO_TS_MEA,89.77
Taylor,Miller,OK38643,3127435,ALCOR SYSTEMS,5,NA AFRICA,ATLAS,SUPPORT,TQ6QS64CULX0QGQ,13.64
Taylor,Miller,OK38643,3127435,ALCOR SYSTEMS,5,NA,ATLAS,SUPPORT,NO_TS_NA,86.36
Tammy,Hunter,TR86390,3597096,GOLZEN DIGITAL,5,LATAM ASIA,QUANTUM,SUPPORT,QYG9B99OYO6GLOK,10.51
Tammy,Hunter,TR86390,3597096,GOLZEN DIGITAL,5,APAC,QUANTUM,SUPPORT,NO_TS_APAC,89.49
Rodney,Lowery,ZS14795,3727766,JALVIK GROUP,5,CONT EUROPE,NOVA,MAINTENANCE,E2QYG8IWPBA0ZIF,8.52
Rodney,Lowery,ZS14795,3727766,JALVIK GROUP,5,CONT,NOVA,MAINTENANCE,NO_TS_CONT,91.48
Alexandra,Rogers,LI63671,5960128,CENVEO CONSULTING,5,CONT AFRICA,PHOENIX,MAINTENANCE,O0V3SABHYQSHJSL,11.93
Alexandra,Rogers,LI63671,5960128,CENVEO CONSULTING,5,EMEA,PHOENIX,MAINTENANCE,NO_TS_EMEA,88.07
Cory,White,DM29532,9162272,GOLZEN GROUP,5,LATAM AMERICA,NOVA,REGIE,DGFOZG7DIT26PAZ,11.36
Cory,White,DM29532,9162272,GOLZEN GROUP,5,NA,NOVA,REGIE,NO_TS_NA,88.64
Ashley,Bryant,RO85493,5303952,DELVO TECH,5,LATAM ASIA,PHOENIX,RPS,6SLF0Y42B3TYP5J,10.51
Ashley,Bryant,RO85493,5303952,DELVO TECH,5,EMEA,PHOENIX,RPS,NO_TS_EMEA,89.49
Mary,Wilson,MR70347,6477266,JALVIK DYNAMICS,5,CONT EUROPE,PHOENIX,REGIE,U8YJ6GLJ3D7C7XD,9.94
Mary,Wilson,MR70347,6477266,JALVIK DYNAMICS,5,CONT,PHOENIX,REGIE,NO_TS_CONT,90.06
Paul,Blake,EH50431,6674215,KESTRA GLOBAL,5,MEA AFRICA,QUANTUM,FORFAIT,V3WQPAISVEUN5TX,13.64
Kimberly,Hancock,QG62769,5437096,CENVEO CONSULTING,5,NA EUROPE,ORBIT,FORFAIT,HMSVIYYBBD7BSYA,11.51
Erin,Rivera,NR47778,3894310,DELVO DIGITAL,5,CONT MENA,STELLAR,FORFAIT,MWJAOTN27OS5YDA,11.36
Erin,Rivera,NR47778,3894310,DELVO DIGITAL,5,LATAM,STELLAR,FORFAIT,NO_TS_LATAM,88.64
Wesley,Daniels,ZJ18704,2799157,ALCOR DIGITAL,5,APAC ASIA,PULSE,FORFAIT,D0QOJ9NX72HXS3K,11.65
Yolanda,Donovan,JR14695,6527934,FORVEX DIGITAL,5,NA EUROPE,ATLAS,RPS,M4YN1ZVT5X58ZD9,11.36
Yolanda,Donovan,JR14695,6527934,FORVEX DIGITAL,5,MEA,ATLAS,RPS,NO_TS_MEA,88.64
Douglas,Hamilton,BI32568,8776231,BRYTON CONSULTING,5,NA AFRICA,PHOENIX,REGIE,21N2VZVOK8PWU5P,11.36
Bradley,Smith,UW30063,7642978,DELVO CONSULTING,5,CONT EUROPE,ATLAS,FORFAIT,WW9K8CMMQ71A2IW,11.36
Bradley,Smith,UW30063,7642978,DELVO CONSULTING,5,APAC,ATLAS,FORFAIT,NO_TS_APAC,88.64
John,Rojas,PW57122,7796790,ETHOS GROUP,5,NA ASIA,ORBIT,REGIE,B53AYSHQHB0BN7G,13.64
John,Rojas,PW57122,7796790,ETHOS GROUP,5,MEA,ORBIT,REGIE,NO_TS_MEA,86.36
Mitchell,Krueger,CY05223,7241532,LUMEX TECH,5,CONT AFRICA,STELLAR,REGIE,BRRUTBN40YWQS8V,12.5
Matthew,Hartman,DK06356,6187090,GOLZEN TECH,5,EMEA MENA,PHOENIX,RPS,VI29L028AZMN70S,12.22
Matthew,Hartman,DK06356,6187090,GOLZEN TECH,5,NA,PHOENIX,RPS,NO_TS_NA,87.78
Richard,Walls,MU82157,8477373,ALCOR VENTURES,5,EMEA MENA,PHOENIX,SUPPORT,6QNZ5F3UFYGSIQD,7.39
Daniel,Roberts,PJ17381,5443236,ALCOR VENTURES,5,NA MENA,PULSE,MAINTENANCE,97KB0N3PKTB1LQQ,11.65
Daniel,Roberts,PJ17381,5443236,ALCOR VENTURES,5,EMEA,PULSE,MAINTENANCE,NO_TS_EMEA,88.35
Larry,Scott,QJ44855,7122674,BRYTON SYSTEMS,5,NA OCEANIA,PHOENIX,SUPPORT,L8HTMFI92M8TWYA,8.81
Larry,Scott,QJ44855,7122674,BRYTON SYSTEMS,5,LATAM,PHOENIX,SUPPORT,NO_TS_LATAM,91.19
Daniel,Martin,RI72400,7137593,ALCOR VENTURES,5,MEA OCEANIA,ATLAS,SUPPORT,TPDRCWWIIKQCPZR,7.24
Stephen,Dean,BU35951,8337085,LUMEX SOLUTIONS,5,LATAM ASIA,VERTEX,REGIE,7PP8ZZA2KP5EL5F,11.36
Stephen,Dean,BU35951,8337085,LUMEX SOLUTIONS,5,NA,VERTEX,REGIE,NO_TS_NA,88.64
Andrew,Potter,BS24768,7929251,FORVEX SOLUTIONS,5,MEA AMERICA,PHOENIX,REGIE,E8IZ4ADIDWCMQV4,9.66
Andrew,Potter,BS24768,7929251,FORVEX SOLUTIONS,5,EMEA,PHOENIX,REGIE,NO_TS_EMEA,90.34
Scott,Carter,FB85263,9628045,GOLZEN SYSTEMS,5,MEA OCEANIA,NOVA,FORFAIT,AIWLV6VVNTVU81B,13.64
Scott,Carter,FB85263,9628045,GOLZEN SYSTEMS,5,NA,NOVA,FORFAIT,NO_TS_NA,86.36
Diana,Foster,IP37023,1764187,HYRION GLOBAL,5,EMEA AFRICA,PULSE,SUPPORT,2RCDCC7A95JQ53K,9.94
Diana,Foster,IP37023,1764187,HYRION GLOBAL,5,LATAM,PULSE,SUPPORT,NO_TS_LATAM,90.06
Matthew,Phillips,SH07002,6675192,INOVA SOLUTIONS,5,NA EUROPE,QUANTUM,REGIE,CPXKRSOT84NMVG6,11.36
Matthew,Phillips,SH07002,6675192,INOVA SOLUTIONS,5,LATAM,QUANTUM,REGIE,NO_TS_LATAM,88.64
Nicholas,Soto,OL39379,2976967,ALCOR GLOBAL,5,MEA OCEANIA,NOVA,RPS,4SFWO3LFL5MDP9N,9.52
Nicholas,Soto,OL39379,2976967,ALCOR GLOBAL,5,LATAM,NOVA,RPS,NO_TS_LATAM,90.48
Frances,Diaz,MG14090,9339382,ETHOS SOLUTIONS,5,CONT OCEANIA,ATLAS,FORFAIT,KIIV2SHIWUM85HF,11.93
Timothy,Wells,MQ97144,3545838,GOLZEN SOLUTIONS,5,EMEA ASIA,PHOENIX,FORFAIT,MKSCDHNFWOG3LRN,13.64
Timothy,Wells,MQ97144,3545838,GOLZEN SOLUTIONS,5,NA,PHOENIX,FORFAIT,NO_TS_NA,86.36
Robert,Reed,BF50498,9757993,KESTRA CONSULTING,5,CONT MENA,QUANTUM,RPS,JSGIVANC75YJIG9,9.8
Miranda,Cantu,IK83451,1986055,ETHOS CONSULTING,5,APAC EUROPE,ORBIT,RPS,87JCMGF70309TKV,12.5
Joshua,Mcconnell,AC86724,8463595,FORVEX TECH,5,EMEA EUROPE,NOVA,RPS,CW066UYI5R9DV85,12.5
Curtis,Ritter,JX63392,2700726,DELVO SYSTEMS,5,MEA AMERICA,ATLAS,RPS,0900I4U6J76MT3Y,8.52
Mark,Weber,OJ53238,5507326,BRYTON CONSULTING,5,EMEA AMERICA,STELLAR,REGIE,WYDSI7HIPYER9Y8,11.36
Mark,Weber,OJ53238,5507326,BRYTON CONSULTING,5,MEA,STELLAR,REGIE,NO_TS_MEA,88.64
Laurie,Henderson,CN13601,5285218,INOVA CONSULTING,5,CONT AFRICA,NOVA,MAINTENANCE,1OY3TFDKLGVWX4G,15.91
Amy,Jones,RN70132,6867426,ETHOS VENTURES,5,LATAM AMERICA,VERTEX,SUPPORT,NKO7T5MCLT8WXDW,14.06
Amy,Jones,RN70132,6867426,ETHOS VENTURES,5,LATAM,VERTEX,SUPPORT,NO_TS_LATAM,85.94
Abigail,Robinson,YR40153,7255733,JALVIK VENTURES,5,CONT AMERICA,PULSE,MAINTENANCE,KLUJ4NBZTALS58O,10.8
Abigail,Robinson,YR40153,7255733,JALVIK VENTURES,5,NA,PULSE,MAINTENANCE,NO_TS_NA,89.2
Stephanie,Ellis,QS08720,2319718,LUMEX CONSULTING,5,EMEA AMERICA,QUANTUM,MAINTENANCE,5BGNZOLNVE7N6QO,9.52
Sandy,Bowman,QX74676,2810544,DELVO TECH,5,MEA EUROPE,STELLAR,MAINTENANCE,UAPS3J6V2AYY1B6,11.08
Brandon,Miller,VY55770,9320216,JALVIK CONSULTING,5,LATAM OCEANIA,PHOENIX,RPS,C9R8N4F3VAJSMB8,9.09
Brandon,Miller,VY55770,9320216,JALVIK CONSULTING,5,EMEA,PHOENIX,RPS,NO_TS_EMEA,90.91
Brian,Collier,MV80612,2592532,ALCOR CONSULTING,5,LATAM EUROPE,NOVA,RPS,F54X196SBVL96WD,7.95
Brian,Collier,MV80612,2592532,ALCOR CONSULTING,5,APAC,NOVA,RPS,NO_TS_APAC,92.05
Andrew,Diaz,OL27393,2804122,ETHOS GLOBAL,5,CONT ASIA,PHOENIX,FORFAIT,99C7DR8SZZ27SGN,12.22
Christopher,Le,LL74257,1136792,CENVEO TECH,5,MEA EUROPE,NEXUS,MAINTENANCE,8EXBTDWEGX8LHFH,14.77
Christopher,Le,LL74257,1136792,CENVEO TECH,5,NA,NEXUS,MAINTENANCE,NO_TS_NA,85.23
Nicholas,Martinez,IV51035,1042049,DELVO GLOBAL,5,NA AMERICA,NOVA,REGIE,5NWQJ1Y005RRS1B,9.09
Nicholas,Martinez,IV51035,1042049,DELVO GLOBAL,5,CONT,NOVA,REGIE,NO_TS_CONT,90.91
James,Hull,RR60108,7941185,LUMEX SOLUTIONS,5,NA AFRICA,VERTEX,RPS,ZSFKP7DH6TKTW7R,11.36
James,Hull,RR60108,7941185,LUMEX SOLUTIONS,5,NA,VERTEX,RPS,NO_TS_NA,88.64
Alexis,Kaufman,SC42664,6590089,GOLZEN SYSTEMS,5,EMEA EUROPE,VERTEX,MAINTENANCE,F5L9CEQREY0I1BD,10.51
Alexis,Kaufman,SC42664,6590089,GOLZEN SYSTEMS,5,LATAM,VERTEX,MAINTENANCE,NO_TS_LATAM,89.49
Bryan,Allen,ON43022,7593009,GOLZEN VENTURES,5,LATAM OCEANIA,ORBIT,MAINTENANCE,BP22SEF1X83VWIA,13.35
Bryan,Allen,ON43022,7593009,GOLZEN VENTURES,5,NA,ORBIT,MAINTENANCE,NO_TS_NA,86.65
Patricia,Brandt,AV71273,6778590,ETHOS SOLUTIONS,5,MEA ASIA,STELLAR,FORFAIT,6UMMZVI17AZ1LH4,12.5
Patricia,Brandt,AV71273,6778590,ETHOS SOLUTIONS,5,LATAM,STELLAR,FORFAIT,NO_TS_LATAM,87.5
Brittany,Wilson,NC86229,7548968,JALVIK DIGITAL,5,CONT AMERICA,NOVA,FORFAIT,MJG1X79RCDKH1KF,8.52
Brittany,Wilson,NC86229,7548968,JALVIK DIGITAL,5,EMEA,NOVA,FORFAIT,NO_TS_EMEA,91.48
Kelly,Stevens,ST22174,8566397,INOVA VENTURES,5,EMEA MENA,ATLAS,MAINTENANCE,U0LCHHDI7KEE1Y2,10.8
Kelly,Stevens,ST22174,8566397,INOVA VENTURES,5,LATAM,ATLAS,MAINTENANCE,NO_TS_LATAM,89.2
Emily,Dixon,TD50303,9500085,ETHOS VENTURES,5,CONT ASIA,ATLAS,FORFAIT,GHU0SMD1ZCJUDFB,7.53
Emily,Dixon,TD50303,9500085,ETHOS VENTURES,5,LATAM,ATLAS,FORFAIT,NO_TS_LATAM,92.47
Jennifer,Roth,FS62384,4860516,ALCOR VENTURES,5,MEA MENA,ATLAS,REGIE,6LPK5VVCE731PNZ,9.52
Jennifer,Roth,FS62384,4860516,ALCOR VENTURES,5,NA,ATLAS,REGIE,NO_TS_NA,90.48
Ryan,Brown,ZC53893,7178702,INOVA GROUP,5,APAC AMERICA,ATLAS,MAINTENANCE,70FJEDT9AL3SHCP,7.24
Ryan,Brown,ZC53893,7178702,INOVA GROUP,5,LATAM,ATLAS,MAINTENANCE,NO_TS_LATAM,92.76
David,Stanton,IE46699,5455261,DELVO SOLUTIONS,5,CONT MENA,ATLAS,MAINTENANCE,R2FBY6JHOULR7GY,9.09
David,Stanton,IE46699,5455261,DELVO SOLUTIONS,5,EMEA,ATLAS,MAINTENANCE,NO_TS_EMEA,90.91
Gary,Morrow,RW28376,9712788,INOVA SYSTEMS,5,APAC EUROPE,ORBIT,MAINTENANCE,W9OLIXALMEBM0WV,13.64
Darlene,Davis,NG00927,7918010,ALCOR VENTURES,5,APAC AFRICA,NOVA,SUPPORT,KXIYTOFL7GD2V6A,9.52
John,Robinson,JS84798,6262483,LUMEX DIGITAL,5,LATAM EUROPE,PHOENIX,FORFAIT,6HDNNN0796OGVUW,12.5
John,Robinson,JS84798,6262483,LUMEX DIGITAL,5,CONT,PHOENIX,FORFAIT,NO_TS_CONT,87.5
Stacy,Saunders,QS92127,5702542,GOLZEN TECH,5,EMEA AFRICA,STELLAR,RPS,XDYDTBSSCTBRPKY,7.1
Stacy,Saunders,QS92127,5702542,GOLZEN TECH,5,MEA,STELLAR,RPS,NO_TS_MEA,92.9
Jessica,Watkins,HS14485,7417046,FORVEX GROUP,5,APAC OCEANIA,NOVA,SUPPORT,P991QFE5OQJEFHK,11.36
Jessica,Watkins,HS14485,7417046,FORVEX GROUP,5,APAC,NOVA,SUPPORT,NO_TS_APAC,88.64
Jennifer,Lewis,GF91806,4661325,ETHOS SYSTEMS,5,LATAM OCEANIA,PHOENIX,RPS,RZIJF9CANIX0AZT,13.35
Jennifer,Lewis,GF91806,4661325,ETHOS SYSTEMS,5,NA,PHOENIX,RPS,NO_TS_NA,86.65
Catherine,Sullivan,VU34738,9327307,BRYTON GLOBAL,5,CONT AMERICA,QUANTUM,RPS,AWQ67ESRV1LZFY0,13.49
Catherine,Sullivan,VU34738,9327307,BRYTON GLOBAL,5,NA,QUANTUM,RPS,NO_TS_NA,86.51
Alexis,Vasquez,BG89771,7940726,BRYTON DYNAMICS,5,MEA MENA,ORBIT,RPS,ULL3B7TRFT29N3W,11.93
Alexis,Vasquez,BG89771,7940726,BRYTON DYNAMICS,5,NA,ORBIT,RPS,NO_TS_NA,88.07
Nicholas,Fischer,ER23655,1390302,DELVO SYSTEMS,5,NA OCEANIA,PHOENIX,SUPPORT,SL5WQU222PT9SG5,7.95
Nicholas,Fischer,ER23655,1390302,DELVO SYSTEMS,5,EMEA,PHOENIX,SUPPORT,NO_TS_EMEA,92.05
Karen,Taylor,DS68993,9692697,JALVIK DYNAMICS,5,APAC ASIA,PHOENIX,RPS,BCAPFLXS1HZBWMH,9.8
Stephen,Adkins,UD49192,3563355,ETHOS GLOBAL,5,MEA MENA,ATLAS,REGIE,3K7GN7C7EODGC8U,7.1
Stephen,Adkins,UD49192,3563355,ETHOS GLOBAL,5,CONT,ATLAS,REGIE,NO_TS_CONT,92.9
Jonathan,Edwards,AQ24421,6806433,ETHOS DYNAMICS,5,CONT OCEANIA,NEXUS,REGIE,VKEGZS8M991LEDR,11.08
Jonathan,Edwards,AQ24421,6806433,ETHOS DYNAMICS,5,NA,NEXUS,REGIE,NO_TS_NA,88.92
James,Smith,RD72137,9428541,BRYTON GLOBAL,5,CONT AMERICA,NEXUS,REGIE,J8ACHG423R4C4HN,11.93
James,Smith,RD72137,9428541,BRYTON GLOBAL,5,MEA,NEXUS,REGIE,NO_TS_MEA,88.07
Angela,Morrison,BT48230,1121224,ALCOR DIGITAL,5,APAC AMERICA,VERTEX,FORFAIT,J3PHJWWN6DU3908,10.51
Angela,Morrison,BT48230,1121224,ALCOR DIGITAL,5,EMEA,VERTEX,FORFAIT,NO_TS_EMEA,89.49
Yvette,Torres,NP74912,8762538,KESTRA CONSULTING,5,CONT AMERICA,QUANTUM,SUPPORT,ME7NJVN0KKHJ6QW,11.93
Scott,Williams,TF41143,8310149,DELVO SOLUTIONS,5,MEA OCEANIA,PHOENIX,SUPPORT,Q3TQV1GZ4IMLD9H,11.65
Scott,Williams,TF41143,8310149,DELVO SOLUTIONS,5,LATAM,PHOENIX,SUPPORT,NO_TS_LATAM,88.35
Brett,Peters,KG38366,9177885,INOVA VENTURES,5,NA AFRICA,NEXUS,MAINTENANCE,5VHN1JD0I5AILHZ,7.39
Brett,Peters,KG38366,9177885,INOVA VENTURES,5,NA,NEXUS,MAINTENANCE,NO_TS_NA,92.61
Tina,Wright,CI21649,1870552,FORVEX CONSULTING,5,CONT ASIA,QUANTUM,MAINTENANCE,0XUSCLLKJZVVQJ4,11.36
Tina,Wright,CI21649,1870552,FORVEX CONSULTING,5,APAC,QUANTUM,MAINTENANCE,NO_TS_APAC,88.64
Kimberly,Ibarra,CO01005,8974175,BRYTON GROUP,5,LATAM AFRICA,STELLAR,RPS,ZNAC3YHVSUX0ZPH,11.22
Kimberly,Ibarra,CO01005,8974175,BRYTON GROUP,5,EMEA,STELLAR,RPS,NO_TS_EMEA,88.78
Ashley,Evans,HD61330,5487445,INOVA GROUP,5,APAC AMERICA,QUANTUM,FORFAIT,PTM0WI8BOGY8LQ6,11.51
Ashley,Evans,HD61330,5487445,INOVA GROUP,5,CONT,QUANTUM,FORFAIT,NO_TS_CONT,88.49
Victor,Galvan,VV00666,8138608,ETHOS DIGITAL,5,MEA EUROPE,VERTEX,MAINTENANCE,1FZHVCK96M33S6V,11.93
Victor,Galvan,VV00666,8138608,ETHOS DIGITAL,5,MEA,VERTEX,MAINTENANCE,NO_TS_MEA,88.07
Emily,Mcdonald,IO79426,9714951,DELVO GLOBAL,5,LATAM AFRICA,STELLAR,SUPPORT,X7WWKU4QTJ3I9KX,8.81
Emily,Mcdonald,IO79426,9714951,DELVO GLOBAL,5,CONT,STELLAR,SUPPORT,NO_TS_CONT,91.19
Nicholas,Phillips,SA62713,5929039,HYRION VENTURES,5,EMEA AMERICA,NOVA,MAINTENANCE,3RKICCOXSE1IQL9,8.52
Christopher,Delgado,GY75229,2022089,ALCOR DIGITAL,5,NA ASIA,STELLAR,SUPPORT,7F6NIPFFD79MEXV,12.22
Christopher,Delgado,GY75229,2022089,ALCOR DIGITAL,5,LATAM,STELLAR,SUPPORT,NO_TS_LATAM,87.78
Kathryn,Freeman,DG15286,3607254,CENVEO SOLUTIONS,5,CONT EUROPE,PHOENIX,SUPPORT,LOHE3ITY3E1ZV99,9.52
Kathryn,Freeman,DG15286,3607254,CENVEO SOLUTIONS,5,APAC,PHOENIX,SUPPORT,NO_TS_APAC,90.48
Sally,Stone,HV45388,4286478,DELVO SOLUTIONS,5,CONT AMERICA,QUANTUM,MAINTENANCE,CQV93764GQNLBQ6,12.5
Sally,Stone,HV45388,4286478,DELVO SOLUTIONS,5,MEA,QUANTUM,MAINTENANCE,NO_TS_MEA,87.5
Zachary,Gill,WO77990,5978852,LUMEX GROUP,5,CONT AFRICA,STELLAR,MAINTENANCE,IQS9QTG3KXOBX03,7.95
Lauren,Yates,EY94829,2512115,JALVIK TECH,5,EMEA MENA,ORBIT,FORFAIT,7DSYUGVWHIH0O2N,12.78
Lauren,Yates,EY94829,2512115,JALVIK TECH,5,APAC,ORBIT,FORFAIT,NO_TS_APAC,87.22
Robert,Anderson,NC37278,5914450,LUMEX CONSULTING,5,CONT OCEANIA,NOVA,MAINTENANCE,K5EM9BK2ABNXFEX,12.5
Robert,Anderson,NC37278,5914450,LUMEX CONSULTING,5,MEA,NOVA,MAINTENANCE,NO_TS_MEA,87.5
Charles,Johnson,FV14698,8884181,KESTRA DYNAMICS,5,MEA AFRICA,ATLAS,REGIE,LQOPY8V52WQ918F,9.94
Mary,Gallagher,IV26074,9736554,LUMEX TECH,5,LATAM AMERICA,PHOENIX,REGIE,EYRR6GNK19N796L,9.94
Nicholas,Morgan,RQ61982,9388754,GOLZEN DYNAMICS,5,APAC AMERICA,STELLAR,SUPPORT,EADGGRQZRVHX8ZF,11.36
Nicholas,Morgan,RQ61982,9388754,GOLZEN DYNAMICS,5,EMEA,STELLAR,SUPPORT,NO_TS_EMEA,88.64
Kendra,Lowery,IW77154,2397553,CENVEO CONSULTING,5,LATAM MENA,VERTEX,RPS,MGPJ6JZBC2XIJNV,14.35
Kendra,Lowery,IW77154,2397553,CENVEO CONSULTING,5,APAC,VERTEX,RPS,NO_TS_APAC,85.65
Laura,Mosley,UZ81615,4121797,INOVA DIGITAL,5,MEA EUROPE,STELLAR,FORFAIT,SD4ESP0A50EK9ND,8.24
Laura,Mosley,UZ81615,4121797,INOVA DIGITAL,5,LATAM,STELLAR,FORFAIT,NO_TS_LATAM,91.76
Nicholas,Robinson,VY12640,2243352,DELVO GLOBAL,5,MEA AFRICA,QUANTUM,RPS,A7MWET7V62XM8C4,13.64
Katie,Anderson,MY01639,1704614,INOVA CONSULTING,5,MEA AFRICA,QUANTUM,SUPPORT,TWU1AR0WCV1DPDI,11.36
Katie,Anderson,MY01639,1704614,INOVA CONSULTING,5,EMEA,QUANTUM,SUPPORT,NO_TS_EMEA,88.64
Daniel,Hendricks,ZJ73491,9249560,GOLZEN GROUP,5,MEA AFRICA,ORBIT,REGIE,I4Q5X5LMH86OEXT,15.91
Daniel,Hendricks,ZJ73491,9249560,GOLZEN GROUP,5,APAC,ORBIT,REGIE,NO_TS_APAC,84.09
Kristy,Berry,JX53991,5495075,GOLZEN TECH,5,CONT MENA,NOVA,MAINTENANCE,N0YV98LFEJN49XL,9.94
Kristy,Berry,JX53991,5495075,GOLZEN TECH,5,MEA,NOVA,MAINTENANCE,NO_TS_MEA,90.06
Alicia,Webb,MC13488,7802262,ALCOR DIGITAL,5,MEA EUROPE,PHOENIX,MAINTENANCE,TT68WVC22S5FPLR,8.81
Alicia,Webb,MC13488,7802262,ALCOR DIGITAL,5,NA,PHOENIX,MAINTENANCE,NO_TS_NA,91.19
George,Medina,ZP11000,8125266,CENVEO GROUP,5,MEA OCEANIA,PHOENIX,SUPPORT,93LSBR1LF7ZC1L2,13.64
George,Medina,ZP11000,8125266,CENVEO GROUP,5,MEA,PHOENIX,SUPPORT,NO_TS_MEA,86.36
Scott,Taylor,QS26677,1440662,FORVEX TECH,5,MEA OCEANIA,ORBIT,RPS,1769VJD2TR990L0,10.23
Timothy,Hampton,IP26404,1730833,CENVEO VENTURES,5,CONT AMERICA,ORBIT,MAINTENANCE,UXHAGR6OJA83V5U,7.39
Timothy,Hampton,IP26404,1730833,CENVEO VENTURES,5,LATAM,ORBIT,MAINTENANCE,NO_TS_LATAM,92.61
Evan,Becker,VS84440,9699379,BRYTON DIGITAL,5,EMEA MENA,PULSE,REGIE,17Y5RGPR5MW7AAY,9.66
Evan,Becker,VS84440,9699379,BRYTON DIGITAL,5,EMEA,PULSE,REGIE,NO_TS_EMEA,90.34
Jennifer,Torres,DD23879,4561475,HYRION GLOBAL,5,APAC OCEANIA,NOVA,RPS,21UTM3YO63HJUX3,12.5
Jennifer,Torres,DD23879,4561475,HYRION GLOBAL,5,NA,NOVA,RPS,NO_TS_NA,87.5
Benjamin,Williams,ZS02853,3437033,FORVEX DIGITAL,5,LATAM AFRICA,PHOENIX,FORFAIT,E8IMA2GJAS1GTI5,10.23
Susan,Clark,WN63881,8505856,CENVEO DIGITAL,5,EMEA MENA,QUANTUM,REGIE,P7BI37TUQYEXNBQ,7.95
Susan,Clark,WN63881,8505856,CENVEO DIGITAL,5,LATAM,QUANTUM,REGIE,NO_TS_LATAM,92.05
Julie,White,GJ96080,5917377,LUMEX SYSTEMS,5,MEA AFRICA,PULSE,FORFAIT,QDNOBZ6D4XATYMM,12.5
Julie,White,GJ96080,5917377,LUMEX SYSTEMS,5,APAC,PULSE,FORFAIT,NO_TS_APAC,87.5
Drew,Parker,RU67480,3322564,INOVA TECH,5,LATAM EUROPE,VERTEX,RPS,RTFOIP4WM9UCXW0,11.36
Drew,Parker,RU67480,3322564,INOVA TECH,5,APAC,VERTEX,RPS,NO_TS_APAC,88.64
Kimberly,Cobb,AA70816,6665389,FORVEX GROUP,5,MEA ASIA,NEXUS,REGIE,JGXQF7ORJT9IG8N,12.64
Kimberly,Cobb,AA70816,6665389,FORVEX GROUP,5,NA,NEXUS,REGIE,NO_TS_NA,87.36
Julia,Boyer,VO94586,2485057,ETHOS VENTURES,5,LATAM EUROPE,PHOENIX,MAINTENANCE,B4YW1VUTJTHR8L3,11.36
Julia,Boyer,VO94586,2485057,ETHOS VENTURES,5,EMEA,PHOENIX,MAINTENANCE,NO_TS_EMEA,88.64
Mackenzie,Anderson,KW31307,4732044,ETHOS SOLUTIONS,5,NA MENA,PULSE,RPS,82650FJZA3CNG7M,10.23
Mackenzie,Anderson,KW31307,4732044,ETHOS SOLUTIONS,5,CONT,PULSE,RPS,NO_TS_CONT,89.77
James,Ross,ON20329,2418330,ETHOS DYNAMICS,5,LATAM MENA,ATLAS,FORFAIT,068H37OHG5ZGT2Z,14.2
James,Ross,ON20329,2418330,ETHOS DYNAMICS,5,CONT,ATLAS,FORFAIT,NO_TS_CONT,85.8
Jody,Frost,AH53445,5708892,LUMEX DYNAMICS,5,APAC OCEANIA,VERTEX,SUPPORT,VWT800IKVUM7ZLM,8.81
Jody,Frost,AH53445,5708892,LUMEX DYNAMICS,5,EMEA,VERTEX,SUPPORT,NO_TS_EMEA,91.19
Albert,Zhang,XK80316,4470848,FORVEX VENTURES,5,EMEA MENA,NOVA,SUPPORT,0TUP7GSFKPGVIZ4,12.22
Albert,Zhang,XK80316,4470848,FORVEX VENTURES,5,EMEA,NOVA,SUPPORT,NO_TS_EMEA,87.78
Christina,Davidson,LQ84018,7523185,KESTRA CONSULTING,5,LATAM ASIA,PULSE,MAINTENANCE,FHWDS17UA20SJWP,10.51
Melissa,Olson,FG42406,8720534,KESTRA VENTURES,5,MEA MENA,ORBIT,MAINTENANCE,VVD1S2C0R5Z2CGH,9.66
Melissa,Olson,FG42406,8720534,KESTRA VENTURES,5,APAC,ORBIT,MAINTENANCE,NO_TS_APAC,90.34
Mary,Herman,ZE00220,3003105,ETHOS DYNAMICS,5,CONT OCEANIA,ATLAS,SUPPORT,A8ILN8OA3CP9TN0,11.36
Mary,Herman,ZE00220,3003105,ETHOS DYNAMICS,5,NA,ATLAS,SUPPORT,NO_TS_NA,88.64
Kevin,Davis,OT34819,1239059,FORVEX GLOBAL,5,NA AMERICA,STELLAR,RPS,W142K6B14KGLW5F,7.24
Kevin,Davis,OT34819,1239059,FORVEX GLOBAL,5,EMEA,STELLAR,RPS,NO_TS_EMEA,92.76
Mario,Hernandez,YE61363,3048247,DELVO SYSTEMS,5,MEA AMERICA,VERTEX,MAINTENANCE,E3QO2DQ2D4AZ9KI,7.95
Mario,Hernandez,YE61363,3048247,DELVO SYSTEMS,5,APAC,VERTEX,MAINTENANCE,NO_TS_APAC,92.05
Brittany,Ray,DX73750,4863869,HYRION TECH,5,APAC AFRICA,NOVA,REGIE,65N7XT09H4SH0OF,10.23
Brittany,Ray,DX73750,4863869,HYRION TECH,5,MEA,NOVA,REGIE,NO_TS_MEA,89.77
Robert,Williamson,LT79286,2359912,CENVEO VENTURES,5,CONT AFRICA,PHOENIX,SUPPORT,80ZA69W3O9XWL6U,10.51
Robert,Riddle,ML38453,4726208,LUMEX TECH,5,LATAM AMERICA,NEXUS,RPS,YRE02LGQWCN59IJ,11.51
Robert,Riddle,ML38453,4726208,LUMEX TECH,5,NA,NEXUS,RPS,NO_TS_NA,88.49
Joe,Collins,FN04938,3946410,INOVA GROUP,5,EMEA MENA,PHOENIX,MAINTENANCE,CI0Y6VPSV5BR9BA,9.94
Joe,Collins,FN04938,3946410,INOVA GROUP,5,CONT,PHOENIX,MAINTENANCE,NO_TS_CONT,90.06
Christine,Wagner,WH53132,6067209,INOVA TECH,5,EMEA OCEANIA,NEXUS,MAINTENANCE,8QX54MELRKJ12AD,12.5
Christine,Wagner,WH53132,6067209,INOVA TECH,5,MEA,NEXUS,MAINTENANCE,NO_TS_MEA,87.5
Thomas,Kennedy,GK76570,3406761,BRYTON TECH,5,LATAM MENA,STELLAR,RPS,UZPIEU9S30BXBE7,9.09
Thomas,Kennedy,GK76570,3406761,BRYTON TECH,5,NA,STELLAR,RPS,NO_TS_NA,90.91
Sara,Mitchell,FT46662,8504073,KESTRA TECH,5,APAC ASIA,VERTEX,SUPPORT,UW0Y19IA05B8BQY,15.91
Sara,Mitchell,FT46662,8504073,KESTRA TECH,5,LATAM,VERTEX,SUPPORT,NO_TS_LATAM,84.09
Jessica,Roberts,CW81276,4190621,KESTRA VENTURES,5,CONT ASIA,STELLAR,SUPPORT,UG34AX9AI0XCG9G,12.64
Jessica,Roberts,CW81276,4190621,KESTRA VENTURES,5,LATAM,STELLAR,SUPPORT,NO_TS_LATAM,87.36
Shawn,Reese,YU85815,5174825,LUMEX DIGITAL,5,LATAM EUROPE,PULSE,SUPPORT,HSBESG0M1X5E1KF,9.94
Katherine,Lopez,VA38476,5899822,LUMEX TECH,5,MEA AMERICA,ORBIT,RPS,AN5BX5JRBWYZK5G,14.2
Katherine,Lopez,VA38476,5899822,LUMEX TECH,5,LATAM,ORBIT,RPS,NO_TS_LATAM,85.8
Susan,Thompson,BD46787,9379613,DELVO GROUP,5,EMEA EUROPE,PHOENIX,FORFAIT,EDI41PVEFB0P05D,14.49
Susan,Thompson,BD46787,9379613,DELVO GROUP,5,EMEA,PHOENIX,FORFAIT,NO_TS_EMEA,85.51
Tiffany,King,RY28829,9145219,HYRION DYNAMICS,5,CONT EUROPE,PULSE,MAINTENANCE,ABTBTAPIJUHJXBN,14.49
Tiffany,King,RY28829,9145219,HYRION DYNAMICS,5,CONT,PULSE,MAINTENANCE,NO_TS_CONT,85.51
Gabriel,Harrison,XB59223,8961069,FORVEX TECH,5,CONT OCEANIA,QUANTUM,FORFAIT,L32W60EYZB4TMSJ,13.64
Gabriel,Harrison,XB59223,8961069,FORVEX TECH,5,NA,QUANTUM,FORFAIT,NO_TS_NA,86.36
Randy,Vaughn,VS97774,2029929,BRYTON DYNAMICS,5,LATAM OCEANIA,QUANTUM,REGIE,32M1EQSFP3WE1JV,12.22
Joseph,Garcia,KO01397,3973488,ETHOS GLOBAL,5,EMEA MENA,NEXUS,REGIE,IDX2LVEG7J4IP38,11.51
Joseph,Garcia,KO01397,3973488,ETHOS GLOBAL,5,LATAM,NEXUS,REGIE,NO_TS_LATAM,88.49
Adam,Watkins,DD46512,5220706,JALVIK SOLUTIONS,5,MEA EUROPE,NEXUS,RPS,MGNTPM19WBG1I7N,13.64
Adam,Watkins,DD46512,5220706,JALVIK SOLUTIONS,5,LATAM,NEXUS,RPS,NO_TS_LATAM,86.36
Linda,Cruz,CK23087,9741534,KESTRA TECH,5,EMEA AFRICA,ATLAS,FORFAIT,P0OERD6YS28313C,6.68
Linda,Cruz,CK23087,9741534,KESTRA TECH,5,MEA,ATLAS,FORFAIT,NO_TS_MEA,93.32
Kimberly,Fletcher,SM76885,1436966,LUMEX GLOBAL,5,EMEA MENA,ATLAS,FORFAIT,SKP2486J7E36KQ3,11.65
Kimberly,Fletcher,SM76885,1436966,LUMEX GLOBAL,5,MEA,ATLAS,FORFAIT,NO_TS_MEA,88.35
Eric,Miller,HA20970,3404040,ALCOR GROUP,5,EMEA ASIA,QUANTUM,RPS,6WQ70FJYBAHLSPI,9.09
Eric,Miller,HA20970,3404040,ALCOR GROUP,5,LATAM,QUANTUM,RPS,NO_TS_LATAM,90.91
Katie,Ellison,GL05718,8499599,ALCOR GLOBAL,5,MEA ASIA,PHOENIX,SUPPORT,U8APRTM4K0MZUD7,12.5
Katie,Ellison,GL05718,8499599,ALCOR GLOBAL,5,MEA,PHOENIX,SUPPORT,NO_TS_MEA,87.5
Ashley,Reynolds,TA17101,2050803,LUMEX DIGITAL,5,CONT AFRICA,NOVA,SUPPORT,A1XTNRREWJ0IWOE,12.22
Ashley,Reynolds,TA17101,2050803,LUMEX DIGITAL,5,NA,NOVA,SUPPORT,NO_TS_NA,87.78
Wyatt,Cox,EL05980,6856558,ETHOS VENTURES,5,APAC AFRICA,STELLAR,MAINTENANCE,4CNMMMUGAAN2Y0X,12.5
Wyatt,Cox,EL05980,6856558,ETHOS VENTURES,5,NA,STELLAR,MAINTENANCE,NO_TS_NA,87.5
Franklin,Johnson,DR51057,5229711,FORVEX DYNAMICS,5,APAC EUROPE,PHOENIX,SUPPORT,VVB9LADW2L61G9Z,12.78
Franklin,Johnson,DR51057,5229711,FORVEX DYNAMICS,5,LATAM,PHOENIX,SUPPORT,NO_TS_LATAM,87.22
Maria,Mckee,TW84066,8219711,JALVIK DYNAMICS,5,LATAM AFRICA,VERTEX,FORFAIT,HHBR0UJAHDEG9ID,9.23
Maria,Mckee,TW84066,8219711,JALVIK DYNAMICS,5,LATAM,VERTEX,FORFAIT,NO_TS_LATAM,90.77
Michael,Garza,FT76447,2855797,ETHOS DYNAMICS,5,EMEA MENA,NOVA,RPS,L5OFO2Q1J73Z07T,18.18
Michael,Garza,FT76447,2855797,ETHOS DYNAMICS,5,NA,NOVA,RPS,NO_TS_NA,81.82
Tracey,Robinson,YX55836,1390102,GOLZEN SYSTEMS,5,NA MENA,PULSE,FORFAIT,RTIFVPHY0F5KI6S,12.5
Michael,Reyes,IS33380,5732131,CENVEO SOLUTIONS,5,EMEA EUROPE,ORBIT,RPS,J4WMUGG100KXIG9,8.1
Sherri,Brown,TR13382,9456543,ALCOR GLOBAL,5,CONT AFRICA,STELLAR,RPS,HZYZ3LKML9P9ZEN,7.39
Sherri,Brown,TR13382,9456543,ALCOR GLOBAL,5,NA,STELLAR,RPS,NO_TS_NA,92.61
Joshua,Stewart,HA80635,1070172,KESTRA TECH,5,NA EUROPE,STELLAR,SUPPORT,FXAXF5A6JITFURF,8.95
Joshua,Stewart,HA80635,1070172,KESTRA TECH,5,APAC,STELLAR,SUPPORT,NO_TS_APAC,91.05
Emily,Davis,OY61087,2680716,JALVIK CONSULTING,5,APAC OCEANIA,VERTEX,SUPPORT,8TOQ1SVFY7AALJA,11.36
Keith,Hall,CX30878,3891735,JALVIK DIGITAL,5,LATAM ASIA,ATLAS,REGIE,MXZKM2QEPZB7XB6,11.51
Amanda,Baird,WD39505,8757228,KESTRA SYSTEMS,5,MEA AMERICA,ORBIT,FORFAIT,6L8WJQB2YMH8IP9,10.51
Amanda,Baird,WD39505,8757228,KESTRA SYSTEMS,5,EMEA,ORBIT,FORFAIT,NO_TS_EMEA,89.49
Robert,Thomas,FY71983,8214412,KESTRA TECH,5,CONT AMERICA,NEXUS,MAINTENANCE,NVO8TT3JKQY0VOS,12.5
Robert,Thomas,FY71983,8214412,KESTRA TECH,5,MEA,NEXUS,MAINTENANCE,NO_TS_MEA,87.5
Cassandra,Gilbert,LB76225,6715076,GOLZEN SOLUTIONS,5,LATAM EUROPE,VERTEX,REGIE,RZ6FVWCO7DKA67F,12.36
Cassandra,Gilbert,LB76225,6715076,GOLZEN SOLUTIONS,5,APAC,VERTEX,REGIE,NO_TS_APAC,87.64
Jack,Watkins,DC32413,1618940,GOLZEN SYSTEMS,5,LATAM AFRICA,QUANTUM,RPS,SC9RHTU135KLXBA,8.24
Jack,Watkins,DC32413,1618940,GOLZEN SYSTEMS,5,APAC,QUANTUM,RPS,NO_TS_APAC,91.76
Laura,Velez,QT71322,2218207,INOVA VENTURES,5,EMEA OCEANIA,PHOENIX,FORFAIT,419QQGYN6PG5FAH,11.93
Laura,Velez,QT71322,2218207,INOVA VENTURES,5,CONT,PHOENIX,FORFAIT,NO_TS_CONT,88.07
Kenneth,Reid,JN73747,3674674,INOVA VENTURES,5,APAC MENA,ORBIT,REGIE,A77U747RCZYAE9I,12.5
Kenneth,Reid,JN73747,3674674,INOVA VENTURES,5,LATAM,ORBIT,REGIE,NO_TS_LATAM,87.5
Joel,Davis,JQ84254,3132051,GOLZEN DYNAMICS,5,CONT MENA,PHOENIX,SUPPORT,L106ZDLAFK4CDK4,6.82
Joel,Davis,JQ84254,3132051,GOLZEN DYNAMICS,5,CONT,PHOENIX,SUPPORT,NO_TS_CONT,93.18
Casey,Henry,FX61528,2432967,HYRION TECH,5,MEA OCEANIA,QUANTUM,FORFAIT,Z3PIKCE0QTATRO2,7.1
Casey,Henry,FX61528,2432967,HYRION TECH,5,CONT,QUANTUM,FORFAIT,NO_TS_CONT,92.9
Brian,Bishop,VJ33248,6544097,KESTRA VENTURES,5,LATAM MENA,ORBIT,FORFAIT,XUVR6J7O9KV38S3,10.23
Brian,Bishop,VJ33248,6544097,KESTRA VENTURES,5,APAC,ORBIT,FORFAIT,NO_TS_APAC,89.77
Beth,Thomas,XV25745,5767140,BRYTON DIGITAL,5,CONT OCEANIA,QUANTUM,REGIE,SPYTD959M3IANVE,9.23
Beth,Thomas,XV25745,5767140,BRYTON DIGITAL,5,MEA,QUANTUM,REGIE,NO_TS_MEA,90.77
Danielle,Guerra,LA25162,5433842,GOLZEN TECH,5,MEA MENA,PULSE,MAINTENANCE,YW6ANAYSSJZJA44,13.64
Danielle,Guerra,LA25162,5433842,GOLZEN TECH,5,MEA,PULSE,MAINTENANCE,NO_TS_MEA,86.36
Steve,Franklin,PS66020,8358199,FORVEX CONSULTING,5,EMEA AMERICA,VERTEX,MAINTENANCE,TC5A002YHQWXU3M,9.94
Steve,Franklin,PS66020,8358199,FORVEX CONSULTING,5,MEA,VERTEX,MAINTENANCE,NO_TS_MEA,90.06
Virginia,Moreno,DR05860,2493199,ETHOS CONSULTING,5,MEA OCEANIA,NEXUS,RPS,FRLK1UQ26T8V8SN,11.93
Virginia,Moreno,DR05860,2493199,ETHOS CONSULTING,5,NA,NEXUS,RPS,NO_TS_NA,88.07
David,Barnes,OQ81318,1246602,DELVO DIGITAL,5,EMEA ASIA,ATLAS,MAINTENANCE,UDXDO2737UVB0TE,10.51
David,Barnes,OQ81318,1246602,DELVO DIGITAL,5,MEA,ATLAS,MAINTENANCE,NO_TS_MEA,89.49
Cassandra,Sullivan,MH36487,4434635,GOLZEN SOLUTIONS,5,EMEA EUROPE,STELLAR,REGIE,SLLA7K1XQK05LIV,12.5
Sharon,Spencer,LA63432,1091896,ALCOR SYSTEMS,5,APAC ASIA,NEXUS,FORFAIT,HQ2Z3WP4VPOQS34,9.94
John,Morgan,PV13341,4075532,LUMEX SYSTEMS,5,APAC OCEANIA,VERTEX,REGIE,VJZT2X1G4MONBIO,13.64
John,Morgan,PV13341,4075532,LUMEX SYSTEMS,5,APAC,VERTEX,REGIE,NO_TS_APAC,86.36
Anthony,Anderson,VP40265,8989318,FORVEX CONSULTING,5,EMEA OCEANIA,NOVA,RPS,H3I8WMT8SNWNP27,9.23
Jeremy,Camacho,FY20396,5903328,INOVA GROUP,5,MEA ASIA,QUANTUM,MAINTENANCE,AM8D7DY7H2KUZC7,15.34
Jeremy,Camacho,FY20396,5903328,INOVA GROUP,5,EMEA,QUANTUM,MAINTENANCE,NO_TS_EMEA,84.66
James,Wong,MA40524,2836996,HYRION SYSTEMS,5,EMEA AFRICA,PULSE,REGIE,U1KNUSOD4HBVIFX,11.36
James,Wong,MA40524,2836996,HYRION SYSTEMS,5,LATAM,PULSE,REGIE,NO_TS_LATAM,88.64
Matthew,Reed,ZF84852,8740111,BRYTON DYNAMICS,5,EMEA OCEANIA,VERTEX,RPS,EF9NHT07K1ZJYRJ,13.64
Matthew,Reed,ZF84852,8740111,BRYTON DYNAMICS,5,APAC,VERTEX,RPS,NO_TS_APAC,86.36
Eric,Rodgers,AV91702,1544833,HYRION TECH,5,NA OCEANIA,NOVA,RPS,VLWIS1X1HEUPYNZ,11.65
Eric,Rodgers,AV91702,1544833,HYRION TECH,5,MEA,NOVA,RPS,NO_TS_MEA,88.35
Teresa,Martin,SW48598,3872360,BRYTON DYNAMICS,5,CONT AMERICA,VERTEX,RPS,ULKLKZAN60FFL19,11.36
Teresa,Martin,SW48598,3872360,BRYTON DYNAMICS,5,MEA,VERTEX,RPS,NO_TS_MEA,88.64
David,Rodriguez,TL55556,1905638,CENVEO GLOBAL,5,CONT EUROPE,NEXUS,RPS,IFRPDY7KIAWKGS4,16.48
David,Rodriguez,TL55556,1905638,CENVEO GLOBAL,5,CONT,NEXUS,RPS,NO_TS_CONT,83.52
Melvin,Davis,DX18987,1085097,ALCOR SYSTEMS,5,CONT ASIA,ORBIT,REGIE,GDNMOQNKOYNN31Q,10.8
Amber,Nichols,XI22815,5045647,KESTRA GLOBAL,5,LATAM MENA,QUANTUM,MAINTENANCE,4IFOHFNNXPWME2R,9.94
Amber,Nichols,XI22815,5045647,KESTRA GLOBAL,5,EMEA,QUANTUM,MAINTENANCE,NO_TS_EMEA,90.06
Dakota,Williams,UW06357,4443901,CENVEO GROUP,5,MEA ASIA,ATLAS,FORFAIT,2VF8CEQKCRUUIYU,9.23
Dakota,Williams,UW06357,4443901,CENVEO GROUP,5,APAC,ATLAS,FORFAIT,NO_TS_APAC,90.77
Robert,Hendricks,DL82351,3227150,ALCOR TECH,5,NA EUROPE,NEXUS,MAINTENANCE,DLIMKS2HTLUF1U8,11.93
Robert,Hendricks,DL82351,3227150,ALCOR TECH,5,NA,NEXUS,MAINTENANCE,NO_TS_NA,88.07
Tracie,Yates,PS92308,5118832,FORVEX SOLUTIONS,5,MEA MENA,NOVA,REGIE,BQ62693O1KN9941,12.5
Tracie,Yates,PS92308,5118832,FORVEX SOLUTIONS,5,MEA,NOVA,REGIE,NO_TS_MEA,87.5
Sharon,Lee,LJ82279,5845619,GOLZEN SOLUTIONS,5,MEA AFRICA,VERTEX,MAINTENANCE,V2ALKVZAB6A6B11,14.49
Jessica,Pratt,HU93712,1306736,LUMEX DYNAMICS,5,LATAM MENA,ORBIT,MAINTENANCE,CO8CI37CZ99ILW7,10.51
Jessica,Pratt,HU93712,1306736,LUMEX DYNAMICS,5,EMEA,ORBIT,MAINTENANCE,NO_TS_EMEA,89.49
David,Perry,II78440,3753710,LUMEX GROUP,5,MEA MENA,VERTEX,RPS,PADHK9UGOYGTCX6,9.66
David,Perry,II78440,3753710,LUMEX GROUP,5,LATAM,VERTEX,RPS,NO_TS_LATAM,90.34
Sherry,Patel,XY24262,1090531,ALCOR SOLUTIONS,5,APAC ASIA,NOVA,FORFAIT,J72BEXYA7IYSEE7,13.07
Sherry,Patel,XY24262,1090531,ALCOR SOLUTIONS,5,APAC,NOVA,FORFAIT,NO_TS_APAC,86.93
Ashley,Hoffman,QT58367,4549195,JALVIK CONSULTING,5,EMEA ASIA,QUANTUM,REGIE,2IJGME5I13ZO6U9,13.64
Emily,Duncan,CC82921,4703812,DELVO GLOBAL,5,LATAM MENA,STELLAR,REGIE,GSRYVC11IMK2URT,11.36
Emily,Duncan,CC82921,4703812,DELVO GLOBAL,5,MEA,STELLAR,REGIE,NO_TS_MEA,88.64
Thomas,Perry,UH23592,7570781,DELVO VENTURES,5,NA MENA,NEXUS,REGIE,ND0ENK80ECJ4TOC,11.36
Thomas,Perry,UH23592,7570781,DELVO VENTURES,5,CONT,NEXUS,REGIE,NO_TS_CONT,88.64
Jeffery,Harris,ZC64596,1849462,HYRION CONSULTING,5,MEA OCEANIA,PULSE,FORFAIT,T18OQ4WVDFYN0UP,13.64
Jeffery,Harris,ZC64596,1849462,HYRION CONSULTING,5,EMEA,PULSE,FORFAIT,NO_TS_EMEA,86.36
Kristina,George,GB76905,9259232,KESTRA GROUP,5,EMEA AMERICA,STELLAR,MAINTENANCE,8JJ3JKKUS7O2QU5,18.18
Kristina,George,GB76905,9259232,KESTRA GROUP,5,EMEA,STELLAR,MAINTENANCE,NO_TS_EMEA,81.82
Thomas,Glass,BA44329,6562543,JALVIK DIGITAL,5,APAC MENA,PHOENIX,MAINTENANCE,LQB7HJJZ3MDOS2F,9.09
Thomas,Glass,BA44329,6562543,JALVIK DIGITAL,5,LATAM,PHOENIX,MAINTENANCE,NO_TS_LATAM,90.91
Jenna,Miller,DT58863,3181872,INOVA SOLUTIONS,5,LATAM AFRICA,NEXUS,MAINTENANCE,7793XMN9WYSVMFJ,12.5
Jenna,Miller,DT58863,3181872,INOVA SOLUTIONS,5,APAC,NEXUS,MAINTENANCE,NO_TS_APAC,87.5
Jimmy,Walker,PM48352,5791071,KESTRA VENTURES,5,LATAM EUROPE,ORBIT,REGIE,4XLKYA0EU1CRJGA,12.22
Jimmy,Walker,PM48352,5791071,KESTRA VENTURES,5,EMEA,ORBIT,REGIE,NO_TS_EMEA,87.78
Alyssa,Jefferson,QJ06508,5771234,HYRION VENTURES,5,EMEA AMERICA,PULSE,RPS,7MSW0PHBHILIB3Q,9.94
Alyssa,Jefferson,QJ06508,5771234,HYRION VENTURES,5,NA,PULSE,RPS,NO_TS_NA,90.06
Ebony,Porter,GV63484,6774676,LUMEX CONSULTING,5,EMEA AFRICA,NOVA,RPS,81T4EYC61X8DVKM,10.51
Scott,Nichols,DZ93051,2855061,ALCOR DIGITAL,5,LATAM AFRICA,QUANTUM,FORFAIT,VP7XSVJMHEO7FLN,9.09
Robert,Garcia,XT95981,5886966,INOVA GROUP,5,APAC MENA,ORBIT,MAINTENANCE,8P7CTAWJN3GMPPY,10.94
Robert,Garcia,XT95981,5886966,INOVA GROUP,5,APAC,ORBIT,MAINTENANCE,NO_TS_APAC,89.06
Richard,Gilbert,YJ80820,6276489,JALVIK SYSTEMS,5,APAC AFRICA,QUANTUM,SUPPORT,9A1I72LEUKQRGKZ,12.36
Richard,Gilbert,YJ80820,6276489,JALVIK SYSTEMS,5,CONT,QUANTUM,SUPPORT,NO_TS_CONT,87.64
Christopher,Powers,OD23640,6697118,ETHOS TECH,5,CONT AFRICA,ORBIT,REGIE,XE3N9B5XKZG802T,14.2
Steven,Allen,OL33188,9354259,INOVA GROUP,5,LATAM OCEANIA,STELLAR,FORFAIT,PU78ZLNIMRQ17Z7,11.93
Steven,Allen,OL33188,9354259,INOVA GROUP,5,MEA,STELLAR,FORFAIT,NO_TS_MEA,88.07
Tammy,Oconnor,XC56534,3532453,FORVEX DIGITAL,5,CONT ASIA,QUANTUM,FORFAIT,QM03FOV5YSRX3IX,13.64
Tammy,Oconnor,XC56534,3532453,FORVEX DIGITAL,5,CONT,QUANTUM,FORFAIT,NO_TS_CONT,86.36
Jeremy,Johnson,BG64430,9078726,DELVO GLOBAL,5,MEA MENA,STELLAR,RPS,F64O0IEQDNDV3MD,9.52
Jeremy,Johnson,BG64430,9078726,DELVO GLOBAL,5,NA,STELLAR,RPS,NO_TS_NA,90.48
Jenna,Carter,DC56419,4749093,ALCOR DYNAMICS,5,APAC MENA,NOVA,SUPPORT,2RJ25CR74HN2NT1,11.08
Jenna,Carter,DC56419,4749093,ALCOR DYNAMICS,5,CONT,NOVA,SUPPORT,NO_TS_CONT,88.92
Karla,Adams,HX48168,2925919,BRYTON DYNAMICS,5,NA AMERICA,VERTEX,REGIE,CJWEPZPRTMKAMI2,9.52
Karla,Adams,HX48168,2925919,BRYTON DYNAMICS,5,EMEA,VERTEX,REGIE,NO_TS_EMEA,90.48
Michelle,Banks,TG71933,2812335,ALCOR CONSULTING,5,MEA AFRICA,STELLAR,REGIE,C6KV2ZLIEDL5ZI4,7.81
Michelle,Banks,TG71933,2812335,ALCOR CONSULTING,5,CONT,STELLAR,REGIE,NO_TS_CONT,92.19
Brandon,Martin,CF25315,1326043,ALCOR SOLUTIONS,5,EMEA ASIA,QUANTUM,RPS,P44SNIYIY6BVOS9,12.22
Mary,Collier,MN01644,7360737,INOVA SYSTEMS,5,CONT EUROPE,VERTEX,MAINTENANCE,1LMEXI35FRCSAN2,10.23
Mary,Collier,MN01644,7360737,INOVA SYSTEMS,5,MEA,VERTEX,MAINTENANCE,NO_TS_MEA,89.77
Nicholas,Boyle,KC31719,2586973,KESTRA TECH,5,MEA AFRICA,VERTEX,REGIE,UYQF0HRXQGI2GMI,11.65
Jeremiah,Shaw,CL76719,7722272,DELVO VENTURES,5,APAC MENA,ATLAS,REGIE,AJAR3PRFSMG6N04,13.07
Jeremiah,Shaw,CL76719,7722272,DELVO VENTURES,5,NA,ATLAS,REGIE,NO_TS_NA,86.93
Jacqueline,Johnson,KX70468,2767780,LUMEX DIGITAL,5,NA MENA,QUANTUM,RPS,PB32RJQ54GFB2Z1,13.21
Jacqueline,Johnson,KX70468,2767780,LUMEX DIGITAL,5,APAC,QUANTUM,RPS,NO_TS_APAC,86.79
Megan,Rodriguez,GI61884,7543576,CENVEO SOLUTIONS,5,EMEA MENA,STELLAR,SUPPORT,VKEYLLTO3UWOPMQ,12.78
Megan,Rodriguez,GI61884,7543576,CENVEO SOLUTIONS,5,LATAM,STELLAR,SUPPORT,NO_TS_LATAM,87.22
Jennifer,Carlson,DC75570,9261390,ALCOR SOLUTIONS,5,NA EUROPE,PULSE,RPS,N10SGTNU7ZUO7FE,8.38
Jennifer,Carlson,DC75570,9261390,ALCOR SOLUTIONS,5,APAC,PULSE,RPS,NO_TS_APAC,91.62
Karen,Williams,PB97178,4248605,CENVEO VENTURES,5,APAC OCEANIA,NEXUS,MAINTENANCE,H9VQOXMO34R24EC,10.23
Karen,Williams,PB97178,4248605,CENVEO VENTURES,5,EMEA,NEXUS,MAINTENANCE,NO_TS_EMEA,89.77
Kevin,Lynch,MQ79254,1192470,DELVO SYSTEMS,5,MEA OCEANIA,PHOENIX,MAINTENANCE,KL0HO8N0K6HMH0Q,13.64
Kevin,Lynch,MQ79254,1192470,DELVO SYSTEMS,5,CONT,PHOENIX,MAINTENANCE,NO_TS_CONT,86.36
Elizabeth,Andrade,MF98219,8871971,INOVA SYSTEMS,5,CONT ASIA,NEXUS,SUPPORT,KUEEZKVGJGO21OJ,11.93
Elizabeth,Andrade,MF98219,8871971,INOVA SYSTEMS,5,APAC,NEXUS,SUPPORT,NO_TS_APAC,88.07
Jasmine,Johnston,AZ76952,5221153,CENVEO GLOBAL,5,MEA EUROPE,PULSE,FORFAIT,21W4MEQIZ790I5I,9.09
Jasmine,Johnston,AZ76952,5221153,CENVEO GLOBAL,5,LATAM,PULSE,FORFAIT,NO_TS_LATAM,90.91
Deanna,Harvey,KJ77919,7752931,KESTRA TECH,5,LATAM EUROPE,STELLAR,FORFAIT,TOLZ3XM3Q5GLRQ9,9.94
Anna,Sharp,NE36462,1533441,KESTRA GROUP,5,LATAM ASIA,PULSE,SUPPORT,042689MA00LRN1Z,15.91
Anna,Sharp,NE36462,1533441,KESTRA GROUP,5,EMEA,PULSE,SUPPORT,NO_TS_EMEA,84.09
Donna,Cole,YL10613,3415549,DELVO DYNAMICS,5,APAC MENA,PULSE,FORFAIT,0CUA7ENWL8MRSSH,7.24
Donna,Cole,YL10613,3415549,DELVO DYNAMICS,5,EMEA,PULSE,FORFAIT,NO_TS_EMEA,92.76
Ricky,Mckay,FQ11937,6195193,LUMEX VENTURES,5,LATAM ASIA,QUANTUM,FORFAIT,1DZY4J1MPC7JW4D,9.23
Ricky,Mckay,FQ11937,6195193,LUMEX VENTURES,5,CONT,QUANTUM,FORFAIT,NO_TS_CONT,90.77
Bryan,Acosta,OL45102,2887260,LUMEX SOLUTIONS,5,CONT OCEANIA,ATLAS,MAINTENANCE,HQJA4K1PCLMLBYH,9.23
Bryan,Acosta,OL45102,2887260,LUMEX SOLUTIONS,5,CONT,ATLAS,MAINTENANCE,NO_TS_CONT,90.77
Charles,Griffin,DR21045,9888546,DELVO CONSULTING,5,APAC AFRICA,VERTEX,RPS,NPZ46MDP3789J3X,11.93
Charles,Griffin,DR21045,9888546,DELVO CONSULTING,5,EMEA,VERTEX,RPS,NO_TS_EMEA,88.07
Maria,Parrish,JV42988,5264518,CENVEO SOLUTIONS,5,EMEA EUROPE,QUANTUM,SUPPORT,KH6L3M1YKA0W7IH,9.66
Maria,Parrish,JV42988,5264518,CENVEO SOLUTIONS,5,NA,QUANTUM,SUPPORT,NO_TS_NA,90.34
Donald,Glover,IL62775,9038935,CENVEO TECH,5,EMEA MENA,QUANTUM,MAINTENANCE,UZN17IVKDDN0WX1,12.64
Donald,Glover,IL62775,9038935,CENVEO TECH,5,CONT,QUANTUM,MAINTENANCE,NO_TS_CONT,87.36
Stephanie,Nguyen,TW31512,8413984,GOLZEN SYSTEMS,5,EMEA OCEANIA,NOVA,RPS,FB6M19W1AXJA85A,10.65
Sandra,Walker,YX65210,3649761,FORVEX GLOBAL,5,MEA EUROPE,VERTEX,SUPPORT,LBD630YIBW7057R,7.1
Sandra,Walker,YX65210,3649761,FORVEX GLOBAL,5,MEA,VERTEX,SUPPORT,NO_TS_MEA,92.9
Jessica,Stone,RC30813,7905094,ALCOR GROUP,5,MEA AMERICA,ORBIT,REGIE,ZAW422JXNM0YNJC,9.23
Jessica,Stone,RC30813,7905094,ALCOR GROUP,5,MEA,ORBIT,REGIE,NO_TS_MEA,90.77
John,Anderson,PF38166,4780710,JALVIK DIGITAL,5,LATAM AMERICA,PHOENIX,REGIE,ZPJQO3CHP4Y3M44,7.24
John,Anderson,PF38166,4780710,JALVIK DIGITAL,5,LATAM,PHOENIX,REGIE,NO_TS_LATAM,92.76
Arthur,Hopkins,ZB19887,7293538,CENVEO SYSTEMS,5,APAC OCEANIA,VERTEX,MAINTENANCE,TQM4PUI5EY9RISZ,11.36
Arthur,Hopkins,ZB19887,7293538,CENVEO SYSTEMS,5,APAC,VERTEX,MAINTENANCE,NO_TS_APAC,88.64
Leonard,Johnson,UQ92627,9284528,INOVA SOLUTIONS,5,CONT MENA,PULSE,RPS,EHH8L4E960L9DDF,7.24
Leonard,Johnson,UQ92627,9284528,INOVA SOLUTIONS,5,MEA,PULSE,RPS,NO_TS_MEA,92.76
Joshua,Jackson,RX56584,2871892,ETHOS SYSTEMS,5,CONT MENA,STELLAR,REGIE,X8NQWLGTUJ9RRVJ,13.78
Joshua,Jackson,RX56584,2871892,ETHOS SYSTEMS,5,MEA,STELLAR,REGIE,NO_TS_MEA,86.22
Thomas,Miller,WW81396,1675494,HYRION DIGITAL,5,MEA OCEANIA,ORBIT,SUPPORT,MBKMPI7KXJURK2O,9.38
Thomas,Miller,WW81396,1675494,HYRION DIGITAL,5,CONT,ORBIT,SUPPORT,NO_TS_CONT,90.63
Joseph,Powell,MF18127,1145848,DELVO DIGITAL,5,LATAM MENA,PULSE,RPS,NAXWYKPZMIGDB8T,9.09
Joseph,Powell,MF18127,1145848,DELVO DIGITAL,5,NA,PULSE,RPS,NO_TS_NA,90.91
Steven,Walker,WZ50039,5116523,KESTRA VENTURES,5,APAC AFRICA,PULSE,REGIE,1JDP0YFLQ4FOEL1,13.64
Steven,Walker,WZ50039,5116523,KESTRA VENTURES,5,MEA,PULSE,REGIE,NO_TS_MEA,86.36
Zachary,Small,SU62384,6283674,ALCOR GROUP,5,MEA ASIA,ORBIT,SUPPORT,ACEEKLDW18U7MFW,12.78
Zachary,Small,SU62384,6283674,ALCOR GROUP,5,APAC,ORBIT,SUPPORT,NO_TS_APAC,87.22
Troy,Dixon,AZ48022,9645007,KESTRA DYNAMICS,5,NA ASIA,STELLAR,FORFAIT,DJEWB9T85RL7DXO,9.38
Troy,Dixon,AZ48022,9645007,KESTRA DYNAMICS,5,APAC,STELLAR,FORFAIT,NO_TS_APAC,90.63
Robert,Walker,GD80672,1046631,JALVIK GLOBAL,5,LATAM MENA,ATLAS,REGIE,QTN6R7KTZBDFTJ6,12.5
Robert,Walker,GD80672,1046631,JALVIK GLOBAL,5,EMEA,ATLAS,REGIE,NO_TS_EMEA,87.5
Samantha,Hernandez,WX52164,7856941,GOLZEN VENTURES,5,EMEA ASIA,ORBIT,RPS,VVRIR75WAS3FRBX,6.82
Samantha,Hernandez,WX52164,7856941,GOLZEN VENTURES,5,APAC,ORBIT,RPS,NO_TS_APAC,93.18
Kimberly,Blair,VE89315,1608226,DELVO CONSULTING,5,LATAM MENA,NOVA,RPS,Q7NTQFLAPIRVUI3,11.36
Nicholas,Thomas,LR07111,5457613,ETHOS SYSTEMS,5,NA AFRICA,QUANTUM,SUPPORT,N0J7G96WJK0WW35,13.64
Nicholas,Thomas,LR07111,5457613,ETHOS SYSTEMS,5,CONT,QUANTUM,SUPPORT,NO_TS_CONT,86.36
Ryan,Nguyen,FG35280,2178989,BRYTON SOLUTIONS,5,MEA AFRICA,ATLAS,MAINTENANCE,2HWK75I37OIUFCJ,9.09
Jared,Dudley,ST97706,9509796,CENVEO DYNAMICS,5,CONT OCEANIA,PHOENIX,SUPPORT,EPSOW3JFOXEXVJV,12.5
Derek,Fisher,VT14799,4929213,ETHOS SOLUTIONS,5,LATAM AMERICA,ORBIT,REGIE,REQJXE490H6JFOO,9.23
Derek,Fisher,VT14799,4929213,ETHOS SOLUTIONS,5,LATAM,ORBIT,REGIE,NO_TS_LATAM,90.77
Lucas,Pollard,IW49900,7791387,KESTRA DYNAMICS,5,LATAM AFRICA,PHOENIX,REGIE,P6GQDWX9IKC2BSP,9.66
Donna,Jacobs,BI38670,6512118,DELVO CONSULTING,5,LATAM AMERICA,VERTEX,REGIE,QDTIT2QWX7UTX2X,10.23
Donna,Jacobs,BI38670,6512118,DELVO CONSULTING,5,CONT,VERTEX,REGIE,NO_TS_CONT,89.77
Shawn,Spencer,CS60389,4576523,GOLZEN DYNAMICS,5,APAC AFRICA,PULSE,REGIE,75AUXD5GP3LTWSX,12.5
Shawn,Spencer,CS60389,4576523,GOLZEN DYNAMICS,5,NA,PULSE,REGIE,NO_TS_NA,87.5
Tina,Garcia,UV47524,8235642,JALVIK CONSULTING,5,LATAM OCEANIA,ATLAS,SUPPORT,UY39Q15GM09YQ78,9.09
Tina,Garcia,UV47524,8235642,JALVIK CONSULTING,5,LATAM,ATLAS,SUPPORT,NO_TS_LATAM,90.91
Robert,Johnson,RV45383,1203292,ALCOR GROUP,5,MEA OCEANIA,QUANTUM,RPS,HAYGRPHLPUMEBW9,10.09
Robert,Johnson,RV45383,1203292,ALCOR GROUP,5,CONT,QUANTUM,RPS,NO_TS_CONT,89.91
Kristin,King,WK20928,7801502,GOLZEN SOLUTIONS,5,MEA OCEANIA,VERTEX,REGIE,BCOJTENAPGYVMR3,11.36
Kristin,King,WK20928,7801502,GOLZEN SOLUTIONS,5,CONT,VERTEX,REGIE,NO_TS_CONT,88.64
Eugene,Garza,GL27152,3043577,INOVA VENTURES,5,CONT AFRICA,VERTEX,REGIE,DW4G7GPZ13PS9ID,7.39
Eugene,Garza,GL27152,3043577,INOVA VENTURES,5,NA,VERTEX,REGIE,NO_TS_NA,92.61
Evelyn,Delgado,YD88266,2491479,JALVIK CONSULTING,5,NA AMERICA,NOVA,REGIE,HG35UEHQ2D8OC2N,13.64
Evelyn,Delgado,YD88266,2491479,JALVIK CONSULTING,5,CONT,NOVA,REGIE,NO_TS_CONT,86.36
Jeremy,Alvarez,NW14273,6914648,ETHOS DIGITAL,5,APAC EUROPE,NEXUS,SUPPORT,3KIURQKL45J7EX8,13.07
Jeremy,Alvarez,NW14273,6914648,ETHOS DIGITAL,5,LATAM,NEXUS,SUPPORT,NO_TS_LATAM,86.93
Alexander,Bates,XD41526,3973350,BRYTON VENTURES,5,CONT MENA,STELLAR,MAINTENANCE,CEKN316YP7ECV7H,12.36
Julie,Green,XG84787,1553352,BRYTON GROUP,5,EMEA ASIA,QUANTUM,MAINTENANCE,J9YFPUJZWXC8SJY,12.78
Dwayne,Davis,RP13101,2979604,BRYTON GROUP,5,CONT AMERICA,PHOENIX,FORFAIT,74Z3515UZ3D4968,13.64
Denise,Alvarado,MB97670,9780447,DELVO DIGITAL,5,EMEA ASIA,QUANTUM,FORFAIT,3P1A6Q9VQTTXAA5,12.64
Denise,Alvarado,MB97670,9780447,DELVO DIGITAL,5,NA,QUANTUM,FORFAIT,NO_TS_NA,87.36
Mark,Munoz,OH42149,9664651,LUMEX SOLUTIONS,5,MEA AFRICA,VERTEX,FORFAIT,CMZMK3AX6W6EP12,13.78
Mark,Munoz,OH42149,9664651,LUMEX SOLUTIONS,5,EMEA,VERTEX,FORFAIT,NO_TS_EMEA,86.22
Dominique,Pierce,SN48873,5504586,GOLZEN DIGITAL,5,CONT OCEANIA,VERTEX,MAINTENANCE,0P1IV5IOHKRKQ09,8.24
Dominique,Pierce,SN48873,5504586,GOLZEN DIGITAL,5,MEA,VERTEX,MAINTENANCE,NO_TS_MEA,91.76
Scott,Olsen,LH95186,5687225,HYRION CONSULTING,5,EMEA AMERICA,NEXUS,MAINTENANCE,0Q1FJMNB7IATW8H,8.66
Scott,Olsen,LH95186,5687225,HYRION CONSULTING,5,CONT,NEXUS,MAINTENANCE,NO_TS_CONT,91.34
Kevin,Gray,KA51745,9808244,HYRION TECH,5,NA ASIA,NOVA,RPS,WFB771S0IBC6GIY,8.24
Kevin,Gray,KA51745,9808244,HYRION TECH,5,NA,NOVA,RPS,NO_TS_NA,91.76
Jill,Aguilar,RJ18443,8125407,HYRION GLOBAL,5,EMEA ASIA,ATLAS,MAINTENANCE,1EKH9UEXTBQFT0U,13.64
Jill,Aguilar,RJ18443,8125407,HYRION GLOBAL,5,LATAM,ATLAS,MAINTENANCE,NO_TS_LATAM,86.36
Theresa,Armstrong,WG64282,3945404,JALVIK DIGITAL,5,MEA EUROPE,ORBIT,FORFAIT,SNEI72SG950NJ72,9.09
Theresa,Armstrong,WG64282,3945404,JALVIK DIGITAL,5,LATAM,ORBIT,FORFAIT,NO_TS_LATAM,90.91
Caitlyn,Dalton,WU65565,1517474,ALCOR SYSTEMS,5,MEA MENA,NOVA,FORFAIT,NGP7F2P8D8FKLOJ,6.53
Brianna,Hodges,AI87719,7905996,ALCOR GROUP,5,APAC AMERICA,STELLAR,FORFAIT,2MNUQ9Q0QXFDWFD,14.2
Brianna,Hodges,AI87719,7905996,ALCOR GROUP,5,CONT,STELLAR,FORFAIT,NO_TS_CONT,85.8
Kayla,Jones,KY11505,9742840,CENVEO SYSTEMS,5,APAC MENA,NOVA,RPS,4B1E5QTGQHCBWMS,15.34
Kayla,Jones,KY11505,9742840,CENVEO SYSTEMS,5,NA,NOVA,RPS,NO_TS_NA,84.66
Leslie,Wallace,IN00891,5174704,GOLZEN VENTURES,5,NA ASIA,NOVA,FORFAIT,I4O3ILLIQ2MWGLT,15.91
Leslie,Wallace,IN00891,5174704,GOLZEN VENTURES,5,APAC,NOVA,FORFAIT,NO_TS_APAC,84.09
Randy,Rodriguez,DR85937,3109776,LUMEX DYNAMICS,5,LATAM OCEANIA,PULSE,REGIE,V8QWSN3SWM2W8RU,6.82
Diamond,Reid,CB84329,2362098,FORVEX DIGITAL,5,MEA MENA,ORBIT,MAINTENANCE,UWHZ8ZFW97P07P6,13.64
Diamond,Reid,CB84329,2362098,FORVEX DIGITAL,5,EMEA,ORBIT,MAINTENANCE,NO_TS_EMEA,86.36
Cameron,Bridges,JP72816,8814154,ETHOS DIGITAL,5,EMEA ASIA,ORBIT,REGIE,EJGM3VGFWCUSL2O,10.23
Cameron,Bridges,JP72816,8814154,ETHOS DIGITAL,5,CONT,ORBIT,REGIE,NO_TS_CONT,89.77
Adrian,Christensen,NH18625,1884795,CENVEO GROUP,5,NA MENA,PHOENIX,SUPPORT,45UOJS5KAHWNT94,7.53
Steven,Hernandez,OA00997,5947034,KESTRA TECH,5,LATAM OCEANIA,PHOENIX,REGIE,CDGT3OPTRDCFNWI,11.36
Steven,Hernandez,OA00997,5947034,KESTRA TECH,5,LATAM,PHOENIX,REGIE,NO_TS_LATAM,88.64
Timothy,Lewis,UJ07233,2816692,DELVO GROUP,5,APAC OCEANIA,STELLAR,SUPPORT,8Q27G1ZHL0TCU0P,10.37
Timothy,Lewis,UJ07233,2816692,DELVO GROUP,5,MEA,STELLAR,SUPPORT,NO_TS_MEA,89.63
Cameron,Sullivan,XI21449,4914562,KESTRA SOLUTIONS,5,LATAM EUROPE,PHOENIX,FORFAIT,QBGQKEN41SH57NS,9.23
Cameron,Sullivan,XI21449,4914562,KESTRA SOLUTIONS,5,EMEA,PHOENIX,FORFAIT,NO_TS_EMEA,90.77
Angela,Waters,TK64024,1150222,FORVEX GROUP,5,EMEA ASIA,ORBIT,RPS,SMEYZ9N17XJATG9,11.36
Angela,Waters,TK64024,1150222,FORVEX GROUP,5,MEA,ORBIT,RPS,NO_TS_MEA,88.64
Victoria,Collins,HF30876,7261114,ALCOR TECH,5,CONT ASIA,PHOENIX,REGIE,9T62OWH7NP0EOEN,13.64
Adam,Oneill,EO77627,9432046,LUMEX CONSULTING,5,EMEA EUROPE,NOVA,FORFAIT,N6VLFTRN7D87GOJ,10.8
Adam,Oneill,EO77627,9432046,LUMEX CONSULTING,5,APAC,NOVA,FORFAIT,NO_TS_APAC,89.2
Jason,Moore,NY30196,3205654,ALCOR GLOBAL,5,APAC AMERICA,VERTEX,FORFAIT,Y36KT4SU610MXTY,15.91
Jason,Moore,NY30196,3205654,ALCOR GLOBAL,5,NA,VERTEX,FORFAIT,NO_TS_NA,84.09
Kenneth,Salazar,FD24635,9299845,DELVO GLOBAL,5,NA AMERICA,ORBIT,RPS,LKROQROVSPWYXLK,12.22
Kenneth,Salazar,FD24635,9299845,DELVO GLOBAL,5,LATAM,ORBIT,RPS,NO_TS_LATAM,87.78
Jane,Smith,HD38905,3350322,HYRION DIGITAL,5,NA AFRICA,QUANTUM,RPS,7HRZFH7G42K0705,12.5
Jane,Smith,HD38905,3350322,HYRION DIGITAL,5,NA,QUANTUM,RPS,NO_TS_NA,87.5
Kristina,Robinson,WC55200,1951840,ETHOS DYNAMICS,5,LATAM AFRICA,QUANTUM,REGIE,RUM6U9CXM595Q3I,11.36
Katrina,Durham,KC54222,4196791,FORVEX GROUP,5,LATAM EUROPE,STELLAR,RPS,TET62K08IQ86AAK,13.64
Katrina,Durham,KC54222,4196791,FORVEX GROUP,5,APAC,STELLAR,RPS,NO_TS_APAC,86.36
Robert,Patterson,ZB19658,8219098,JALVIK GLOBAL,5,NA AMERICA,NEXUS,FORFAIT,TSPYVNGUD13IL1R,7.53
Robert,Patterson,ZB19658,8219098,JALVIK GLOBAL,5,NA,NEXUS,FORFAIT,NO_TS_NA,92.47
Jennifer,Smith,MS89295,6984595,DELVO TECH,5,CONT MENA,PHOENIX,SUPPORT,0BI1MFC8VW052LE,9.23
Jennifer,Smith,MS89295,6984595,DELVO TECH,5,EMEA,PHOENIX,SUPPORT,NO_TS_EMEA,90.77
Jeremy,Ryan,HB52706,1625365,HYRION TECH,5,CONT MENA,VERTEX,SUPPORT,XD4SZ1JTH2JPXH8,13.07
Jeremy,Ryan,HB52706,1625365,HYRION TECH,5,NA,VERTEX,SUPPORT,NO_TS_NA,86.93
Spencer,Byrd,HV35903,5268871,BRYTON SYSTEMS,5,MEA ASIA,STELLAR,RPS,ZQY22NJ0QLZH7RS,13.92
Spencer,Byrd,HV35903,5268871,BRYTON SYSTEMS,5,APAC,STELLAR,RPS,NO_TS_APAC,86.08
James,Bean,QI90374,9277625,ETHOS DYNAMICS,5,MEA AMERICA,PHOENIX,MAINTENANCE,54U10O4OAH5XW3Q,9.94
James,Bean,QI90374,9277625,ETHOS DYNAMICS,5,LATAM,PHOENIX,MAINTENANCE,NO_TS_LATAM,90.06
Rhonda,Young,PA60699,8146218,GOLZEN DIGITAL,5,EMEA AMERICA,NOVA,RPS,CG4PQNY3CG1TK97,13.92
Rhonda,Young,PA60699,8146218,GOLZEN DIGITAL,5,APAC,NOVA,RPS,NO_TS_APAC,86.08
Steven,Lopez,CZ75255,6894652,INOVA SYSTEMS,5,LATAM AFRICA,ORBIT,MAINTENANCE,ODMTUOR5MFN14ME,12.36
Steven,Lopez,CZ75255,6894652,INOVA SYSTEMS,5,APAC,ORBIT,MAINTENANCE,NO_TS_APAC,87.64
Isaac,Armstrong,FN22711,1990600,GOLZEN GLOBAL,5,APAC OCEANIA,PHOENIX,FORFAIT,8BJJ2DAPZ6FVIO8,7.95
Charles,Jones,DP67803,6967691,CENVEO GROUP,5,MEA AFRICA,VERTEX,RPS,K4X3TLYN4NJ1CU1,12.78
Steven,Mcclure,JZ45975,7178726,ETHOS DIGITAL,5,APAC MENA,ORBIT,RPS,G7DBEIBC45VXZG0,14.77
Steven,Mcclure,JZ45975,7178726,ETHOS DIGITAL,5,NA,ORBIT,RPS,NO_TS_NA,85.23
Christopher,Jensen,QA25913,3645474,CENVEO SYSTEMS,5,MEA EUROPE,QUANTUM,FORFAIT,4IUNGDT62KDN44U,13.07
Christopher,Jensen,QA25913,3645474,CENVEO SYSTEMS,5,LATAM,QUANTUM,FORFAIT,NO_TS_LATAM,86.93
Ian,Anderson,DA28627,6468567,INOVA DIGITAL,5,NA OCEANIA,ATLAS,MAINTENANCE,6MITBTX5V2AXMWF,10.8
Ian,Anderson,DA28627,6468567,INOVA DIGITAL,5,NA,ATLAS,MAINTENANCE,NO_TS_NA,89.2
Nicole,Arellano,BS79804,2220624,JALVIK GLOBAL,5,LATAM AMERICA,VERTEX,RPS,Z6MFPE4777GOR3M,13.49
Jacob,Arroyo,TC43956,2077311,FORVEX SOLUTIONS,5,LATAM ASIA,PULSE,RPS,3O9TUE90DDV2GCU,13.92
Brett,Saunders,UF43663,9603384,KESTRA TECH,5,NA MENA,ATLAS,REGIE,QPP791D0AKAYWVK,7.95
Brett,Saunders,UF43663,9603384,KESTRA TECH,5,MEA,ATLAS,REGIE,NO_TS_MEA,92.05
Tony,Chapman,LO49041,2162120,GOLZEN SYSTEMS,5,CONT ASIA,VERTEX,FORFAIT,VVJ99XYAJ99FKN3,11.36
Tony,Chapman,LO49041,2162120,GOLZEN SYSTEMS,5,LATAM,VERTEX,FORFAIT,NO_TS_LATAM,88.64
Jennifer,Barton,JS90761,2067696,INOVA CONSULTING,5,NA AFRICA,VERTEX,MAINTENANCE,X74WQTTH8XFDLOT,11.93
Jennifer,Barton,JS90761,2067696,INOVA CONSULTING,5,LATAM,VERTEX,MAINTENANCE,NO_TS_LATAM,88.07
Wesley,Myers,RR78304,6742894,JALVIK VENTURES,5,EMEA AFRICA,VERTEX,SUPPORT,H8T133E0S9AQ70S,11.65
Eric,Reyes,PN55026,7060731,INOVA GLOBAL,5,LATAM EUROPE,PHOENIX,REGIE,1TPCIK1S7D7D3VM,12.5
Eric,Reyes,PN55026,7060731,INOVA GLOBAL,5,MEA,PHOENIX,REGIE,NO_TS_MEA,87.5
Jodi,Berger,EH48086,4757727,INOVA GLOBAL,5,NA OCEANIA,ORBIT,SUPPORT,GW8DTQQDNN7GO0K,9.66
Jodi,Berger,EH48086,4757727,INOVA GLOBAL,5,CONT,ORBIT,SUPPORT,NO_TS_CONT,90.34
Jennifer,Smith,UO63754,3421027,BRYTON GROUP,5,EMEA MENA,VERTEX,SUPPORT,BWRBWDD9R6JRL89,5.11
Herbert,Holt,MY19970,1828723,CENVEO SYSTEMS,5,EMEA ASIA,PULSE,MAINTENANCE,GDE7LV1A6NSGL05,10.94
Herbert,Holt,MY19970,1828723,CENVEO SYSTEMS,5,MEA,PULSE,MAINTENANCE,NO_TS_MEA,89.06
Pamela,Gates,EE54228,5704940,INOVA TECH,5,CONT MENA,ORBIT,SUPPORT,TI3Y32JJYWHE1U0,11.36
Tony,Mason,TZ08997,6298110,KESTRA SYSTEMS,5,LATAM ASIA,PULSE,FORFAIT,ZHSDV7U9I8WB8RD,7.24
Tony,Mason,TZ08997,6298110,KESTRA SYSTEMS,5,CONT,PULSE,FORFAIT,NO_TS_CONT,92.76
Christian,Deleon,IV39504,9319005,LUMEX CONSULTING,5,MEA EUROPE,ATLAS,FORFAIT,MRSG5BDPLO6G1MZ,15.91
Christian,Deleon,IV39504,9319005,LUMEX CONSULTING,5,EMEA,ATLAS,FORFAIT,NO_TS_EMEA,84.09
Jacqueline,Ewing,UP53704,1607312,JALVIK TECH,5,APAC ASIA,STELLAR,FORFAIT,O9003X0T4PPDMBB,11.08
Jacqueline,Ewing,UP53704,1607312,JALVIK TECH,5,NA,STELLAR,FORFAIT,NO_TS_NA,88.92
Kaitlin,Owen,BO40681,6602730,ETHOS SOLUTIONS,5,MEA ASIA,PULSE,RPS,G0N9APW96ZDDQXI,11.36
Bryan,Jones,GS63419,6120762,ETHOS SYSTEMS,5,LATAM MENA,STELLAR,FORFAIT,N09N83SG0X2SSDR,9.94
Kenneth,Garcia,OA97913,8577297,ETHOS TECH,5,MEA EUROPE,PULSE,REGIE,88RQIXD79ZL069O,9.94
Kenneth,Garcia,OA97913,8577297,ETHOS TECH,5,NA,PULSE,REGIE,NO_TS_NA,90.06
Kevin,Cantu,ZN68389,9743627,JALVIK DIGITAL,5,CONT ASIA,PULSE,RPS,ML0BJO6N7WXC3XN,12.22
Kevin,Cantu,ZN68389,9743627,JALVIK DIGITAL,5,CONT,PULSE,RPS,NO_TS_CONT,87.78
Robert,Rice,TV08223,2966525,JALVIK CONSULTING,5,EMEA ASIA,VERTEX,RPS,JUDRBRFVAZQBMQX,6.68
Robert,Rice,TV08223,2966525,JALVIK CONSULTING,5,EMEA,VERTEX,RPS,NO_TS_EMEA,93.32
Deborah,Charles,UK61890,3435972,CENVEO DYNAMICS,5,APAC MENA,STELLAR,REGIE,ZQ33LKAHEO0VF93,10.65
Deborah,Charles,UK61890,3435972,CENVEO DYNAMICS,5,CONT,STELLAR,REGIE,NO_TS_CONT,89.35
Andrea,Mckinney,NW26293,6956597,JALVIK DYNAMICS,5,LATAM AFRICA,NOVA,SUPPORT,8A3GQS7MNLQJF2N,13.07
Andrea,Mckinney,NW26293,6956597,JALVIK DYNAMICS,5,EMEA,NOVA,SUPPORT,NO_TS_EMEA,86.93
Nicole,Allen,FW17840,3297435,KESTRA VENTURES,5,NA OCEANIA,NOVA,MAINTENANCE,SUE528VKLPJ686P,11.08
Nicole,Allen,FW17840,3297435,KESTRA VENTURES,5,MEA,NOVA,MAINTENANCE,NO_TS_MEA,88.92
Robert,Carpenter,PN10764,5896355,BRYTON SYSTEMS,5,LATAM AFRICA,NEXUS,RPS,2719LK8J3Y5GV70,12.22
Robert,Carpenter,PN10764,5896355,BRYTON SYSTEMS,5,MEA,NEXUS,RPS,NO_TS_MEA,87.78
Tracy,Wilcox,ZG86840,8166798,KESTRA DYNAMICS,5,CONT OCEANIA,PHOENIX,FORFAIT,TTGTDY3G9KH7WWW,15.91
Tracy,Wilcox,ZG86840,8166798,KESTRA DYNAMICS,5,MEA,PHOENIX,FORFAIT,NO_TS_MEA,84.09
Katherine,Rice,BI93615,3113155,DELVO GROUP,5,CONT MENA,STELLAR,SUPPORT,RPZMROVR06O2PPY,13.49
Jennifer,Mcgee,BJ47732,6834347,KESTRA SYSTEMS,5,LATAM EUROPE,QUANTUM,REGIE,AOU6S20J2GPOBRE,7.95
Jennifer,Mcgee,BJ47732,6834347,KESTRA SYSTEMS,5,MEA,QUANTUM,REGIE,NO_TS_MEA,92.05
Angela,Burns,VA21591,9440583,DELVO DIGITAL,5,APAC ASIA,ATLAS,SUPPORT,3M91PQBWZZ5331D,11.36
James,Howard,AZ49505,6357859,BRYTON SOLUTIONS,5,CONT MENA,PULSE,SUPPORT,FJNV2ID0B8AB094,6.96
James,Howard,AZ49505,6357859,BRYTON SOLUTIONS,5,MEA,PULSE,SUPPORT,NO_TS_MEA,93.04
Eric,Brock,VN47065,1244695,DELVO DYNAMICS,5,MEA MENA,ATLAS,RPS,58E5JQQYE24W8PN,11.93
Eric,Brock,VN47065,1244695,DELVO DYNAMICS,5,LATAM,ATLAS,RPS,NO_TS_LATAM,88.07
Jeffrey,Bailey,JL66047,1184650,JALVIK GROUP,5,NA AMERICA,NEXUS,REGIE,LKJ15UU7W42Y5AT,11.65
Jeffrey,Bailey,JL66047,1184650,JALVIK GROUP,5,LATAM,NEXUS,REGIE,NO_TS_LATAM,88.35
Lisa,Brown,UI48134,1025885,ETHOS CONSULTING,5,MEA OCEANIA,PHOENIX,SUPPORT,8QFE0KLDCN3QBLG,9.94
Lisa,Brown,UI48134,1025885,ETHOS CONSULTING,5,EMEA,PHOENIX,SUPPORT,NO_TS_EMEA,90.06
Ryan,Tucker,BZ39710,5570373,CENVEO CONSULTING,5,CONT ASIA,VERTEX,FORFAIT,VHKCTW96T3KIAKA,11.65
Jerry,Caldwell,XP66522,8216210,INOVA GLOBAL,5,CONT OCEANIA,NEXUS,MAINTENANCE,V4YH87ZXSO64SMO,12.64
Megan,Aguirre,XC38528,9182599,DELVO TECH,5,LATAM AFRICA,NEXUS,MAINTENANCE,TKFAVNNXHV9MLGP,13.78
Megan,Aguirre,XC38528,9182599,DELVO TECH,5,MEA,NEXUS,MAINTENANCE,NO_TS_MEA,86.22
Bradley,Henry,TD05085,3767242,KESTRA CONSULTING,5,CONT AFRICA,QUANTUM,RPS,DRGGMPH8VZIS5LQ,9.23
Bradley,Henry,TD05085,3767242,KESTRA CONSULTING,5,CONT,QUANTUM,RPS,NO_TS_CONT,90.77
Rachel,Taylor,PD24632,3292502,DELVO DYNAMICS,5,MEA EUROPE,PULSE,REGIE,4E7TST1KJFCZTLW,13.92
Ashley,Price,PF89885,4774965,HYRION TECH,5,EMEA AFRICA,QUANTUM,REGIE,QSSI2K932IC0XFA,9.94
Ashley,Price,PF89885,4774965,HYRION TECH,5,NA,QUANTUM,REGIE,NO_TS_NA,90.06
Christopher,Escobar,SK69267,4840267,LUMEX TECH,5,NA EUROPE,STELLAR,FORFAIT,EJJ577RJOAUKJ4R,11.93
Christopher,Escobar,SK69267,4840267,LUMEX TECH,5,LATAM,STELLAR,FORFAIT,NO_TS_LATAM,88.07
Michelle,Davis,YA83332,8889069,ETHOS DYNAMICS,5,LATAM EUROPE,STELLAR,MAINTENANCE,LLZDCFI12FWOIJ0,11.93
Michelle,Davis,YA83332,8889069,ETHOS DYNAMICS,5,MEA,STELLAR,MAINTENANCE,NO_TS_MEA,88.07
Jacob,Lara,KA63753,7633618,ETHOS GLOBAL,5,APAC AFRICA,ORBIT,SUPPORT,VP76CUV9BGMPY2R,14.49
Jacob,Lara,KA63753,7633618,ETHOS GLOBAL,5,EMEA,ORBIT,SUPPORT,NO_TS_EMEA,85.51
Jennifer,Morales,PS13592,1912070,ALCOR DYNAMICS,5,EMEA MENA,QUANTUM,MAINTENANCE,AMAXPSXEUQJ6Z09,15.91
Jennifer,Morales,PS13592,1912070,ALCOR DYNAMICS,5,NA,QUANTUM,MAINTENANCE,NO_TS_NA,84.09
Robert,Rowe,QF30814,8313050,FORVEX DYNAMICS,5,NA OCEANIA,QUANTUM,FORFAIT,N1SA9AR84203BOF,11.08
Robert,Rowe,QF30814,8313050,FORVEX DYNAMICS,5,NA,QUANTUM,FORFAIT,NO_TS_NA,88.92
Vicki,Tran,TE84742,4319200,ETHOS SOLUTIONS,5,APAC AMERICA,QUANTUM,REGIE,XHND9JG2MTZ4BWT,9.66
Vicki,Tran,TE84742,4319200,ETHOS SOLUTIONS,5,APAC,QUANTUM,REGIE,NO_TS_APAC,90.34
Kathleen,Hall,KU45622,6408195,KESTRA DYNAMICS,5,EMEA OCEANIA,ORBIT,RPS,OFKSO4ISLWD1UEL,11.93
Kathleen,Hall,KU45622,6408195,KESTRA DYNAMICS,5,CONT,ORBIT,RPS,NO_TS_CONT,88.07
Julia,Garrison,RO65169,3268899,ALCOR DYNAMICS,5,NA OCEANIA,PULSE,REGIE,OS5R1HRMIY358BY,13.07
Tara,Bryant,GJ36246,1836893,ALCOR TECH,5,MEA EUROPE,ORBIT,SUPPORT,YQG1V4JMVJ72IPQ,11.28
Tara,Bryant,GJ36246,1836893,ALCOR TECH,5,NA,ORBIT,SUPPORT,NO_TS_NA,88.72
Cassandra,Schwartz,KS53602,9245242,GOLZEN GLOBAL,5,NA AMERICA,PULSE,SUPPORT,50I6PCM5PT1ED9Z,11.36
Cassandra,Schwartz,KS53602,9245242,GOLZEN GLOBAL,5,EMEA,PULSE,SUPPORT,NO_TS_EMEA,88.64
Maria,Austin,KT23189,5861003,HYRION TECH,5,EMEA AFRICA,NOVA,FORFAIT,FXSGA9LMJVHJWFP,9.94
Breanna,Garcia,IX08645,5127182,INOVA GROUP,5,APAC OCEANIA,PHOENIX,MAINTENANCE,2CTU632E29P9QVI,11.08
Patrick,Thompson,VJ16631,4360693,CENVEO TECH,5,CONT EUROPE,NOVA,MAINTENANCE,WKS9ECKLFNXW7DM,9.66
Patrick,Thompson,VJ16631,4360693,CENVEO TECH,5,APAC,NOVA,MAINTENANCE,NO_TS_APAC,90.34
Paul,Meyer,ZY93245,6102072,DELVO CONSULTING,5,NA AMERICA,ATLAS,MAINTENANCE,6751GLCVHLP555K,16.48
Tara,Dickson,BG70220,5017375,BRYTON DIGITAL,5,NA OCEANIA,STELLAR,FORFAIT,UF1P6OXHGKYDHZH,9.09
Tara,Dickson,BG70220,5017375,BRYTON DIGITAL,5,MEA,STELLAR,FORFAIT,NO_TS_MEA,90.91
Joseph,Daugherty,ZE19746,6769840,HYRION TECH,5,CONT MENA,NEXUS,FORFAIT,39KL3HUHCRHXSJ6,7.39
Joseph,Daugherty,ZE19746,6769840,HYRION TECH,5,NA,NEXUS,FORFAIT,NO_TS_NA,92.61
Timothy,Barnes,UF01886,2917407,KESTRA CONSULTING,5,MEA AFRICA,ATLAS,REGIE,VUZE54V2ND7H4EF,8.95
Timothy,Barnes,UF01886,2917407,KESTRA CONSULTING,5,LATAM,ATLAS,REGIE,NO_TS_LATAM,91.05
Wesley,Robinson,EB30159,5437515,GOLZEN SYSTEMS,5,EMEA AFRICA,NEXUS,RPS,RRWEY95CVV1Z71K,13.92
Autumn,Davidson,NC44546,6495192,ALCOR CONSULTING,5,CONT AFRICA,PULSE,REGIE,AWQ2JQ0DG67XUPM,13.96
Autumn,Davidson,NC44546,6495192,ALCOR CONSULTING,5,EMEA,PULSE,REGIE,NO_TS_EMEA,86.04
Joseph,Browning,UT43691,7939567,HYRION DYNAMICS,5,MEA ASIA,QUANTUM,FORFAIT,8FHRPJR5T1C1TQJ,12.64
Joseph,Browning,UT43691,7939567,HYRION DYNAMICS,5,EMEA,QUANTUM,FORFAIT,NO_TS_EMEA,87.36
Stephanie,Hall,GQ64498,5558043,GOLZEN VENTURES,5,MEA OCEANIA,QUANTUM,RPS,IGRNHA2KFKOAC25,13.92
Stephanie,Hall,GQ64498,5558043,GOLZEN VENTURES,5,CONT,QUANTUM,RPS,NO_TS_CONT,86.08
Timothy,Ellis,EM47390,1699029,KESTRA TECH,5,APAC AFRICA,PULSE,REGIE,8F9KHIMCFE0FJ6D,9.38
Timothy,Ellis,EM47390,1699029,KESTRA TECH,5,APAC,PULSE,REGIE,NO_TS_APAC,90.63
Timothy,Andrews,IS39489,1722249,LUMEX DYNAMICS,5,EMEA ASIA,STELLAR,FORFAIT,80C8CO6OG9PD0G9,11.65
Timothy,Andrews,IS39489,1722249,LUMEX DYNAMICS,5,NA,STELLAR,FORFAIT,NO_TS_NA,88.35
Amanda,Patterson,GD29590,6696147,INOVA DYNAMICS,5,NA AMERICA,ORBIT,FORFAIT,ZWCLBZ8AREQXH36,13.64
Amanda,Patterson,GD29590,6696147,INOVA DYNAMICS,5,EMEA,ORBIT,FORFAIT,NO_TS_EMEA,86.36
Joseph,Nixon,ME10105,7241350,HYRION DIGITAL,5,LATAM AFRICA,VERTEX,MAINTENANCE,GJXCJ19FZE2BIHJ,13.64
Lisa,Pham,EA02071,5791724,LUMEX GROUP,5,NA ASIA,NEXUS,REGIE,CB8HYOV9YJETW8O,8.52
Lisa,Pham,EA02071,5791724,LUMEX GROUP,5,NA,NEXUS,REGIE,NO_TS_NA,91.48
Lisa,Henderson,PI97990,1643352,FORVEX SYSTEMS,5,LATAM ASIA,STELLAR,RPS,KX2A1QP4Q9F8ZZQ,11.51
Lisa,Henderson,PI97990,1643352,FORVEX SYSTEMS,5,CONT,STELLAR,RPS,NO_TS_CONT,88.49
James,Hunt,OS97368,8430265,BRYTON TECH,5,APAC MENA,NEXUS,MAINTENANCE,CGTZPL716M7QI9G,12.5
James,Hunt,OS97368,8430265,BRYTON TECH,5,CONT,NEXUS,MAINTENANCE,NO_TS_CONT,87.5
Emily,Banks,JV11863,2980491,DELVO SYSTEMS,5,LATAM OCEANIA,ORBIT,REGIE,FJOGTLZX1Q0EV8J,12.5
Emily,Banks,JV11863,2980491,DELVO SYSTEMS,5,NA,ORBIT,REGIE,NO_TS_NA,87.5
Nathan,Stevens,QC65870,7148849,CENVEO TECH,5,MEA AMERICA,PULSE,FORFAIT,TBJ3A7MGN06F35A,13.64
Nathan,Stevens,QC65870,7148849,CENVEO TECH,5,CONT,PULSE,FORFAIT,NO_TS_CONT,86.36
Peter,Clark,KC01797,1234096,CENVEO TECH,5,NA EUROPE,ORBIT,MAINTENANCE,SD75W2TQAY76ENH,8.66
Peter,Clark,KC01797,1234096,CENVEO TECH,5,CONT,ORBIT,MAINTENANCE,NO_TS_CONT,91.34
Benjamin,Arnold,II84115,4360060,INOVA GROUP,5,APAC ASIA,STELLAR,FORFAIT,V69O7G2SK8JSKPX,9.66
Benjamin,Arnold,II84115,4360060,INOVA GROUP,5,NA,STELLAR,FORFAIT,NO_TS_NA,90.34
Samuel,Dean,OR05848,6886662,KESTRA GLOBAL,5,NA ASIA,STELLAR,RPS,3VOP9K7HOXITJZ0,11.65
Samuel,Dean,OR05848,6886662,KESTRA GLOBAL,5,CONT,STELLAR,RPS,NO_TS_CONT,88.35
Ian,Gonzalez,EM46048,2550590,ALCOR DYNAMICS,5,NA AFRICA,ATLAS,RPS,9GPCYVCPGEQ0I1B,7.5
Ian,Gonzalez,EM46048,2550590,ALCOR DYNAMICS,5,NA,ATLAS,RPS,NO_TS_NA,92.5
Carrie,Hernandez,NE75997,6703746,ALCOR DIGITAL,5,APAC AMERICA,PHOENIX,REGIE,CJOUOCKLNA3KB27,12.5
Carrie,Hernandez,NE75997,6703746,ALCOR DIGITAL,5,APAC,PHOENIX,REGIE,NO_TS_APAC,87.5
William,Richardson,FA28543,7105394,GOLZEN GLOBAL,5,EMEA MENA,NOVA,SUPPORT,VLT53I8PZH6099O,11.36
William,Richardson,FA28543,7105394,GOLZEN GLOBAL,5,APAC,NOVA,SUPPORT,NO_TS_APAC,88.64
John,Allen,ZG67660,3895747,CENVEO GROUP,5,LATAM AFRICA,ORBIT,REGIE,GJL28Z7MPP2TTUE,9.38
John,Allen,ZG67660,3895747,CENVEO GROUP,5,NA,ORBIT,REGIE,NO_TS_NA,90.63
Samantha,Anderson,AU45638,4786849,BRYTON DYNAMICS,5,APAC ASIA,PHOENIX,REGIE,OMYO1W1CMH6DX85,10.23
Samantha,Anderson,AU45638,4786849,BRYTON DYNAMICS,5,LATAM,PHOENIX,REGIE,NO_TS_LATAM,89.77
Kristen,Pugh,TQ55981,1584836,INOVA DYNAMICS,5,EMEA OCEANIA,NEXUS,FORFAIT,4ANYPKMGNUDZI5B,11.65
Jessica,Perez,WW27904,7495129,JALVIK DYNAMICS,5,NA AFRICA,QUANTUM,SUPPORT,FSDFYNEOCSYKCCV,10.8
Jessica,Perez,WW27904,7495129,JALVIK DYNAMICS,5,EMEA,QUANTUM,SUPPORT,NO_TS_EMEA,89.2
Karen,Hayes,LG51381,4781342,HYRION TECH,5,CONT OCEANIA,QUANTUM,FORFAIT,MI0QQ869CBEFL0I,11.93
Christopher,Jones,PH67004,6496943,INOVA DIGITAL,5,NA ASIA,PHOENIX,MAINTENANCE,6ICO8XV9YLW9B2A,15.91
Dominic,Hardy,SC72484,5370711,KESTRA DIGITAL,5,MEA EUROPE,STELLAR,FORFAIT,1FXE6G5UVDJWF1L,5.97
Dominic,Hardy,SC72484,5370711,KESTRA DIGITAL,5,NA,STELLAR,FORFAIT,NO_TS_NA,94.03
Austin,Daniels,RF65370,8227206,HYRION GLOBAL,5,MEA MENA,STELLAR,RPS,WMRUG7GOD8MECVO,10.65
Austin,Daniels,RF65370,8227206,HYRION GLOBAL,5,NA,STELLAR,RPS,NO_TS_NA,89.35
Becky,Marshall,MX91948,2556427,HYRION SYSTEMS,5,MEA AFRICA,ORBIT,MAINTENANCE,WKGCMLG1MPTKVT3,9.94
Becky,Marshall,MX91948,2556427,HYRION SYSTEMS,5,LATAM,ORBIT,MAINTENANCE,NO_TS_LATAM,90.06
Tiffany,James,RQ97881,7216506,KESTRA GLOBAL,5,LATAM ASIA,PHOENIX,MAINTENANCE,OFJ0Q07FBTS2WFW,34.72
Tiffany,James,RQ97881,7216506,KESTRA GLOBAL,5,APAC,PHOENIX,MAINTENANCE,NO_TS_APAC,65.28
Curtis,Huff,ID85104,7507787,INOVA VENTURES,5,CONT ASIA,ATLAS,SUPPORT,5P5YBYEB13FWBFQ,9.8
Curtis,Huff,ID85104,7507787,INOVA VENTURES,5,LATAM,ATLAS,SUPPORT,NO_TS_LATAM,90.2
Heather,Orozco,GA86870,8975845,BRYTON CONSULTING,5,NA MENA,NEXUS,RPS,ZQIYQ1MX9ZMB7L9,9.23
Heather,Orozco,GA86870,8975845,BRYTON CONSULTING,5,MEA,NEXUS,RPS,NO_TS_MEA,90.77
Crystal,Brown,HV10696,7036733,FORVEX GLOBAL,5,CONT ASIA,NEXUS,FORFAIT,N28FOM93LX8HC2L,10.37
Crystal,Brown,HV10696,7036733,FORVEX GLOBAL,5,APAC,NEXUS,FORFAIT,NO_TS_APAC,89.63
Laura,Johnson,CY59130,8416492,DELVO GROUP,5,CONT OCEANIA,NEXUS,MAINTENANCE,2NK0SCPTDWKQLOY,9.66
Laura,Johnson,CY59130,8416492,DELVO GROUP,5,CONT,NEXUS,MAINTENANCE,NO_TS_CONT,90.34
Kimberly,Green,MU95358,6170637,CENVEO DIGITAL,5,MEA OCEANIA,VERTEX,SUPPORT,48PLJLR55LK2LQZ,8.52
Kimberly,Green,MU95358,6170637,CENVEO DIGITAL,5,MEA,VERTEX,SUPPORT,NO_TS_MEA,91.48
David,Eaton,JP38044,9007575,INOVA VENTURES,5,CONT MENA,QUANTUM,MAINTENANCE,NVM63TLBM6JYCVB,8.24
David,Eaton,JP38044,9007575,INOVA VENTURES,5,EMEA,QUANTUM,MAINTENANCE,NO_TS_EMEA,91.76
Miranda,Smith,UF41095,5059100,INOVA SOLUTIONS,5,EMEA AMERICA,STELLAR,MAINTENANCE,8BZIYRCU2U4OR1Z,10.23
Miranda,Smith,UF41095,5059100,INOVA SOLUTIONS,5,APAC,STELLAR,MAINTENANCE,NO_TS_APAC,89.77
Donna,Thomas,EV24014,5196601,HYRION DIGITAL,5,MEA AFRICA,PHOENIX,RPS,OD23PS13UVXAZGQ,8.1
Donna,Thomas,EV24014,5196601,HYRION DIGITAL,5,MEA,PHOENIX,RPS,NO_TS_MEA,91.9
Jorge,Nguyen,OS07853,4604056,CENVEO DYNAMICS,5,CONT OCEANIA,ORBIT,REGIE,P07AG9N5I89H4HY,15.91
Jorge,Nguyen,OS07853,4604056,CENVEO DYNAMICS,5,CONT,ORBIT,REGIE,NO_TS_CONT,84.09
Christopher,Clark,PN10703,4197232,BRYTON SYSTEMS,5,NA AMERICA,ORBIT,RPS,ICYMCCQYSOI0990,10.8
Christopher,Clark,PN10703,4197232,BRYTON SYSTEMS,5,CONT,ORBIT,RPS,NO_TS_CONT,89.2
Dawn,Jackson,ZV76841,8972080,ALCOR SOLUTIONS,5,LATAM OCEANIA,PULSE,FORFAIT,V4I54NEU8BYXGDX,14.06
Dawn,Jackson,ZV76841,8972080,ALCOR SOLUTIONS,5,LATAM,PULSE,FORFAIT,NO_TS_LATAM,85.94
Nicholas,Carlson,CX08164,7941948,GOLZEN SYSTEMS,5,LATAM EUROPE,PHOENIX,FORFAIT,TWT5V7AO0WU9751,13.21
Nicholas,Carlson,CX08164,7941948,GOLZEN SYSTEMS,5,LATAM,PHOENIX,FORFAIT,NO_TS_LATAM,86.79
William,Anderson,JJ01215,2708334,LUMEX GLOBAL,5,EMEA EUROPE,ATLAS,SUPPORT,NMZ7I7X6TUNK5MY,11.93
William,Anderson,JJ01215,2708334,LUMEX GLOBAL,5,APAC,ATLAS,SUPPORT,NO_TS_APAC,88.07
Jeffery,Wood,FJ65158,8410710,ALCOR TECH,5,NA EUROPE,ATLAS,RPS,UURI96F8CVONKTA,10.42
Jeffery,Wood,FJ65158,8410710,ALCOR TECH,5,NA,ATLAS,RPS,NO_TS_NA,89.58
Peter,Dodson,JY89282,8028030,ETHOS DIGITAL,5,EMEA EUROPE,ATLAS,REGIE,X5EECULB0LS9SSQ,13.78
Donald,Lopez,ZJ59353,5161456,DELVO GROUP,5,NA ASIA,NOVA,SUPPORT,U060KCQP2016TLD,10.23
John,Warren,AY84447,8515472,BRYTON SOLUTIONS,5,MEA EUROPE,ORBIT,SUPPORT,883W7ZLSFLN49IV,9.66
John,Warren,AY84447,8515472,BRYTON SOLUTIONS,5,EMEA,ORBIT,SUPPORT,NO_TS_EMEA,90.34
David,Mills,QY21332,4383528,BRYTON SYSTEMS,5,LATAM AFRICA,VERTEX,REGIE,CSILXUYZG5M4KVY,10.51
Kerry,Carter,DC94898,8848524,KESTRA SOLUTIONS,5,APAC MENA,NOVA,FORFAIT,Q9NY0Y89F7N6HS8,8.81
Daniel,Crane,ZT51215,9365202,KESTRA TECH,5,CONT MENA,ATLAS,REGIE,NDUJGI4J8BLMYV0,8.24
Daniel,Crane,ZT51215,9365202,KESTRA TECH,5,EMEA,ATLAS,REGIE,NO_TS_EMEA,91.76
Glenn,Singleton,KG06029,2603300,ALCOR DIGITAL,5,NA MENA,QUANTUM,FORFAIT,4GVOCG7U270O6TF,11.36
Karen,Carrillo,QK45378,1707076,JALVIK VENTURES,5,EMEA ASIA,STELLAR,FORFAIT,OQ65KHKMLJ56C6L,12.22
Karen,Carrillo,QK45378,1707076,JALVIK VENTURES,5,CONT,STELLAR,FORFAIT,NO_TS_CONT,87.78
Brendan,Ortega,RM81601,1768228,GOLZEN VENTURES,5,LATAM AMERICA,NEXUS,REGIE,J1SX4QWCO8AD1TI,10.8
Brendan,Ortega,RM81601,1768228,GOLZEN VENTURES,5,APAC,NEXUS,REGIE,NO_TS_APAC,89.2
Katherine,Pearson,UV16284,1670488,FORVEX GLOBAL,5,LATAM MENA,VERTEX,RPS,F8RRZSNOE6SFVMI,11.36
Katherine,Pearson,UV16284,1670488,FORVEX GLOBAL,5,APAC,VERTEX,RPS,NO_TS_APAC,88.64
Micheal,Todd,CF86445,9101949,HYRION DIGITAL,5,APAC ASIA,PULSE,REGIE,BUC36CK681SYXUQ,9.09
Micheal,Todd,CF86445,9101949,HYRION DIGITAL,5,CONT,PULSE,REGIE,NO_TS_CONT,90.91
Emily,Wilson,QD46006,4404996,CENVEO DYNAMICS,5,APAC OCEANIA,NEXUS,REGIE,6EB3PTUR4AVUI0L,9.38
Emily,Wilson,QD46006,4404996,CENVEO DYNAMICS,5,MEA,NEXUS,REGIE,NO_TS_MEA,90.63
Thomas,Crawford,GA36597,9873660,BRYTON DYNAMICS,5,LATAM EUROPE,NEXUS,FORFAIT,8GIAV6BPOCOBIVB,11.36
Thomas,Crawford,GA36597,9873660,BRYTON DYNAMICS,5,LATAM,NEXUS,FORFAIT,NO_TS_LATAM,88.64
Kimberly,Kidd,GF05884,1861001,JALVIK TECH,5,CONT AMERICA,ORBIT,SUPPORT,7ESATGBIMWA1E54,11.36
Kimberly,Kidd,GF05884,1861001,JALVIK TECH,5,CONT,ORBIT,SUPPORT,NO_TS_CONT,88.64
Bryan,Day,FX78446,3865568,FORVEX TECH,5,CONT EUROPE,STELLAR,REGIE,280QAU5YW8UER4C,9.23
Bryan,Day,FX78446,3865568,FORVEX TECH,5,NA,STELLAR,REGIE,NO_TS_NA,90.77
Nathan,Adams,KZ29002,1063800,HYRION SOLUTIONS,5,APAC OCEANIA,ORBIT,FORFAIT,PHXKEUQ6V9AHMUO,8.52
Nathan,Adams,KZ29002,1063800,HYRION SOLUTIONS,5,LATAM,ORBIT,FORFAIT,NO_TS_LATAM,91.48
Deborah,Hicks,YP67413,2571458,BRYTON CONSULTING,5,NA OCEANIA,VERTEX,REGIE,VM84HN1VSGJWZZF,10.23
Deborah,Hicks,YP67413,2571458,BRYTON CONSULTING,5,NA,VERTEX,REGIE,NO_TS_NA,89.77
Denise,Marshall,UM10532,6371224,BRYTON TECH,5,CONT OCEANIA,ORBIT,REGIE,E4PA1LJY9RIVZ0L,14.49
Denise,Marshall,UM10532,6371224,BRYTON TECH,5,LATAM,ORBIT,REGIE,NO_TS_LATAM,85.51
Angela,Parks,DO96702,5254274,INOVA DYNAMICS,5,CONT ASIA,PHOENIX,SUPPORT,RBLTBP4AKXF0SLT,10.94
Jose,Matthews,WV71012,6095927,DELVO GLOBAL,5,EMEA MENA,PHOENIX,FORFAIT,FXJJN4OM0VXODBN,12.22
Jose,Matthews,WV71012,6095927,DELVO GLOBAL,5,LATAM,PHOENIX,FORFAIT,NO_TS_LATAM,87.78
Thomas,Moore,NG38000,5586760,LUMEX SOLUTIONS,5,APAC EUROPE,STELLAR,SUPPORT,VZMAAFZXYX29Z8V,12.78
Thomas,Moore,NG38000,5586760,LUMEX SOLUTIONS,5,APAC,STELLAR,SUPPORT,NO_TS_APAC,87.22
Scott,Howard,GL53490,6210992,BRYTON VENTURES,5,CONT OCEANIA,STELLAR,RPS,HYYS3BQQM3754FG,9.8
Scott,Howard,GL53490,6210992,BRYTON VENTURES,5,LATAM,STELLAR,RPS,NO_TS_LATAM,90.2
Tamara,Warren,QY72930,4535378,HYRION SYSTEMS,5,APAC OCEANIA,NOVA,SUPPORT,MKQJZ75TCRCV6I4,11.36
Tamara,Warren,QY72930,4535378,HYRION SYSTEMS,5,EMEA,NOVA,SUPPORT,NO_TS_EMEA,88.64
Susan,Barton,ZR29463,2603393,JALVIK SOLUTIONS,5,EMEA AFRICA,ATLAS,RPS,03FVV2AYWAG7GAL,11.36
Andrea,Kennedy,NT86292,9380355,HYRION SYSTEMS,5,NA MENA,PULSE,MAINTENANCE,WWPF4CUWX1FFRI7,11.36
Andrea,Kennedy,NT86292,9380355,HYRION SYSTEMS,5,APAC,PULSE,MAINTENANCE,NO_TS_APAC,88.64
Susan,Allen,SP44382,8206187,CENVEO GLOBAL,5,CONT AMERICA,ORBIT,RPS,A1BH5JWLA7ZIU9Z,10.71
Susan,Allen,SP44382,8206187,CENVEO GLOBAL,5,NA,ORBIT,RPS,NO_TS_NA,89.29
Nicholas,Bell,XU35766,3991660,FORVEX GROUP,5,NA AMERICA,PULSE,REGIE,ZUDWOY2LN70LU9C,8.24
Nicholas,Bell,XU35766,3991660,FORVEX GROUP,5,CONT,PULSE,REGIE,NO_TS_CONT,91.76
Travis,Patterson,TT05299,5849314,CENVEO SYSTEMS,5,CONT AFRICA,NOVA,REGIE,ZF7NVI1T61EAEXH,13.64
Travis,Patterson,TT05299,5849314,CENVEO SYSTEMS,5,MEA,NOVA,REGIE,NO_TS_MEA,86.36
Amber,Cohen,SF39094,9991839,ETHOS SOLUTIONS,5,LATAM ASIA,NEXUS,REGIE,49OYN1BWR5RC4JB,13.64
Amber,Cohen,SF39094,9991839,ETHOS SOLUTIONS,5,CONT,NEXUS,REGIE,NO_TS_CONT,86.36
Terri,Cain,JO79231,5435533,BRYTON TECH,5,APAC OCEANIA,ATLAS,REGIE,JZOOXXWNM1HM4BP,12.5
Natalie,Brown,DP83090,1431658,BRYTON DIGITAL,5,CONT AMERICA,NOVA,RPS,XOUXFEVUD2XJST8,13.07
Natalie,Brown,DP83090,1431658,BRYTON DIGITAL,5,CONT,NOVA,RPS,NO_TS_CONT,86.93
Hunter,Gregory,CY16013,1737999,CENVEO TECH,5,NA AMERICA,PHOENIX,REGIE,GKI0JVGPC3W7ZJV,10.23
Hunter,Gregory,CY16013,1737999,CENVEO TECH,5,CONT,PHOENIX,REGIE,NO_TS_CONT,89.77
Samuel,Robbins,EV39924,6866014,KESTRA GROUP,5,NA AFRICA,VERTEX,FORFAIT,31A7P3A9993SDYP,10.65
Joanna,Baker,AF30346,7031373,ETHOS SOLUTIONS,5,APAC AFRICA,QUANTUM,MAINTENANCE,506NQMBJFTX0YDN,11.36
Sarah,Thompson,JK17634,9679678,ALCOR DYNAMICS,5,NA OCEANIA,PULSE,RPS,OBC70GLTOZUXILR,11.51
Misty,Craig,TN88093,2024161,DELVO DYNAMICS,5,CONT AMERICA,PULSE,REGIE,GTT1UWRXQOORS9B,9.38
Misty,Craig,TN88093,2024161,DELVO DYNAMICS,5,APAC,PULSE,REGIE,NO_TS_APAC,90.63
Tony,Christensen,EA03385,6892235,HYRION DIGITAL,5,MEA OCEANIA,PULSE,SUPPORT,I3B4QY7QEKRMRZI,13.64
Keith,Rodriguez,IE21367,8995417,JALVIK TECH,5,MEA OCEANIA,STELLAR,REGIE,LR426YIYCAX9A1F,10.51
Keith,Rodriguez,IE21367,8995417,JALVIK TECH,5,EMEA,STELLAR,REGIE,NO_TS_EMEA,89.49
Thomas,Stark,KD09935,4981245,INOVA GLOBAL,5,NA EUROPE,PHOENIX,RPS,76TJ82PCWXD0L4M,15.91
Lisa,Burton,UJ90918,8529317,LUMEX GROUP,5,NA OCEANIA,STELLAR,FORFAIT,94R9MTIYYXFDZKR,10.23
Nicholas,Williams,QS93283,4914728,INOVA SOLUTIONS,5,LATAM MENA,STELLAR,FORFAIT,I2OAO8M5N1TQWXM,13.64
Colleen,Wood,IR25497,9816742,CENVEO TECH,5,NA MENA,NOVA,RPS,V6HXZT7APP897E0,13.49
Colleen,Wood,IR25497,9816742,CENVEO TECH,5,EMEA,NOVA,RPS,NO_TS_EMEA,86.51
Douglas,Hogan,SR55229,9284205,LUMEX GLOBAL,5,MEA EUROPE,PHOENIX,REGIE,Q9S5JGDF2S88OPR,11.36
Douglas,Hogan,SR55229,9284205,LUMEX GLOBAL,5,EMEA,PHOENIX,REGIE,NO_TS_EMEA,88.64
Nathan,Davis,CD89636,9321367,ALCOR DYNAMICS,5,EMEA ASIA,QUANTUM,RPS,Y3W74YJJK24HL0G,13.64
Shane,Myers,IB50152,7801420,JALVIK DYNAMICS,5,CONT AMERICA,VERTEX,SUPPORT,FVO87X407TR1PPJ,11.79
Michael,Ray,WQ24049,1415817,INOVA SYSTEMS,5,MEA EUROPE,PULSE,MAINTENANCE,26MS98A5EZ22KC6,10.23
Michael,Ray,WQ24049,1415817,INOVA SYSTEMS,5,APAC,PULSE,MAINTENANCE,NO_TS_APAC,89.77
Charlene,Trevino,RU92340,7896378,FORVEX DIGITAL,5,LATAM AMERICA,QUANTUM,RPS,LL4TCDM3O3K9Y04,14.77
Charlene,Trevino,RU92340,7896378,FORVEX DIGITAL,5,MEA,QUANTUM,RPS,NO_TS_MEA,85.23
Amanda,Stein,GN89759,3137948,ETHOS GROUP,5,EMEA AMERICA,VERTEX,MAINTENANCE,QKYN60P3XWKN6ZR,11.93
Amanda,Stein,GN89759,3137948,ETHOS GROUP,5,LATAM,VERTEX,MAINTENANCE,NO_TS_LATAM,88.07
Michael,Harris,FI53551,9898011,ALCOR TECH,5,APAC EUROPE,NOVA,REGIE,NOCGHYBQNS6ND3E,11.93
Michael,Harris,FI53551,9898011,ALCOR TECH,5,LATAM,NOVA,REGIE,NO_TS_LATAM,88.07
Arthur,Torres,CS80898,1392744,KESTRA TECH,5,MEA AMERICA,PHOENIX,REGIE,7QXOXDUGSZDIRR9,9.23
Arthur,Torres,CS80898,1392744,KESTRA TECH,5,MEA,PHOENIX,REGIE,NO_TS_MEA,90.77
John,Pace,IH99196,1001769,JALVIK TECH,5,EMEA OCEANIA,QUANTUM,SUPPORT,WZZV6OCH7OH16SR,15.91
John,Pace,IH99196,1001769,JALVIK TECH,5,MEA,QUANTUM,SUPPORT,NO_TS_MEA,84.09
James,Schneider,EX48721,9246487,ETHOS VENTURES,5,EMEA EUROPE,NOVA,FORFAIT,CQ8DS2OROCWTH94,13.78
James,Schneider,EX48721,9246487,ETHOS VENTURES,5,APAC,NOVA,FORFAIT,NO_TS_APAC,86.22
Kevin,Hahn,AQ62847,8838680,INOVA GROUP,5,MEA ASIA,ORBIT,REGIE,EHP9NRK99DGYQOQ,13.64
Kevin,Hahn,AQ62847,8838680,INOVA GROUP,5,APAC,ORBIT,REGIE,NO_TS_APAC,86.36
Joshua,Stephens,AJ02132,1093925,FORVEX GROUP,5,CONT ASIA,NEXUS,FORFAIT,V6MUCVZ180G25XT,11.65
Joshua,Stephens,AJ02132,1093925,FORVEX GROUP,5,EMEA,NEXUS,FORFAIT,NO_TS_EMEA,88.35
Zachary,Hill,PJ41127,6419307,CENVEO CONSULTING,5,CONT OCEANIA,QUANTUM,SUPPORT,D2QH3LJWILG2T1W,6.25
Alex,Jackson,MN59055,2431799,CENVEO TECH,5,NA AMERICA,QUANTUM,REGIE,B87YOKL4KVX839I,7.67
Alex,Jackson,MN59055,2431799,CENVEO TECH,5,CONT,QUANTUM,REGIE,NO_TS_CONT,92.33
Alicia,Carpenter,PQ51139,7160898,ETHOS VENTURES,5,LATAM ASIA,VERTEX,FORFAIT,VRO18HOUT36EZA6,11.36
Alicia,Carpenter,PQ51139,7160898,ETHOS VENTURES,5,APAC,VERTEX,FORFAIT,NO_TS_APAC,88.64
Crystal,Lopez,OM49931,3720983,HYRION VENTURES,5,MEA MENA,PHOENIX,SUPPORT,ITT99QDOX3KOLBH,10.23
Robert,Taylor,JM56285,5619978,GOLZEN DIGITAL,5,LATAM ASIA,PULSE,RPS,HCJB3AVETO07VGL,10.23
Robert,Taylor,JM56285,5619978,GOLZEN DIGITAL,5,NA,PULSE,RPS,NO_TS_NA,89.77
Madeline,Taylor,PQ53791,6123261,JALVIK DIGITAL,5,EMEA AMERICA,QUANTUM,FORFAIT,MRQVI5CVK7W5Y6B,10.23
Madeline,Taylor,PQ53791,6123261,JALVIK DIGITAL,5,CONT,QUANTUM,FORFAIT,NO_TS_CONT,89.77
Kyle,Mays,ZQ27526,7124559,JALVIK GLOBAL,5,EMEA EUROPE,ORBIT,FORFAIT,E2TYZ3EVLEM6AEA,13.64
Lee,Peck,MT85082,5426330,KESTRA SOLUTIONS,5,EMEA MENA,ATLAS,FORFAIT,Z22W8U1XPJPWA6D,10.23
Lee,Peck,MT85082,5426330,KESTRA SOLUTIONS,5,CONT,ATLAS,FORFAIT,NO_TS_CONT,89.77
John,Nguyen,XN07435,4549148,DELVO SYSTEMS,5,LATAM OCEANIA,PULSE,RPS,A9E9IDI0IVEYKFO,11.93
John,Nguyen,XN07435,4549148,DELVO SYSTEMS,5,CONT,PULSE,RPS,NO_TS_CONT,88.07
Pamela,Price,QN99137,8556269,KESTRA CONSULTING,5,EMEA OCEANIA,ATLAS,RPS,WRT91VUPY4FPDPH,11.36
Brian,Wells,OA42843,2256662,BRYTON GLOBAL,5,NA OCEANIA,PULSE,MAINTENANCE,6AQXMIKEPGMR5DP,13.64
Brian,Wells,OA42843,2256662,BRYTON GLOBAL,5,EMEA,PULSE,MAINTENANCE,NO_TS_EMEA,86.36
Chase,Cox,FB67498,8995970,HYRION VENTURES,5,NA MENA,NOVA,MAINTENANCE,4852E4VKJEDCL4K,11.36
Chase,Cox,FB67498,8995970,HYRION VENTURES,5,NA,NOVA,MAINTENANCE,NO_TS_NA,88.64
Jesse,Lopez,FU74946,7909492,FORVEX DIGITAL,5,MEA AFRICA,NEXUS,MAINTENANCE,OMB272LG7FHOBXG,13.33
Jesse,Lopez,FU74946,7909492,FORVEX DIGITAL,5,NA,NEXUS,MAINTENANCE,NO_TS_NA,86.67
Donna,Webb,AD26494,1753493,ETHOS SOLUTIONS,5,LATAM AMERICA,VERTEX,SUPPORT,RFJSF2UPIF2L3UE,15.34
Stephen,Robbins,CI46808,9571051,ALCOR GROUP,5,MEA ASIA,ATLAS,MAINTENANCE,OISA7PQS3WISLS1,9.23
Stephen,Robbins,CI46808,9571051,ALCOR GROUP,5,APAC,ATLAS,MAINTENANCE,NO_TS_APAC,90.77
Oscar,Watts,RN15511,8138619,DELVO TECH,5,APAC AFRICA,STELLAR,SUPPORT,MT1OTE11AAHAQAU,13.64
Oscar,Watts,RN15511,8138619,DELVO TECH,5,EMEA,STELLAR,SUPPORT,NO_TS_EMEA,86.36
Michelle,Anderson,JJ71929,2274578,DELVO CONSULTING,5,MEA AMERICA,VERTEX,RPS,MNTM3Y94S3BQD99,9.09
Michelle,Anderson,JJ71929,2274578,DELVO CONSULTING,5,MEA,VERTEX,RPS,NO_TS_MEA,90.91
Courtney,Jackson,EL82023,7281114,CENVEO TECH,5,NA MENA,NOVA,SUPPORT,PGGRE9V03HXRLB2,10.51
Joseph,Galvan,HJ12301,1806764,BRYTON DIGITAL,5,CONT MENA,PULSE,MAINTENANCE,85IR124D9ZVQ722,9.09
Joseph,Galvan,HJ12301,1806764,BRYTON DIGITAL,5,APAC,PULSE,MAINTENANCE,NO_TS_APAC,90.91
Amy,Kaiser,NE24303,3640724,JALVIK SYSTEMS,5,APAC AMERICA,VERTEX,MAINTENANCE,XWZ64FQVVKJ14YI,12.07
Amy,Kaiser,NE24303,3640724,JALVIK SYSTEMS,5,NA,VERTEX,MAINTENANCE,NO_TS_NA,87.93
Robert,Rodgers,OA66824,4073655,LUMEX GROUP,5,EMEA ASIA,STELLAR,REGIE,X8KEDBC61POWSMO,7.67
Robert,Rodgers,OA66824,4073655,LUMEX GROUP,5,EMEA,STELLAR,REGIE,NO_TS_EMEA,92.33
David,Holmes,HI27179,1696775,ALCOR DIGITAL,5,CONT ASIA,NOVA,SUPPORT,R0J3ABYSEYM1BC6,9.66
David,Holmes,HI27179,1696775,ALCOR DIGITAL,5,CONT,NOVA,SUPPORT,NO_TS_CONT,90.34
Kristina,Johnson,XP62970,8093168,ETHOS TECH,5,MEA MENA,ATLAS,RPS,QO6NS6LW8IWGR4T,12.5
Kristina,Johnson,XP62970,8093168,ETHOS TECH,5,EMEA,ATLAS,RPS,NO_TS_EMEA,87.5
Lori,Wilson,MK48347,3735381,FORVEX DIGITAL,5,EMEA EUROPE,ORBIT,MAINTENANCE,RZHUAY9NGESUYU2,15.91
Lori,Wilson,MK48347,3735381,FORVEX DIGITAL,5,APAC,ORBIT,MAINTENANCE,NO_TS_APAC,84.09
Katherine,Davis,SS46524,9944789,ALCOR GLOBAL,5,MEA EUROPE,ORBIT,RPS,R1V8WZ0UF8VX1WV,12.5
Dennis,Roberts,XG09418,8509617,INOVA GROUP,5,EMEA AFRICA,PULSE,REGIE,A4FV0A0A0LQDOYJ,13.64
Dennis,Roberts,XG09418,8509617,INOVA GROUP,5,MEA,PULSE,REGIE,NO_TS_MEA,86.36
Laura,Miller,XB73692,3084830,ALCOR SOLUTIONS,5,NA EUROPE,NOVA,SUPPORT,415ZC9X7QB7V45W,13.64
Laura,Miller,XB73692,3084830,ALCOR SOLUTIONS,5,LATAM,NOVA,SUPPORT,NO_TS_LATAM,86.36
Suzanne,Green,SR31300,2342831,DELVO DYNAMICS,5,APAC AMERICA,NEXUS,SUPPORT,JCU8IANSEKD4SX5,11.36
Jonathan,Allen,IU49583,2446015,BRYTON SOLUTIONS,5,APAC AMERICA,VERTEX,FORFAIT,PRPKGYWXBCUAU2G,13.78
Jonathan,Allen,IU49583,2446015,BRYTON SOLUTIONS,5,LATAM,VERTEX,FORFAIT,NO_TS_LATAM,86.22
Caitlin,Parker,SS33217,1204623,BRYTON GLOBAL,5,MEA AMERICA,PULSE,RPS,20XWA2UWIWTJGHR,11.36
Caitlin,Parker,SS33217,1204623,BRYTON GLOBAL,5,NA,PULSE,RPS,NO_TS_NA,88.64
Mallory,Gardner,MN62713,6356505,ALCOR TECH,5,LATAM OCEANIA,PHOENIX,SUPPORT,RDXTKO9YR8V601S,10.23
Mallory,Gardner,MN62713,6356505,ALCOR TECH,5,NA,PHOENIX,SUPPORT,NO_TS_NA,89.77
Gary,Jones,MM89240,1318339,CENVEO GROUP,5,MEA ASIA,NEXUS,RPS,IN91BA7VDVK9N68,10.83
Gary,Jones,MM89240,1318339,CENVEO GROUP,5,MEA,NEXUS,RPS,NO_TS_MEA,89.17
Adriana,Lewis,II50836,5189599,FORVEX CONSULTING,5,NA AFRICA,STELLAR,MAINTENANCE,Y4K92NHG1F130ZP,11.36
John,Carroll,ZQ03559,7323674,FORVEX GROUP,5,CONT MENA,STELLAR,MAINTENANCE,V5VAJARGJXXKO13,7.39
Erica,Howard,UL56555,4802480,JALVIK VENTURES,5,NA AFRICA,ATLAS,RPS,ETUI8NRQZLC0BLA,10.23
Erica,Howard,UL56555,4802480,JALVIK VENTURES,5,NA,ATLAS,RPS,NO_TS_NA,89.77
Luis,Palmer,RZ72132,4004015,JALVIK SOLUTIONS,5,EMEA AFRICA,ORBIT,FORFAIT,AUY0SEUR1IBKSY5,14.77
Glen,Johnson,SY88401,6643714,BRYTON SOLUTIONS,5,NA AMERICA,NOVA,RPS,OAB7AGGUUF2N0DS,10.51
Glen,Johnson,SY88401,6643714,BRYTON SOLUTIONS,5,CONT,NOVA,RPS,NO_TS_CONT,89.49
Kenneth,Gonzalez,AC36564,2128624,INOVA DYNAMICS,5,MEA AMERICA,QUANTUM,REGIE,GTFXU1W4MUQ29PX,10.37
Kenneth,Gonzalez,AC36564,2128624,INOVA DYNAMICS,5,NA,QUANTUM,REGIE,NO_TS_NA,89.63
Erin,Phelps,ZV10940,9263748,BRYTON SOLUTIONS,5,CONT EUROPE,QUANTUM,REGIE,R0XZSBIVUJIUWOP,10.09
Erin,Phelps,ZV10940,9263748,BRYTON SOLUTIONS,5,NA,QUANTUM,REGIE,NO_TS_NA,89.91
Donald,Stephenson,GI57049,6977641,INOVA SOLUTIONS,5,NA OCEANIA,VERTEX,MAINTENANCE,7BA93F9FNENA9VL,13.64
Donald,Stephenson,GI57049,6977641,INOVA SOLUTIONS,5,EMEA,VERTEX,MAINTENANCE,NO_TS_EMEA,86.36
Frank,Lewis,EK82799,3260117,FORVEX GLOBAL,5,CONT MENA,ORBIT,SUPPORT,F4NI9NQX8DPS5FQ,14.06
Frank,Lewis,EK82799,3260117,FORVEX GLOBAL,5,CONT,ORBIT,SUPPORT,NO_TS_CONT,85.94
Joseph,Roy,MP41254,7555842,INOVA TECH,5,APAC AMERICA,VERTEX,SUPPORT,VQY31MJC9KW24UG,10.23
Joseph,Roy,MP41254,7555842,INOVA TECH,5,CONT,VERTEX,SUPPORT,NO_TS_CONT,89.77
David,Brown,PR29417,5727964,KESTRA DYNAMICS,5,EMEA OCEANIA,VERTEX,FORFAIT,47PYSWSWDVN4KL2,7.95
David,Brown,PR29417,5727964,KESTRA DYNAMICS,5,LATAM,VERTEX,FORFAIT,NO_TS_LATAM,92.05
Susan,Poole,GQ27560,7177280,DELVO DYNAMICS,5,EMEA AMERICA,ATLAS,FORFAIT,WROHYRD1WZ4MDUC,9.94
Susan,Poole,GQ27560,7177280,DELVO DYNAMICS,5,MEA,ATLAS,FORFAIT,NO_TS_MEA,90.06
Pedro,Morrison,KE23897,3179118,HYRION SOLUTIONS,5,LATAM OCEANIA,STELLAR,RPS,9LEH01QGSVCDT1K,9.52
Pedro,Morrison,KE23897,3179118,HYRION SOLUTIONS,5,NA,STELLAR,RPS,NO_TS_NA,90.48
Victoria,Silva,CL88647,9786182,ETHOS VENTURES,5,EMEA AMERICA,NEXUS,FORFAIT,RUVPUCW7UD6PDIS,11.79
Jeremy,Bailey,ZE38956,3224609,INOVA SOLUTIONS,5,APAC OCEANIA,ATLAS,REGIE,HL1ODGOKS1M457H,9.8
William,Peterson,EB44862,9080146,CENVEO CONSULTING,5,NA EUROPE,PULSE,SUPPORT,9OOJ1ACZL7DHR7R,9.8
William,Peterson,EB44862,9080146,CENVEO CONSULTING,5,MEA,PULSE,SUPPORT,NO_TS_MEA,90.2
Melanie,Mckinney,AS31968,1677643,KESTRA SYSTEMS,5,CONT OCEANIA,NEXUS,SUPPORT,9A9WX8NLBLBDVRJ,11.65
Melanie,Mckinney,AS31968,1677643,KESTRA SYSTEMS,5,NA,NEXUS,SUPPORT,NO_TS_NA,88.35
Lindsey,Newman,RO96220,7684617,BRYTON DIGITAL,5,APAC MENA,STELLAR,REGIE,V6YPLGOKSAAUFA2,7.81
Lindsey,Newman,RO96220,7684617,BRYTON DIGITAL,5,MEA,STELLAR,REGIE,NO_TS_MEA,92.19
Alan,Diaz,JW86779,9542808,LUMEX GROUP,5,MEA OCEANIA,PHOENIX,RPS,BD5ZHRPY6DCHFM9,11.93
Alan,Diaz,JW86779,9542808,LUMEX GROUP,5,LATAM,PHOENIX,RPS,NO_TS_LATAM,88.07
Rachel,Ramos,BS90275,8620200,ALCOR GROUP,5,CONT EUROPE,NOVA,SUPPORT,NQT8YF422IBZXU5,11.93
Rachel,Ramos,BS90275,8620200,ALCOR GROUP,5,EMEA,NOVA,SUPPORT,NO_TS_EMEA,88.07
Brian,Fernandez,BK93868,5503217,KESTRA DIGITAL,5,NA EUROPE,NEXUS,FORFAIT,OUVQE595V1OYYP0,9.38
Brian,Fernandez,BK93868,5503217,KESTRA DIGITAL,5,EMEA,NEXUS,FORFAIT,NO_TS_EMEA,90.63
Travis,Wright,CA63330,5880316,BRYTON DIGITAL,5,APAC EUROPE,QUANTUM,MAINTENANCE,C66014LB9BS28XG,11.36
Travis,Wright,CA63330,5880316,BRYTON DIGITAL,5,EMEA,QUANTUM,MAINTENANCE,NO_TS_EMEA,88.64
Sarah,Smith,NY96014,6822694,FORVEX SYSTEMS,5,EMEA MENA,QUANTUM,REGIE,HAS221KI2YKCHOP,9.38
Jean,Lynn,LY06572,3918368,HYRION DIGITAL,5,CONT AMERICA,ATLAS,RPS,IX6AJWNJ2QSW6ZT,7.95
Jean,Lynn,LY06572,3918368,HYRION DIGITAL,5,CONT,ATLAS,RPS,NO_TS_CONT,92.05
Stanley,Shelton,IB52811,8038235,ALCOR DYNAMICS,5,MEA ASIA,PHOENIX,FORFAIT,VPZLRSFUDQMK9DV,11.51
Stanley,Shelton,IB52811,8038235,ALCOR DYNAMICS,5,EMEA,PHOENIX,FORFAIT,NO_TS_EMEA,88.49
Michael,Harris,LS35415,8239145,LUMEX VENTURES,5,LATAM OCEANIA,PULSE,FORFAIT,TTWW8Z1YA5ZYQNQ,14.77
Michael,Harris,LS35415,8239145,LUMEX VENTURES,5,EMEA,PULSE,FORFAIT,NO_TS_EMEA,85.23
Suzanne,Clark,XU16562,9219283,LUMEX DYNAMICS,5,CONT AFRICA,QUANTUM,REGIE,NV297B6U8H1NK5E,11.36
Suzanne,Clark,XU16562,9219283,LUMEX DYNAMICS,5,APAC,QUANTUM,REGIE,NO_TS_APAC,88.64
Tina,Miller,JA08919,5563291,INOVA TECH,5,MEA AMERICA,VERTEX,FORFAIT,1IIA5YFC4Z5CMJJ,8.1
Tina,Miller,JA08919,5563291,INOVA TECH,5,CONT,VERTEX,FORFAIT,NO_TS_CONT,91.9
Diana,Knox,WH96396,4999586,BRYTON SOLUTIONS,5,CONT OCEANIA,VERTEX,MAINTENANCE,O1Q4AXSG0CE6568,9.09
Michelle,Todd,GQ52578,7693556,ALCOR GLOBAL,5,APAC ASIA,ORBIT,RPS,1PJJ16AG5KO8K7O,11.36
Michelle,Todd,GQ52578,7693556,ALCOR GLOBAL,5,APAC,ORBIT,RPS,NO_TS_APAC,88.64
Brenda,Vincent,JY89386,4521587,GOLZEN SOLUTIONS,5,EMEA OCEANIA,PULSE,MAINTENANCE,NWYRAZVTFGDHI8P,11.51
Brenda,Vincent,JY89386,4521587,GOLZEN SOLUTIONS,5,MEA,PULSE,MAINTENANCE,NO_TS_MEA,88.49
Carlos,Washington,FC41826,5497205,DELVO DIGITAL,5,EMEA EUROPE,ATLAS,RPS,2FSFLTSQD8PEIE8,14.77
Ian,Gordon,JS53722,3954807,FORVEX SYSTEMS,5,EMEA MENA,ATLAS,SUPPORT,W6K950E4LXDKEHG,11.65
Ian,Gordon,JS53722,3954807,FORVEX SYSTEMS,5,LATAM,ATLAS,SUPPORT,NO_TS_LATAM,88.35
Mario,Simpson,LF63662,6509545,INOVA VENTURES,5,MEA MENA,PULSE,REGIE,2TGQ3ZAOPEGWL4F,10.51
Mario,Simpson,LF63662,6509545,INOVA VENTURES,5,MEA,PULSE,REGIE,NO_TS_MEA,89.49
Joshua,Roberts,OY79014,9879821,DELVO TECH,5,LATAM OCEANIA,ATLAS,FORFAIT,OBSLYYKXC9S22HS,12.5
Joshua,Roberts,OY79014,9879821,DELVO TECH,5,EMEA,ATLAS,FORFAIT,NO_TS_EMEA,87.5
Charles,Webster,SR32685,9286572,DELVO DIGITAL,5,MEA AMERICA,PULSE,SUPPORT,8LACQZAGYQIYKF0,11.08
Charles,Webster,SR32685,9286572,DELVO DIGITAL,5,NA,PULSE,SUPPORT,NO_TS_NA,88.92
Lisa,Reyes,MO88630,5113997,CENVEO TECH,5,MEA AFRICA,ORBIT,MAINTENANCE,O4SB1CXTGO26C9Q,13.64
Brenda,Anderson,BM69255,5159599,DELVO SYSTEMS,5,LATAM AMERICA,ATLAS,FORFAIT,Y315UB1QX509TMY,8.81
Brenda,Anderson,BM69255,5159599,DELVO SYSTEMS,5,MEA,ATLAS,FORFAIT,NO_TS_MEA,91.19
Ryan,Robinson,ST10276,3077285,JALVIK VENTURES,5,LATAM AFRICA,PHOENIX,RPS,PXLZA2DRIYWAS9H,7.81
Brenda,Caldwell,ZE54144,1860195,LUMEX SOLUTIONS,5,NA EUROPE,PULSE,REGIE,LD6REJOGR1H1TA5,9.94
Brenda,Caldwell,ZE54144,1860195,LUMEX SOLUTIONS,5,EMEA,PULSE,REGIE,NO_TS_EMEA,90.06
Robert,Parker,JZ37454,7245869,GOLZEN SOLUTIONS,5,CONT AFRICA,STELLAR,MAINTENANCE,70RLA157ZS02CYD,13.64
Patricia,Jackson,CU10485,4776565,GOLZEN SYSTEMS,5,APAC ASIA,QUANTUM,MAINTENANCE,YA0KS04BEB1VGFG,8.81
Patricia,Jackson,CU10485,4776565,GOLZEN SYSTEMS,5,CONT,QUANTUM,MAINTENANCE,NO_TS_CONT,91.19
Nathan,Jones,HQ53486,6758516,INOVA DIGITAL,5,MEA EUROPE,VERTEX,FORFAIT,Z29L9OLUPG045O5,14.77
Nathan,Jones,HQ53486,6758516,INOVA DIGITAL,5,CONT,VERTEX,FORFAIT,NO_TS_CONT,85.23
Jeffrey,Strickland,NM05541,3627907,LUMEX GROUP,5,APAC AFRICA,STELLAR,REGIE,MZ6QABBNJH4E5Y2,12.22
Katherine,Fowler,EN27910,6765872,CENVEO DYNAMICS,5,EMEA AMERICA,NOVA,RPS,Y766RGRA6UGF9M5,10.23
Katherine,Fowler,EN27910,6765872,CENVEO DYNAMICS,5,NA,NOVA,RPS,NO_TS_NA,89.77
Lisa,Carter,PB93783,1496404,JALVIK TECH,5,LATAM MENA,VERTEX,RPS,7O79D0H9AB7ZM15,11.93
Lisa,Carter,PB93783,1496404,JALVIK TECH,5,EMEA,VERTEX,RPS,NO_TS_EMEA,88.07
Kimberly,Bell,QU80777,4921966,ETHOS TECH,5,APAC OCEANIA,NOVA,MAINTENANCE,KTJYJ3W0L4ANV03,9.23
Kimberly,Bell,QU80777,4921966,ETHOS TECH,5,EMEA,NOVA,MAINTENANCE,NO_TS_EMEA,90.77
Andrea,Murphy,IH21372,3552375,KESTRA GLOBAL,5,CONT EUROPE,STELLAR,SUPPORT,TV1HTEDZXTP92KC,11.36
Andrea,Murphy,IH21372,3552375,KESTRA GLOBAL,5,EMEA,STELLAR,SUPPORT,NO_TS_EMEA,88.64
Joseph,Davis,TL43620,8666356,LUMEX TECH,5,NA EUROPE,PULSE,MAINTENANCE,3RSJEE03NRY873E,10.51
Joseph,Davis,TL43620,8666356,LUMEX TECH,5,EMEA,PULSE,MAINTENANCE,NO_TS_EMEA,89.49
Tammy,Bell,ZO15180,9994066,BRYTON VENTURES,5,EMEA MENA,ORBIT,MAINTENANCE,CBP89UR456XOEXL,8.52
Tammy,Bell,ZO15180,9994066,BRYTON VENTURES,5,NA,ORBIT,MAINTENANCE,NO_TS_NA,91.48
David,Hebert,OR08112,9320357,BRYTON SYSTEMS,5,EMEA EUROPE,PULSE,REGIE,THN6KA6P70O7WVJ,8.24
David,Hebert,OR08112,9320357,BRYTON SYSTEMS,5,NA,PULSE,REGIE,NO_TS_NA,91.76
Jeffrey,Johnson,EC87273,2673990,ETHOS CONSULTING,5,EMEA EUROPE,QUANTUM,FORFAIT,HUT2BU386ZELI91,10.23
Jeffrey,Johnson,EC87273,2673990,ETHOS CONSULTING,5,APAC,QUANTUM,FORFAIT,NO_TS_APAC,89.77
Amanda,Tran,MN49769,2937500,ETHOS DYNAMICS,5,MEA OCEANIA,STELLAR,RPS,2QEXL6HORYPJBBK,12.5
Amanda,Tran,MN49769,2937500,ETHOS DYNAMICS,5,NA,STELLAR,RPS,NO_TS_NA,87.5
Jennifer,Jenkins,UL80208,6934120,ALCOR VENTURES,5,EMEA OCEANIA,NEXUS,FORFAIT,6W2BS4WWB5KYI5H,10.23
Jennifer,Jenkins,UL80208,6934120,ALCOR VENTURES,5,LATAM,NEXUS,FORFAIT,NO_TS_LATAM,89.77
Steven,Jacobs,YB01601,1290293,BRYTON TECH,5,CONT ASIA,PULSE,RPS,5IZVML4PRUUQJ2Q,10.23
Steven,Jacobs,YB01601,1290293,BRYTON TECH,5,MEA,PULSE,RPS,NO_TS_MEA,89.77
Peter,Clements,AU69566,7376537,LUMEX VENTURES,5,CONT AFRICA,PHOENIX,RPS,O81DONDU5HKNQXS,11.36
Kiara,Ryan,PF44090,9310258,ETHOS VENTURES,5,NA EUROPE,QUANTUM,FORFAIT,TNBWNVTEDSJEO4T,11.36
Timothy,Solis,NN99553,4027526,JALVIK DIGITAL,5,APAC AMERICA,NOVA,MAINTENANCE,AQ2HWSBQ7OYBOML,11.08
Timothy,Solis,NN99553,4027526,JALVIK DIGITAL,5,APAC,NOVA,MAINTENANCE,NO_TS_APAC,88.92
Timothy,Taylor,WH80840,5628064,GOLZEN DYNAMICS,5,EMEA AFRICA,QUANTUM,REGIE,A5B9JLG39EAFE9A,9.66
Laura,Griffith,EJ92829,6729579,ETHOS CONSULTING,5,CONT MENA,STELLAR,FORFAIT,EDPZVUXGS5ZIJ4P,10.51
Laura,Griffith,EJ92829,6729579,ETHOS CONSULTING,5,EMEA,STELLAR,FORFAIT,NO_TS_EMEA,89.49
Kathleen,Johnson,ZV62111,9707125,KESTRA GROUP,5,MEA AFRICA,QUANTUM,SUPPORT,73IIH95VZ0HNTZU,13.33
Kathleen,Johnson,ZV62111,9707125,KESTRA GROUP,5,NA,QUANTUM,SUPPORT,NO_TS_NA,86.67
Kenneth,Butler,HK82311,5790594,ALCOR VENTURES,5,NA AFRICA,STELLAR,MAINTENANCE,04TSLQGQWXGD6D6,7.95
Kenneth,Butler,HK82311,5790594,ALCOR VENTURES,5,MEA,STELLAR,MAINTENANCE,NO_TS_MEA,92.05
Lee,Ellis,LZ44530,6610410,FORVEX CONSULTING,5,NA AFRICA,NEXUS,REGIE,NRRAHW9FX4CFJUY,9.23
Heather,Sparks,KU95876,8438220,LUMEX VENTURES,5,APAC MENA,ATLAS,MAINTENANCE,1JXZYMHBDT7MMJG,9.09
Heather,Sparks,KU95876,8438220,LUMEX VENTURES,5,CONT,ATLAS,MAINTENANCE,NO_TS_CONT,90.91
Paul,Lee,JX10944,9378921,ETHOS DYNAMICS,5,NA MENA,PULSE,MAINTENANCE,THEDH3M3X09M4EA,16.34
Carolyn,Delgado,AU70556,9824575,ETHOS TECH,5,CONT ASIA,VERTEX,RPS,SEINJWX8QJ5KM7P,8.1
Carolyn,Delgado,AU70556,9824575,ETHOS TECH,5,MEA,VERTEX,RPS,NO_TS_MEA,91.9
Rebekah,Dean,YH24380,3434162,DELVO CONSULTING,5,CONT OCEANIA,NEXUS,SUPPORT,DUZZV6PC39XOUPL,10.8
Rebekah,Dean,YH24380,3434162,DELVO CONSULTING,5,MEA,NEXUS,SUPPORT,NO_TS_MEA,89.2
Johnny,Whitehead,XM22028,5355522,GOLZEN SOLUTIONS,5,EMEA AFRICA,ORBIT,SUPPORT,5PC9LGUMZQ1ZM89,9.66
Christopher,Bryant,OY32406,9673109,INOVA CONSULTING,5,MEA AFRICA,PULSE,RPS,A3W41E0482YMECX,15.91
Christopher,Bryant,OY32406,9673109,INOVA CONSULTING,5,CONT,PULSE,RPS,NO_TS_CONT,84.09
Jeanne,Duncan,IX95823,7316032,ALCOR GLOBAL,5,NA ASIA,STELLAR,REGIE,SAYG1397HLITVL9,16.19
Jeanne,Duncan,IX95823,7316032,ALCOR GLOBAL,5,EMEA,STELLAR,REGIE,NO_TS_EMEA,83.81
Jessica,Shaw,TZ60182,7293774,DELVO GROUP,5,NA AMERICA,QUANTUM,MAINTENANCE,22Z9H6FOIGFXQXH,13.64
Jessica,Shaw,TZ60182,7293774,DELVO GROUP,5,NA,QUANTUM,MAINTENANCE,NO_TS_NA,86.36
Maria,Smith,UT93835,9229365,GOLZEN GLOBAL,5,MEA ASIA,VERTEX,REGIE,84L9ZDHXOI2FWMS,13.07
Maria,Smith,UT93835,9229365,GOLZEN GLOBAL,5,LATAM,VERTEX,REGIE,NO_TS_LATAM,86.93
Jennifer,Chen,YL75286,3005989,CENVEO GROUP,5,NA AMERICA,QUANTUM,SUPPORT,627MAHGZ43E2FDL,10.8
Jennifer,Chen,YL75286,3005989,CENVEO GROUP,5,APAC,QUANTUM,SUPPORT,NO_TS_APAC,89.2
Steven,Morales,QU49915,7158247,KESTRA VENTURES,5,CONT EUROPE,NOVA,REGIE,GY74OW56OJS3ENF,7.53
Mary,Fisher,LU69507,4786557,KESTRA SYSTEMS,5,EMEA MENA,STELLAR,RPS,SUD1YXZHIAMMV97,12.07
Mary,Fisher,LU69507,4786557,KESTRA SYSTEMS,5,NA,STELLAR,RPS,NO_TS_NA,87.93
Emily,Reynolds,FY79113,3021237,LUMEX GROUP,5,EMEA AMERICA,ORBIT,SUPPORT,IT5T7HL5H79HXY5,7.95
Emily,Reynolds,FY79113,3021237,LUMEX GROUP,5,NA,ORBIT,SUPPORT,NO_TS_NA,92.05
Lori,Proctor,NT76973,8374413,ETHOS CONSULTING,5,MEA ASIA,NEXUS,MAINTENANCE,Q6L6UVXS429DCJD,11.93
Lori,Proctor,NT76973,8374413,ETHOS CONSULTING,5,EMEA,NEXUS,MAINTENANCE,NO_TS_EMEA,88.07
Emily,King,DK54252,6520795,INOVA SYSTEMS,5,LATAM EUROPE,QUANTUM,RPS,7WYS84FE5GSJJOW,11.93
Emily,King,DK54252,6520795,INOVA SYSTEMS,5,CONT,QUANTUM,RPS,NO_TS_CONT,88.07
Lori,Rodriguez,DT87284,7476611,KESTRA CONSULTING,5,NA ASIA,STELLAR,REGIE,J5QLK3GXGZW9QLU,12.5
Lori,Rodriguez,DT87284,7476611,KESTRA CONSULTING,5,MEA,STELLAR,REGIE,NO_TS_MEA,87.5
Elaine,Trevino,ZN80053,9374504,ALCOR SYSTEMS,5,NA EUROPE,QUANTUM,REGIE,56R791PMSWV4SCL,11.08
Megan,Taylor,XT31199,8777371,GOLZEN VENTURES,5,MEA AFRICA,ORBIT,RPS,B74K98DZEBE9718,10.8
Megan,Taylor,XT31199,8777371,GOLZEN VENTURES,5,APAC,ORBIT,RPS,NO_TS_APAC,89.2
Heather,Boyd,RE70652,7651847,ALCOR GLOBAL,5,LATAM AFRICA,ATLAS,RPS,R0ICHEZ5VKN98K8,10.0
Heather,Boyd,RE70652,7651847,ALCOR GLOBAL,5,MEA,ATLAS,RPS,NO_TS_MEA,90.0
Crystal,Meyers,UL25405,4863331,ETHOS GROUP,5,MEA EUROPE,QUANTUM,RPS,0DWIZCVY8XSJ54D,10.8
Crystal,Meyers,UL25405,4863331,ETHOS GROUP,5,MEA,QUANTUM,RPS,NO_TS_MEA,89.2
Sarah,Mclean,QD84212,3748218,ETHOS TECH,5,LATAM AFRICA,STELLAR,FORFAIT,VWL4J8L8EJ2RM90,6.39
Sarah,Mclean,QD84212,3748218,ETHOS TECH,5,EMEA,STELLAR,FORFAIT,NO_TS_EMEA,93.61
Terrence,Greene,RC03143,9848666,GOLZEN VENTURES,5,APAC ASIA,PULSE,RPS,YDMRUG32K75KB4V,14.77
Terrence,Greene,RC03143,9848666,GOLZEN VENTURES,5,CONT,PULSE,RPS,NO_TS_CONT,85.23
Jill,Anderson,CC57865,4844438,JALVIK SOLUTIONS,5,MEA EUROPE,PHOENIX,FORFAIT,SQUMZMW6XA5KFD1,9.66
Benjamin,Sharp,FX59333,4939855,LUMEX CONSULTING,5,LATAM OCEANIA,QUANTUM,FORFAIT,0JQR454KU1UTJJ5,10.09
Benjamin,Sharp,FX59333,4939855,LUMEX CONSULTING,5,CONT,QUANTUM,FORFAIT,NO_TS_CONT,89.91
Nicole,Scott,SN90321,3873371,FORVEX VENTURES,5,MEA MENA,NEXUS,MAINTENANCE,P136HS1O5PY8JGQ,11.36
Nicole,Scott,SN90321,3873371,FORVEX VENTURES,5,EMEA,NEXUS,MAINTENANCE,NO_TS_EMEA,88.64
Terry,Mendez,SF73856,4605657,CENVEO DYNAMICS,5,LATAM AFRICA,ORBIT,REGIE,UMDHOCO70G0M4QX,12.5
Victoria,Stewart,YP37573,5323117,ALCOR GROUP,5,NA OCEANIA,STELLAR,FORFAIT,KX5TXWH0BTMSJMH,8.1
Anna,Malone,TO01438,2048388,JALVIK GLOBAL,5,CONT ASIA,QUANTUM,RPS,GLIU2176OLWP4U0,13.64
Brittany,Gentry,JS02151,4458001,FORVEX DYNAMICS,5,NA AMERICA,QUANTUM,FORFAIT,G71XX7FDYJ9P814,11.36
David,Grimes,KH17662,4362556,LUMEX CONSULTING,5,MEA ASIA,ATLAS,SUPPORT,P3FVB7D4XCWBXK1,11.93
Michelle,Ramsey,JO63769,7763166,FORVEX GROUP,5,MEA MENA,ATLAS,MAINTENANCE,GWLPKMQGHVP11WV,9.38
Michelle,Ramsey,JO63769,7763166,FORVEX GROUP,5,EMEA,ATLAS,MAINTENANCE,NO_TS_EMEA,90.63
Susan,Cole,OL60651,3947671,ETHOS SYSTEMS,5,NA MENA,STELLAR,SUPPORT,62SSXQ766T2GW4A,10.09
Susan,Cole,OL60651,3947671,ETHOS SYSTEMS,5,EMEA,STELLAR,SUPPORT,NO_TS_EMEA,89.91
Patrick,Lewis,BD68245,6630905,INOVA VENTURES,5,CONT MENA,VERTEX,RPS,8OXCLHYUMSGV2M2,13.64
Patrick,Lewis,BD68245,6630905,INOVA VENTURES,5,CONT,VERTEX,RPS,NO_TS_CONT,86.36
Doris,Ramirez,MN67557,9753829,FORVEX VENTURES,5,NA ASIA,ORBIT,REGIE,67JMPRMA4Z8GYPF,9.66
Doris,Ramirez,MN67557,9753829,FORVEX VENTURES,5,CONT,ORBIT,REGIE,NO_TS_CONT,90.34
John,Hurst,NP77222,7563242,ALCOR GLOBAL,5,NA AMERICA,ORBIT,RPS,JHE2RMGHA3PQDSV,10.94
John,Hurst,NP77222,7563242,ALCOR GLOBAL,5,LATAM,ORBIT,RPS,NO_TS_LATAM,89.06
Jerry,Hernandez,WK50641,4674687,INOVA SYSTEMS,5,MEA ASIA,NEXUS,FORFAIT,2T3Z1ECEG2FCV9T,9.38
Jerry,Hernandez,WK50641,4674687,INOVA SYSTEMS,5,MEA,NEXUS,FORFAIT,NO_TS_MEA,90.63
Jordan,Marsh,PC71640,7272575,BRYTON SYSTEMS,5,CONT ASIA,STELLAR,SUPPORT,WYQBXFIJT4M1SNI,15.34
Jordan,Marsh,PC71640,7272575,BRYTON SYSTEMS,5,MEA,STELLAR,SUPPORT,NO_TS_MEA,84.66
Debra,Carney,YQ02621,5473686,LUMEX DIGITAL,5,CONT ASIA,QUANTUM,SUPPORT,7C3OI3PAICZNBHJ,15.77
Stephen,Hall,CR76268,3617503,BRYTON GROUP,5,EMEA ASIA,STELLAR,SUPPORT,QUGJUAI530X7YLF,10.23
Stephen,Hall,CR76268,3617503,BRYTON GROUP,5,EMEA,STELLAR,SUPPORT,NO_TS_EMEA,89.77
Michael,Williams,JB59840,6195085,LUMEX GLOBAL,5,MEA AFRICA,PULSE,MAINTENANCE,D579EUHYBSJ90M8,9.66
Michael,Williams,JB59840,6195085,LUMEX GLOBAL,5,NA,PULSE,MAINTENANCE,NO_TS_NA,90.34
Ashley,Hobbs,ZF58644,5330805,ETHOS DYNAMICS,5,LATAM OCEANIA,PHOENIX,RPS,7FO71YNDBZG5D5E,9.66
Ashley,Hobbs,ZF58644,5330805,ETHOS DYNAMICS,5,NA,PHOENIX,RPS,NO_TS_NA,90.34
Timothy,Johnson,IL84201,9278611,LUMEX VENTURES,5,CONT MENA,ATLAS,RPS,6Q2WKSB13IKZJEC,11.36
Timothy,Johnson,IL84201,9278611,LUMEX VENTURES,5,MEA,ATLAS,RPS,NO_TS_MEA,88.64
Matthew,Daniels,VA70415,7985575,BRYTON CONSULTING,5,EMEA OCEANIA,ORBIT,SUPPORT,7T2CV6L40GGP9HR,8.24
Matthew,Daniels,VA70415,7985575,BRYTON CONSULTING,5,CONT,ORBIT,SUPPORT,NO_TS_CONT,91.76
Thomas,Hardin,LC62791,2199658,ETHOS SYSTEMS,5,LATAM MENA,VERTEX,MAINTENANCE,QVIZK906YTWAK5O,11.93
Thomas,Hardin,LC62791,2199658,ETHOS SYSTEMS,5,EMEA,VERTEX,MAINTENANCE,NO_TS_EMEA,88.07
Amy,Gibson,RU33987,1908874,GOLZEN GROUP,5,EMEA MENA,NEXUS,FORFAIT,6HIR4XPAXF01XDJ,8.81
Amy,Gibson,RU33987,1908874,GOLZEN GROUP,5,CONT,NEXUS,FORFAIT,NO_TS_CONT,91.19
David,Hale,LD20247,3069630,JALVIK DYNAMICS,5,MEA MENA,VERTEX,SUPPORT,R4EC5W3G31E4I8B,11.93
Patrick,Briggs,AS28385,2237226,HYRION TECH,5,LATAM ASIA,VERTEX,SUPPORT,JEPXMBPA81FL3WV,13.64
Patrick,Briggs,AS28385,2237226,HYRION TECH,5,LATAM,VERTEX,SUPPORT,NO_TS_LATAM,86.36
Mary,Blair,CC57811,3035027,INOVA GROUP,5,EMEA AFRICA,ORBIT,MAINTENANCE,UUW9OT5ADRDP65W,4.17
Mary,Blair,CC57811,3035027,INOVA GROUP,5,LATAM,ORBIT,MAINTENANCE,NO_TS_LATAM,95.83
Joseph,Grimes,LE04325,6597014,ALCOR DIGITAL,5,LATAM AFRICA,VERTEX,FORFAIT,2M01ZPEQCPMP9M0,11.93
Joseph,Grimes,LE04325,6597014,ALCOR DIGITAL,5,EMEA,VERTEX,FORFAIT,NO_TS_EMEA,88.07
Jeffrey,Cherry,HU25528,3951742,DELVO TECH,5,EMEA ASIA,PHOENIX,REGIE,Q8IUEI1HFKZL5LV,13.64
Jeffrey,Cherry,HU25528,3951742,DELVO TECH,5,LATAM,PHOENIX,REGIE,NO_TS_LATAM,86.36
Erika,Wyatt,VL61080,6782780,GOLZEN GLOBAL,5,MEA AFRICA,NEXUS,REGIE,U7QLP7JJLN1JSQ5,14.49
Erika,Wyatt,VL61080,6782780,GOLZEN GLOBAL,5,NA,NEXUS,REGIE,NO_TS_NA,85.51
Ryan,Tran,WZ64587,3108308,CENVEO SOLUTIONS,5,MEA OCEANIA,PHOENIX,FORFAIT,QX8AG7SXY6Y4COE,8.81
Ryan,Tran,WZ64587,3108308,CENVEO SOLUTIONS,5,EMEA,PHOENIX,FORFAIT,NO_TS_EMEA,91.19
James,Bird,IZ11259,4043373,GOLZEN DIGITAL,5,NA ASIA,ATLAS,MAINTENANCE,345IJ7C0J4T6W7Z,12.5
Adam,Cardenas,TT11162,8413971,JALVIK SYSTEMS,5,CONT EUROPE,ATLAS,SUPPORT,4PBXYWSPS0PWM9W,5.68
Adam,Cardenas,TT11162,8413971,JALVIK SYSTEMS,5,MEA,ATLAS,SUPPORT,NO_TS_MEA,94.32
Margaret,Sandoval,LA09839,3821779,INOVA SOLUTIONS,5,MEA AMERICA,VERTEX,RPS,3KKWNESSYJLP2F9,10.23
Margaret,Sandoval,LA09839,3821779,INOVA SOLUTIONS,5,LATAM,VERTEX,RPS,NO_TS_LATAM,89.77
David,Reyes,VH90288,6151735,LUMEX SYSTEMS,5,MEA OCEANIA,NOVA,REGIE,GE9ST3Z7790SUAL,13.64
David,Reyes,VH90288,6151735,LUMEX SYSTEMS,5,LATAM,NOVA,REGIE,NO_TS_LATAM,86.36
Craig,Dixon,MF33832,1061611,DELVO TECH,5,APAC ASIA,STELLAR,RPS,X2ZPRH6GQ43YUBP,11.36
Craig,Dixon,MF33832,1061611,DELVO TECH,5,MEA,STELLAR,RPS,NO_TS_MEA,88.64
Robert,Jones,LY29212,6569762,KESTRA DYNAMICS,5,EMEA OCEANIA,ORBIT,MAINTENANCE,OFYS467CFAUJTWW,12.5
Robert,Jones,LY29212,6569762,KESTRA DYNAMICS,5,NA,ORBIT,MAINTENANCE,NO_TS_NA,87.5
Julie,Thompson,NX47339,7864250,HYRION TECH,5,APAC EUROPE,PULSE,FORFAIT,CKQ6R53FXS30QWR,10.65
Julie,Thompson,NX47339,7864250,HYRION TECH,5,NA,PULSE,FORFAIT,NO_TS_NA,89.35
Patricia,Brown,TX32225,5747365,BRYTON SOLUTIONS,5,LATAM EUROPE,ATLAS,FORFAIT,IYDRHCGJD5VPQ5R,5.97
Alfred,Shannon,LY20876,1509410,ETHOS TECH,5,EMEA MENA,QUANTUM,REGIE,CYL2C86EPETKJLJ,13.64
Alfred,Shannon,LY20876,1509410,ETHOS TECH,5,LATAM,QUANTUM,REGIE,NO_TS_LATAM,86.36
Michael,Gentry,ES99921,1559737,FORVEX SYSTEMS,5,LATAM MENA,PHOENIX,MAINTENANCE,0T525JSAADLJPYS,7.95
Michael,Gentry,ES99921,1559737,FORVEX SYSTEMS,5,LATAM,PHOENIX,MAINTENANCE,NO_TS_LATAM,92.05
Michael,Robinson,IO75774,1057608,GOLZEN GROUP,5,MEA ASIA,PHOENIX,RPS,8DEGX9AP85FE16L,12.22
Michael,Robinson,IO75774,1057608,GOLZEN GROUP,5,LATAM,PHOENIX,RPS,NO_TS_LATAM,87.78
Willie,Cruz,WD01079,4941823,HYRION SYSTEMS,5,EMEA MENA,NOVA,FORFAIT,2W44XFG3OQGC04G,13.07
David,Baker,ZD18702,5281927,HYRION SOLUTIONS,5,APAC MENA,PULSE,RPS,3538C0ZXIPSBUPX,6.25
David,Baker,ZD18702,5281927,HYRION SOLUTIONS,5,NA,PULSE,RPS,NO_TS_NA,93.75
Carol,Meyer,SO90057,6786647,FORVEX TECH,5,MEA MENA,ORBIT,RPS,HQXQT1GJWUCKTUQ,8.24
Carol,Meyer,SO90057,6786647,FORVEX TECH,5,APAC,ORBIT,RPS,NO_TS_APAC,91.76
Robert,Martinez,UR82477,6963820,BRYTON GROUP,5,APAC AFRICA,ORBIT,MAINTENANCE,98WBR3OM9W1W5FV,13.64
Jennifer,Haley,PO85982,5322540,KESTRA GLOBAL,5,LATAM MENA,PHOENIX,RPS,KY4N7XMER41LNOW,13.64
Jennifer,Haley,PO85982,5322540,KESTRA GLOBAL,5,APAC,PHOENIX,RPS,NO_TS_APAC,86.36
Raymond,Long,TO67287,6949751,LUMEX VENTURES,5,CONT ASIA,VERTEX,FORFAIT,XBC6EJK55GQ8RZZ,16.48
Sarah,Griffin,XE67416,9118532,BRYTON CONSULTING,5,NA AMERICA,STELLAR,REGIE,HAK6QCMYE7JJZM4,11.36
Sarah,Griffin,XE67416,9118532,BRYTON CONSULTING,5,MEA,STELLAR,REGIE,NO_TS_MEA,88.64
Michelle,Arnold,YC31152,7997658,FORVEX DIGITAL,5,NA MENA,PHOENIX,SUPPORT,20D7F6Q1HUTJQZQ,5.4
Michelle,Arnold,YC31152,7997658,FORVEX DIGITAL,5,NA,PHOENIX,SUPPORT,NO_TS_NA,94.6
Rachel,Patrick,XM47319,4774430,CENVEO VENTURES,5,EMEA OCEANIA,STELLAR,MAINTENANCE,QORLQTVRGY5ZB8Q,11.93
Alyssa,Woodward,ID54038,4355451,FORVEX GROUP,5,EMEA EUROPE,QUANTUM,REGIE,BY8K4LR66T776YM,11.36
Alyssa,Woodward,ID54038,4355451,FORVEX GROUP,5,APAC,QUANTUM,REGIE,NO_TS_APAC,88.64
Michael,Williams,PF81091,7656158,BRYTON DYNAMICS,5,LATAM EUROPE,VERTEX,FORFAIT,LDUUKKYM1XULIPS,7.39
Michael,Williams,PF81091,7656158,BRYTON DYNAMICS,5,MEA,VERTEX,FORFAIT,NO_TS_MEA,92.61
Sara,Scott,PK18104,1599892,HYRION SOLUTIONS,5,MEA OCEANIA,STELLAR,MAINTENANCE,NEMMMSJ54RYRDG0,8.52
Sara,Scott,PK18104,1599892,HYRION SOLUTIONS,5,CONT,STELLAR,MAINTENANCE,NO_TS_CONT,91.48
Danielle,Ortega,OC51625,4358474,GOLZEN SOLUTIONS,5,APAC AMERICA,ATLAS,RPS,HVINYXTX4361S17,13.07
Danielle,Ortega,OC51625,4358474,GOLZEN SOLUTIONS,5,MEA,ATLAS,RPS,NO_TS_MEA,86.93
Keith,Griffin,GL29863,8661960,CENVEO DIGITAL,5,LATAM EUROPE,PHOENIX,REGIE,NAZ8UU2GRZ39EQ1,9.38
Joanna,Brown,EL71395,9739997,ALCOR GROUP,5,MEA OCEANIA,STELLAR,MAINTENANCE,CS4APX789ME3AH5,9.94
Katelyn,Gallagher,UR40636,1141245,HYRION TECH,5,MEA OCEANIA,QUANTUM,REGIE,N5S7FAR5XUFRU5P,11.36
Katelyn,Gallagher,UR40636,1141245,HYRION TECH,5,NA,QUANTUM,REGIE,NO_TS_NA,88.64
Sharon,Larson,QX82979,6612210,CENVEO VENTURES,5,LATAM AFRICA,NEXUS,FORFAIT,ROF7YJBYPIYA2TE,11.08
Sharon,Larson,QX82979,6612210,CENVEO VENTURES,5,EMEA,NEXUS,FORFAIT,NO_TS_EMEA,88.92
Amber,Barnes,GU00212,4686062,INOVA SOLUTIONS,5,NA AMERICA,VERTEX,SUPPORT,GMN0ESSFABO9C9Y,12.5
Amber,Barnes,GU00212,4686062,INOVA SOLUTIONS,5,MEA,VERTEX,SUPPORT,NO_TS_MEA,87.5
Vicki,Walker,UQ32781,9063206,ALCOR SYSTEMS,5,MEA AFRICA,ATLAS,RPS,K4X7NZU7GW3WC4I,13.64
Vicki,Walker,UQ32781,9063206,ALCOR SYSTEMS,5,LATAM,ATLAS,RPS,NO_TS_LATAM,86.36
Matthew,Owens,ZB56506,8155754,FORVEX GLOBAL,5,CONT ASIA,QUANTUM,REGIE,AF11MOFR8Y2S4Z6,11.79
Matthew,Owens,ZB56506,8155754,FORVEX GLOBAL,5,NA,QUANTUM,REGIE,NO_TS_NA,88.21
Brian,Jones,HO05199,2579835,ETHOS TECH,5,MEA OCEANIA,NOVA,REGIE,XPPY14M03KPE40Y,13.64
Brian,Jones,HO05199,2579835,ETHOS TECH,5,EMEA,NOVA,REGIE,NO_TS_EMEA,86.36
Joseph,Williams,LL62051,5343143,ETHOS TECH,5,NA MENA,VERTEX,REGIE,9MWF6Y6E8IRN304,10.51
Joseph,Williams,LL62051,5343143,ETHOS TECH,5,APAC,VERTEX,REGIE,NO_TS_APAC,89.49
Emily,Terry,ZI91714,6330678,LUMEX DIGITAL,5,CONT MENA,STELLAR,FORFAIT,MLRIJ97F0IFLDI1,8.81
Emily,Terry,ZI91714,6330678,LUMEX DIGITAL,5,CONT,STELLAR,FORFAIT,NO_TS_CONT,91.19
Larry,Shaffer,HH10586,4937979,CENVEO GROUP,5,LATAM ASIA,NOVA,MAINTENANCE,A6GFRLMBHH98LJV,10.8
Larry,Shaffer,HH10586,4937979,CENVEO GROUP,5,MEA,NOVA,MAINTENANCE,NO_TS_MEA,89.2
Haley,Allen,CO07360,3138869,ETHOS GROUP,5,APAC EUROPE,PULSE,RPS,QICQ21CK4PYYJ4G,9.09
Michael,Porter,BB11881,7168220,GOLZEN DIGITAL,5,CONT AMERICA,NEXUS,RPS,FBNS8AFNYY90QRN,9.52
Michael,Porter,BB11881,7168220,GOLZEN DIGITAL,5,EMEA,NEXUS,RPS,NO_TS_EMEA,90.48
Margaret,Berg,TN28579,3630938,JALVIK DIGITAL,5,LATAM EUROPE,NEXUS,FORFAIT,J2UMAYCS1UQ5AMH,12.5
David,Blair,AS36758,4310604,HYRION SOLUTIONS,5,CONT OCEANIA,QUANTUM,RPS,XM0IZXT195GDNV0,9.09
David,Blair,AS36758,4310604,HYRION SOLUTIONS,5,CONT,QUANTUM,RPS,NO_TS_CONT,90.91
Amber,Stone,CO86175,5023006,HYRION GROUP,5,MEA EUROPE,ATLAS,RPS,VIWM3Y8H68VR3D0,5.82
Amber,Stone,CO86175,5023006,HYRION GROUP,5,APAC,ATLAS,RPS,NO_TS_APAC,94.18
Kimberly,Yu,TS48935,5431571,ALCOR CONSULTING,5,EMEA ASIA,QUANTUM,SUPPORT,WK31M5UWCOCNSJU,10.23
Kimberly,Yu,TS48935,5431571,ALCOR CONSULTING,5,MEA,QUANTUM,SUPPORT,NO_TS_MEA,89.77
Joshua,Moses,NL10923,7118906,INOVA GLOBAL,5,MEA ASIA,NEXUS,MAINTENANCE,C3OY0YX9RFRSM5E,12.5
Elizabeth,Owen,CK85173,3597721,ETHOS TECH,5,LATAM ASIA,PULSE,REGIE,MOFI080CIXCY9YT,15.91
Elizabeth,Owen,CK85173,3597721,ETHOS TECH,5,MEA,PULSE,REGIE,NO_TS_MEA,84.09
Gabriel,Davies,TG45920,9305233,ETHOS CONSULTING,5,CONT MENA,ATLAS,RPS,WAXFNXQ07ZJ38XH,11.36
Gabriel,Davies,TG45920,9305233,ETHOS CONSULTING,5,EMEA,ATLAS,RPS,NO_TS_EMEA,88.64
Hayley,Hanson,DN54169,1213301,JALVIK VENTURES,5,EMEA ASIA,PHOENIX,RPS,IX4B3V5AG7IJF4D,10.23
Hayley,Hanson,DN54169,1213301,JALVIK VENTURES,5,EMEA,PHOENIX,RPS,NO_TS_EMEA,89.77
Rickey,Vincent,OQ26671,8434913,ALCOR GLOBAL,5,CONT AFRICA,VERTEX,REGIE,0PL171YNMPBA6N0,13.64
Matthew,Holt,PI89825,8303927,HYRION DIGITAL,5,APAC MENA,NEXUS,FORFAIT,ZIQKXVBZP8N7UOG,13.92
Maria,Harris,SO86883,1213501,INOVA SOLUTIONS,5,NA EUROPE,VERTEX,SUPPORT,059V7XGSRBKNCXB,9.38
Maria,Harris,SO86883,1213501,INOVA SOLUTIONS,5,LATAM,VERTEX,SUPPORT,NO_TS_LATAM,90.63
Travis,Price,VJ70481,2039810,GOLZEN TECH,5,EMEA AMERICA,PULSE,SUPPORT,QPD37B8C56EH7RO,10.65
Travis,Price,VJ70481,2039810,GOLZEN TECH,5,EMEA,PULSE,SUPPORT,NO_TS_EMEA,89.35
Lindsey,Montgomery,LN26873,3541149,FORVEX DIGITAL,5,APAC AMERICA,ORBIT,FORFAIT,4EAOM4679IMY3RB,9.8
Lindsey,Montgomery,LN26873,3541149,FORVEX DIGITAL,5,LATAM,ORBIT,FORFAIT,NO_TS_LATAM,90.2
Lisa,Dominguez,SI11507,4320171,BRYTON TECH,5,MEA ASIA,ORBIT,RPS,2GUL3EVXS82DX7Y,9.38
Lisa,Dominguez,SI11507,4320171,BRYTON TECH,5,APAC,ORBIT,RPS,NO_TS_APAC,90.63
Tiffany,Higgins,UN30286,2629550,ETHOS CONSULTING,5,LATAM EUROPE,ORBIT,FORFAIT,VNCRY6S2BZY8LQ0,9.66
Tiffany,Higgins,UN30286,2629550,ETHOS CONSULTING,5,EMEA,ORBIT,FORFAIT,NO_TS_EMEA,90.34
Robert,Moore,BA61035,8268814,INOVA GROUP,5,NA OCEANIA,NOVA,SUPPORT,6C73ZDAW8OXRPTC,11.36
Robert,Moore,BA61035,8268814,INOVA GROUP,5,EMEA,NOVA,SUPPORT,NO_TS_EMEA,88.64
Daniel,Jackson,JF84445,7113262,FORVEX GROUP,5,MEA AFRICA,STELLAR,MAINTENANCE,SWYG4DJNZJXBKCB,8.38
Daniel,Jackson,JF84445,7113262,FORVEX GROUP,5,EMEA,STELLAR,MAINTENANCE,NO_TS_EMEA,91.62
Diana,Martin,XQ94518,7069202,ALCOR GLOBAL,5,LATAM MENA,STELLAR,RPS,UGJV9KCOGV23YJF,9.94
Diana,Martin,XQ94518,7069202,ALCOR GLOBAL,5,APAC,STELLAR,RPS,NO_TS_APAC,90.06
Juan,Peterson,TK29584,3770936,KESTRA SOLUTIONS,5,MEA AFRICA,VERTEX,SUPPORT,GOUFNDSR36J137O,11.36
John,Spence,KW35116,9077826,BRYTON GROUP,5,LATAM MENA,VERTEX,FORFAIT,FWEZE6BSDYI8MZ4,11.93
John,Spence,KW35116,9077826,BRYTON GROUP,5,NA,VERTEX,FORFAIT,NO_TS_NA,88.07
Daniel,Carpenter,HV46928,1846600,ALCOR GROUP,5,NA OCEANIA,STELLAR,FORFAIT,A3Q5FO9BANA0O5U,10.23
Daniel,Carpenter,HV46928,1846600,ALCOR GROUP,5,EMEA,STELLAR,FORFAIT,NO_TS_EMEA,89.77
Brianna,Mendez,VJ41955,2721040,INOVA SYSTEMS,5,CONT EUROPE,ORBIT,REGIE,3X79847UU61AN5A,9.66
Brianna,Mendez,VJ41955,2721040,INOVA SYSTEMS,5,MEA,ORBIT,REGIE,NO_TS_MEA,90.34
Samantha,Hubbard,II27052,7424335,ETHOS GLOBAL,5,APAC AMERICA,ORBIT,MAINTENANCE,P8GYBRW2X4AW2WC,11.51
Samantha,Hubbard,II27052,7424335,ETHOS GLOBAL,5,CONT,ORBIT,MAINTENANCE,NO_TS_CONT,88.49
Mark,Brown,RE02227,7474355,BRYTON SYSTEMS,5,MEA MENA,ORBIT,RPS,VJNKXCSTUFLNN38,7.95
Mark,Brown,RE02227,7474355,BRYTON SYSTEMS,5,APAC,ORBIT,RPS,NO_TS_APAC,92.05
James,Clark,LF68469,1401565,DELVO GROUP,5,LATAM OCEANIA,NOVA,SUPPORT,KVDEYDOZMW8SH7I,13.64
James,Clark,LF68469,1401565,DELVO GROUP,5,CONT,NOVA,SUPPORT,NO_TS_CONT,86.36
Eric,Hughes,LD77766,9769105,LUMEX SOLUTIONS,5,CONT MENA,PULSE,REGIE,9MMEVHFEWKBK9BP,15.48
Sarah,Holmes,PQ09951,8339675,INOVA DIGITAL,5,EMEA AFRICA,VERTEX,REGIE,LFNQMYGANWHUHJI,11.36
David,Cox,CB96202,5189950,BRYTON DYNAMICS,5,CONT MENA,NEXUS,REGIE,8B6N4NABVIWP60O,15.91
David,Cox,CB96202,5189950,BRYTON DYNAMICS,5,APAC,NEXUS,REGIE,NO_TS_APAC,84.09
Jordan,Scott,UR20174,1523294,ALCOR SYSTEMS,5,NA OCEANIA,ORBIT,RPS,4DY3VKP0HUE8D0T,7.39
Jordan,Scott,UR20174,1523294,ALCOR SYSTEMS,5,MEA,ORBIT,RPS,NO_TS_MEA,92.61
Stephanie,Wise,SF46322,4721001,GOLZEN VENTURES,5,NA ASIA,VERTEX,REGIE,C7J7VU11AC10JCO,11.08
Stephanie,Wise,SF46322,4721001,GOLZEN VENTURES,5,APAC,VERTEX,REGIE,NO_TS_APAC,88.92
Justin,Scott,HW93992,6102309,KESTRA DYNAMICS,5,NA AFRICA,PULSE,RPS,1OTKBCKG152GNFA,12.5
Brandy,Lopez,AS73714,7568201,DELVO GLOBAL,5,EMEA AFRICA,NEXUS,SUPPORT,EQI4N5F0Y3PWNMZ,11.65
Brandy,Lopez,AS73714,7568201,DELVO GLOBAL,5,CONT,NEXUS,SUPPORT,NO_TS_CONT,88.35
Jasmine,Ford,ET83992,1448257,KESTRA SYSTEMS,5,CONT MENA,QUANTUM,SUPPORT,SCYA1QZCEIN9USM,11.65
Jasmine,Ford,ET83992,1448257,KESTRA SYSTEMS,5,APAC,QUANTUM,SUPPORT,NO_TS_APAC,88.35
Robert,Phillips,RP53912,8249123,CENVEO SYSTEMS,5,NA ASIA,NOVA,RPS,JLDEYO96GATV2CC,10.94
Wendy,Warren,LJ69484,7249096,CENVEO SYSTEMS,5,EMEA AFRICA,PHOENIX,SUPPORT,I39FYUZPESE8NXV,15.91
Wendy,Warren,LJ69484,7249096,CENVEO SYSTEMS,5,MEA,PHOENIX,SUPPORT,NO_TS_MEA,84.09
Jason,Young,EG06715,2451424,JALVIK DIGITAL,5,NA AFRICA,PULSE,FORFAIT,ZA8X5OOM6S2D9TD,12.78
Jason,Young,EG06715,2451424,JALVIK DIGITAL,5,LATAM,PULSE,FORFAIT,NO_TS_LATAM,87.22
Daniel,Rodriguez,TZ70862,3457894,KESTRA VENTURES,5,LATAM MENA,VERTEX,SUPPORT,MFYO2OAB074X2LD,11.93
Wesley,Baker,SW07836,5856513,BRYTON VENTURES,5,APAC OCEANIA,PULSE,FORFAIT,K7F74H6C0HZ8N0T,9.52
Wesley,Baker,SW07836,5856513,BRYTON VENTURES,5,CONT,PULSE,FORFAIT,NO_TS_CONT,90.48
Todd,Martin,FA22015,5232978,KESTRA TECH,5,NA ASIA,ATLAS,REGIE,QMTXIS6G2YZ2P19,10.8
Tracy,Reynolds,YG04123,5271706,GOLZEN DIGITAL,5,MEA EUROPE,PULSE,RPS,35F291L1GQ6B90M,11.36
Tracy,Reynolds,YG04123,5271706,GOLZEN DIGITAL,5,CONT,PULSE,RPS,NO_TS_CONT,88.64
Jack,Silva,PH25531,8588750,INOVA CONSULTING,5,CONT ASIA,QUANTUM,SUPPORT,2OB3VG9LBYERZ0O,11.51
Jack,Silva,PH25531,8588750,INOVA CONSULTING,5,CONT,QUANTUM,SUPPORT,NO_TS_CONT,88.49
Jeremy,Gardner,GE86486,7274256,JALVIK CONSULTING,5,NA ASIA,ATLAS,REGIE,X7XADWMPV7RL2EV,13.64
Christopher,Kelly,ME10269,3924028,GOLZEN DYNAMICS,5,APAC AFRICA,QUANTUM,REGIE,RMCUFX0YLQIP60G,10.37
Christopher,Kelly,ME10269,3924028,GOLZEN DYNAMICS,5,CONT,QUANTUM,REGIE,NO_TS_CONT,89.63
Nicholas,Morse,MK70999,5082822,ETHOS SOLUTIONS,5,CONT MENA,STELLAR,REGIE,TOSE2LJQBTEIZJA,15.91
Nicholas,Morse,MK70999,5082822,ETHOS SOLUTIONS,5,EMEA,STELLAR,REGIE,NO_TS_EMEA,84.09
Corey,Wagner,ZQ82615,4041431,ALCOR DIGITAL,5,MEA AFRICA,ATLAS,FORFAIT,2FAYNPN5YIH2XWP,13.64
Courtney,Thomas,HS39928,2859720,CENVEO DIGITAL,5,NA MENA,VERTEX,REGIE,W7Y2OHEMDXP54UQ,14.2
Courtney,Thomas,HS39928,2859720,CENVEO DIGITAL,5,LATAM,VERTEX,REGIE,NO_TS_LATAM,85.8
Michele,Richardson,YR76389,7990508,ETHOS CONSULTING,5,APAC MENA,QUANTUM,RPS,WQWLG85OZT27CYD,5.11
Michele,Richardson,YR76389,7990508,ETHOS CONSULTING,5,CONT,QUANTUM,RPS,NO_TS_CONT,94.89
Kathleen,Williams,OY02460,6043051,DELVO VENTURES,5,LATAM AMERICA,ORBIT,RPS,K5MCDEECFUJ4OGQ,15.91
Kathleen,Williams,OY02460,6043051,DELVO VENTURES,5,APAC,ORBIT,RPS,NO_TS_APAC,84.09
James,Miller,JV76452,9261934,GOLZEN SOLUTIONS,5,CONT ASIA,STELLAR,MAINTENANCE,QID7FSGK0QZHRK2,10.51
James,Miller,JV76452,9261934,GOLZEN SOLUTIONS,5,NA,STELLAR,MAINTENANCE,NO_TS_NA,89.49
Brendan,Olson,FL46108,9484675,ETHOS GROUP,5,MEA MENA,PULSE,FORFAIT,XNU2QRTF1WZOOL5,15.48
Brendan,Olson,FL46108,9484675,ETHOS GROUP,5,EMEA,PULSE,FORFAIT,NO_TS_EMEA,84.52
Tony,Jenkins,DT51219,7192959,ETHOS VENTURES,5,CONT EUROPE,PULSE,MAINTENANCE,IUSW4GJDKJJVD8H,10.23
Tony,Jenkins,DT51219,7192959,ETHOS VENTURES,5,MEA,PULSE,MAINTENANCE,NO_TS_MEA,89.77
Stephen,Zimmerman,XZ42915,3903004,JALVIK CONSULTING,5,NA ASIA,ATLAS,FORFAIT,BN0N1DEFDPBWQWH,9.09
Stephen,Zimmerman,XZ42915,3903004,JALVIK CONSULTING,5,NA,ATLAS,FORFAIT,NO_TS_NA,90.91
Jennifer,Richardson,BC68598,1854949,LUMEX GROUP,5,LATAM EUROPE,NOVA,REGIE,8JS45XO00W9CW8N,10.8
Jennifer,Richardson,BC68598,1854949,LUMEX GROUP,5,APAC,NOVA,REGIE,NO_TS_APAC,89.2
Marcus,Small,FU18543,1703193,INOVA SOLUTIONS,5,LATAM AFRICA,ATLAS,FORFAIT,UAQNKQM9V61T6R6,11.36
George,Evans,CC63537,2500880,GOLZEN DYNAMICS,5,LATAM OCEANIA,PHOENIX,MAINTENANCE,WJ365M3MZD71TBT,10.8
George,Evans,CC63537,2500880,GOLZEN DYNAMICS,5,MEA,PHOENIX,MAINTENANCE,NO_TS_MEA,89.2
Corey,Rhodes,UO13140,1480413,LUMEX DYNAMICS,5,NA ASIA,STELLAR,RPS,0U8N30NOWKV0JBE,15.06
Corey,Rhodes,UO13140,1480413,LUMEX DYNAMICS,5,LATAM,STELLAR,RPS,NO_TS_LATAM,84.94
Joseph,Reed,LJ95728,3085339,INOVA GLOBAL,5,EMEA OCEANIA,STELLAR,REGIE,T92EZN07NJ3XTAI,11.22
Joseph,Reed,LJ95728,3085339,INOVA GLOBAL,5,CONT,STELLAR,REGIE,NO_TS_CONT,88.78
James,Durham,UV28610,8308204,CENVEO CONSULTING,5,APAC EUROPE,PULSE,SUPPORT,VV624S38LPRG2IA,13.64
James,Durham,UV28610,8308204,CENVEO CONSULTING,5,CONT,PULSE,SUPPORT,NO_TS_CONT,86.36
Linda,Hernandez,YU30811,1726149,LUMEX TECH,5,CONT OCEANIA,STELLAR,RPS,0POGWDFYWQ8KLV3,15.91
Linda,Hernandez,YU30811,1726149,LUMEX TECH,5,NA,STELLAR,RPS,NO_TS_NA,84.09
Thomas,Holmes,EP17095,1250665,BRYTON GLOBAL,5,APAC OCEANIA,PHOENIX,MAINTENANCE,OSKSCBB1VFB68UM,8.52
Thomas,Holmes,EP17095,1250665,BRYTON GLOBAL,5,LATAM,PHOENIX,MAINTENANCE,NO_TS_LATAM,91.48
Jessica,West,ZT09420,4915544,KESTRA VENTURES,5,LATAM MENA,QUANTUM,FORFAIT,OKWH3181IZC3UPV,8.24
Jessica,West,ZT09420,4915544,KESTRA VENTURES,5,CONT,QUANTUM,FORFAIT,NO_TS_CONT,91.76
Ruth,Walker,JL56570,3887261,LUMEX TECH,5,APAC MENA,ATLAS,SUPPORT,FNIY3IYSLNZME9W,13.64
Ruth,Walker,JL56570,3887261,LUMEX TECH,5,LATAM,ATLAS,SUPPORT,NO_TS_LATAM,86.36
Danielle,Brown,WF05125,8017794,ETHOS GLOBAL,5,CONT MENA,STELLAR,REGIE,Q9DALSKHSZA4JRZ,14.35
Danielle,Brown,WF05125,8017794,ETHOS GLOBAL,5,CONT,STELLAR,REGIE,NO_TS_CONT,85.65
Cheyenne,Bailey,GN15713,6007091,LUMEX VENTURES,5,NA MENA,STELLAR,FORFAIT,ZLONRCTGYNZC0F3,13.64
Austin,Lowery,XI77763,4837560,FORVEX SYSTEMS,5,MEA AFRICA,STELLAR,SUPPORT,0CKFPZXASNSTT31,9.66
Jennifer,Molina,IX75314,7554139,ETHOS CONSULTING,5,NA ASIA,PULSE,REGIE,M074YVBO67QZNE7,9.52
Jennifer,Molina,IX75314,7554139,ETHOS CONSULTING,5,CONT,PULSE,REGIE,NO_TS_CONT,90.48
Melissa,White,ED66584,5826162,JALVIK GROUP,5,EMEA AMERICA,PULSE,FORFAIT,JN7LDGHQT8PLCIJ,13.64
Melissa,White,ED66584,5826162,JALVIK GROUP,5,CONT,PULSE,FORFAIT,NO_TS_CONT,86.36
Vincent,Newman,ZC84831,8176530,GOLZEN GLOBAL,5,APAC MENA,PULSE,SUPPORT,O4QZ8UA3DQDML61,10.23
Vincent,Newman,ZC84831,8176530,GOLZEN GLOBAL,5,NA,PULSE,SUPPORT,NO_TS_NA,89.77
Mason,Stewart,EA52463,4596836,LUMEX GLOBAL,5,EMEA ASIA,PHOENIX,RPS,9Z9UEU03PIC1WF0,6.53
Mason,Stewart,EA52463,4596836,LUMEX GLOBAL,5,EMEA,PHOENIX,RPS,NO_TS_EMEA,93.47
Todd,Tapia,XB09208,6487608,KESTRA CONSULTING,5,EMEA OCEANIA,PULSE,RPS,9X7ELV94JWG5WQK,14.29
Todd,Tapia,XB09208,6487608,KESTRA CONSULTING,5,NA,PULSE,RPS,NO_TS_NA,85.71
Brenda,Hayden,YP12249,5722538,ETHOS CONSULTING,5,LATAM OCEANIA,PHOENIX,REGIE,AAH5H0GJMISAHA9,14.2
Brenda,Hayden,YP12249,5722538,ETHOS CONSULTING,5,LATAM,PHOENIX,REGIE,NO_TS_LATAM,85.8
Christine,Johnson,EM25660,9434174,CENVEO GLOBAL,5,LATAM EUROPE,NOVA,REGIE,3PVYVQV9B4R1UFX,10.8
Christine,Johnson,EM25660,9434174,CENVEO GLOBAL,5,LATAM,NOVA,REGIE,NO_TS_LATAM,89.2
Barbara,Boyd,DC02883,5105526,LUMEX DYNAMICS,5,APAC MENA,QUANTUM,RPS,G5VQ039RA0CUEIV,6.25
Barbara,Boyd,DC02883,5105526,LUMEX DYNAMICS,5,MEA,QUANTUM,RPS,NO_TS_MEA,93.75
William,Schneider,MZ06173,6291220,BRYTON SYSTEMS,5,NA MENA,NOVA,FORFAIT,2YY1BIN0HV1KQX2,7.95
William,Schneider,MZ06173,6291220,BRYTON SYSTEMS,5,APAC,NOVA,FORFAIT,NO_TS_APAC,92.05
Brandi,Newton,AL59005,9247457,HYRION DYNAMICS,5,APAC ASIA,ATLAS,REGIE,YF9CUD281PZ2MMN,6.82
Brandi,Newton,AL59005,9247457,HYRION DYNAMICS,5,CONT,ATLAS,REGIE,NO_TS_CONT,93.18
Lawrence,Carr,UO81268,5756995,CENVEO TECH,5,CONT AFRICA,NEXUS,REGIE,T4ALFH50CH4342G,13.64
Lawrence,Carr,UO81268,5756995,CENVEO TECH,5,MEA,NEXUS,REGIE,NO_TS_MEA,86.36
Jacob,Martin,IJ56619,8237038,ETHOS SYSTEMS,5,CONT AMERICA,PHOENIX,RPS,Y7DUQ6AJWLAD1B9,11.65
Jacob,Martin,IJ56619,8237038,ETHOS SYSTEMS,5,NA,PHOENIX,RPS,NO_TS_NA,88.35
Evan,Miller,FQ21663,5674331,CENVEO SYSTEMS,5,APAC AFRICA,NOVA,RPS,XFOZ8JVK24QI6PP,11.79
Evan,Miller,FQ21663,5674331,CENVEO SYSTEMS,5,CONT,NOVA,RPS,NO_TS_CONT,88.21
Patricia,Peterson,TM01217,3648875,LUMEX DIGITAL,5,LATAM AFRICA,ATLAS,FORFAIT,GLUZES8JPMUKX2A,12.5
Patricia,Peterson,TM01217,3648875,LUMEX DIGITAL,5,CONT,ATLAS,FORFAIT,NO_TS_CONT,87.5
Kathryn,Stein,TC17773,9274333,INOVA SOLUTIONS,5,APAC EUROPE,NEXUS,REGIE,O5A1KZH551RLUMD,9.94
Nicole,Mcdonald,HI16550,1428501,JALVIK SYSTEMS,5,APAC MENA,ORBIT,REGIE,FFQU4NFQAGRYZEL,12.5
Nicole,Mcdonald,HI16550,1428501,JALVIK SYSTEMS,5,LATAM,ORBIT,REGIE,NO_TS_LATAM,87.5
David,Meza,MR13060,1301471,LUMEX DYNAMICS,5,NA ASIA,ATLAS,RPS,73E2HR2F5CU4VTC,13.64
David,Meza,MR13060,1301471,LUMEX DYNAMICS,5,APAC,ATLAS,RPS,NO_TS_APAC,86.36
Cynthia,Tran,RF79820,2592195,DELVO TECH,5,LATAM AMERICA,NOVA,SUPPORT,7PF0WOZMFMBSNE4,11.36
Cynthia,Tran,RF79820,2592195,DELVO TECH,5,CONT,NOVA,SUPPORT,NO_TS_CONT,88.64
Steven,Richardson,AG76460,6673469,FORVEX GLOBAL,5,APAC ASIA,PHOENIX,REGIE,7MTYUFA51JL86UD,14.06
Steven,Richardson,AG76460,6673469,FORVEX GLOBAL,5,MEA,PHOENIX,REGIE,NO_TS_MEA,85.94
Lisa,Diaz,NX21108,5625272,LUMEX GROUP,5,CONT EUROPE,ORBIT,REGIE,X92Z6MTNCHR9VB4,9.38
Lisa,Diaz,NX21108,5625272,LUMEX GROUP,5,LATAM,ORBIT,REGIE,NO_TS_LATAM,90.63
Peter,Mclaughlin,KH06868,8312718,KESTRA CONSULTING,5,MEA OCEANIA,QUANTUM,SUPPORT,GKUTCKNV20FNES5,5.4
Peter,Mclaughlin,KH06868,8312718,KESTRA CONSULTING,5,NA,QUANTUM,SUPPORT,NO_TS_NA,94.6
Pamela,Smith,MA57291,8264173,HYRION DIGITAL,5,EMEA OCEANIA,PHOENIX,RPS,IGDSPFG36SXPMIO,13.92
Pamela,Smith,MA57291,8264173,HYRION DIGITAL,5,NA,PHOENIX,RPS,NO_TS_NA,86.08
Reginald,Nelson,ND26284,6102102,JALVIK CONSULTING,5,APAC AMERICA,VERTEX,SUPPORT,HU6VZGVAKT49HAI,10.23
Reginald,Nelson,ND26284,6102102,JALVIK CONSULTING,5,APAC,VERTEX,SUPPORT,NO_TS_APAC,89.77
Samuel,Robinson,YM87930,2269295,FORVEX DYNAMICS,5,CONT EUROPE,NOVA,MAINTENANCE,7QV9C4HG0P8BLVL,11.36
Patricia,Morgan,BG35760,8211176,CENVEO GLOBAL,5,NA AMERICA,VERTEX,RPS,5N5VCDC46U66PDE,12.22
Brian,Smith,TB45101,8173314,HYRION GROUP,5,MEA EUROPE,PHOENIX,SUPPORT,RC42DX6ULZR1BMF,8.1
Brian,Smith,TB45101,8173314,HYRION GROUP,5,EMEA,PHOENIX,SUPPORT,NO_TS_EMEA,91.9
Kathryn,Garza,QL66834,9396984,CENVEO SOLUTIONS,5,NA AMERICA,ATLAS,MAINTENANCE,BOKO7IO9DRG1PH5,13.64
Kathryn,Garza,QL66834,9396984,CENVEO SOLUTIONS,5,APAC,ATLAS,MAINTENANCE,NO_TS_APAC,86.36
Linda,Snyder,VF57778,9547354,CENVEO DIGITAL,5,NA EUROPE,PHOENIX,RPS,C2CBMSDCDDRJHBB,7.39
Linda,Snyder,VF57778,9547354,CENVEO DIGITAL,5,CONT,PHOENIX,RPS,NO_TS_CONT,92.61
Joshua,Weber,IZ29532,9670386,DELVO GLOBAL,5,NA ASIA,STELLAR,RPS,IHBE41ORN8T8CN3,8.81
Joshua,Weber,IZ29532,9670386,DELVO GLOBAL,5,LATAM,STELLAR,RPS,NO_TS_LATAM,91.19
Michael,Flores,ZG30707,2061839,ALCOR SYSTEMS,5,EMEA AFRICA,ATLAS,SUPPORT,GIEA9O7ECZQ2KI3,14.77
Michael,Flores,ZG30707,2061839,ALCOR SYSTEMS,5,LATAM,ATLAS,SUPPORT,NO_TS_LATAM,85.23
Vanessa,Davidson,HJ49658,7839511,JALVIK VENTURES,5,EMEA ASIA,ORBIT,MAINTENANCE,AQMGF3LOK56SDU6,8.52
Vanessa,Davidson,HJ49658,7839511,JALVIK VENTURES,5,MEA,ORBIT,MAINTENANCE,NO_TS_MEA,91.48
Laurie,Finley,OF47896,3531806,KESTRA GROUP,5,APAC AMERICA,ORBIT,REGIE,D1F28VF4B6XDDH4,11.65
Jose,Thompson,XL82607,7642255,DELVO GLOBAL,5,EMEA AMERICA,QUANTUM,RPS,0UQ64QFW4BZ91LS,11.93
Jose,Thompson,XL82607,7642255,DELVO GLOBAL,5,LATAM,QUANTUM,RPS,NO_TS_LATAM,88.07
Jennifer,Soto,XY20481,3756790,HYRION TECH,5,MEA AFRICA,NOVA,MAINTENANCE,PEWXNKVYKJYF3YQ,13.64
Samantha,Goodwin,KF50466,8594197,DELVO DYNAMICS,5,MEA ASIA,PHOENIX,MAINTENANCE,PZHWTTANH4QVHT0,10.09
Samantha,Goodwin,KF50466,8594197,DELVO DYNAMICS,5,CONT,PHOENIX,MAINTENANCE,NO_TS_CONT,89.91
Amber,Garrett,HW59226,3401381,LUMEX GLOBAL,5,CONT AMERICA,ORBIT,SUPPORT,UDPJ7R2SWALPQ1F,5.0
Amber,Garrett,HW59226,3401381,LUMEX GLOBAL,5,APAC,ORBIT,SUPPORT,NO_TS_APAC,95.0
Bethany,Nielsen,UM57529,3597778,CENVEO GROUP,5,MEA AFRICA,PHOENIX,RPS,1M8TD9BPHWOA8HL,16.48
Bethany,Nielsen,UM57529,3597778,CENVEO GROUP,5,APAC,PHOENIX,RPS,NO_TS_APAC,83.52
Zoe,Williams,QW33225,3229518,ETHOS SYSTEMS,5,MEA OCEANIA,PHOENIX,MAINTENANCE,F9W6OODX6T753CP,10.8
Claudia,Johnson,HA06950,9973196,FORVEX DYNAMICS,5,CONT OCEANIA,QUANTUM,SUPPORT,NGV4HL775SO58B8,18.18
Claudia,Johnson,HA06950,9973196,FORVEX DYNAMICS,5,MEA,QUANTUM,SUPPORT,NO_TS_MEA,81.82
Ashley,Simmons,VY41324,4955404,JALVIK SOLUTIONS,5,MEA ASIA,STELLAR,MAINTENANCE,315IN3YJROS6CDN,11.51
Ashley,Simmons,VY41324,4955404,JALVIK SOLUTIONS,5,EMEA,STELLAR,MAINTENANCE,NO_TS_EMEA,88.49
Robert,Dunn,OD31843,6345920,BRYTON GROUP,5,LATAM EUROPE,NOVA,SUPPORT,2JLJBCMFR08BDY7,10.23
Robert,Dunn,OD31843,6345920,BRYTON GROUP,5,APAC,NOVA,SUPPORT,NO_TS_APAC,89.77
James,Perez,XR35527,9162703,HYRION DIGITAL,5,EMEA AMERICA,ORBIT,FORFAIT,GVAB2D4Z7BAP71V,8.38
James,Perez,XR35527,9162703,HYRION DIGITAL,5,LATAM,ORBIT,FORFAIT,NO_TS_LATAM,91.62
Lisa,Crane,YT88859,2045902,JALVIK SOLUTIONS,5,EMEA AFRICA,ORBIT,RPS,FAI7DIH68EEE5QN,15.06
Lisa,Crane,YT88859,2045902,JALVIK SOLUTIONS,5,LATAM,ORBIT,RPS,NO_TS_LATAM,84.94
Gregory,Lester,CC40874,4569216,CENVEO GROUP,5,APAC AMERICA,VERTEX,SUPPORT,Y0NKZCAK7JP59IT,6.82
Kristie,Moran,QG18452,1750981,GOLZEN GLOBAL,5,LATAM AFRICA,ATLAS,MAINTENANCE,718ZXZXVMAA5M70,12.22
Kristie,Moran,QG18452,1750981,GOLZEN GLOBAL,5,MEA,ATLAS,MAINTENANCE,NO_TS_MEA,87.78
Adrian,Hensley,HF49983,9525353,DELVO DIGITAL,5,MEA EUROPE,QUANTUM,FORFAIT,NMNHW5DIH4UNV78,15.91
Adrian,Hensley,HF49983,9525353,DELVO DIGITAL,5,CONT,QUANTUM,FORFAIT,NO_TS_CONT,84.09
Robert,Bowen,BS77563,1459774,LUMEX TECH,5,EMEA AFRICA,STELLAR,SUPPORT,Q21E6VHFXKVXSKS,7.1
Robert,Bowen,BS77563,1459774,LUMEX TECH,5,APAC,STELLAR,SUPPORT,NO_TS_APAC,92.9
Joseph,Moore,BG59752,2167352,CENVEO DIGITAL,5,LATAM MENA,VERTEX,REGIE,1P3IZOLMTH81DDS,9.94
Joseph,Moore,BG59752,2167352,CENVEO DIGITAL,5,MEA,VERTEX,REGIE,NO_TS_MEA,90.06
Michael,Oliver,WO20303,5490727,CENVEO DIGITAL,5,NA ASIA,NOVA,MAINTENANCE,ZN3HRU7GR8SD0GN,10.51
Michael,Oliver,WO20303,5490727,CENVEO DIGITAL,5,CONT,NOVA,MAINTENANCE,NO_TS_CONT,89.49
Allison,Murphy,OU47690,6961256,GOLZEN VENTURES,5,LATAM OCEANIA,PHOENIX,SUPPORT,ZFE7OU0Y3J2Y2V3,9.52
Allison,Murphy,OU47690,6961256,GOLZEN VENTURES,5,MEA,PHOENIX,SUPPORT,NO_TS_MEA,90.48
Dawn,Sparks,YP18379,9989331,HYRION GROUP,5,EMEA ASIA,NOVA,REGIE,UILA3KLHGDRUF73,11.79
Dawn,Sparks,YP18379,9989331,HYRION GROUP,5,EMEA,NOVA,REGIE,NO_TS_EMEA,88.21
Emily,Bell,XH50449,1754765,FORVEX VENTURES,5,CONT MENA,ORBIT,REGIE,TA22772W9ODEXLY,13.64
Emily,Bell,XH50449,1754765,FORVEX VENTURES,5,MEA,ORBIT,REGIE,NO_TS_MEA,86.36
Barbara,Moore,NX94091,9387350,HYRION VENTURES,5,APAC ASIA,STELLAR,FORFAIT,MGK4LU6BDXKH006,11.93
Barbara,Moore,NX94091,9387350,HYRION VENTURES,5,NA,STELLAR,FORFAIT,NO_TS_NA,88.07
Danielle,Brown,YH05290,1364159,BRYTON GLOBAL,5,MEA AMERICA,STELLAR,MAINTENANCE,62KT41Q07OIFNEZ,11.36
Danielle,Brown,YH05290,1364159,BRYTON GLOBAL,5,APAC,STELLAR,MAINTENANCE,NO_TS_APAC,88.64
Tina,Mcfarland,CR81167,2322294,ETHOS SYSTEMS,5,MEA AFRICA,ATLAS,REGIE,OW4GPA9PC4O7PCO,7.95
Tina,Mcfarland,CR81167,2322294,ETHOS SYSTEMS,5,APAC,ATLAS,REGIE,NO_TS_APAC,92.05
Brandy,Perez,TW53135,8096392,HYRION DYNAMICS,5,LATAM AFRICA,PHOENIX,MAINTENANCE,FMW7ZQ9BQ5MK9GZ,11.36
Brandy,Perez,TW53135,8096392,HYRION DYNAMICS,5,LATAM,PHOENIX,MAINTENANCE,NO_TS_LATAM,88.64
Jennifer,Walker,XY18145,2290959,KESTRA GROUP,5,APAC MENA,ATLAS,SUPPORT,LC66LKZKC15ZJ0A,12.5
Jennifer,Walker,XY18145,2290959,KESTRA GROUP,5,NA,ATLAS,SUPPORT,NO_TS_NA,87.5
Eric,Patrick,QH34789,1017939,LUMEX CONSULTING,5,EMEA MENA,NEXUS,FORFAIT,OFL8ZY85CWYZSXV,9.66
William,Ramirez,HL90340,7898015,DELVO SYSTEMS,5,APAC AMERICA,ATLAS,RPS,8O1JDM4ADO9JSRC,9.38
James,Jones,IU21641,6570958,BRYTON SOLUTIONS,5,CONT EUROPE,NOVA,SUPPORT,GP1BE4ZRJL8TITN,13.64
James,Jones,IU21641,6570958,BRYTON SOLUTIONS,5,CONT,NOVA,SUPPORT,NO_TS_CONT,86.36
Kendra,Chen,UB46793,6027080,HYRION DYNAMICS,5,MEA EUROPE,PULSE,SUPPORT,I7U9QGSHRMSBY17,14.2
Kendra,Chen,UB46793,6027080,HYRION DYNAMICS,5,EMEA,PULSE,SUPPORT,NO_TS_EMEA,85.8
John,Garza,VQ84244,8476463,BRYTON SOLUTIONS,5,EMEA AMERICA,STELLAR,MAINTENANCE,O8YCK84DAK3GPXR,13.07
John,Garza,VQ84244,8476463,BRYTON SOLUTIONS,5,NA,STELLAR,MAINTENANCE,NO_TS_NA,86.93
Marc,Thompson,UT37901,8229934,KESTRA DYNAMICS,5,LATAM MENA,STELLAR,FORFAIT,C8CX3Y6WFV9TLG9,13.64
Marc,Thompson,UT37901,8229934,KESTRA DYNAMICS,5,MEA,STELLAR,FORFAIT,NO_TS_MEA,86.36
Thomas,Price,EA70355,3470134,KESTRA SYSTEMS,5,EMEA AFRICA,STELLAR,RPS,OHZ97ITVW198SXJ,8.38
Marcus,Durham,RB14786,4481650,INOVA SYSTEMS,5,CONT AFRICA,ATLAS,FORFAIT,82VNEIJLGCALA6R,11.51
Marcus,Durham,RB14786,4481650,INOVA SYSTEMS,5,LATAM,ATLAS,FORFAIT,NO_TS_LATAM,88.49
Stacey,Martinez,XA22874,9149361,LUMEX SOLUTIONS,5,CONT MENA,PHOENIX,MAINTENANCE,62C6W45WCNXKBVM,9.94
Stacey,Martinez,XA22874,9149361,LUMEX SOLUTIONS,5,MEA,PHOENIX,MAINTENANCE,NO_TS_MEA,90.06
Megan,Hernandez,NP87951,1238176,LUMEX GLOBAL,5,EMEA EUROPE,NEXUS,FORFAIT,IZHUKQ4GHM96XKY,8.52
Sergio,Patel,WV84409,6134694,JALVIK TECH,5,CONT AMERICA,ATLAS,SUPPORT,TUFBKFG52AB7MEN,7.67
Sergio,Patel,WV84409,6134694,JALVIK TECH,5,APAC,ATLAS,SUPPORT,NO_TS_APAC,92.33
Stephanie,Smith,DG41261,8190016,LUMEX VENTURES,5,MEA MENA,PHOENIX,MAINTENANCE,C2PWRSAUDN1IAZW,9.66
Stephanie,Smith,DG41261,8190016,LUMEX VENTURES,5,CONT,PHOENIX,MAINTENANCE,NO_TS_CONT,90.34
Sierra,Mcdowell,PA50940,6187940,HYRION GROUP,5,MEA EUROPE,QUANTUM,MAINTENANCE,15VA77SSU92LSI2,11.93
Sierra,Mcdowell,PA50940,6187940,HYRION GROUP,5,LATAM,QUANTUM,MAINTENANCE,NO_TS_LATAM,88.07
Regina,Johnson,BG23762,9109200,CENVEO GLOBAL,5,CONT AMERICA,VERTEX,RPS,MLOYMFJDVZBBK1W,11.65
Regina,Johnson,BG23762,9109200,CENVEO GLOBAL,5,CONT,VERTEX,RPS,NO_TS_CONT,88.35
Carla,Carter,NR91677,1342149,ALCOR SOLUTIONS,5,APAC AFRICA,PULSE,FORFAIT,2JHPJPP8SSJ6Q3H,12.78
Carla,Carter,NR91677,1342149,ALCOR SOLUTIONS,5,NA,PULSE,FORFAIT,NO_TS_NA,87.22
Emily,Daniels,BU21532,8615673,LUMEX SOLUTIONS,5,APAC ASIA,ATLAS,REGIE,CO4MUPZPEWH0LSA,10.37
Mary,Patrick,EE97069,6828353,KESTRA CONSULTING,5,EMEA EUROPE,NEXUS,REGIE,VFUT95TK0HE82XL,9.23
Mary,Patrick,EE97069,6828353,KESTRA CONSULTING,5,CONT,NEXUS,REGIE,NO_TS_CONT,90.77
Michelle,Quinn,HC84938,8808139,HYRION SOLUTIONS,5,CONT AMERICA,VERTEX,FORFAIT,G9R249Q16OVA533,11.36
Mary,Taylor,NP07854,1687287,INOVA SOLUTIONS,5,MEA AMERICA,ORBIT,REGIE,BODBNUP7WLC8MJ0,13.64
Mary,Taylor,NP07854,1687287,INOVA SOLUTIONS,5,NA,ORBIT,REGIE,NO_TS_NA,86.36
Lisa,Fernandez,FU30252,3579086,ALCOR GLOBAL,5,APAC MENA,NEXUS,REGIE,HWR9GONPZIKB28F,13.07
Lisa,Fernandez,FU30252,3579086,ALCOR GLOBAL,5,EMEA,NEXUS,REGIE,NO_TS_EMEA,86.93
Danielle,Guerrero,IY56026,8176765,FORVEX GROUP,5,MEA AFRICA,VERTEX,REGIE,CIR0AR59644XCPY,9.94
Danielle,Guerrero,IY56026,8176765,FORVEX GROUP,5,NA,VERTEX,REGIE,NO_TS_NA,90.06
Roy,Russell,VY91624,9012833,CENVEO DIGITAL,5,LATAM AMERICA,ORBIT,FORFAIT,FU59CD026UE2F2Z,16.48
Sara,Stephenson,YL21067,1091715,CENVEO SYSTEMS,5,LATAM ASIA,VERTEX,FORFAIT,P3U3A7V5OJP25JN,11.65
Sara,Stephenson,YL21067,1091715,CENVEO SYSTEMS,5,EMEA,VERTEX,FORFAIT,NO_TS_EMEA,88.35
Alan,Simon,HO91118,3778834,INOVA SYSTEMS,5,MEA AMERICA,PULSE,REGIE,535RPO6816WB9QK,11.36
Christopher,Bradley,OW30935,5065216,HYRION TECH,5,NA EUROPE,QUANTUM,FORFAIT,MXJLBRVARMN23SE,10.23
Michael,Davis,AI44479,2738382,DELVO DIGITAL,5,LATAM ASIA,PULSE,FORFAIT,VZW7PBJZ7NJ5XE6,11.36
Sara,Mitchell,PD47249,2903237,INOVA SOLUTIONS,5,NA AMERICA,ORBIT,SUPPORT,4AK0RPIANOYQI9J,10.23
Sara,Mitchell,PD47249,2903237,INOVA SOLUTIONS,5,APAC,ORBIT,SUPPORT,NO_TS_APAC,89.77
Patrick,Adams,NA33039,8654667,ETHOS VENTURES,5,NA OCEANIA,NOVA,MAINTENANCE,QS8ULZPODLZILIB,9.66
Patrick,Adams,NA33039,8654667,ETHOS VENTURES,5,APAC,NOVA,MAINTENANCE,NO_TS_APAC,90.34
Michele,Watson,TA19491,6300063,ALCOR SOLUTIONS,5,MEA OCEANIA,STELLAR,MAINTENANCE,ZNPXPD7NS1L226S,8.81
Michele,Watson,TA19491,6300063,ALCOR SOLUTIONS,5,CONT,STELLAR,MAINTENANCE,NO_TS_CONT,91.19
Craig,Ruiz,PX55816,8772960,FORVEX TECH,5,APAC AFRICA,NOVA,FORFAIT,K8UT0KC5E8KHZ5F,9.66
Annette,Bender,FH63856,5295540,FORVEX CONSULTING,5,EMEA AFRICA,QUANTUM,RPS,PH9WPEXJ2GVB5WG,8.95
Annette,Bender,FH63856,5295540,FORVEX CONSULTING,5,NA,QUANTUM,RPS,NO_TS_NA,91.05
Dawn,Steele,OM66107,5965464,INOVA TECH,5,NA ASIA,VERTEX,REGIE,Y4J683RTGIBDCUG,5.97
Dawn,Steele,OM66107,5965464,INOVA TECH,5,CONT,VERTEX,REGIE,NO_TS_CONT,94.03
Michelle,Mitchell,UL20833,7349290,DELVO SOLUTIONS,5,MEA AFRICA,PHOENIX,FORFAIT,QZBXSPTX2S2DVAW,13.64
Michelle,Mitchell,UL20833,7349290,DELVO SOLUTIONS,5,LATAM,PHOENIX,FORFAIT,NO_TS_LATAM,86.36
Timothy,Warren,LS23707,4829610,GOLZEN SOLUTIONS,5,MEA EUROPE,STELLAR,SUPPORT,O0KF29UGND1I39Z,9.94
Mallory,Glenn,NW94678,3947631,DELVO CONSULTING,5,APAC OCEANIA,QUANTUM,REGIE,FZ0UQ54ACOIEH5A,13.07
Abigail,Lawson,ML52498,7531834,DELVO DYNAMICS,5,LATAM AMERICA,PULSE,RPS,1T1HXCOIHT1KJXB,13.49
Cory,Lowe,MF78061,5666220,ALCOR DIGITAL,5,LATAM AFRICA,NOVA,MAINTENANCE,TEOL2IYDRWK3KN3,13.64
Cory,Lowe,MF78061,5666220,ALCOR DIGITAL,5,MEA,NOVA,MAINTENANCE,NO_TS_MEA,86.36
William,Mejia,QT53368,7129117,INOVA VENTURES,5,LATAM EUROPE,ORBIT,SUPPORT,OP7HWFSSX676HET,12.22
William,Mejia,QT53368,7129117,INOVA VENTURES,5,CONT,ORBIT,SUPPORT,NO_TS_CONT,87.78
Larry,Bryant,NP19824,4348378,KESTRA GROUP,5,LATAM MENA,PHOENIX,MAINTENANCE,OIUHH5T7JRO90WO,14.77
Larry,Bryant,NP19824,4348378,KESTRA GROUP,5,MEA,PHOENIX,MAINTENANCE,NO_TS_MEA,85.23
John,Gonzalez,BI26910,2491111,HYRION VENTURES,5,LATAM AMERICA,STELLAR,MAINTENANCE,R50TPS40334X0ZE,9.94
John,Gonzalez,BI26910,2491111,HYRION VENTURES,5,LATAM,STELLAR,MAINTENANCE,NO_TS_LATAM,90.06
Gabriel,Black,PY67233,2161280,ETHOS GLOBAL,5,EMEA OCEANIA,ORBIT,FORFAIT,W412AOXGALWDW3Z,8.52
Chad,Frye,MM48610,5254280,INOVA CONSULTING,5,MEA AFRICA,VERTEX,MAINTENANCE,51DGGZ18AOBRPVE,11.36
Chad,Frye,MM48610,5254280,INOVA CONSULTING,5,APAC,VERTEX,MAINTENANCE,NO_TS_APAC,88.64
David,Lewis,RS92152,5578618,BRYTON SOLUTIONS,5,LATAM MENA,VERTEX,REGIE,QFB8KW2VJD0ZFFG,10.8
David,Lewis,RS92152,5578618,BRYTON SOLUTIONS,5,APAC,VERTEX,REGIE,NO_TS_APAC,89.2
Lisa,Tucker,SL92399,8667402,ALCOR DYNAMICS,5,APAC ASIA,VERTEX,RPS,4NHKDYDQ59D6LYJ,12.36
Andrew,Davis,CS66266,6262209,ALCOR TECH,5,NA EUROPE,NOVA,REGIE,RYUE5BL7Z5OG7GU,11.36
Andrew,Davis,CS66266,6262209,ALCOR TECH,5,LATAM,NOVA,REGIE,NO_TS_LATAM,88.64
Brianna,Harvey,TX38684,5661281,FORVEX SOLUTIONS,5,NA MENA,PULSE,SUPPORT,0GM7NBBX7IGE8GT,13.07
Alicia,Hayes,AY56933,8674514,ALCOR CONSULTING,5,MEA MENA,PHOENIX,SUPPORT,XTABWJMK6DKKGMG,8.24
Alicia,Hayes,AY56933,8674514,ALCOR CONSULTING,5,APAC,PHOENIX,SUPPORT,NO_TS_APAC,91.76
Claudia,Nelson,FH24238,5979075,HYRION TECH,5,EMEA EUROPE,ORBIT,RPS,TVHFH3ZXV0XKKO1,11.36
Claudia,Nelson,FH24238,5979075,HYRION TECH,5,EMEA,ORBIT,RPS,NO_TS_EMEA,88.64
Derek,Kim,TM46989,2554300,FORVEX GROUP,5,CONT AFRICA,NEXUS,SUPPORT,HBZYGN6X6COE0ON,9.94
Derek,Kim,TM46989,2554300,FORVEX GROUP,5,EMEA,NEXUS,SUPPORT,NO_TS_EMEA,90.06
Monique,Cole,DJ91464,1609734,BRYTON TECH,5,LATAM ASIA,QUANTUM,FORFAIT,9PUA0BH728YU2H7,10.51
Monique,Cole,DJ91464,1609734,BRYTON TECH,5,LATAM,QUANTUM,FORFAIT,NO_TS_LATAM,89.49
Nicholas,Perry,WK17069,2161933,ETHOS CONSULTING,5,APAC AFRICA,PHOENIX,MAINTENANCE,DL2Y545FKHUC1JH,14.77
Nicholas,Perry,WK17069,2161933,ETHOS CONSULTING,5,MEA,PHOENIX,MAINTENANCE,NO_TS_MEA,85.23
Ruben,Silva,RI84633,7646760,LUMEX SOLUTIONS,5,NA EUROPE,PHOENIX,RPS,034AP80XP6FXZTW,11.36
Ruben,Silva,RI84633,7646760,LUMEX SOLUTIONS,5,LATAM,PHOENIX,RPS,NO_TS_LATAM,88.64
Jennifer,Norris,BF75550,3328934,LUMEX SYSTEMS,5,MEA EUROPE,ORBIT,RPS,37HT6SH2WXB7V35,11.93
Lori,Goodman,NE00720,1937172,DELVO CONSULTING,5,NA EUROPE,QUANTUM,SUPPORT,05YB827TXD7H59J,12.22
Lori,Goodman,NE00720,1937172,DELVO CONSULTING,5,MEA,QUANTUM,SUPPORT,NO_TS_MEA,87.78
Jason,Sullivan,NZ40323,1010147,ETHOS TECH,5,MEA MENA,ATLAS,FORFAIT,71JH9SUMP7KJ277,9.66
Jason,Sullivan,NZ40323,1010147,ETHOS TECH,5,MEA,ATLAS,FORFAIT,NO_TS_MEA,90.34
Melinda,Wall,JB38033,1121108,HYRION GROUP,5,MEA MENA,NEXUS,MAINTENANCE,M807L21F5JS3HF9,9.8
Melinda,Wall,JB38033,1121108,HYRION GROUP,5,EMEA,NEXUS,MAINTENANCE,NO_TS_EMEA,90.2
Justin,Kaiser,TT68729,6917134,ETHOS SOLUTIONS,5,NA ASIA,ATLAS,REGIE,35SX6VIJM6GTPIC,11.36
Justin,Kaiser,TT68729,6917134,ETHOS SOLUTIONS,5,LATAM,ATLAS,REGIE,NO_TS_LATAM,88.64
Gina,Rice,PW59541,6507555,HYRION GLOBAL,5,NA AMERICA,STELLAR,RPS,GKUP5TWP11AFGR4,6.39
Gina,Rice,PW59541,6507555,HYRION GLOBAL,5,CONT,STELLAR,RPS,NO_TS_CONT,93.61
Diane,Wall,II39003,1049313,DELVO SOLUTIONS,5,APAC EUROPE,QUANTUM,REGIE,Z1MHQ5NJLLX4S5C,13.64
Kenneth,Foster,MI53951,5741441,HYRION GLOBAL,5,CONT AMERICA,NEXUS,RPS,MKBLGDLIBNTZ1YJ,9.23
Kenneth,Foster,MI53951,5741441,HYRION GLOBAL,5,NA,NEXUS,RPS,NO_TS_NA,90.77
Jane,Chapman,BU34863,7645702,FORVEX DIGITAL,5,MEA AFRICA,NEXUS,MAINTENANCE,GDCL7QAVWAXWD3O,10.51
Jane,Chapman,BU34863,7645702,FORVEX DIGITAL,5,NA,NEXUS,MAINTENANCE,NO_TS_NA,89.49
Sharon,Estrada,XI19051,2704887,ETHOS TECH,5,NA EUROPE,STELLAR,SUPPORT,PG6I6OD4QRRJYSI,14.63
Dennis,Guerrero,VV60169,8298600,GOLZEN GROUP,5,EMEA MENA,PHOENIX,FORFAIT,ZCSSTMK9BT21CZW,9.23
Dennis,Guerrero,VV60169,8298600,GOLZEN GROUP,5,LATAM,PHOENIX,FORFAIT,NO_TS_LATAM,90.77
Brian,Garza,EQ21399,4363602,JALVIK SYSTEMS,5,MEA OCEANIA,NOVA,MAINTENANCE,6N97F1V6SUJZOCK,8.38
Brian,Garza,EQ21399,4363602,JALVIK SYSTEMS,5,MEA,NOVA,MAINTENANCE,NO_TS_MEA,91.62
Andrea,Cox,WA09541,8304300,CENVEO GLOBAL,5,APAC MENA,PHOENIX,FORFAIT,3SIX2MFHTXBFS3A,9.94
Andrea,Cox,WA09541,8304300,CENVEO GLOBAL,5,APAC,PHOENIX,FORFAIT,NO_TS_APAC,90.06
Anthony,Charles,CW77853,7833586,BRYTON TECH,5,EMEA AMERICA,PULSE,REGIE,PAEUVZRH93I7AFK,11.79
Jennifer,Scott,QY20397,2378255,ETHOS DIGITAL,5,APAC AFRICA,NOVA,REGIE,POM2XABGTQ0FG3B,12.22
Anthony,Daniels,YZ03632,4998351,BRYTON GROUP,5,LATAM MENA,NOVA,SUPPORT,G36BR2IDWXF1G9A,11.36
Anthony,Daniels,YZ03632,4998351,BRYTON GROUP,5,NA,NOVA,SUPPORT,NO_TS_NA,88.64
Richard,Miller,UJ09967,7670146,JALVIK SOLUTIONS,5,EMEA OCEANIA,VERTEX,REGIE,TNZPSL9LJKE38EB,11.08
Sarah,Jones,EH26560,6301936,CENVEO GROUP,5,EMEA MENA,ORBIT,FORFAIT,VBJZN3ZHFK3XPBE,7.95
Sarah,Jones,EH26560,6301936,CENVEO GROUP,5,APAC,ORBIT,FORFAIT,NO_TS_APAC,92.05
Cody,Morris,CU24948,5057024,LUMEX GLOBAL,5,EMEA EUROPE,NEXUS,SUPPORT,8IOMFE373IY9HO2,11.36
Cody,Morris,CU24948,5057024,LUMEX GLOBAL,5,APAC,NEXUS,SUPPORT,NO_TS_APAC,88.64
Karina,Wolfe,YF76436,3624429,GOLZEN SOLUTIONS,5,APAC EUROPE,NEXUS,SUPPORT,I9TZB07A6YW3YPU,13.64
Karina,Wolfe,YF76436,3624429,GOLZEN SOLUTIONS,5,CONT,NEXUS,SUPPORT,NO_TS_CONT,86.36
Nancy,Carter,HU85470,1650205,INOVA CONSULTING,5,APAC EUROPE,PHOENIX,FORFAIT,9ENR3KT075XOIYQ,7.95
Eric,Young,OE97100,7109365,ETHOS DIGITAL,5,MEA OCEANIA,ATLAS,FORFAIT,WIHZLBZ5HOBO23V,12.5
Eric,Young,OE97100,7109365,ETHOS DIGITAL,5,MEA,ATLAS,FORFAIT,NO_TS_MEA,87.5
Tami,Matthews,GI86989,7119538,KESTRA SOLUTIONS,5,NA MENA,NEXUS,MAINTENANCE,AQQZT9RT76904IF,9.38
Tami,Matthews,GI86989,7119538,KESTRA SOLUTIONS,5,NA,NEXUS,MAINTENANCE,NO_TS_NA,90.63
Mary,Green,MT87380,8301122,INOVA GROUP,5,EMEA AFRICA,PHOENIX,FORFAIT,Y4R958YCWZ9MFPA,12.22
Mary,Green,MT87380,8301122,INOVA GROUP,5,NA,PHOENIX,FORFAIT,NO_TS_NA,87.78
Ryan,Johnson,QV67113,7812758,HYRION GLOBAL,5,APAC ASIA,ORBIT,SUPPORT,ZLX7L1P5RHT2J4N,9.66
Ryan,Johnson,QV67113,7812758,HYRION GLOBAL,5,NA,ORBIT,SUPPORT,NO_TS_NA,90.34
Cole,Wells,FX77281,3072839,DELVO CONSULTING,5,APAC OCEANIA,ORBIT,SUPPORT,0UE6PXWYVRFIT8D,15.91
Cole,Wells,FX77281,3072839,DELVO CONSULTING,5,EMEA,ORBIT,SUPPORT,NO_TS_EMEA,84.09
Linda,Mason,LU53687,7373870,LUMEX GLOBAL,5,EMEA EUROPE,NEXUS,SUPPORT,UFPR3XDYVDQ65U4,13.64
Linda,Mason,LU53687,7373870,LUMEX GLOBAL,5,NA,NEXUS,SUPPORT,NO_TS_NA,86.36
Phillip,Jackson,JP01189,8019683,CENVEO TECH,5,EMEA MENA,NOVA,SUPPORT,TGJKS4G865SUZ2P,5.54
Phillip,Jackson,JP01189,8019683,CENVEO TECH,5,MEA,NOVA,SUPPORT,NO_TS_MEA,94.46
Teresa,Webster,MN86808,3162267,BRYTON SOLUTIONS,5,LATAM AFRICA,ORBIT,MAINTENANCE,63CJ1D53YJMUHXB,10.23
Teresa,Webster,MN86808,3162267,BRYTON SOLUTIONS,5,LATAM,ORBIT,MAINTENANCE,NO_TS_LATAM,89.77
Aaron,Schroeder,CJ76061,6073815,GOLZEN VENTURES,5,NA OCEANIA,PHOENIX,SUPPORT,N33NPJ0DS5W2XSV,8.24
Aaron,Schroeder,CJ76061,6073815,GOLZEN VENTURES,5,CONT,PHOENIX,SUPPORT,NO_TS_CONT,91.76
Julie,Franklin,GH57457,8525709,INOVA TECH,5,MEA AFRICA,PULSE,SUPPORT,V81P9FCVPCS8RDX,7.1
Julie,Franklin,GH57457,8525709,INOVA TECH,5,APAC,PULSE,SUPPORT,NO_TS_APAC,92.9
David,Mitchell,AV70176,4441136,JALVIK SYSTEMS,5,LATAM MENA,NOVA,MAINTENANCE,UCGGRI3ONOY4MWC,11.36
David,Mitchell,AV70176,4441136,JALVIK SYSTEMS,5,MEA,NOVA,MAINTENANCE,NO_TS_MEA,88.64
Crystal,Johnson,EX96024,8818851,JALVIK TECH,5,NA EUROPE,ATLAS,FORFAIT,1L077597JCR7WSL,12.5
Crystal,Johnson,EX96024,8818851,JALVIK TECH,5,EMEA,ATLAS,FORFAIT,NO_TS_EMEA,87.5
Jerry,Jones,EJ89327,7058540,LUMEX GROUP,5,LATAM OCEANIA,STELLAR,FORFAIT,TN65JYM1RWCPAS7,13.64
Jerry,Jones,EJ89327,7058540,LUMEX GROUP,5,LATAM,STELLAR,FORFAIT,NO_TS_LATAM,86.36
Katelyn,Arias,XH93665,5332999,FORVEX SYSTEMS,5,EMEA AMERICA,PHOENIX,SUPPORT,MZD1CWCLZ0Z48DF,7.1
Katelyn,Arias,XH93665,5332999,FORVEX SYSTEMS,5,LATAM,PHOENIX,SUPPORT,NO_TS_LATAM,92.9
Christopher,Howard,BR34938,2586018,ALCOR SYSTEMS,5,LATAM AMERICA,PULSE,FORFAIT,4Q351HMU9O9KKTW,11.36
Christopher,Howard,BR34938,2586018,ALCOR SYSTEMS,5,CONT,PULSE,FORFAIT,NO_TS_CONT,88.64
Patrick,Thomas,UI50842,2019395,CENVEO SOLUTIONS,5,CONT ASIA,NEXUS,FORFAIT,AM3VTR3L6Z06NKA,9.23
Patrick,Thomas,UI50842,2019395,CENVEO SOLUTIONS,5,CONT,NEXUS,FORFAIT,NO_TS_CONT,90.77
Matthew,Smith,UO08649,1963397,DELVO DIGITAL,5,EMEA OCEANIA,QUANTUM,SUPPORT,AZBNJ89XYFF0OAK,13.64
Matthew,Smith,UO08649,1963397,DELVO DIGITAL,5,LATAM,QUANTUM,SUPPORT,NO_TS_LATAM,86.36
Brittney,Scott,QK94749,5608890,HYRION CONSULTING,5,MEA AFRICA,VERTEX,MAINTENANCE,8MGSR35A4YYERM9,8.38
Brittney,Scott,QK94749,5608890,HYRION CONSULTING,5,CONT,VERTEX,MAINTENANCE,NO_TS_CONT,91.62
Johnathan,Hudson,WY59334,7873764,GOLZEN SOLUTIONS,5,NA AFRICA,QUANTUM,SUPPORT,XXXFVA7K7YMD9OF,13.21
Johnathan,Hudson,WY59334,7873764,GOLZEN SOLUTIONS,5,CONT,QUANTUM,SUPPORT,NO_TS_CONT,86.79
Rebecca,Anderson,AZ75407,1322898,LUMEX SYSTEMS,5,LATAM AFRICA,NOVA,REGIE,0MLOZBPGKMOAGJW,9.66
Rebecca,Anderson,AZ75407,1322898,LUMEX SYSTEMS,5,MEA,NOVA,REGIE,NO_TS_MEA,90.34
David,Castro,XC56713,3903786,CENVEO SYSTEMS,5,APAC AMERICA,PHOENIX,REGIE,7M5E6VRDTV0TXMR,11.93
Stephen,Green,LA40938,2849873,KESTRA DIGITAL,5,CONT MENA,PULSE,SUPPORT,A4M4BBHADD6DBMS,13.64
Stephen,Green,LA40938,2849873,KESTRA DIGITAL,5,APAC,PULSE,SUPPORT,NO_TS_APAC,86.36
Christopher,Mata,GJ08982,1173672,FORVEX GROUP,5,EMEA AFRICA,QUANTUM,FORFAIT,9KCQAVISYQC29QL,7.95
Christopher,Mata,GJ08982,1173672,FORVEX GROUP,5,APAC,QUANTUM,FORFAIT,NO_TS_APAC,92.05
Matthew,Keller,QB31500,5208642,KESTRA SOLUTIONS,5,APAC OCEANIA,QUANTUM,MAINTENANCE,CKXZM8A32S5MYC6,10.23
Matthew,Keller,QB31500,5208642,KESTRA SOLUTIONS,5,CONT,QUANTUM,MAINTENANCE,NO_TS_CONT,89.77
Yvette,Hardy,TK06813,8210074,BRYTON GROUP,5,MEA ASIA,VERTEX,MAINTENANCE,MMI3LRFK1SDIZJ7,15.91
Yvette,Hardy,TK06813,8210074,BRYTON GROUP,5,LATAM,VERTEX,MAINTENANCE,NO_TS_LATAM,84.09
Ryan,Wright,IG60067,9474712,ALCOR GLOBAL,5,MEA ASIA,PULSE,RPS,JZLB13RMZ8YPC75,15.91
Ryan,Wright,IG60067,9474712,ALCOR GLOBAL,5,EMEA,PULSE,RPS,NO_TS_EMEA,84.09
Becky,King,LP95586,4508613,ETHOS SOLUTIONS,5,LATAM AMERICA,PULSE,FORFAIT,9TMO7M5G9I4VGT7,11.93
Mariah,Jones,EW16605,4982932,ETHOS GROUP,5,CONT OCEANIA,QUANTUM,RPS,7B0TENCDVGO5ZCY,12.5
Mariah,Jones,EW16605,4982932,ETHOS GROUP,5,LATAM,QUANTUM,RPS,NO_TS_LATAM,87.5
David,Harmon,DK44989,1656557,INOVA SOLUTIONS,5,NA AFRICA,VERTEX,MAINTENANCE,6OMARC6UT2OP3MX,9.38
David,Harmon,DK44989,1656557,INOVA SOLUTIONS,5,APAC,VERTEX,MAINTENANCE,NO_TS_APAC,90.63
Andrew,Oneill,NV43640,5819456,INOVA CONSULTING,5,APAC ASIA,NEXUS,REGIE,L6F2QZP4AU5WC5A,13.64
Andrew,Oneill,NV43640,5819456,INOVA CONSULTING,5,MEA,NEXUS,REGIE,NO_TS_MEA,86.36
Ruben,Bradley,LQ43753,4939652,FORVEX SOLUTIONS,5,EMEA OCEANIA,PHOENIX,FORFAIT,WHNMK0LKQQSGXI2,13.78
Ruben,Bradley,LQ43753,4939652,FORVEX SOLUTIONS,5,NA,PHOENIX,FORFAIT,NO_TS_NA,86.22
Richard,Hartman,RW96270,6029857,ALCOR DYNAMICS,5,APAC MENA,NOVA,RPS,9HL7KZTZZJ2GY7H,7.67
Richard,Hartman,RW96270,6029857,ALCOR DYNAMICS,5,LATAM,NOVA,RPS,NO_TS_LATAM,92.33
Thomas,Roman,QG79465,8273105,LUMEX SYSTEMS,5,MEA MENA,QUANTUM,FORFAIT,0BP5L7XSPS9TX7N,10.8
Thomas,Roman,QG79465,8273105,LUMEX SYSTEMS,5,EMEA,QUANTUM,FORFAIT,NO_TS_EMEA,89.2
Margaret,Hobbs,PO76316,8653451,KESTRA GLOBAL,5,CONT AMERICA,PULSE,MAINTENANCE,ELXIQPC5JRJTMB6,11.65
Margaret,Hobbs,PO76316,8653451,KESTRA GLOBAL,5,NA,PULSE,MAINTENANCE,NO_TS_NA,88.35
Ruth,Berger,KG82280,8529330,JALVIK SYSTEMS,5,APAC OCEANIA,ORBIT,FORFAIT,II28HU352DFZFQZ,7.53
Ruth,Berger,KG82280,8529330,JALVIK SYSTEMS,5,APAC,ORBIT,FORFAIT,NO_TS_APAC,92.47
Robert,Dixon,RX71989,9034643,ETHOS DIGITAL,5,NA AMERICA,NOVA,FORFAIT,VGQ4J5Q70P7UJV9,9.38
Robert,Dixon,RX71989,9034643,ETHOS DIGITAL,5,APAC,NOVA,FORFAIT,NO_TS_APAC,90.63
Kimberly,Fields,CK49426,5913171,KESTRA DIGITAL,5,MEA OCEANIA,NOVA,FORFAIT,JLW4ID75NE1N9TY,10.23
Kimberly,Fields,CK49426,5913171,KESTRA DIGITAL,5,EMEA,NOVA,FORFAIT,NO_TS_EMEA,89.77
Danielle,Francis,ZB50436,7615982,FORVEX CONSULTING,5,NA AFRICA,VERTEX,FORFAIT,3QLK5RNMBHJ0UIH,14.77
David,Hernandez,BI91091,6906358,JALVIK DYNAMICS,5,CONT MENA,PULSE,SUPPORT,LN2QKLS7K6M9W4P,5.97
David,Hernandez,BI91091,6906358,JALVIK DYNAMICS,5,NA,PULSE,SUPPORT,NO_TS_NA,94.03
Maria,Smith,RI52298,4056389,CENVEO SYSTEMS,5,EMEA EUROPE,QUANTUM,SUPPORT,TJQ90DWL5B2CQQZ,6.11
Maria,Smith,RI52298,4056389,CENVEO SYSTEMS,5,NA,QUANTUM,SUPPORT,NO_TS_NA,93.89
Amanda,Hardy,XY69712,5573236,INOVA SYSTEMS,5,APAC EUROPE,NEXUS,REGIE,G9K30CMSTH3HS4Y,13.64
Amanda,Hardy,XY69712,5573236,INOVA SYSTEMS,5,NA,NEXUS,REGIE,NO_TS_NA,86.36
Andrea,Price,LS69130,3059111,GOLZEN SOLUTIONS,5,APAC MENA,PHOENIX,SUPPORT,JUGSSCN1J36JMTF,10.8
Caitlin,Smith,EX07840,1033551,FORVEX SOLUTIONS,5,LATAM AFRICA,NEXUS,SUPPORT,TMI22PQZQ61PYJX,13.64
Caitlin,Smith,EX07840,1033551,FORVEX SOLUTIONS,5,LATAM,NEXUS,SUPPORT,NO_TS_LATAM,86.36
Tyler,Davis,KX34535,3362104,GOLZEN CONSULTING,5,CONT AMERICA,NOVA,SUPPORT,TKB4S56CV5A4M4C,7.95
Tyler,Davis,KX34535,3362104,GOLZEN CONSULTING,5,MEA,NOVA,SUPPORT,NO_TS_MEA,92.05
Charles,Alvarez,XI03485,8627346,INOVA DYNAMICS,5,MEA EUROPE,ORBIT,RPS,00W6BHTZTCCVUC6,8.38
Charles,Alvarez,XI03485,8627346,INOVA DYNAMICS,5,NA,ORBIT,RPS,NO_TS_NA,91.62
James,Morrow,OZ72500,5528606,KESTRA DIGITAL,5,CONT MENA,PHOENIX,FORFAIT,3N7ZUWRVD93PUA3,13.64
James,Morrow,OZ72500,5528606,KESTRA DIGITAL,5,LATAM,PHOENIX,FORFAIT,NO_TS_LATAM,86.36
Christopher,Burgess,PL79981,6052202,JALVIK GROUP,5,CONT EUROPE,NEXUS,MAINTENANCE,FOIJG8LTPKEU1PT,9.66
Christopher,Burgess,PL79981,6052202,JALVIK GROUP,5,APAC,NEXUS,MAINTENANCE,NO_TS_APAC,90.34
Shannon,Hansen,NJ74897,9458624,DELVO CONSULTING,5,LATAM AFRICA,PHOENIX,REGIE,HHQ725YLWMC84UG,11.65
Shannon,Hansen,NJ74897,9458624,DELVO CONSULTING,5,CONT,PHOENIX,REGIE,NO_TS_CONT,88.35
Patricia,Barrera,QO76065,1852350,INOVA GROUP,5,EMEA AMERICA,VERTEX,SUPPORT,2Q8R6BD2CHCN7E4,13.07
Patricia,Barrera,QO76065,1852350,INOVA GROUP,5,LATAM,VERTEX,SUPPORT,NO_TS_LATAM,86.93
Lynn,Kennedy,YB41111,5336576,BRYTON GLOBAL,5,CONT MENA,PULSE,MAINTENANCE,NWZNNJE3075EZ0I,10.8
Lynn,Kennedy,YB41111,5336576,BRYTON GLOBAL,5,APAC,PULSE,MAINTENANCE,NO_TS_APAC,89.2
Brittney,Butler,IZ92766,4253245,JALVIK VENTURES,5,APAC OCEANIA,PHOENIX,RPS,Z6J84WKRYS2T8JI,15.91
Brittney,Butler,IZ92766,4253245,JALVIK VENTURES,5,EMEA,PHOENIX,RPS,NO_TS_EMEA,84.09
Jason,Friedman,UY05339,3440855,ETHOS GROUP,5,LATAM AFRICA,ORBIT,SUPPORT,J50HEI8EPC4TD0L,11.36
Jason,Friedman,UY05339,3440855,ETHOS GROUP,5,NA,ORBIT,SUPPORT,NO_TS_NA,88.64
Shawn,Olson,CV91096,5789848,DELVO VENTURES,5,NA EUROPE,NOVA,SUPPORT,4CLFR5ZD0H1H024,9.38
Shawn,Olson,CV91096,5789848,DELVO VENTURES,5,EMEA,NOVA,SUPPORT,NO_TS_EMEA,90.63
Michelle,Brooks,PB26647,4698800,GOLZEN GROUP,5,LATAM EUROPE,NEXUS,FORFAIT,R0LNXSCDHEK8O2G,14.2
Michelle,Brooks,PB26647,4698800,GOLZEN GROUP,5,MEA,NEXUS,FORFAIT,NO_TS_MEA,85.8
Jordan,Jones,RX94634,9748856,DELVO TECH,5,MEA ASIA,NEXUS,MAINTENANCE,C1IDU0HYM3VRQE2,10.23
Ashley,Todd,EY34953,3958183,ALCOR DIGITAL,5,NA ASIA,VERTEX,SUPPORT,YBYQZ1KS2FL7W49,9.09
Ashley,Todd,EY34953,3958183,ALCOR DIGITAL,5,LATAM,VERTEX,SUPPORT,NO_TS_LATAM,90.91
Dennis,Garcia,EJ77365,9916799,DELVO SOLUTIONS,5,CONT MENA,ORBIT,RPS,56SJIYY9VPV157V,8.81
Dennis,Garcia,EJ77365,9916799,DELVO SOLUTIONS,5,NA,ORBIT,RPS,NO_TS_NA,91.19
Robert,Davidson,MO26427,3510253,ETHOS VENTURES,5,CONT AFRICA,NOVA,MAINTENANCE,QZJ08C1G73SQC4Y,8.81
Robert,Davidson,MO26427,3510253,ETHOS VENTURES,5,MEA,NOVA,MAINTENANCE,NO_TS_MEA,91.19
Samantha,Yates,XY69737,6378563,BRYTON GLOBAL,5,EMEA ASIA,STELLAR,SUPPORT,AFDOY08C7WHNQYC,13.64
Dylan,Hamilton,GU07627,2765458,FORVEX GROUP,5,NA AMERICA,VERTEX,MAINTENANCE,CCA5DE3VDB9K6GE,11.93
Tiffany,Gomez,SC59285,7549424,HYRION GLOBAL,5,EMEA OCEANIA,PHOENIX,SUPPORT,ID8SYJXMCIHDPUR,12.78
Tiffany,Gomez,SC59285,7549424,HYRION GLOBAL,5,EMEA,PHOENIX,SUPPORT,NO_TS_EMEA,87.22
Laura,Bentley,GV43207,3170082,LUMEX CONSULTING,5,LATAM ASIA,PHOENIX,REGIE,WLK0PKYV5419RQ4,13.21
Andrew,Myers,WL40459,2686036,CENVEO DIGITAL,5,APAC EUROPE,NOVA,SUPPORT,WQIKCC2TKGCQ93Z,10.37
Andrew,Myers,WL40459,2686036,CENVEO DIGITAL,5,EMEA,NOVA,SUPPORT,NO_TS_EMEA,89.63
Adam,Rogers,OY21653,1691711,HYRION CONSULTING,5,MEA ASIA,QUANTUM,SUPPORT,CGTMEEMHAACTYS7,13.64
Adam,Rogers,OY21653,1691711,HYRION CONSULTING,5,LATAM,QUANTUM,SUPPORT,NO_TS_LATAM,86.36
Nicole,Nichols,TM37295,2464447,HYRION DYNAMICS,5,APAC EUROPE,NEXUS,RPS,0FAFGSAST9R7DIF,13.92
Nicole,Nichols,TM37295,2464447,HYRION DYNAMICS,5,CONT,NEXUS,RPS,NO_TS_CONT,86.08
Brendan,Jackson,DL06040,6609360,LUMEX TECH,5,MEA EUROPE,VERTEX,REGIE,KKYPUR15WZ65V95,11.51
Brendan,Jackson,DL06040,6609360,LUMEX TECH,5,NA,VERTEX,REGIE,NO_TS_NA,88.49
Matthew,James,NO51269,6159217,ETHOS GROUP,5,EMEA OCEANIA,PHOENIX,REGIE,PORHJI4RDYAKOEK,13.64
Christopher,Chen,XV28166,5749511,INOVA TECH,5,LATAM MENA,ATLAS,RPS,NY01GYMGTMT5ODB,12.64
Christopher,Chen,XV28166,5749511,INOVA TECH,5,MEA,ATLAS,RPS,NO_TS_MEA,87.36
Taylor,Stark,UP39063,2191540,ETHOS CONSULTING,5,EMEA EUROPE,ATLAS,MAINTENANCE,A3SCT9ZVBDLD1IR,11.36
Taylor,Stark,UP39063,2191540,ETHOS CONSULTING,5,MEA,ATLAS,MAINTENANCE,NO_TS_MEA,88.64
Alexandra,Bartlett,QM29233,8497981,ALCOR GLOBAL,5,CONT MENA,ATLAS,FORFAIT,PBUEMSB600CKLQN,11.93
Alexandra,Bartlett,QM29233,8497981,ALCOR GLOBAL,5,CONT,ATLAS,FORFAIT,NO_TS_CONT,88.07
Alicia,Stewart,GG43732,1668467,DELVO TECH,5,LATAM OCEANIA,ORBIT,MAINTENANCE,J847WQ1XKQ90BFE,13.64
Alicia,Stewart,GG43732,1668467,DELVO TECH,5,APAC,ORBIT,MAINTENANCE,NO_TS_APAC,86.36
Melissa,May,XM96642,8355873,DELVO TECH,5,CONT AFRICA,ORBIT,MAINTENANCE,90B55DTLXCLP56C,12.07
Melissa,May,XM96642,8355873,DELVO TECH,5,CONT,ORBIT,MAINTENANCE,NO_TS_CONT,87.93
Jason,Thompson,HN96663,5200543,GOLZEN GROUP,5,EMEA ASIA,STELLAR,SUPPORT,8J6INRARMD0YUIN,8.38
Jason,Thompson,HN96663,5200543,GOLZEN GROUP,5,MEA,STELLAR,SUPPORT,NO_TS_MEA,91.62
Ralph,Maldonado,WH06886,8897099,KESTRA CONSULTING,5,NA OCEANIA,NEXUS,REGIE,B8F8KZLX3OKCWEZ,13.64
Ralph,Maldonado,WH06886,8897099,KESTRA CONSULTING,5,NA,NEXUS,REGIE,NO_TS_NA,86.36
Tyler,Martin,WQ25666,2853132,LUMEX GLOBAL,5,EMEA EUROPE,PHOENIX,RPS,2RYSUNMDL46VGWK,11.65
Joshua,Harris,GG42409,9114756,GOLZEN GROUP,5,NA AMERICA,PHOENIX,RPS,6IQ8KHZLLB927VE,12.5
Joshua,Harris,GG42409,9114756,GOLZEN GROUP,5,CONT,PHOENIX,RPS,NO_TS_CONT,87.5
Carla,Harvey,XC05195,5151548,GOLZEN GROUP,5,NA AMERICA,STELLAR,MAINTENANCE,O4YMJZPJSJFL8FA,7.03
Carla,Harvey,XC05195,5151548,GOLZEN GROUP,5,EMEA,STELLAR,MAINTENANCE,NO_TS_EMEA,92.97
Erin,Hughes,AZ86119,1955408,JALVIK SOLUTIONS,5,EMEA ASIA,PULSE,MAINTENANCE,DP50ES5S16EVCCZ,9.38
Erin,Hughes,AZ86119,1955408,JALVIK SOLUTIONS,5,LATAM,PULSE,MAINTENANCE,NO_TS_LATAM,90.63
Stacy,Herman,SD85065,5314845,KESTRA SYSTEMS,5,NA MENA,ATLAS,FORFAIT,IZDD8HSAQCW7OYN,13.64
Stacy,Herman,SD85065,5314845,KESTRA SYSTEMS,5,NA,ATLAS,FORFAIT,NO_TS_NA,86.36
Kelly,Rodriguez,JU70438,7497927,CENVEO GROUP,5,LATAM AFRICA,ATLAS,REGIE,4V81KK61A26F9WQ,7.95
Kelly,Rodriguez,JU70438,7497927,CENVEO GROUP,5,APAC,ATLAS,REGIE,NO_TS_APAC,92.05
Kyle,Hurst,BH04505,3654305,INOVA GLOBAL,5,MEA AFRICA,ATLAS,FORFAIT,3HNDA8RB8MGN7MG,7.95
Kyle,Hurst,BH04505,3654305,INOVA GLOBAL,5,APAC,ATLAS,FORFAIT,NO_TS_APAC,92.05
Michael,Waters,EK24373,5167755,BRYTON TECH,5,CONT AMERICA,PULSE,FORFAIT,FA3ORBU8BB7R6IS,11.65
Michael,Waters,EK24373,5167755,BRYTON TECH,5,LATAM,PULSE,FORFAIT,NO_TS_LATAM,88.35
Jeremy,Williams,IZ06896,2409582,BRYTON GROUP,5,CONT MENA,QUANTUM,SUPPORT,OCN7LRXXKA80FRW,10.23
Jeremy,Williams,IZ06896,2409582,BRYTON GROUP,5,LATAM,QUANTUM,SUPPORT,NO_TS_LATAM,89.77
Hannah,Warren,TS65543,6294539,ALCOR GLOBAL,5,EMEA ASIA,VERTEX,SUPPORT,NIUJN6X3QJBIAYL,9.38
Hannah,Warren,TS65543,6294539,ALCOR GLOBAL,5,MEA,VERTEX,SUPPORT,NO_TS_MEA,90.63
April,Hall,UG07114,7147760,BRYTON SYSTEMS,5,APAC AMERICA,STELLAR,FORFAIT,Q3OHV4IRSVK5IMU,7.53
Erica,Ellison,VO34637,6677002,ALCOR GLOBAL,5,NA MENA,STELLAR,FORFAIT,U8F6GIQFHPGHPEZ,9.94
Erica,Ellison,VO34637,6677002,ALCOR GLOBAL,5,EMEA,STELLAR,FORFAIT,NO_TS_EMEA,90.06
Martha,Dalton,OK14919,6247057,LUMEX VENTURES,5,NA AFRICA,VERTEX,RPS,GMXBLNDN4U7P3KE,11.51
Jennifer,Patterson,FA10115,8718297,LUMEX DYNAMICS,5,CONT AMERICA,ATLAS,FORFAIT,2QHTRIJ2IX6U7XK,12.5
Jennifer,Patterson,FA10115,8718297,LUMEX DYNAMICS,5,CONT,ATLAS,FORFAIT,NO_TS_CONT,87.5
Tina,Ramirez,LY74560,8180261,HYRION DIGITAL,5,CONT EUROPE,NOVA,MAINTENANCE,GI53XUFT9TH6WTR,15.91
Tina,Ramirez,LY74560,8180261,HYRION DIGITAL,5,EMEA,NOVA,MAINTENANCE,NO_TS_EMEA,84.09
Brittany,Howard,IJ06332,5691741,ETHOS DYNAMICS,5,NA ASIA,ATLAS,RPS,KU7DDC0ZUTG1LTA,11.08
Brittany,Howard,IJ06332,5691741,ETHOS DYNAMICS,5,APAC,ATLAS,RPS,NO_TS_APAC,88.92
Kelly,Allen,IB20048,9066673,KESTRA DYNAMICS,5,APAC OCEANIA,PHOENIX,REGIE,I07GP2JSXGLKA0T,11.65
Kelly,Allen,IB20048,9066673,KESTRA DYNAMICS,5,APAC,PHOENIX,REGIE,NO_TS_APAC,88.35
Amber,Craig,BU93130,1606899,KESTRA DYNAMICS,5,MEA ASIA,VERTEX,SUPPORT,XW14TYKGVE1NJM9,9.38
Amber,Craig,BU93130,1606899,KESTRA DYNAMICS,5,MEA,VERTEX,SUPPORT,NO_TS_MEA,90.63
Michael,Willis,RP65990,4576784,FORVEX GLOBAL,5,EMEA OCEANIA,STELLAR,RPS,TMW8X9QIHLEE85S,13.64
Michael,Willis,RP65990,4576784,FORVEX GLOBAL,5,NA,STELLAR,RPS,NO_TS_NA,86.36
Adam,Stanley,BB54995,4725793,ETHOS CONSULTING,5,LATAM AFRICA,STELLAR,FORFAIT,5J1YPWH03VXGNWW,9.23
Adam,Stanley,BB54995,4725793,ETHOS CONSULTING,5,NA,STELLAR,FORFAIT,NO_TS_NA,90.77
James,Jackson,WT03877,4405699,CENVEO GROUP,5,MEA ASIA,PULSE,MAINTENANCE,60PEQBCWJH2LHG8,7.53
James,Jackson,WT03877,4405699,CENVEO GROUP,5,MEA,PULSE,MAINTENANCE,NO_TS_MEA,92.47
Debbie,Myers,UM64614,8538753,CENVEO TECH,5,MEA MENA,NOVA,MAINTENANCE,WWP92GB9FR2I84E,13.64
Glenn,Leonard,GB26404,5506099,FORVEX CONSULTING,5,NA OCEANIA,ATLAS,RPS,6D2U1BGNKIRT2OK,11.36
Glenn,Leonard,GB26404,5506099,FORVEX CONSULTING,5,EMEA,ATLAS,RPS,NO_TS_EMEA,88.64
Luis,Powell,JT73311,8237588,ALCOR SOLUTIONS,5,APAC EUROPE,PULSE,REGIE,9N4XFLEM4937H1Q,9.38
Luis,Powell,JT73311,8237588,ALCOR SOLUTIONS,5,CONT,PULSE,REGIE,NO_TS_CONT,90.63
Dylan,Townsend,UF21914,1853790,DELVO SYSTEMS,5,NA MENA,PULSE,MAINTENANCE,90W7I6LOLPZJAUX,7.1
Dylan,Townsend,UF21914,1853790,DELVO SYSTEMS,5,EMEA,PULSE,MAINTENANCE,NO_TS_EMEA,92.9
Emily,Larson,DC07673,7952445,FORVEX GLOBAL,5,APAC OCEANIA,QUANTUM,FORFAIT,PK40S5YBOJ7LZ4Q,13.64
Emily,Larson,DC07673,7952445,FORVEX GLOBAL,5,APAC,QUANTUM,FORFAIT,NO_TS_APAC,86.36
Allison,Bailey,ES19935,1302526,CENVEO DIGITAL,5,APAC OCEANIA,VERTEX,RPS,QUKWF90RMM1D3XR,13.07
Allison,Bailey,ES19935,1302526,CENVEO DIGITAL,5,APAC,VERTEX,RPS,NO_TS_APAC,86.93
Patricia,Cruz,NR09336,7847718,INOVA SYSTEMS,5,APAC ASIA,NOVA,RPS,63OPH2RT37E6RNS,13.64
Patricia,Cruz,NR09336,7847718,INOVA SYSTEMS,5,APAC,NOVA,RPS,NO_TS_APAC,86.36
Kevin,Miranda,KV95420,2720256,CENVEO GLOBAL,5,CONT EUROPE,PULSE,SUPPORT,OS9VI6I20O0ZM9R,10.23
Kevin,Miranda,KV95420,2720256,CENVEO GLOBAL,5,EMEA,PULSE,SUPPORT,NO_TS_EMEA,89.77
Savannah,Wood,GS93251,1759475,LUMEX SYSTEMS,5,MEA AFRICA,STELLAR,RPS,Y8PUBMFQU5KFDAF,11.65
Savannah,Wood,GS93251,1759475,LUMEX SYSTEMS,5,NA,STELLAR,RPS,NO_TS_NA,88.35
Kevin,Meyer,LL40762,9225801,GOLZEN VENTURES,5,EMEA MENA,STELLAR,REGIE,69PBZ8QSPDQA0MY,11.93
Kevin,Gallegos,VU89619,9304438,JALVIK SOLUTIONS,5,EMEA AFRICA,ORBIT,RPS,ULNU1MN7XY8X7YC,13.64
Kevin,Gallegos,VU89619,9304438,JALVIK SOLUTIONS,5,APAC,ORBIT,RPS,NO_TS_APAC,86.36
Anthony,Miller,EB31816,1471568,ALCOR GLOBAL,5,MEA MENA,ATLAS,REGIE,AVGCSR3ZVAW3E2B,14.2
Anthony,Miller,EB31816,1471568,ALCOR GLOBAL,5,NA,ATLAS,REGIE,NO_TS_NA,85.8
Martha,Calderon,CX76421,8569412,CENVEO DIGITAL,5,MEA MENA,ORBIT,REGIE,N03BO0Z8GDDGWLE,11.36
Carrie,Obrien,YP24147,5022231,ETHOS TECH,5,CONT EUROPE,PULSE,RPS,M8BZ0WCX6H3GRBZ,11.22
Carrie,Obrien,YP24147,5022231,ETHOS TECH,5,APAC,PULSE,RPS,NO_TS_APAC,88.78
Vincent,Hanson,EM67581,5020964,JALVIK GLOBAL,5,MEA ASIA,PULSE,SUPPORT,L734VZ323F8SWZN,9.94
Vincent,Hanson,EM67581,5020964,JALVIK GLOBAL,5,NA,PULSE,SUPPORT,NO_TS_NA,90.06
Erik,Andrews,UM27693,6986929,LUMEX SOLUTIONS,5,MEA MENA,VERTEX,FORFAIT,JW3J65GDA8UZO3O,9.09
Victoria,Wallace,SR23185,5925668,ETHOS GLOBAL,5,NA OCEANIA,STELLAR,REGIE,BY7ZTI73LMA8NW4,13.64
Victoria,Wallace,SR23185,5925668,ETHOS GLOBAL,5,CONT,STELLAR,REGIE,NO_TS_CONT,86.36
Joshua,Flores,KQ60022,7986315,INOVA CONSULTING,5,APAC MENA,QUANTUM,RPS,HTNA1O4AU3F8I8X,11.36
Joshua,Flores,KQ60022,7986315,INOVA CONSULTING,5,APAC,QUANTUM,RPS,NO_TS_APAC,88.64
James,Myers,EG89072,6579819,DELVO SYSTEMS,5,EMEA AFRICA,PHOENIX,MAINTENANCE,KHUDLMZYX2RF587,8.24
Stephen,James,ZW44178,8878162,GOLZEN VENTURES,5,EMEA EUROPE,QUANTUM,MAINTENANCE,JLVOCSLVN00T9AP,10.23
Stephen,James,ZW44178,8878162,GOLZEN VENTURES,5,NA,QUANTUM,MAINTENANCE,NO_TS_NA,89.77
Joseph,Powell,SM69480,1363059,ALCOR CONSULTING,5,CONT MENA,NEXUS,FORFAIT,5VOQO0H0D03VUAL,9.94
Joseph,Powell,SM69480,1363059,ALCOR CONSULTING,5,EMEA,NEXUS,FORFAIT,NO_TS_EMEA,90.06
Jamie,Reed,LA63658,6949056,GOLZEN GLOBAL,5,EMEA AMERICA,QUANTUM,RPS,YVKK7S4UUC3QHD4,8.81
Jamie,Reed,LA63658,6949056,GOLZEN GLOBAL,5,MEA,QUANTUM,RPS,NO_TS_MEA,91.19
Andrea,Schmitt,NU64357,4468478,ETHOS GLOBAL,5,MEA AMERICA,NOVA,FORFAIT,D400HKTHY0F3UKN,7.24
Andrea,Schmitt,NU64357,4468478,ETHOS GLOBAL,5,MEA,NOVA,FORFAIT,NO_TS_MEA,92.76
Brittney,Morrow,LE48657,3865761,INOVA SYSTEMS,5,CONT ASIA,PHOENIX,RPS,GWOJJJYPTKZ45OK,8.81
Brittney,Morrow,LE48657,3865761,INOVA SYSTEMS,5,LATAM,PHOENIX,RPS,NO_TS_LATAM,91.19
Cristian,Tucker,BG95390,6172324,ETHOS SOLUTIONS,5,LATAM MENA,NOVA,FORFAIT,T6E7HFAJ2Q9715F,11.93
Cristian,Tucker,BG95390,6172324,ETHOS SOLUTIONS,5,APAC,NOVA,FORFAIT,NO_TS_APAC,88.07
Zachary,Taylor,OP19674,8776616,LUMEX DYNAMICS,5,LATAM EUROPE,ORBIT,RPS,4Q40LW9YZFPRC39,11.36
Denise,Boyd,QH82396,3394936,JALVIK GLOBAL,5,MEA MENA,NOVA,RPS,QSX3S4C5PG0VZ08,12.78
Michael,Beck,TR27771,2189069,LUMEX DYNAMICS,5,EMEA MENA,ATLAS,SUPPORT,GXCSE3FPZYKR9YX,13.64
Michael,Beck,TR27771,2189069,LUMEX DYNAMICS,5,LATAM,ATLAS,SUPPORT,NO_TS_LATAM,86.36
Abigail,Lambert,VN61259,1931618,DELVO GLOBAL,5,MEA EUROPE,NOVA,FORFAIT,2T2Y2HWFFPEPSOV,13.64
Abigail,Lambert,VN61259,1931618,DELVO GLOBAL,5,LATAM,NOVA,FORFAIT,NO_TS_LATAM,86.36
Jody,Harmon,GC07244,5335111,BRYTON SOLUTIONS,5,APAC OCEANIA,VERTEX,REGIE,YVH7SV6G9BRQ3RH,9.52
Jody,Harmon,GC07244,5335111,BRYTON SOLUTIONS,5,NA,VERTEX,REGIE,NO_TS_NA,90.48
Jessica,White,TF03014,7314457,LUMEX DYNAMICS,5,NA AFRICA,ORBIT,RPS,T6BJ41WK8EAYDMW,11.36
Jessica,White,TF03014,7314457,LUMEX DYNAMICS,5,NA,ORBIT,RPS,NO_TS_NA,88.64
Amanda,Dennis,OZ52063,5528623,CENVEO SOLUTIONS,5,EMEA AMERICA,ORBIT,SUPPORT,1QS3QPSB6QMS1AB,6.82
Amanda,Dennis,OZ52063,5528623,CENVEO SOLUTIONS,5,NA,ORBIT,SUPPORT,NO_TS_NA,93.18
Leslie,Blair,SH81223,5431982,DELVO GLOBAL,5,LATAM OCEANIA,NEXUS,SUPPORT,J3CCT3M7W1T0FBO,12.5
Leslie,Blair,SH81223,5431982,DELVO GLOBAL,5,EMEA,NEXUS,SUPPORT,NO_TS_EMEA,87.5
Michael,Trevino,EY55011,6266115,DELVO GROUP,5,CONT AMERICA,ORBIT,FORFAIT,RQKRDBTOTU07867,10.37
Michael,Trevino,EY55011,6266115,DELVO GROUP,5,CONT,ORBIT,FORFAIT,NO_TS_CONT,89.63
Michael,Patterson,VR49312,6881213,ETHOS DYNAMICS,5,APAC OCEANIA,PHOENIX,MAINTENANCE,6N0U3IH1KIIW6FO,11.36
Michael,Patterson,VR49312,6881213,ETHOS DYNAMICS,5,MEA,PHOENIX,MAINTENANCE,NO_TS_MEA,88.64
Matthew,Young,VT91154,9647692,BRYTON SOLUTIONS,5,EMEA AMERICA,STELLAR,RPS,P0V0UPHO6DBZE3G,15.77
Matthew,Young,VT91154,9647692,BRYTON SOLUTIONS,5,APAC,STELLAR,RPS,NO_TS_APAC,84.23
Timothy,Wilson,GU89255,8513122,ETHOS TECH,5,MEA ASIA,VERTEX,MAINTENANCE,69XTTD1HAQUS9OM,7.53
Timothy,Wilson,GU89255,8513122,ETHOS TECH,5,CONT,VERTEX,MAINTENANCE,NO_TS_CONT,92.47
Steve,Wilson,UD21833,1077890,KESTRA SOLUTIONS,5,APAC OCEANIA,ORBIT,REGIE,YYIYSLHTH1HO59I,13.64
Steve,Wilson,UD21833,1077890,KESTRA SOLUTIONS,5,LATAM,ORBIT,REGIE,NO_TS_LATAM,86.36
Kendra,Chen,DK89033,9678765,INOVA GLOBAL,5,CONT MENA,NOVA,RPS,KWKKD7XDDKX6GZT,11.36
Kendra,Chen,DK89033,9678765,INOVA GLOBAL,5,MEA,NOVA,RPS,NO_TS_MEA,88.64
Stanley,Davidson,UO95859,5343413,GOLZEN SOLUTIONS,5,CONT EUROPE,PULSE,FORFAIT,WGNA1U0CH2UFH7W,6.96
Stanley,Davidson,UO95859,5343413,GOLZEN SOLUTIONS,5,NA,PULSE,FORFAIT,NO_TS_NA,93.04
Daniel,Moore,TK59375,2349174,GOLZEN GLOBAL,5,CONT MENA,STELLAR,MAINTENANCE,O3JNGHB935ZWCOC,14.77
Daniel,Moore,TK59375,2349174,GOLZEN GLOBAL,5,MEA,STELLAR,MAINTENANCE,NO_TS_MEA,85.23
Susan,Snyder,MS80543,6105390,FORVEX VENTURES,5,LATAM AFRICA,NOVA,MAINTENANCE,JVUTSWM09QGFEJ3,13.64
Kimberly,Snyder,YA71610,7133479,INOVA TECH,5,MEA OCEANIA,QUANTUM,SUPPORT,CXJ8JRTIAF6UA4C,13.64
Robert,Gutierrez,GQ39240,4314893,GOLZEN SYSTEMS,5,MEA MENA,NOVA,FORFAIT,U8MR6F5DKIU1H42,7.24
Robert,Gutierrez,GQ39240,4314893,GOLZEN SYSTEMS,5,APAC,NOVA,FORFAIT,NO_TS_APAC,92.76
Craig,Pruitt,SQ72602,9130092,JALVIK GROUP,5,APAC AMERICA,NEXUS,FORFAIT,5H9TI18LMTSBB53,9.38
Craig,Pruitt,SQ72602,9130092,JALVIK GROUP,5,CONT,NEXUS,FORFAIT,NO_TS_CONT,90.63
Felicia,Luna,YZ76613,8871153,DELVO SOLUTIONS,5,NA ASIA,ATLAS,SUPPORT,X2Z4APP1QVJJASH,9.66
Felicia,Luna,YZ76613,8871153,DELVO SOLUTIONS,5,MEA,ATLAS,SUPPORT,NO_TS_MEA,90.34
Christopher,Lane,OD24706,6691850,KESTRA SYSTEMS,5,EMEA EUROPE,QUANTUM,REGIE,4VM4DII1CY9M0DR,11.36
Ryan,Terrell,YM01689,9707683,FORVEX DYNAMICS,5,APAC OCEANIA,ORBIT,MAINTENANCE,SM81P26VBAOUGHV,10.23
Jessica,Williams,HZ37765,8862146,INOVA CONSULTING,5,NA AFRICA,STELLAR,REGIE,GHC0IQ9T00DEFYO,8.81
Stephen,Brown,CJ79929,8251996,FORVEX SOLUTIONS,5,EMEA ASIA,VERTEX,RPS,RXMJ2BC8WMUOT6K,11.65
Stephen,Brown,CJ79929,8251996,FORVEX SOLUTIONS,5,APAC,VERTEX,RPS,NO_TS_APAC,88.35
Elizabeth,Perez,ML32079,8212581,GOLZEN GROUP,5,EMEA EUROPE,ATLAS,MAINTENANCE,FE3GSBVXS1HGYCJ,9.94
Elizabeth,Perez,ML32079,8212581,GOLZEN GROUP,5,APAC,ATLAS,MAINTENANCE,NO_TS_APAC,90.06
Allen,Downs,PP32898,1934650,LUMEX SYSTEMS,5,MEA OCEANIA,QUANTUM,SUPPORT,Y4JBX6IGLQT14N7,9.94
Allen,Downs,PP32898,1934650,LUMEX SYSTEMS,5,LATAM,QUANTUM,SUPPORT,NO_TS_LATAM,90.06
Micheal,Robinson,XK61437,6979240,KESTRA SYSTEMS,5,LATAM MENA,PHOENIX,RPS,FWJDDH7XYYPNVWR,13.64
Micheal,Robinson,XK61437,6979240,KESTRA SYSTEMS,5,LATAM,PHOENIX,RPS,NO_TS_LATAM,86.36
Sean,Nelson,MC38599,1314911,LUMEX CONSULTING,5,APAC AFRICA,NEXUS,FORFAIT,IWRG9GOFQ01ZEPY,10.8
Sean,Nelson,MC38599,1314911,LUMEX CONSULTING,5,APAC,NEXUS,FORFAIT,NO_TS_APAC,89.2
Gabriel,Padilla,DW43181,2734379,CENVEO DYNAMICS,5,MEA ASIA,PULSE,REGIE,LJI05ITHAOO2WDP,11.65
Gabriel,Padilla,DW43181,2734379,CENVEO DYNAMICS,5,MEA,PULSE,REGIE,NO_TS_MEA,88.35
Lauren,Gilbert,FV22930,6663533,KESTRA DYNAMICS,5,NA OCEANIA,ORBIT,REGIE,H34JEG4SV0DZX7N,6.96
Nichole,Jones,MR64342,4199013,INOVA GLOBAL,5,EMEA MENA,PULSE,MAINTENANCE,O6EXJOSVV4XKENP,12.5
Samantha,Price,EE33819,6435250,FORVEX DIGITAL,5,MEA AMERICA,ATLAS,MAINTENANCE,RXK26W36S5K2H99,13.64
Samantha,Price,EE33819,6435250,FORVEX DIGITAL,5,APAC,ATLAS,MAINTENANCE,NO_TS_APAC,86.36
Derek,Sanchez,DN62632,9628461,LUMEX SYSTEMS,5,LATAM MENA,VERTEX,REGIE,8GVHIXMES5JBZYW,9.94
Derek,Sanchez,DN62632,9628461,LUMEX SYSTEMS,5,CONT,VERTEX,REGIE,NO_TS_CONT,90.06
Victor,Wilson,WO94707,1409857,HYRION GROUP,5,MEA OCEANIA,STELLAR,FORFAIT,FXQK0KVYECAYN58,10.37
Victor,Wilson,WO94707,1409857,HYRION GROUP,5,NA,STELLAR,FORFAIT,NO_TS_NA,89.63
Paul,Sanchez,IB15510,9802658,CENVEO SYSTEMS,5,MEA OCEANIA,VERTEX,REGIE,NI01W80FC36OUVA,6.25
Paul,Sanchez,IB15510,9802658,CENVEO SYSTEMS,5,CONT,VERTEX,REGIE,NO_TS_CONT,93.75
Teresa,Durham,FF71805,5002150,CENVEO DIGITAL,5,APAC MENA,PULSE,RPS,C8E3JZF58OLGFVD,13.92
Rick,Dunn,OM32835,2271887,BRYTON GROUP,5,APAC ASIA,VERTEX,RPS,G8NCXKOO7DYXO9C,10.09
Thomas,James,KD69853,6832336,ALCOR GLOBAL,5,CONT EUROPE,NEXUS,REGIE,YI4OFGGG1L5ISCD,11.65
Thomas,James,KD69853,6832336,ALCOR GLOBAL,5,LATAM,NEXUS,REGIE,NO_TS_LATAM,88.35
Whitney,Young,QV14672,1722992,DELVO VENTURES,5,LATAM OCEANIA,VERTEX,FORFAIT,I1TMG9O6UJJ0H8H,11.93
Whitney,Young,QV14672,1722992,DELVO VENTURES,5,CONT,VERTEX,FORFAIT,NO_TS_CONT,88.07
Kiara,Barnett,CT21591,9595918,JALVIK GROUP,5,APAC ASIA,STELLAR,REGIE,ZC6KRZC5A6G8V7U,11.36
Kiara,Barnett,CT21591,9595918,JALVIK GROUP,5,NA,STELLAR,REGIE,NO_TS_NA,88.64
Bryan,Evans,RA58044,8404954,ETHOS SOLUTIONS,5,LATAM MENA,NEXUS,SUPPORT,FPQ4QYQ9FRA3MFO,9.52
Bryan,Evans,RA58044,8404954,ETHOS SOLUTIONS,5,EMEA,NEXUS,SUPPORT,NO_TS_EMEA,90.48
Laurie,Wright,OV81480,2052094,ALCOR GLOBAL,5,EMEA AMERICA,ATLAS,SUPPORT,DJXZ3IV59E5TP3B,14.49
Melissa,Brock,QN87486,6262842,ETHOS VENTURES,5,EMEA AFRICA,QUANTUM,MAINTENANCE,YFGR4GTSBNMULPZ,9.66
Melissa,Brock,QN87486,6262842,ETHOS VENTURES,5,LATAM,QUANTUM,MAINTENANCE,NO_TS_LATAM,90.34
James,Jones,MC49220,2922121,HYRION CONSULTING,5,EMEA EUROPE,NOVA,REGIE,MTEKQDLCSJ03RFM,13.64
James,Jones,MC49220,2922121,HYRION CONSULTING,5,EMEA,NOVA,REGIE,NO_TS_EMEA,86.36
Timothy,Williams,JL20477,6188778,KESTRA TECH,5,CONT AMERICA,PHOENIX,REGIE,AEYT2NRJPFI3CNY,9.94
Timothy,Williams,JL20477,6188778,KESTRA TECH,5,EMEA,PHOENIX,REGIE,NO_TS_EMEA,90.06
Robert,Walker,IP08845,4594489,ETHOS SYSTEMS,5,CONT OCEANIA,QUANTUM,SUPPORT,MHDY79R1AOZK3N2,12.5
Robert,Walker,IP08845,4594489,ETHOS SYSTEMS,5,LATAM,QUANTUM,SUPPORT,NO_TS_LATAM,87.5
Christina,Richardson,DV24679,7137761,GOLZEN TECH,5,CONT AFRICA,VERTEX,REGIE,XNLIJP8XMWJ705P,7.1
Christina,Richardson,DV24679,7137761,GOLZEN TECH,5,LATAM,VERTEX,REGIE,NO_TS_LATAM,92.9
Veronica,Allen,HZ56780,8614613,INOVA TECH,5,MEA OCEANIA,NOVA,MAINTENANCE,RDP4ZQ4JEBCUYK9,10.23
Veronica,Allen,HZ56780,8614613,INOVA TECH,5,EMEA,NOVA,MAINTENANCE,NO_TS_EMEA,89.77
Michelle,Russell,CY29530,5424313,GOLZEN SOLUTIONS,5,APAC AFRICA,ATLAS,FORFAIT,QRB9J85CPA7TKQV,12.22
Michelle,Russell,CY29530,5424313,GOLZEN SOLUTIONS,5,CONT,ATLAS,FORFAIT,NO_TS_CONT,87.78
Taylor,Brown,OZ92951,9218643,ETHOS VENTURES,5,EMEA ASIA,STELLAR,FORFAIT,MNMJLJUNCDSMTAE,10.51
Taylor,Brown,OZ92951,9218643,ETHOS VENTURES,5,APAC,STELLAR,FORFAIT,NO_TS_APAC,89.49
Dominique,Ray,FB61150,2279345,BRYTON SOLUTIONS,5,APAC ASIA,NOVA,RPS,M7ELQJC7KIKYJK9,7.39
Dominique,Ray,FB61150,2279345,BRYTON SOLUTIONS,5,CONT,NOVA,RPS,NO_TS_CONT,92.61
Kyle,Patel,CW47992,7147876,GOLZEN SYSTEMS,5,LATAM EUROPE,NEXUS,RPS,8TDGBH794GA2TRG,13.07
Kyle,Patel,CW47992,7147876,GOLZEN SYSTEMS,5,APAC,NEXUS,RPS,NO_TS_APAC,86.93
Courtney,Williams,SI55899,3522690,DELVO SOLUTIONS,5,EMEA EUROPE,PHOENIX,RPS,J4G98GRRVHCLOPM,9.66
Courtney,Williams,SI55899,3522690,DELVO SOLUTIONS,5,LATAM,PHOENIX,RPS,NO_TS_LATAM,90.34
Christine,Evans,OO66554,2583389,GOLZEN GLOBAL,5,NA AFRICA,PULSE,REGIE,DK2Q7ULYS0JH80L,10.23
Christine,Evans,OO66554,2583389,GOLZEN GLOBAL,5,NA,PULSE,REGIE,NO_TS_NA,89.77
Emily,Lucas,LO15483,7774656,FORVEX CONSULTING,5,NA MENA,PULSE,REGIE,8IJP1RCK2ZZ0999,9.09
Emily,Lucas,LO15483,7774656,FORVEX CONSULTING,5,APAC,PULSE,REGIE,NO_TS_APAC,90.91
Joel,Brooks,AF85241,4841042,ALCOR GLOBAL,5,APAC OCEANIA,QUANTUM,RPS,5GQSKX9KDIPUES5,13.07
Christopher,Barrera,PK81209,3562383,BRYTON GLOBAL,5,CONT MENA,ORBIT,SUPPORT,LAPZRRRYYQ6J14E,9.66
Christopher,Barrera,PK81209,3562383,BRYTON GLOBAL,5,LATAM,ORBIT,SUPPORT,NO_TS_LATAM,90.34
Jason,Gregory,QG35063,3088289,CENVEO SOLUTIONS,5,NA EUROPE,NOVA,REGIE,XP3QY1XZK8ES2Q7,9.94
Billy,Waller,CC10919,3608921,DELVO GROUP,5,MEA OCEANIA,STELLAR,RPS,FC7CQLD1TYJ2OH9,7.95
Lisa,Castaneda,CL21257,6857286,INOVA SOLUTIONS,5,APAC EUROPE,PHOENIX,FORFAIT,1M24ZGUJ2BBNRN7,11.36
Lisa,Castaneda,CL21257,6857286,INOVA SOLUTIONS,5,EMEA,PHOENIX,FORFAIT,NO_TS_EMEA,88.64
Jennifer,Scott,IL99996,2647540,DELVO DIGITAL,5,MEA EUROPE,VERTEX,RPS,JSB3KKLQ01BIRUC,10.94
Rebecca,Pruitt,GZ98995,9098802,ETHOS DIGITAL,5,MEA AFRICA,PULSE,SUPPORT,YNAYUFPPIU2VC7M,10.8
Rebecca,Pruitt,GZ98995,9098802,ETHOS DIGITAL,5,EMEA,PULSE,SUPPORT,NO_TS_EMEA,89.2
Richard,Black,NU10683,2409421,JALVIK VENTURES,5,CONT EUROPE,NEXUS,REGIE,YPW10NWII3L2TL0,10.23
Ashley,Dean,PH25445,8496306,ALCOR GLOBAL,5,MEA ASIA,ATLAS,REGIE,LNJ5FEL3V4FN905,5.68
Ashley,Dean,PH25445,8496306,ALCOR GLOBAL,5,MEA,ATLAS,REGIE,NO_TS_MEA,94.32
Phillip,Brown,NU45319,8371137,BRYTON GLOBAL,5,CONT EUROPE,VERTEX,REGIE,MMWEMASIO93B8LL,9.09
Phillip,Brown,NU45319,8371137,BRYTON GLOBAL,5,NA,VERTEX,REGIE,NO_TS_NA,90.91
Karen,Johnson,XF83869,8365396,BRYTON DYNAMICS,5,LATAM ASIA,ATLAS,REGIE,LKG6FZMEDNH3BLJ,11.36
Karen,Johnson,XF83869,8365396,BRYTON DYNAMICS,5,EMEA,ATLAS,REGIE,NO_TS_EMEA,88.64
Jennifer,Bond,UP84496,2511256,KESTRA GLOBAL,5,MEA ASIA,NEXUS,SUPPORT,IZEBVG23XFWNQ3A,8.1
Justin,Steele,IA59180,6872762,HYRION GROUP,5,LATAM MENA,NOVA,REGIE,BGFLUSK1INXWOT8,7.39
Justin,Steele,IA59180,6872762,HYRION GROUP,5,CONT,NOVA,REGIE,NO_TS_CONT,92.61
Robert,Mcfarland,PZ84731,4829055,KESTRA CONSULTING,5,MEA OCEANIA,PULSE,RPS,TSHIYP2IZ1H27LY,9.23
Robert,Mcfarland,PZ84731,4829055,KESTRA CONSULTING,5,APAC,PULSE,RPS,NO_TS_APAC,90.77
Alexander,Craig,PH26771,6131471,KESTRA TECH,5,EMEA ASIA,STELLAR,MAINTENANCE,IMI2URE11MZ9VWB,12.5
Alexander,Craig,PH26771,6131471,KESTRA TECH,5,APAC,STELLAR,MAINTENANCE,NO_TS_APAC,87.5
Catherine,Price,RU56830,2005352,ETHOS GROUP,5,LATAM ASIA,QUANTUM,SUPPORT,QEP4G1T0T7O2HB9,11.36
Catherine,Price,RU56830,2005352,ETHOS GROUP,5,CONT,QUANTUM,SUPPORT,NO_TS_CONT,88.64
Nathan,Stephens,SS38345,5613214,CENVEO DYNAMICS,5,EMEA AMERICA,ATLAS,SUPPORT,J3ADGEPQF3JB0AO,11.65
Nathan,Stephens,SS38345,5613214,CENVEO DYNAMICS,5,APAC,ATLAS,SUPPORT,NO_TS_APAC,88.35
Mason,Martinez,YM62792,9939446,HYRION DYNAMICS,5,MEA EUROPE,VERTEX,MAINTENANCE,1RV44T9QHRXUS97,8.52
Mason,Martinez,YM62792,9939446,HYRION DYNAMICS,5,EMEA,VERTEX,MAINTENANCE,NO_TS_EMEA,91.48
Brad,George,UB89756,6289456,JALVIK DYNAMICS,5,EMEA ASIA,NOVA,MAINTENANCE,F1MG609OI1H75HH,11.61
Brad,George,UB89756,6289456,JALVIK DYNAMICS,5,CONT,NOVA,MAINTENANCE,NO_TS_CONT,88.39
Mitchell,Galloway,GB22898,4308798,ETHOS VENTURES,5,LATAM MENA,ATLAS,FORFAIT,Q6723XJ53BK2VJO,10.23
Steve,Hurst,LY48211,7064985,CENVEO CONSULTING,5,NA AFRICA,QUANTUM,REGIE,OAGC9E8NF4ZY0PZ,10.37
Steve,Hurst,LY48211,7064985,CENVEO CONSULTING,5,NA,QUANTUM,REGIE,NO_TS_NA,89.63
Nicole,Bowen,LY49541,6007375,KESTRA VENTURES,5,NA OCEANIA,STELLAR,MAINTENANCE,Y89SHFIJK4UR0M7,9.09
Nicole,Bowen,LY49541,6007375,KESTRA VENTURES,5,MEA,STELLAR,MAINTENANCE,NO_TS_MEA,90.91
Paul,Miller,BF94634,3653770,GOLZEN CONSULTING,5,MEA MENA,ATLAS,REGIE,LJKOO2YK1BAO1W4,5.68
Ronald,Pierce,TA70675,1684271,GOLZEN GLOBAL,5,EMEA AFRICA,STELLAR,MAINTENANCE,WMPGGKH2RGKI8CJ,15.48
Ronald,Pierce,TA70675,1684271,GOLZEN GLOBAL,5,NA,STELLAR,MAINTENANCE,NO_TS_NA,84.52
Thomas,Griffin,WE95352,2342449,HYRION SYSTEMS,5,CONT MENA,ATLAS,RPS,SE98UL8T5Q0BNIP,14.91
Jill,Cervantes,MA19056,9476209,INOVA VENTURES,5,APAC MENA,PHOENIX,MAINTENANCE,7PXC702WULLQ3R5,13.64
Jill,Cervantes,MA19056,9476209,INOVA VENTURES,5,NA,PHOENIX,MAINTENANCE,NO_TS_NA,86.36
Rebekah,Frazier,AA99923,9512593,FORVEX GROUP,5,NA EUROPE,PULSE,MAINTENANCE,Q0WCT3YXB29T5RH,11.08
Michael,Davis,PI26138,4665407,BRYTON GLOBAL,5,LATAM AFRICA,VERTEX,FORFAIT,S7V5SMHCSFVCPK1,14.2
Michael,Davis,PI26138,4665407,BRYTON GLOBAL,5,LATAM,VERTEX,FORFAIT,NO_TS_LATAM,85.8
Sydney,Coleman,TV10768,6197323,CENVEO SYSTEMS,5,LATAM AFRICA,PULSE,REGIE,P6V47LVF3GBV9UX,11.93
Sydney,Coleman,TV10768,6197323,CENVEO SYSTEMS,5,APAC,PULSE,REGIE,NO_TS_APAC,88.07
Dalton,Hunter,SH14268,1343233,INOVA TECH,5,NA OCEANIA,NOVA,RPS,U796VRTCD3XBVZZ,9.09
Dalton,Hunter,SH14268,1343233,INOVA TECH,5,LATAM,NOVA,RPS,NO_TS_LATAM,90.91
Tara,Leach,WN43797,3412764,CENVEO TECH,5,CONT AMERICA,PULSE,FORFAIT,1EON2MC2GZC8TV0,10.65
Tara,Leach,WN43797,3412764,CENVEO TECH,5,EMEA,PULSE,FORFAIT,NO_TS_EMEA,89.35
Zachary,Nguyen,SP97009,6840953,FORVEX SYSTEMS,5,LATAM AFRICA,STELLAR,SUPPORT,PDVJTCR6UH08N2S,13.64
Daniel,Hawkins,LA45722,6709887,DELVO SYSTEMS,5,EMEA OCEANIA,QUANTUM,MAINTENANCE,8FV4LVMMM6FAYT4,8.66
Michael,Le,VF67022,5408739,INOVA DIGITAL,5,APAC AFRICA,PULSE,MAINTENANCE,ORSEKXLAB0QGOYB,10.37
Michael,Le,VF67022,5408739,INOVA DIGITAL,5,CONT,PULSE,MAINTENANCE,NO_TS_CONT,89.63
Mark,Smith,XO57184,9991645,CENVEO DYNAMICS,5,LATAM AFRICA,NEXUS,MAINTENANCE,V8EO1XCS6S5HD0L,9.38
Scott,Brooks,RL58140,1002184,DELVO DIGITAL,5,NA ASIA,VERTEX,SUPPORT,XRYC6S5W1TANM5H,8.1
Scott,Brooks,RL58140,1002184,DELVO DIGITAL,5,MEA,VERTEX,SUPPORT,NO_TS_MEA,91.9
Ronald,Carlson,IZ17623,3491608,ETHOS GROUP,5,NA EUROPE,NEXUS,FORFAIT,522WFZX45H5W9C7,10.23
Ronald,Carlson,IZ17623,3491608,ETHOS GROUP,5,CONT,NEXUS,FORFAIT,NO_TS_CONT,89.77
Johnny,Smith,YT01144,9869934,FORVEX VENTURES,5,NA AFRICA,STELLAR,MAINTENANCE,8DJLLXYSS6FE1D9,12.64
Johnny,Smith,YT01144,9869934,FORVEX VENTURES,5,LATAM,STELLAR,MAINTENANCE,NO_TS_LATAM,87.36
Debra,Kim,NJ11239,3219211,DELVO DIGITAL,5,EMEA EUROPE,QUANTUM,MAINTENANCE,EWKNFWO09TYQAOX,6.82
Debra,Kim,NJ11239,3219211,DELVO DIGITAL,5,MEA,QUANTUM,MAINTENANCE,NO_TS_MEA,93.18
Roger,Rivera,IL31514,4031298,JALVIK SOLUTIONS,5,APAC MENA,NEXUS,MAINTENANCE,OYDAPTQYMI6O8E8,11.65
Craig,Ellison,DQ71944,5142293,CENVEO GLOBAL,5,CONT AFRICA,NOVA,FORFAIT,PL13INKNMLRV1TP,11.08
Craig,Ellison,DQ71944,5142293,CENVEO GLOBAL,5,EMEA,NOVA,FORFAIT,NO_TS_EMEA,88.92
Peter,Clark,HJ81912,1132469,ETHOS GLOBAL,5,MEA MENA,NEXUS,RPS,DTY34APZ3KWO4CM,11.36
Peter,Clark,HJ81912,1132469,ETHOS GLOBAL,5,NA,NEXUS,RPS,NO_TS_NA,88.64
Jillian,Gonzalez,AB38304,3495562,ALCOR GROUP,5,LATAM MENA,STELLAR,MAINTENANCE,6JAXNKWPNNVRDOJ,12.5
Melvin,Casey,WV30025,6929347,JALVIK GROUP,5,EMEA ASIA,VERTEX,RPS,6M4VQ09FE3TCN1X,5.82
Melvin,Casey,WV30025,6929347,JALVIK GROUP,5,APAC,VERTEX,RPS,NO_TS_APAC,94.18
Michael,Drake,MX15593,2716838,LUMEX GLOBAL,5,NA ASIA,ORBIT,SUPPORT,SR2790EFERTDB0T,11.36
Michael,Drake,MX15593,2716838,LUMEX GLOBAL,5,CONT,ORBIT,SUPPORT,NO_TS_CONT,88.64
Monica,Gallagher,IH49132,8017215,HYRION TECH,5,EMEA MENA,ORBIT,RPS,6O9NN7FCKQ2292G,9.66
Monica,Gallagher,IH49132,8017215,HYRION TECH,5,MEA,ORBIT,RPS,NO_TS_MEA,90.34
Regina,Levine,IR12353,9090522,BRYTON GLOBAL,5,EMEA EUROPE,ATLAS,MAINTENANCE,Q8VB5AL8P2FGJ8V,9.52
Regina,Levine,IR12353,9090522,BRYTON GLOBAL,5,CONT,ATLAS,MAINTENANCE,NO_TS_CONT,90.48
Sarah,Bridges,GN56360,9865652,INOVA VENTURES,5,LATAM OCEANIA,STELLAR,MAINTENANCE,4NYAHKN1A15C6CD,11.65
Sarah,Bridges,GN56360,9865652,INOVA VENTURES,5,EMEA,STELLAR,MAINTENANCE,NO_TS_EMEA,88.35
David,Jackson,IU70714,5073993,FORVEX DYNAMICS,5,NA ASIA,ATLAS,MAINTENANCE,4RN07DCN487Z5AY,12.71
David,Jackson,IU70714,5073993,FORVEX DYNAMICS,5,MEA,ATLAS,MAINTENANCE,NO_TS_MEA,87.29
Andrew,George,PX77305,9647786,DELVO CONSULTING,5,LATAM OCEANIA,ORBIT,REGIE,FAG3NLAIVO2088F,17.05
Kendra,Kelly,JL31162,5740078,LUMEX CONSULTING,5,MEA MENA,STELLAR,REGIE,SRDT3DWESM3TY6D,11.65
Kendra,Kelly,JL31162,5740078,LUMEX CONSULTING,5,NA,STELLAR,REGIE,NO_TS_NA,88.35
William,Burnett,VX77383,1127207,KESTRA SYSTEMS,5,MEA OCEANIA,PHOENIX,RPS,V6565EONJR0ZL75,11.36
William,Burnett,VX77383,1127207,KESTRA SYSTEMS,5,NA,PHOENIX,RPS,NO_TS_NA,88.64
Marc,Nguyen,ML46535,8260302,FORVEX GLOBAL,5,CONT ASIA,PULSE,MAINTENANCE,X00YRRFPCDQMCXE,8.82
Marc,Nguyen,ML46535,8260302,FORVEX GLOBAL,5,CONT,PULSE,MAINTENANCE,NO_TS_CONT,91.18
Wanda,Richard,TY66862,6934137,FORVEX VENTURES,5,APAC AFRICA,QUANTUM,FORFAIT,TO99F2HT8AV1SUD,11.93
Wanda,Richard,TY66862,6934137,FORVEX VENTURES,5,NA,QUANTUM,FORFAIT,NO_TS_NA,88.07
Marcus,Johnson,SG62707,2022204,LUMEX VENTURES,5,APAC AFRICA,PULSE,REGIE,D9N4YITMCEOXIDW,12.78
Marcus,Johnson,SG62707,2022204,LUMEX VENTURES,5,MEA,PULSE,REGIE,NO_TS_MEA,87.22
Krystal,Choi,LK41205,5672346,ALCOR VENTURES,5,EMEA AFRICA,ORBIT,FORFAIT,Z23M75HO1R3B1U9,10.23
Krystal,Choi,LK41205,5672346,ALCOR VENTURES,5,MEA,ORBIT,FORFAIT,NO_TS_MEA,89.77
Jessica,Ford,SC85509,9208406,DELVO SYSTEMS,5,LATAM AFRICA,PHOENIX,REGIE,U1H60BEKKXYYWII,11.36
Jessica,Ford,SC85509,9208406,DELVO SYSTEMS,5,CONT,PHOENIX,REGIE,NO_TS_CONT,88.64
Timothy,Kennedy,AE39301,9807966,INOVA VENTURES,5,EMEA EUROPE,ATLAS,REGIE,JVVT4GQJ7N2OZ37,5.68
Carla,Harvey,KW38976,3668209,JALVIK TECH,5,MEA AFRICA,NEXUS,RPS,LJ0GBQKU7HN8O69,10.09
Carla,Harvey,KW38976,3668209,JALVIK TECH,5,LATAM,NEXUS,RPS,NO_TS_LATAM,89.91
Ryan,Avila,YH67652,9208072,HYRION SYSTEMS,5,NA AMERICA,STELLAR,SUPPORT,1LFXY71Z0ZK53QM,6.25
Ryan,Avila,YH67652,9208072,HYRION SYSTEMS,5,CONT,STELLAR,SUPPORT,NO_TS_CONT,93.75
Danielle,Reed,DL27869,5184482,ALCOR VENTURES,5,CONT ASIA,NEXUS,SUPPORT,H8NUXII7H1RJJSR,9.94
Mathew,Bailey,OE42055,3819632,BRYTON DYNAMICS,5,MEA AFRICA,ATLAS,RPS,C6PF8QOBJ6MV1AP,12.07
Matthew,Robinson,CI03974,6065657,INOVA GLOBAL,5,CONT OCEANIA,STELLAR,MAINTENANCE,MQAZLBERTYNTUJH,9.09
Matthew,Robinson,CI03974,6065657,INOVA GLOBAL,5,EMEA,STELLAR,MAINTENANCE,NO_TS_EMEA,90.91
Edward,Young,TY54870,9027810,INOVA DIGITAL,5,MEA AMERICA,NOVA,FORFAIT,YMTN83UB8XTU7CO,9.8
Amanda,Johnson,JR63542,6683452,DELVO VENTURES,5,MEA OCEANIA,VERTEX,FORFAIT,KKX6ONCGFXEUQYG,13.64
Amanda,Johnson,JR63542,6683452,DELVO VENTURES,5,CONT,VERTEX,FORFAIT,NO_TS_CONT,86.36
Ariel,Drake,GB56224,5393494,CENVEO TECH,5,MEA AFRICA,NEXUS,SUPPORT,SZOH7847NNV7H0Q,11.36
Ariel,Drake,GB56224,5393494,CENVEO TECH,5,LATAM,NEXUS,SUPPORT,NO_TS_LATAM,88.64
Larry,Oneill,OX24399,5714366,KESTRA DYNAMICS,5,CONT MENA,STELLAR,MAINTENANCE,M5ARCBWXAU8CZUL,7.1
Larry,Oneill,OX24399,5714366,KESTRA DYNAMICS,5,EMEA,STELLAR,MAINTENANCE,NO_TS_EMEA,92.9
Lisa,Lawrence,BL45620,1524414,ETHOS SOLUTIONS,5,MEA AFRICA,STELLAR,MAINTENANCE,ZAOMDXH5PCYYLC6,9.09
Lisa,Lawrence,BL45620,1524414,ETHOS SOLUTIONS,5,NA,STELLAR,MAINTENANCE,NO_TS_NA,90.91
Heidi,Calderon,VG50214,6287155,GOLZEN TECH,5,APAC ASIA,ATLAS,FORFAIT,1UL9HBC07RNWCGV,12.5
Heidi,Calderon,VG50214,6287155,GOLZEN TECH,5,EMEA,ATLAS,FORFAIT,NO_TS_EMEA,87.5
Kyle,Turner,RY11607,1233695,HYRION DIGITAL,5,NA ASIA,STELLAR,REGIE,KXF6IAL8KCUGHK9,13.64
Kyle,Turner,RY11607,1233695,HYRION DIGITAL,5,APAC,STELLAR,REGIE,NO_TS_APAC,86.36
Kimberly,Hicks,HN70061,4318127,FORVEX CONSULTING,5,EMEA AMERICA,NOVA,RPS,WJLK5CJVNPTCI48,11.36
Kimberly,Hicks,HN70061,4318127,FORVEX CONSULTING,5,LATAM,NOVA,RPS,NO_TS_LATAM,88.64
Anne,Francis,EC08736,2235951,GOLZEN DIGITAL,5,APAC AFRICA,QUANTUM,REGIE,LHJSAIHHHFPFA73,10.37
Anne,Francis,EC08736,2235951,GOLZEN DIGITAL,5,LATAM,QUANTUM,REGIE,NO_TS_LATAM,89.63
Anthony,Gardner,GA60039,3568097,ETHOS VENTURES,5,MEA EUROPE,QUANTUM,REGIE,P6KK8S23T22OR6T,11.51
Anthony,Gardner,GA60039,3568097,ETHOS VENTURES,5,APAC,QUANTUM,REGIE,NO_TS_APAC,88.49
Philip,Price,XI65670,4901046,ALCOR CONSULTING,5,CONT AFRICA,NOVA,REGIE,KTN4KHSZ1ZEN9WP,7.81
Philip,Price,XI65670,4901046,ALCOR CONSULTING,5,EMEA,NOVA,REGIE,NO_TS_EMEA,92.19
Kelly,Small,ZY67302,2342740,DELVO DIGITAL,5,LATAM MENA,NOVA,REGIE,D4ZH9OCUCN1TZPB,13.49
Kelly,Small,ZY67302,2342740,DELVO DIGITAL,5,MEA,NOVA,REGIE,NO_TS_MEA,86.51
Kent,Walker,ST31756,7839009,HYRION SYSTEMS,5,CONT MENA,PHOENIX,SUPPORT,7DT74PIG6D1UGJI,10.65
Christina,Gonzalez,MI81215,6489068,GOLZEN SOLUTIONS,5,EMEA,NEXUS,RPS,NO_TS_EMEA,100.0
Benjamin,Walter,XS36176,4379701,JALVIK VENTURES,5,EMEA EUROPE,NEXUS,RPS,YWURX78MIRMZDT4,12.64
Mark,Hall,JC11087,7766188,LUMEX CONSULTING,5,APAC ASIA,VERTEX,RPS,9NNZDJP44P31TKE,11.36
Christina,Kelly,SJ81390,6725781,DELVO SYSTEMS,5,NA ASIA,STELLAR,MAINTENANCE,OD8A9G36HZNQOYX,11.11
Christina,Kelly,SJ81390,6725781,DELVO SYSTEMS,5,LATAM,STELLAR,MAINTENANCE,NO_TS_LATAM,88.89
Kyle,Knox,HJ19918,5813481,INOVA GLOBAL,5,NA AFRICA,NEXUS,REGIE,O92Q2AH6AJIKFCR,13.92
Kyle,Knox,HJ19918,5813481,INOVA GLOBAL,5,MEA,NEXUS,REGIE,NO_TS_MEA,86.08
Maria,Anthony,FZ44024,7546155,ALCOR TECH,5,EMEA AFRICA,NOVA,MAINTENANCE,D151JJOZ42ES0NS,9.66
Maria,Anthony,FZ44024,7546155,ALCOR TECH,5,EMEA,NOVA,MAINTENANCE,NO_TS_EMEA,90.34
Allison,Campbell,QI10020,4622795,LUMEX CONSULTING,5,CONT EUROPE,ATLAS,REGIE,30IQJKR0NJG3GOK,11.36
Allison,Campbell,QI10020,4622795,LUMEX CONSULTING,5,LATAM,ATLAS,REGIE,NO_TS_LATAM,88.64
Heidi,Thomas,QF28728,7583140,INOVA DIGITAL,5,MEA EUROPE,STELLAR,MAINTENANCE,O51TTRVKRPN5TML,7.95
Heidi,Thomas,QF28728,7583140,INOVA DIGITAL,5,APAC,STELLAR,MAINTENANCE,NO_TS_APAC,92.05
Jesse,Park,WN78435,9361951,KESTRA DYNAMICS,5,EMEA AFRICA,VERTEX,RPS,5EDHJ0FDHDGIW3P,8.52
Jesse,Park,WN78435,9361951,KESTRA DYNAMICS,5,MEA,VERTEX,RPS,NO_TS_MEA,91.48
Melissa,Armstrong,XA45651,1436656,HYRION SYSTEMS,5,CONT MENA,PULSE,MAINTENANCE,K84WR5YCSCICLAI,13.64
Melissa,Armstrong,XA45651,1436656,HYRION SYSTEMS,5,APAC,PULSE,MAINTENANCE,NO_TS_APAC,86.36
Deborah,Rose,BY63824,6480987,GOLZEN TECH,5,CONT OCEANIA,QUANTUM,MAINTENANCE,QA4KA4M20PMI5U6,9.8
Deborah,Rose,BY63824,6480987,GOLZEN TECH,5,LATAM,QUANTUM,MAINTENANCE,NO_TS_LATAM,90.2
Briana,Johnson,SN24663,5210230,LUMEX SOLUTIONS,5,APAC OCEANIA,STELLAR,FORFAIT,5SG9QROJPG4BQ0V,12.07
Briana,Johnson,SN24663,5210230,LUMEX SOLUTIONS,5,MEA,STELLAR,FORFAIT,NO_TS_MEA,87.93
Lisa,Turner,DZ45258,3553521,ETHOS SYSTEMS,5,LATAM AFRICA,STELLAR,MAINTENANCE,50J8NDICD1KYZ1H,15.06
Lisa,Turner,DZ45258,3553521,ETHOS SYSTEMS,5,APAC,STELLAR,MAINTENANCE,NO_TS_APAC,84.94
Christian,Wilcox,BD94372,3156549,ETHOS CONSULTING,5,LATAM MENA,PULSE,RPS,ZUO81YULE3799Y8,11.36
Christian,Wilcox,BD94372,3156549,ETHOS CONSULTING,5,EMEA,PULSE,RPS,NO_TS_EMEA,88.64
Jeremy,Adams,RW85610,3152259,GOLZEN TECH,5,CONT EUROPE,PULSE,REGIE,NO74NMHN7OU5JX7,13.64
Brittany,Phillips,GV48102,7386570,KESTRA TECH,5,LATAM AMERICA,VERTEX,SUPPORT,42UPZX8NY3RUM7H,9.23
Kari,Martinez,LP30448,1760057,GOLZEN GLOBAL,5,NA OCEANIA,PHOENIX,RPS,TSNF0VVZDGZE55Q,11.36
Kari,Martinez,LP30448,1760057,GOLZEN GLOBAL,5,MEA,PHOENIX,RPS,NO_TS_MEA,88.64
Jessica,Hansen,CW87145,3863499,DELVO GLOBAL,5,NA AFRICA,VERTEX,MAINTENANCE,FEEJ5JR7NCQRZGH,11.93
Caleb,Rojas,KH61544,9530733,FORVEX DYNAMICS,5,NA MENA,NEXUS,FORFAIT,6BGVYXNRMQQ4CHK,11.51
Kyle,Moyer,YF65672,3277177,BRYTON SOLUTIONS,5,NA ASIA,QUANTUM,SUPPORT,2JTJPBYGAZCSX1X,7.95
Kyle,Moyer,YF65672,3277177,BRYTON SOLUTIONS,5,EMEA,QUANTUM,SUPPORT,NO_TS_EMEA,92.05
Gary,Garcia,DA72529,3749012,DELVO GROUP,5,LATAM OCEANIA,STELLAR,RPS,BY9NKYNUC87KGYM,13.07
Gary,Garcia,DA72529,3749012,DELVO GROUP,5,APAC,STELLAR,RPS,NO_TS_APAC,86.93
David,Diaz,OA91971,9162794,HYRION SOLUTIONS,5,APAC OCEANIA,NEXUS,REGIE,SBRD4DBYNPWZ76E,8.1
David,Diaz,OA91971,9162794,HYRION SOLUTIONS,5,LATAM,NEXUS,REGIE,NO_TS_LATAM,91.9
Derek,Hurst,VZ51898,5391024,FORVEX GROUP,5,NA ASIA,NEXUS,RPS,Z80WW1YCOBBLVDR,12.78
Derek,Hurst,VZ51898,5391024,FORVEX GROUP,5,CONT,NEXUS,RPS,NO_TS_CONT,87.22
Sarah,Webb,UT78564,2906973,JALVIK GROUP,5,LATAM ASIA,PHOENIX,RPS,L3INTC5K0M6CIMJ,11.51
Sarah,Webb,UT78564,2906973,JALVIK GROUP,5,LATAM,PHOENIX,RPS,NO_TS_LATAM,88.49
Robert,Goodman,VM11639,3477523,HYRION VENTURES,5,MEA ASIA,QUANTUM,SUPPORT,O6U75MKS7DETX9A,8.95
Robert,Goodman,VM11639,3477523,HYRION VENTURES,5,LATAM,QUANTUM,SUPPORT,NO_TS_LATAM,91.05
Nicole,Banks,ZO03495,5468149,FORVEX DYNAMICS,5,NA MENA,PHOENIX,MAINTENANCE,0XM2XA7KC9HF6EA,12.5
Nicole,Banks,ZO03495,5468149,FORVEX DYNAMICS,5,APAC,PHOENIX,MAINTENANCE,NO_TS_APAC,87.5
Robert,Perez,ZX03014,4972604,ALCOR DIGITAL,5,LATAM EUROPE,PHOENIX,MAINTENANCE,OUJZGNMY3MKIMAL,8.52
Robert,Perez,ZX03014,4972604,ALCOR DIGITAL,5,CONT,PHOENIX,MAINTENANCE,NO_TS_CONT,91.48
Karen,Stanley,FY93666,5867471,ALCOR TECH,5,EMEA MENA,PULSE,MAINTENANCE,VQ9EWEV0RIBOB0B,13.64
Karen,Stanley,FY93666,5867471,ALCOR TECH,5,LATAM,PULSE,MAINTENANCE,NO_TS_LATAM,86.36
Carrie,York,XF21510,9586486,FORVEX DIGITAL,5,LATAM AFRICA,ATLAS,MAINTENANCE,9K5T7G5SEVKHTA3,13.64
Carrie,York,XF21510,9586486,FORVEX DIGITAL,5,CONT,ATLAS,MAINTENANCE,NO_TS_CONT,86.36
Jessica,Mills,JE88680,4382853,GOLZEN TECH,5,CONT OCEANIA,NEXUS,SUPPORT,JTQGYXHDU0S0Q0K,9.09
Jessica,Mills,JE88680,4382853,GOLZEN TECH,5,NA,NEXUS,SUPPORT,NO_TS_NA,90.91
Robin,Hobbs,IV88292,4739707,HYRION SOLUTIONS,5,NA AFRICA,ORBIT,MAINTENANCE,018A3NWUSIDU9RE,11.08
Robin,Hobbs,IV88292,4739707,HYRION SOLUTIONS,5,APAC,ORBIT,MAINTENANCE,NO_TS_APAC,88.92
Christopher,Page,XL26579,1352329,JALVIK TECH,5,MEA MENA,PULSE,RPS,00JUMOLTUJIAPRQ,7.24
Katherine,Rogers,PF32389,7655814,BRYTON VENTURES,5,EMEA AMERICA,ORBIT,RPS,UYSA43HCN92TP7Q,9.66
Katherine,Rogers,PF32389,7655814,BRYTON VENTURES,5,MEA,ORBIT,RPS,NO_TS_MEA,90.34
Jimmy,Cain,EB67697,9340838,INOVA CONSULTING,5,MEA MENA,QUANTUM,FORFAIT,KQ8SYCYQN7SVGQ4,13.07
Brian,Nicholson,ND83523,2715764,HYRION GROUP,5,APAC AFRICA,PHOENIX,REGIE,ZJXD5YK6GFR8N3D,13.64
Brian,Nicholson,ND83523,2715764,HYRION GROUP,5,MEA,PHOENIX,REGIE,NO_TS_MEA,86.36
Alexis,Pearson,UA05257,3230239,KESTRA TECH,5,EMEA EUROPE,ATLAS,MAINTENANCE,UEIEFLAGJZ4EWZN,8.38
Alexis,Pearson,UA05257,3230239,KESTRA TECH,5,APAC,ATLAS,MAINTENANCE,NO_TS_APAC,91.62
Jennifer,Wilson,TP75283,5426411,INOVA SYSTEMS,5,EMEA MENA,STELLAR,FORFAIT,UISPFG9LX3AVF1H,13.07
Jennifer,Wilson,TP75283,5426411,INOVA SYSTEMS,5,NA,STELLAR,FORFAIT,NO_TS_NA,86.93
Jason,Green,SZ47454,1264418,ALCOR SYSTEMS,5,MEA EUROPE,QUANTUM,RPS,1A744FUMCOVC36V,9.66
Jason,Green,SZ47454,1264418,ALCOR SYSTEMS,5,LATAM,QUANTUM,RPS,NO_TS_LATAM,90.34
Dawn,Hogan,AW31480,9524110,LUMEX DIGITAL,5,LATAM ASIA,NEXUS,REGIE,QB3BMEXBUZPX10X,9.09
Mary,Romero,WQ75874,6103735,INOVA VENTURES,5,CONT ASIA,VERTEX,SUPPORT,WBDSWRHGVC5YG26,12.5
Mary,Romero,WQ75874,6103735,INOVA VENTURES,5,EMEA,VERTEX,SUPPORT,NO_TS_EMEA,87.5
Morgan,Boyle,UZ68218,7272684,LUMEX GROUP,5,CONT MENA,STELLAR,REGIE,WR06T3DWP0TTTZZ,13.92
Morgan,Boyle,UZ68218,7272684,LUMEX GROUP,5,LATAM,STELLAR,REGIE,NO_TS_LATAM,86.08
Philip,Mckee,TR70750,7783707,ETHOS TECH,5,NA ASIA,QUANTUM,FORFAIT,1SMD5S4H4HBVT40,10.51
Philip,Mckee,TR70750,7783707,ETHOS TECH,5,CONT,QUANTUM,FORFAIT,NO_TS_CONT,89.49
Kristin,Rice,DQ32368,8361440,ALCOR VENTURES,5,MEA OCEANIA,PHOENIX,FORFAIT,22NRYBI9NI6172N,9.66
Kristin,Rice,DQ32368,8361440,ALCOR VENTURES,5,APAC,PHOENIX,FORFAIT,NO_TS_APAC,90.34
John,Franklin,PE54327,1920078,INOVA SOLUTIONS,5,NA MENA,STELLAR,MAINTENANCE,3XNUB6QAAIXLX3V,9.8
John,Franklin,PE54327,1920078,INOVA SOLUTIONS,5,EMEA,STELLAR,MAINTENANCE,NO_TS_EMEA,90.2
Melissa,Black,YX66154,4889274,FORVEX SOLUTIONS,5,NA OCEANIA,NOVA,MAINTENANCE,CC67YJJ779MHJM6,11.36
Melissa,Black,YX66154,4889274,FORVEX SOLUTIONS,5,EMEA,NOVA,MAINTENANCE,NO_TS_EMEA,88.64
Wendy,Lopez,SY71720,2541222,ALCOR VENTURES,5,LATAM AFRICA,ATLAS,SUPPORT,L3B3Z351FZCW2FF,9.94
Wendy,Lopez,SY71720,2541222,ALCOR VENTURES,5,CONT,ATLAS,SUPPORT,NO_TS_CONT,90.06
Peggy,Estrada,HS07590,6006855,INOVA GROUP,5,LATAM ASIA,NEXUS,RPS,LPFZQ6T9DY05C3U,9.66
Peggy,Estrada,HS07590,6006855,INOVA GROUP,5,EMEA,NEXUS,RPS,NO_TS_EMEA,90.34
Joshua,Barnett,MB17375,3594184,JALVIK CONSULTING,5,NA EUROPE,ORBIT,FORFAIT,QNZMGON41KI6DF2,11.93
Joshua,Barnett,MB17375,3594184,JALVIK CONSULTING,5,CONT,ORBIT,FORFAIT,NO_TS_CONT,88.07
Allison,Kirby,WX15525,2656477,KESTRA DIGITAL,5,NA ASIA,ATLAS,REGIE,0NZDAD6PS6AWQL4,10.23
Nicole,Riddle,TE53814,8403382,CENVEO GROUP,5,LATAM ASIA,ATLAS,RPS,ZCQCUJDGWAM9RVS,13.64
Nicole,Riddle,TE53814,8403382,CENVEO GROUP,5,APAC,ATLAS,RPS,NO_TS_APAC,86.36
Daryl,Green,IP06239,1495234,ETHOS TECH,5,MEA AMERICA,ATLAS,MAINTENANCE,ZXOIDTSBDHLS0HL,6.25
Robert,Soto,LW95841,6764673,HYRION GROUP,5,MEA ASIA,NOVA,RPS,PR4ZVPNLPL17HFN,7.24
Adam,Black,OE85177,2048157,KESTRA SYSTEMS,5,EMEA MENA,PULSE,RPS,KGOPG60EI6FTJZ2,9.66
Adam,Black,OE85177,2048157,KESTRA SYSTEMS,5,NA,PULSE,RPS,NO_TS_NA,90.34
Michael,Giles,UU94669,1759736,INOVA CONSULTING,5,NA AFRICA,ATLAS,RPS,CT4HEAT6WYULNJY,14.77
Michael,Giles,UU94669,1759736,INOVA CONSULTING,5,LATAM,ATLAS,RPS,NO_TS_LATAM,85.23
Rachel,Allen,TM74372,1398440,GOLZEN CONSULTING,5,MEA MENA,STELLAR,REGIE,50OLJL79BEZY7DK,9.66
Rachel,Allen,TM74372,1398440,GOLZEN CONSULTING,5,APAC,STELLAR,REGIE,NO_TS_APAC,90.34
Sonya,Harris,LI47092,2913631,INOVA SYSTEMS,5,NA EUROPE,NOVA,MAINTENANCE,P148AHVJ3EXFS2R,9.66
Sonya,Harris,LI47092,2913631,INOVA SYSTEMS,5,CONT,NOVA,MAINTENANCE,NO_TS_CONT,90.34
Rodney,Baker,MD14565,4458470,BRYTON DYNAMICS,5,MEA AMERICA,PULSE,REGIE,XAKRWA2JHOPVDLI,11.36
Alexandra,Hall,ZN55203,5418925,LUMEX SYSTEMS,5,LATAM OCEANIA,ORBIT,RPS,AHUDEDL6P238OHR,7.95
Alexandra,Hall,ZN55203,5418925,LUMEX SYSTEMS,5,NA,ORBIT,RPS,NO_TS_NA,92.05
Lauren,Black,NI40323,3552233,ETHOS TECH,5,CONT AFRICA,VERTEX,RPS,80YIPGML1UX7JGX,10.23
Lauren,Black,NI40323,3552233,ETHOS TECH,5,EMEA,VERTEX,RPS,NO_TS_EMEA,89.77
Jonathan,Valencia,RL58150,2521396,LUMEX VENTURES,5,MEA EUROPE,PHOENIX,RPS,30F77DTAXSMVMML,10.23
Jonathan,Valencia,RL58150,2521396,LUMEX VENTURES,5,NA,PHOENIX,RPS,NO_TS_NA,89.77
Vanessa,Mann,BN56750,2763425,INOVA SYSTEMS,5,EMEA AFRICA,STELLAR,FORFAIT,JZQ8FAGX1788ER5,12.5
Vanessa,Mann,BN56750,2763425,INOVA SYSTEMS,5,EMEA,STELLAR,FORFAIT,NO_TS_EMEA,87.5
John,Lewis,BI55597,2438191,JALVIK GLOBAL,5,APAC AMERICA,PULSE,SUPPORT,MERXHEKBCH7YQ36,11.65
John,Lewis,BI55597,2438191,JALVIK GLOBAL,5,EMEA,PULSE,SUPPORT,NO_TS_EMEA,88.35
Brian,Liu,DV22097,2501892,CENVEO DYNAMICS,5,EMEA AFRICA,VERTEX,RPS,7QOY9SRPJKHRJEJ,16.48
Brian,Liu,DV22097,2501892,CENVEO DYNAMICS,5,EMEA,VERTEX,RPS,NO_TS_EMEA,83.52
Brianna,Oneill,ZF88729,9069921,ETHOS GROUP,5,EMEA MENA,ATLAS,MAINTENANCE,QX5UOHBHTOFX83X,8.1
Brianna,Oneill,ZF88729,9069921,ETHOS GROUP,5,LATAM,ATLAS,MAINTENANCE,NO_TS_LATAM,91.9
Stephen,Salazar,VY39163,3430477,KESTRA GROUP,5,EMEA AFRICA,PHOENIX,MAINTENANCE,SNOYRFPM1RCAQ29,11.65
Dawn,Mccarty,YO72395,2059047,KESTRA DYNAMICS,5,APAC OCEANIA,ATLAS,FORFAIT,3VRQ9IDB28D7Y1H,11.93
Dawn,Powell,VB22289,6997169,BRYTON SOLUTIONS,5,MEA ASIA,NEXUS,RPS,ES3E9THMM1QOWW5,13.64
Dawn,Powell,VB22289,6997169,BRYTON SOLUTIONS,5,MEA,NEXUS,RPS,NO_TS_MEA,86.36
Diana,Knight,OW57217,9433489,LUMEX DYNAMICS,5,EMEA AFRICA,QUANTUM,MAINTENANCE,Y24AU7TGU0GGVTP,14.49
Diana,Knight,OW57217,9433489,LUMEX DYNAMICS,5,CONT,QUANTUM,MAINTENANCE,NO_TS_CONT,85.51
Monica,Torres,LD03584,2971458,BRYTON GLOBAL,5,APAC MENA,QUANTUM,FORFAIT,HB1HSYX7CT93AVL,11.65
Monica,Torres,LD03584,2971458,BRYTON GLOBAL,5,NA,QUANTUM,FORFAIT,NO_TS_NA,88.35
Kristi,Hart,SB41927,6080077,ALCOR GLOBAL,5,CONT EUROPE,PULSE,SUPPORT,XR4APAAIK0L1R8S,13.64
Kristi,Hart,SB41927,6080077,ALCOR GLOBAL,5,LATAM,PULSE,SUPPORT,NO_TS_LATAM,86.36
Dustin,Williams,IK15261,1632728,JALVIK GROUP,5,LATAM ASIA,PHOENIX,MAINTENANCE,ASFINIWBS9R9TNM,15.06
Dustin,Williams,IK15261,1632728,JALVIK GROUP,5,APAC,PHOENIX,MAINTENANCE,NO_TS_APAC,84.94
Hayden,Villanueva,UC97646,3497408,ALCOR VENTURES,5,EMEA AFRICA,QUANTUM,SUPPORT,4OI40XUXQFN3UYL,11.65
Hayden,Villanueva,UC97646,3497408,ALCOR VENTURES,5,NA,QUANTUM,SUPPORT,NO_TS_NA,88.35
Lee,Fitzpatrick,VE73530,1530913,KESTRA DIGITAL,5,APAC AFRICA,ATLAS,RPS,DGOVQNKZ3RQ043K,13.64
Lee,Fitzpatrick,VE73530,1530913,KESTRA DIGITAL,5,CONT,ATLAS,RPS,NO_TS_CONT,86.36
Jacqueline,Anderson,VK78347,2038984,CENVEO GLOBAL,5,APAC OCEANIA,ATLAS,MAINTENANCE,B7XYQ0VQ77PO5S5,9.52
Jacqueline,Anderson,VK78347,2038984,CENVEO GLOBAL,5,MEA,ATLAS,MAINTENANCE,NO_TS_MEA,90.48
Jacob,Houston,SD02583,5944872,LUMEX GROUP,5,CONT AMERICA,QUANTUM,FORFAIT,JM8LAT95EIBJUQW,9.38
Jacob,Houston,SD02583,5944872,LUMEX GROUP,5,NA,QUANTUM,FORFAIT,NO_TS_NA,90.63
Becky,Harper,TF78527,5885075,FORVEX SOLUTIONS,5,MEA AFRICA,QUANTUM,MAINTENANCE,CET0MQ2EL6SLUR6,8.81
Becky,Harper,TF78527,5885075,FORVEX SOLUTIONS,5,LATAM,QUANTUM,MAINTENANCE,NO_TS_LATAM,91.19
Denise,Carpenter,EZ79993,9368837,JALVIK CONSULTING,5,CONT AFRICA,VERTEX,MAINTENANCE,RQSTO0QMH14VZYD,8.88
Denise,Carpenter,EZ79993,9368837,JALVIK CONSULTING,5,APAC,VERTEX,MAINTENANCE,NO_TS_APAC,91.12
Rebecca,Rose,ZV81178,5915405,BRYTON TECH,5,EMEA OCEANIA,STELLAR,FORFAIT,CFN13Z0FM4X58DA,12.5
Rebecca,Rose,ZV81178,5915405,BRYTON TECH,5,LATAM,STELLAR,FORFAIT,NO_TS_LATAM,87.5
Timothy,Brown,CQ38862,4020950,HYRION CONSULTING,5,LATAM MENA,NEXUS,REGIE,ZYX3TGRVW36LV9Y,11.93
Timothy,Brown,CQ38862,4020950,HYRION CONSULTING,5,NA,NEXUS,REGIE,NO_TS_NA,88.07
Amy,Palmer,FD97428,5258585,GOLZEN GROUP,5,MEA EUROPE,NOVA,REGIE,L1848INTRT8T07L,9.09
Amy,Palmer,FD97428,5258585,GOLZEN GROUP,5,EMEA,NOVA,REGIE,NO_TS_EMEA,90.91
Derek,Parker,YK73163,5421896,GOLZEN GLOBAL,5,MEA ASIA,ATLAS,SUPPORT,KIHJYMZ1NYKRUAW,13.64
Derek,Parker,YK73163,5421896,GOLZEN GLOBAL,5,LATAM,ATLAS,SUPPORT,NO_TS_LATAM,86.36
William,Randall,EB55642,5655348,ALCOR TECH,5,CONT EUROPE,ATLAS,SUPPORT,IY92HWQCPOWWZ1K,9.66
Francisco,Miles,WF17088,3379657,ALCOR GLOBAL,5,NA MENA,PULSE,FORFAIT,U6KVTHQ7I3CXTDQ,11.36
Francisco,Miles,WF17088,3379657,ALCOR GLOBAL,5,APAC,PULSE,FORFAIT,NO_TS_APAC,88.64
Ryan,Pollard,QU85704,2552619,INOVA GROUP,5,EMEA AFRICA,ATLAS,FORFAIT,BTBLLOU7D740ED5,7.95
Ryan,Pollard,QU85704,2552619,INOVA GROUP,5,LATAM,ATLAS,FORFAIT,NO_TS_LATAM,92.05
Jessica,Doyle,NE67754,8836959,ALCOR CONSULTING,5,MEA MENA,PULSE,FORFAIT,8FQTUVIOJMSWPGJ,5.82
Jessica,Doyle,NE67754,8836959,ALCOR CONSULTING,5,APAC,PULSE,FORFAIT,NO_TS_APAC,94.18
Mary,Barnes,DB91707,7176202,ALCOR TECH,5,APAC AMERICA,QUANTUM,REGIE,S9TMQUW8DRU1YWW,9.66
Mary,Barnes,DB91707,7176202,ALCOR TECH,5,EMEA,QUANTUM,REGIE,NO_TS_EMEA,90.34
Andrea,Walker,HK75403,3487163,KESTRA TECH,5,LATAM OCEANIA,NEXUS,REGIE,4B7THJUV775ZCBW,9.66
Andrea,Walker,HK75403,3487163,KESTRA TECH,5,NA,NEXUS,REGIE,NO_TS_NA,90.34
Matthew,Olson,QE06258,6423769,BRYTON DYNAMICS,5,EMEA MENA,QUANTUM,RPS,D7D8MX0J05OI4KF,13.64
Matthew,Olson,QE06258,6423769,BRYTON DYNAMICS,5,EMEA,QUANTUM,RPS,NO_TS_EMEA,86.36
Raymond,Wilcox,JV58761,7454368,ETHOS CONSULTING,5,LATAM AFRICA,PULSE,RPS,JKSHA6I8MC2DD82,13.92
Raymond,Wilcox,JV58761,7454368,ETHOS CONSULTING,5,EMEA,PULSE,RPS,NO_TS_EMEA,86.08
David,Miller,MK80280,6447011,INOVA SYSTEMS,5,MEA EUROPE,NOVA,REGIE,099H60IZK5ZK73R,6.53
David,Miller,MK80280,6447011,INOVA SYSTEMS,5,NA,NOVA,REGIE,NO_TS_NA,93.47
Frank,Simpson,EC52823,4390719,JALVIK DYNAMICS,5,NA ASIA,ATLAS,FORFAIT,E35NABLI8751X9Z,13.78
Michele,Weber,DM16595,4270404,INOVA SYSTEMS,5,MEA MENA,NOVA,RPS,Y9WDP8IEIKLZJB3,8.95
Michele,Weber,DM16595,4270404,INOVA SYSTEMS,5,CONT,NOVA,RPS,NO_TS_CONT,91.05
Amanda,Watson,GW52435,4421354,LUMEX VENTURES,5,MEA MENA,PULSE,REGIE,GM8F5WI09LZ5HVR,12.5
John,Robinson,KJ44430,7287726,ETHOS GROUP,5,CONT EUROPE,ATLAS,RPS,54MX4044W4V9AA1,11.36
John,Robinson,KJ44430,7287726,ETHOS GROUP,5,NA,ATLAS,RPS,NO_TS_NA,88.64
Amanda,Thomas,TX40873,8552073,INOVA SOLUTIONS,5,NA AFRICA,QUANTUM,MAINTENANCE,SBP3FARGG57HD4C,10.51
Amanda,Thomas,TX40873,8552073,INOVA SOLUTIONS,5,CONT,QUANTUM,MAINTENANCE,NO_TS_CONT,89.49
James,Price,RA40080,3276570,BRYTON CONSULTING,5,LATAM MENA,PULSE,REGIE,ET3X0BX2VSXJCB5,13.64
Christopher,Hernandez,CW11930,6246763,BRYTON CONSULTING,5,LATAM ASIA,PHOENIX,FORFAIT,4I8DSMPH3N2YU2Z,11.08
Zachary,Nguyen,ZR96375,8448102,KESTRA GROUP,5,LATAM OCEANIA,STELLAR,FORFAIT,631D0EA5OH501XD,9.94
Zachary,Nguyen,ZR96375,8448102,KESTRA GROUP,5,CONT,STELLAR,FORFAIT,NO_TS_CONT,90.06
Michael,Williams,MP58258,1432625,INOVA SOLUTIONS,5,APAC AFRICA,ATLAS,REGIE,8ZR0GR6ZQPV1YJ1,10.23
Michael,Williams,MP58258,1432625,INOVA SOLUTIONS,5,NA,ATLAS,REGIE,NO_TS_NA,89.77
Samuel,Williams,FR72574,6979547,JALVIK GLOBAL,5,CONT EUROPE,ORBIT,REGIE,VZ01HYSYU2N6P4R,10.23
Samuel,Williams,FR72574,6979547,JALVIK GLOBAL,5,EMEA,ORBIT,REGIE,NO_TS_EMEA,89.77
Jon,Jackson,HQ37942,6719816,ALCOR CONSULTING,5,NA ASIA,ATLAS,REGIE,6XX1KP45ZLWCJS3,11.36
Laura,Williams,CE85927,3601062,ALCOR VENTURES,5,CONT AMERICA,ORBIT,REGIE,5ISC2SM1KU3UMIC,11.65
Laura,Williams,CE85927,3601062,ALCOR VENTURES,5,NA,ORBIT,REGIE,NO_TS_NA,88.35
Robin,Friedman,NJ43691,2795582,INOVA DYNAMICS,5,NA AFRICA,NEXUS,REGIE,TKR4D6JRXB49YWO,11.36
Robin,Friedman,NJ43691,2795582,INOVA DYNAMICS,5,CONT,NEXUS,REGIE,NO_TS_CONT,88.64
Becky,Moore,CI31120,7801841,ALCOR GROUP,5,LATAM OCEANIA,QUANTUM,MAINTENANCE,P7VU2VQEKW2CO82,12.5
Becky,Moore,CI31120,7801841,ALCOR GROUP,5,CONT,QUANTUM,MAINTENANCE,NO_TS_CONT,87.5
Eric,Harris,PE32974,1865377,ETHOS DIGITAL,5,MEA OCEANIA,NOVA,SUPPORT,F3ERZJQEKVZP9YO,9.52
Eric,Harris,PE32974,1865377,ETHOS DIGITAL,5,NA,NOVA,SUPPORT,NO_TS_NA,90.48
Abigail,Clark,TA99451,5478695,INOVA GLOBAL,5,MEA EUROPE,QUANTUM,SUPPORT,M7PMNUKAWV4PNI3,9.66
Abigail,Clark,TA99451,5478695,INOVA GLOBAL,5,MEA,QUANTUM,SUPPORT,NO_TS_MEA,90.34
Kim,Alexander,ER27466,6428912,ETHOS SOLUTIONS,5,NA AFRICA,VERTEX,RPS,9VD611NI4OGDAI2,15.91
Kim,Alexander,ER27466,6428912,ETHOS SOLUTIONS,5,CONT,VERTEX,RPS,NO_TS_CONT,84.09
Isaiah,Miller,MN84214,5808590,DELVO TECH,5,LATAM AFRICA,NOVA,RPS,YVVYB8FOJO0779E,10.23
Sara,Perez,RZ11083,9616349,BRYTON GLOBAL,5,EMEA AMERICA,ATLAS,MAINTENANCE,1ITQLM3TXZDLH0L,8.1
Cameron,Larsen,FU04090,2318154,INOVA GROUP,5,APAC AFRICA,NOVA,RPS,5DJURPEX6NL8GW9,12.22
Cameron,Larsen,FU04090,2318154,INOVA GROUP,5,CONT,NOVA,RPS,NO_TS_CONT,87.78
Christopher,Hart,HV44261,5036321,LUMEX GROUP,5,APAC AFRICA,ORBIT,SUPPORT,1NAJWRQZYOGRQ3M,15.34
Christopher,Hart,HV44261,5036321,LUMEX GROUP,5,APAC,ORBIT,SUPPORT,NO_TS_APAC,84.66
Emily,Vasquez,VK00548,5833166,FORVEX TECH,5,NA AFRICA,PULSE,REGIE,PGXUD9D3H8JR4J8,13.64
Ashley,Lopez,HR00098,7644614,GOLZEN TECH,5,NA MENA,PULSE,FORFAIT,9AHJ3Q6NLHFAQQD,10.51
Ashley,Lopez,HR00098,7644614,GOLZEN TECH,5,EMEA,PULSE,FORFAIT,NO_TS_EMEA,89.49
Janet,Castaneda,JG18231,9365468,INOVA DYNAMICS,5,CONT OCEANIA,PULSE,FORFAIT,MV5R6KHM44Y3DTT,9.94
Janet,Castaneda,JG18231,9365468,INOVA DYNAMICS,5,NA,PULSE,FORFAIT,NO_TS_NA,90.06
Richard,Rubio,TH78738,6511818,ETHOS DYNAMICS,5,CONT MENA,QUANTUM,FORFAIT,K9R2D7JK1GTJUG3,11.08
Richard,Rubio,TH78738,6511818,ETHOS DYNAMICS,5,MEA,QUANTUM,FORFAIT,NO_TS_MEA,88.92
John,Thomas,MU58180,6743186,FORVEX GLOBAL,5,NA OCEANIA,PHOENIX,SUPPORT,D535MB1NID5OMAM,13.64
Julie,Horn,AF20771,5412144,INOVA VENTURES,5,MEA OCEANIA,PHOENIX,RPS,YL8H3R5JWZECBLK,15.91
Julie,Horn,AF20771,5412144,INOVA VENTURES,5,LATAM,PHOENIX,RPS,NO_TS_LATAM,84.09
Tyler,Patterson,CX32049,5696412,FORVEX VENTURES,5,LATAM MENA,QUANTUM,FORFAIT,MOXN06KR3N0HYTB,10.09
Tyler,Patterson,CX32049,5696412,FORVEX VENTURES,5,LATAM,QUANTUM,FORFAIT,NO_TS_LATAM,89.91
James,Rodgers,SZ59467,7003719,ETHOS DYNAMICS,5,LATAM OCEANIA,ORBIT,MAINTENANCE,060NGPKC1QDG8D7,8.24
James,Rodgers,SZ59467,7003719,ETHOS DYNAMICS,5,LATAM,ORBIT,MAINTENANCE,NO_TS_LATAM,91.76
Yolanda,Davis,HC21179,9490280,LUMEX DIGITAL,5,CONT EUROPE,PHOENIX,REGIE,2LMEAC400MFOH3I,9.94
Yolanda,Davis,HC21179,9490280,LUMEX DIGITAL,5,CONT,PHOENIX,REGIE,NO_TS_CONT,90.06
Charles,Lewis,IH15759,1450496,LUMEX DYNAMICS,5,LATAM EUROPE,QUANTUM,SUPPORT,VTM1QH5RM6ZZ7MB,12.5
Charles,Lewis,IH15759,1450496,LUMEX DYNAMICS,5,APAC,QUANTUM,SUPPORT,NO_TS_APAC,87.5
Holly,Morris,YR35928,5438307,ETHOS CONSULTING,5,LATAM OCEANIA,VERTEX,REGIE,1646LQI25S5TEGQ,11.36
Holly,Morris,YR35928,5438307,ETHOS CONSULTING,5,APAC,VERTEX,REGIE,NO_TS_APAC,88.64
Jose,Taylor,VR19377,7656869,BRYTON GROUP,5,CONT AFRICA,QUANTUM,FORFAIT,7819ORL76XXH7LD,11.36
Jose,Taylor,VR19377,7656869,BRYTON GROUP,5,MEA,QUANTUM,FORFAIT,NO_TS_MEA,88.64
Damon,Anderson,SY90977,9092742,BRYTON GROUP,5,APAC AMERICA,ORBIT,RPS,FA20CX7QPGL2SIX,11.79
Damon,Anderson,SY90977,9092742,BRYTON GROUP,5,MEA,ORBIT,RPS,NO_TS_MEA,88.21
Luis,Harvey,UH43696,6068445,CENVEO SOLUTIONS,5,CONT AMERICA,PULSE,SUPPORT,3GJE47KIGLLS0SC,13.64
Luis,Harvey,UH43696,6068445,CENVEO SOLUTIONS,5,MEA,PULSE,SUPPORT,NO_TS_MEA,86.36
Jesse,Taylor,DU65810,2739947,FORVEX GROUP,5,EMEA AFRICA,ATLAS,SUPPORT,6E3W809WUY1QJ2T,13.64
Zachary,Huynh,QK34432,1596281,BRYTON GROUP,5,NA AMERICA,ATLAS,MAINTENANCE,WLYJ6O4LLCNW2NQ,11.08
Zachary,Huynh,QK34432,1596281,BRYTON GROUP,5,CONT,ATLAS,MAINTENANCE,NO_TS_CONT,88.92
Eric,Gardner,PU74626,5383446,LUMEX DYNAMICS,5,LATAM ASIA,ATLAS,MAINTENANCE,HJNQNCNTO3MPY76,10.8
Eric,Gardner,PU74626,5383446,LUMEX DYNAMICS,5,APAC,ATLAS,MAINTENANCE,NO_TS_APAC,89.2
Heidi,Armstrong,WD75565,1726975,KESTRA GROUP,5,EMEA OCEANIA,STELLAR,FORFAIT,JY47VSLUR46NR4X,13.64
Matthew,Robbins,IY14388,4983404,FORVEX TECH,5,MEA AMERICA,NEXUS,REGIE,YPECMM2AXYK266D,13.64
Matthew,Robbins,IY14388,4983404,FORVEX TECH,5,APAC,NEXUS,REGIE,NO_TS_APAC,86.36
Brandy,White,IB82476,5467848,JALVIK SOLUTIONS,5,LATAM AMERICA,PHOENIX,RPS,BAK6FDLILM1PHLI,7.39
Brandy,White,IB82476,5467848,JALVIK SOLUTIONS,5,NA,PHOENIX,RPS,NO_TS_NA,92.61
Taylor,Young,XC07676,9299856,BRYTON DIGITAL,5,LATAM MENA,QUANTUM,RPS,JTLLHCNNRSJO8YE,15.91
Taylor,Young,XC07676,9299856,BRYTON DIGITAL,5,MEA,QUANTUM,RPS,NO_TS_MEA,84.09
Anthony,Fitzpatrick,CO80074,2347910,HYRION TECH,5,APAC OCEANIA,ATLAS,REGIE,I13ZJ2XYJ1DW950,13.64
Anthony,Fitzpatrick,CO80074,2347910,HYRION TECH,5,APAC,ATLAS,REGIE,NO_TS_APAC,86.36
Carla,Myers,CV37545,6709661,DELVO DYNAMICS,5,NA OCEANIA,ATLAS,SUPPORT,IJ90OPIFTMST3ZG,9.52
Carla,Myers,CV37545,6709661,DELVO DYNAMICS,5,MEA,ATLAS,SUPPORT,NO_TS_MEA,90.48
Michael,Robinson,UG38141,2506972,GOLZEN GROUP,5,LATAM OCEANIA,VERTEX,SUPPORT,A1J9XHZAEWN6Y8W,11.22
Kathleen,Gonzales,MA40478,6060161,LUMEX VENTURES,5,NA EUROPE,VERTEX,RPS,VYJMEQUZ8UNTEC5,9.8
Jennifer,Tate,VK65087,6395690,DELVO TECH,5,LATAM EUROPE,PHOENIX,MAINTENANCE,FY6TOUBMMSZAY5K,12.5
Jennifer,Tate,VK65087,6395690,DELVO TECH,5,EMEA,PHOENIX,MAINTENANCE,NO_TS_EMEA,87.5
Teresa,Weiss,SH21492,4184024,ALCOR GLOBAL,5,EMEA EUROPE,NEXUS,FORFAIT,FNZK31FQQVHX1US,10.23
Teresa,Weiss,SH21492,4184024,ALCOR GLOBAL,5,LATAM,NEXUS,FORFAIT,NO_TS_LATAM,89.77
James,Anderson,CO51525,4881981,CENVEO DYNAMICS,5,NA AMERICA,QUANTUM,RPS,7LH12QOV1QJV4WY,10.09
James,Anderson,CO51525,4881981,CENVEO DYNAMICS,5,NA,QUANTUM,RPS,NO_TS_NA,89.91
Todd,Anderson,KB83767,2830301,DELVO VENTURES,5,APAC OCEANIA,QUANTUM,REGIE,KLXXAX8C7HYAQTX,12.07
Kathy,Kane,WY98839,9593244,ALCOR SYSTEMS,5,APAC ASIA,PULSE,MAINTENANCE,SVJVZ0ST66XZV3B,11.36
Amanda,Carney,GT60367,7016048,INOVA DIGITAL,5,NA OCEANIA,ATLAS,SUPPORT,H7A84PWUVTCK9EM,10.23
Amanda,Carney,GT60367,7016048,INOVA DIGITAL,5,CONT,ATLAS,SUPPORT,NO_TS_CONT,89.77
Jacob,Foster,UU93394,5545882,CENVEO TECH,5,LATAM OCEANIA,NOVA,SUPPORT,A65M0J9UM8F8K2V,13.64
Jacob,Foster,UU93394,5545882,CENVEO TECH,5,CONT,NOVA,SUPPORT,NO_TS_CONT,86.36
Jennifer,Bates,SD19483,8834051,FORVEX SYSTEMS,5,EMEA EUROPE,NOVA,SUPPORT,XBY99W0NR0N7NOH,11.93
Jennifer,Bates,SD19483,8834051,FORVEX SYSTEMS,5,LATAM,NOVA,SUPPORT,NO_TS_LATAM,88.07
Matthew,Buchanan,YK38756,2079591,KESTRA VENTURES,5,EMEA AMERICA,PULSE,FORFAIT,OUJPRBH1IAE6NI6,11.51
Matthew,Buchanan,YK38756,2079591,KESTRA VENTURES,5,NA,PULSE,FORFAIT,NO_TS_NA,88.49
Lauren,Bradley,LP60212,6135999,DELVO TECH,5,LATAM ASIA,PHOENIX,MAINTENANCE,3SNLACV3C17061Y,12.78
Lauren,Bradley,LP60212,6135999,DELVO TECH,5,NA,PHOENIX,MAINTENANCE,NO_TS_NA,87.22
Justin,Smith,LY20676,4830187,INOVA TECH,5,CONT AMERICA,ORBIT,SUPPORT,M0M2YRQUO7QJFN4,5.97
Justin,Smith,LY20676,4830187,INOVA TECH,5,APAC,ORBIT,SUPPORT,NO_TS_APAC,94.03
Kenneth,Murray,LY19693,2017974,BRYTON CONSULTING,5,NA MENA,STELLAR,MAINTENANCE,WTZC37PJUYGVU9R,13.35
Kenneth,Murray,LY19693,2017974,BRYTON CONSULTING,5,LATAM,STELLAR,MAINTENANCE,NO_TS_LATAM,86.65
Heather,Williams,ZM14664,2803981,FORVEX SOLUTIONS,5,CONT OCEANIA,ORBIT,SUPPORT,IYLE29PVL2PIHTP,10.23
Heather,Williams,ZM14664,2803981,FORVEX SOLUTIONS,5,CONT,ORBIT,SUPPORT,NO_TS_CONT,89.77
Carlos,Wagner,KS99224,4635365,HYRION DIGITAL,5,APAC AMERICA,STELLAR,MAINTENANCE,7BGIEUM9C767C2N,10.8
Carlos,Wagner,KS99224,4635365,HYRION DIGITAL,5,APAC,STELLAR,MAINTENANCE,NO_TS_APAC,89.2
Ethan,Byrd,XC19647,6539220,LUMEX GROUP,5,APAC AMERICA,NOVA,SUPPORT,6MB45Y7Y73NKF7A,16.48
Ethan,Byrd,XC19647,6539220,LUMEX GROUP,5,MEA,NOVA,SUPPORT,NO_TS_MEA,83.52
Amy,Richardson,PG28410,3409007,ALCOR DIGITAL,5,APAC OCEANIA,PULSE,FORFAIT,KQ3CO8SL3F1IGNL,10.09
Mark,Evans,DI45262,9260575,ETHOS VENTURES,5,EMEA AMERICA,QUANTUM,MAINTENANCE,J9PS9R7XLPXHTB4,11.36
Joan,Parker,MF01604,7876837,JALVIK DYNAMICS,5,MEA MENA,VERTEX,FORFAIT,AIC1DW3VWRAZJSI,8.52
Joan,Parker,MF01604,7876837,JALVIK DYNAMICS,5,MEA,VERTEX,FORFAIT,NO_TS_MEA,91.48
Tracy,Lopez,MI18025,6694792,ALCOR DYNAMICS,5,CONT AFRICA,STELLAR,FORFAIT,EFUGK30L4K9R4N9,7.14
Tracy,Lopez,MI18025,6694792,ALCOR DYNAMICS,5,EMEA,STELLAR,FORFAIT,NO_TS_EMEA,92.86
Felicia,Martinez,BI50637,3659771,KESTRA GROUP,5,EMEA AMERICA,PULSE,FORFAIT,H0UEIJAQS18S980,8.66
Christina,Thornton,SK91860,5173797,FORVEX GLOBAL,5,APAC AMERICA,QUANTUM,SUPPORT,876EDUDKTXRE0MQ,10.23
Christina,Thornton,SK91860,5173797,FORVEX GLOBAL,5,MEA,QUANTUM,SUPPORT,NO_TS_MEA,89.77
Matthew,Miller,PA00872,9730573,CENVEO SYSTEMS,5,NA AMERICA,STELLAR,SUPPORT,8QFOCIQNM653GE3,13.64
Matthew,Miller,PA00872,9730573,CENVEO SYSTEMS,5,APAC,STELLAR,SUPPORT,NO_TS_APAC,86.36
Amanda,Soto,HT91960,7359245,JALVIK CONSULTING,5,NA MENA,NOVA,RPS,55AX0O06W1H5EOV,13.64
Robert,Pope,QJ33760,1954369,BRYTON SOLUTIONS,5,MEA AMERICA,ATLAS,FORFAIT,RR5T0BJM7JBINW3,16.05
Robert,Pope,QJ33760,1954369,BRYTON SOLUTIONS,5,CONT,ATLAS,FORFAIT,NO_TS_CONT,83.95
Diana,Williams,GM85423,9244008,DELVO VENTURES,5,MEA OCEANIA,PULSE,MAINTENANCE,X0PS9EH5R99MPHU,10.23
Diana,Williams,GM85423,9244008,DELVO VENTURES,5,EMEA,PULSE,MAINTENANCE,NO_TS_EMEA,89.77
Lisa,Wagner,DU41852,3648473,BRYTON CONSULTING,5,APAC ASIA,ORBIT,MAINTENANCE,D3B4EHKFPDQUJ0F,12.5
Lisa,Wagner,DU41852,3648473,BRYTON CONSULTING,5,LATAM,ORBIT,MAINTENANCE,NO_TS_LATAM,87.5
John,Stout,SY38363,8383643,GOLZEN SOLUTIONS,5,APAC MENA,PULSE,RPS,OWU0L0TCPLH2VQN,14.77
John,Stout,SY38363,8383643,GOLZEN SOLUTIONS,5,LATAM,PULSE,RPS,NO_TS_LATAM,85.23
Calvin,Fritz,WJ71214,1951342,GOLZEN DIGITAL,5,MEA ASIA,NEXUS,REGIE,G631AXJEBSQGP9C,11.36
Justin,Moore,WN98862,7489804,LUMEX CONSULTING,5,MEA ASIA,ORBIT,REGIE,C62GT4XV6C39VYI,13.64
Justin,Moore,WN98862,7489804,LUMEX CONSULTING,5,CONT,ORBIT,REGIE,NO_TS_CONT,86.36
Michelle,Sanford,UM95685,1734391,JALVIK DYNAMICS,5,EMEA OCEANIA,VERTEX,SUPPORT,9Q664G3UR28PJEF,9.38
Michelle,Sanford,UM95685,1734391,JALVIK DYNAMICS,5,CONT,VERTEX,SUPPORT,NO_TS_CONT,90.63
Mallory,Torres,LC55428,3603141,ALCOR GROUP,5,APAC AFRICA,ORBIT,FORFAIT,9RKFKKI5HFOYZOX,14.2
Mallory,Torres,LC55428,3603141,ALCOR GROUP,5,CONT,ORBIT,FORFAIT,NO_TS_CONT,85.8
Dennis,Gutierrez,BB17856,4773456,ETHOS TECH,5,CONT EUROPE,ATLAS,REGIE,R0BVB20N8E00WA9,11.93
Monica,Dawson,IU24085,7902467,JALVIK VENTURES,5,EMEA MENA,NEXUS,FORFAIT,KKNQP018UJHIFR3,11.36
Monica,Dawson,IU24085,7902467,JALVIK VENTURES,5,MEA,NEXUS,FORFAIT,NO_TS_MEA,88.64
Angel,Dennis,HP76535,4665123,BRYTON CONSULTING,5,NA AMERICA,STELLAR,FORFAIT,ORFM6C6SQI6SSX8,10.23
Angel,Dennis,HP76535,4665123,BRYTON CONSULTING,5,MEA,STELLAR,FORFAIT,NO_TS_MEA,89.77
Cassandra,Valdez,ZR03071,9330009,FORVEX GLOBAL,5,LATAM ASIA,PHOENIX,SUPPORT,OZKEKPOQHK2UZLH,8.52
Cassandra,Valdez,ZR03071,9330009,FORVEX GLOBAL,5,LATAM,PHOENIX,SUPPORT,NO_TS_LATAM,91.48
Nicole,Clements,VK00592,1391632,GOLZEN DIGITAL,5,LATAM ASIA,VERTEX,RPS,OQV7UDAREJX8TJX,13.64
Nicole,Clements,VK00592,1391632,GOLZEN DIGITAL,5,APAC,VERTEX,RPS,NO_TS_APAC,86.36
Michael,Davis,CW39466,2046334,HYRION SYSTEMS,5,APAC AFRICA,PHOENIX,REGIE,CGMCLYCMKW7QG4K,11.93
Sandra,Tanner,JY64268,6023989,ETHOS SOLUTIONS,5,CONT AFRICA,QUANTUM,FORFAIT,RU6JBVOMX0YZY3Z,7.95
Linda,Weaver,PK76691,3891526,DELVO VENTURES,5,LATAM OCEANIA,ORBIT,REGIE,YZ8RTWIA65R4P6L,15.91
Linda,Weaver,PK76691,3891526,DELVO VENTURES,5,CONT,ORBIT,REGIE,NO_TS_CONT,84.09
Michelle,Ochoa,EN71819,3642355,CENVEO GLOBAL,5,NA ASIA,ORBIT,REGIE,3HRSUGR5M69RPLB,13.64
Cassandra,Johnson,AK27359,2724393,GOLZEN GROUP,5,CONT MENA,STELLAR,MAINTENANCE,3E8A76ZL2LS3XR3,16.76
Sandy,Wiggins,LU22619,8303143,ALCOR DYNAMICS,5,APAC EUROPE,ATLAS,MAINTENANCE,5GMFGCY49WIMIV2,9.09
Sandy,Wiggins,LU22619,8303143,ALCOR DYNAMICS,5,MEA,ATLAS,MAINTENANCE,NO_TS_MEA,90.91
Jeffrey,Curry,DD72909,2280205,GOLZEN VENTURES,5,EMEA EUROPE,STELLAR,SUPPORT,MVKJVE9CXA5SEOJ,10.23
Jeffrey,Curry,DD72909,2280205,GOLZEN VENTURES,5,EMEA,STELLAR,SUPPORT,NO_TS_EMEA,89.77
Wendy,Mccoy,EH86873,6412628,HYRION DIGITAL,5,CONT MENA,STELLAR,REGIE,V4X1FLQLZB2DXJA,5.42
Wendy,Mccoy,EH86873,6412628,HYRION DIGITAL,5,EMEA,STELLAR,REGIE,NO_TS_EMEA,94.58
Lisa,Torres,LA51528,2768555,KESTRA TECH,5,MEA AFRICA,STELLAR,RPS,CPW5GAME1WYX7MC,11.36
Lisa,Torres,LA51528,2768555,KESTRA TECH,5,LATAM,STELLAR,RPS,NO_TS_LATAM,88.64
Corey,Noble,PV90915,8425693,FORVEX GLOBAL,5,NA MENA,PULSE,FORFAIT,UONDLWYVWD8UFWR,9.66
Corey,Noble,PV90915,8425693,FORVEX GLOBAL,5,CONT,PULSE,FORFAIT,NO_TS_CONT,90.34
Anthony,Miller,VL52769,5249191,JALVIK GLOBAL,5,APAC AMERICA,PHOENIX,FORFAIT,SA806GKNZ3H34JN,9.66
Anthony,Miller,VL52769,5249191,JALVIK GLOBAL,5,LATAM,PHOENIX,FORFAIT,NO_TS_LATAM,90.34
Leslie,Decker,NT37574,9991653,BRYTON GLOBAL,5,CONT MENA,PHOENIX,FORFAIT,GVGQ4DJPECSZK5G,11.65
Leslie,Decker,NT37574,9991653,BRYTON GLOBAL,5,EMEA,PHOENIX,FORFAIT,NO_TS_EMEA,88.35
Vanessa,Nelson,HU79541,1000059,INOVA GLOBAL,5,MEA AMERICA,NOVA,RPS,53BPGPIU8KKWVW0,11.36
Vanessa,Nelson,HU79541,1000059,INOVA GLOBAL,5,LATAM,NOVA,RPS,NO_TS_LATAM,88.64
Jessica,Moore,LV36519,5410804,DELVO SOLUTIONS,5,APAC EUROPE,PHOENIX,RPS,D3VF4LZV6C92C9O,9.23
Jessica,Moore,LV36519,5410804,DELVO SOLUTIONS,5,LATAM,PHOENIX,RPS,NO_TS_LATAM,90.77
Nichole,Moyer,AO87564,3145429,ETHOS GROUP,5,LATAM ASIA,QUANTUM,MAINTENANCE,2SUH8P51EBVJ8B5,10.51
Nichole,Moyer,AO87564,3145429,ETHOS GROUP,5,APAC,QUANTUM,MAINTENANCE,NO_TS_APAC,89.49
Sherry,Andersen,SJ00081,6904325,DELVO DIGITAL,5,LATAM OCEANIA,VERTEX,FORFAIT,IT6GXU0XI64TY40,13.64
Nathan,Willis,TG01362,4025280,BRYTON GLOBAL,5,CONT MENA,PHOENIX,SUPPORT,8AED7O6FRTX5J0U,8.52
Nathan,Willis,TG01362,4025280,BRYTON GLOBAL,5,MEA,PHOENIX,SUPPORT,NO_TS_MEA,91.48
Isaac,Davis,MK61139,8323432,CENVEO TECH,5,EMEA ASIA,QUANTUM,RPS,AIZEDIH68MDCL4O,6.53
Isaac,Davis,MK61139,8323432,CENVEO TECH,5,CONT,QUANTUM,RPS,NO_TS_CONT,93.47
Eric,Mendez,FD56857,1124741,LUMEX TECH,5,APAC OCEANIA,NEXUS,RPS,X9EK9595X9TCJ3T,11.51
Sarah,Miller,PV64639,5914438,LUMEX CONSULTING,5,NA ASIA,NEXUS,RPS,YIJBA21QPYCD050,13.64
Sarah,Miller,PV64639,5914438,LUMEX CONSULTING,5,LATAM,NEXUS,RPS,NO_TS_LATAM,86.36
Mark,Ray,SJ86262,1944184,DELVO GROUP,5,LATAM EUROPE,ORBIT,RPS,9S977SD5LF4FUC1,6.82
Mark,Ray,SJ86262,1944184,DELVO GROUP,5,APAC,ORBIT,RPS,NO_TS_APAC,93.18
Dennis,Henry,DM85911,8625963,BRYTON VENTURES,5,APAC ASIA,QUANTUM,RPS,RA15S49W8718QC7,13.07
Dennis,Henry,DM85911,8625963,BRYTON VENTURES,5,MEA,QUANTUM,RPS,NO_TS_MEA,86.93
Christopher,Gonzales,BQ60344,3776358,CENVEO GLOBAL,5,APAC ASIA,QUANTUM,REGIE,KGHQ7YAXD0YL2WY,11.65
Austin,Larsen,YN68154,6024671,LUMEX TECH,5,LATAM OCEANIA,ATLAS,RPS,C1N4YPVPQ8K1HOI,13.64
Lisa,Murphy,RX19445,6631312,LUMEX VENTURES,5,EMEA AFRICA,STELLAR,SUPPORT,4PWPDIERIONQMNU,12.07
Lisa,Murphy,RX19445,6631312,LUMEX VENTURES,5,APAC,STELLAR,SUPPORT,NO_TS_APAC,87.93
Donald,Bridges,LX15161,6938743,INOVA SOLUTIONS,5,EMEA AMERICA,NEXUS,REGIE,JB9CDTH3ZY54KIL,11.51
Donald,Bridges,LX15161,6938743,INOVA SOLUTIONS,5,CONT,NEXUS,REGIE,NO_TS_CONT,88.49
Susan,Davidson,CI83922,6686640,JALVIK VENTURES,5,MEA ASIA,QUANTUM,SUPPORT,X6Z3WH5EACG2IUR,9.94
Susan,Davidson,CI83922,6686640,JALVIK VENTURES,5,LATAM,QUANTUM,SUPPORT,NO_TS_LATAM,90.06
Alejandro,Gomez,OE87726,4486662,JALVIK DIGITAL,5,APAC ASIA,QUANTUM,SUPPORT,R01P0CF4DD9TH3W,11.36
Alejandro,Gomez,OE87726,4486662,JALVIK DIGITAL,5,CONT,QUANTUM,SUPPORT,NO_TS_CONT,88.64
Deborah,Harrington,RH94033,9638600,CENVEO GROUP,5,EMEA EUROPE,NEXUS,SUPPORT,35UK01AL320ONPF,10.23
Deborah,Harrington,RH94033,9638600,CENVEO GROUP,5,CONT,NEXUS,SUPPORT,NO_TS_CONT,89.77
Erik,Gilmore,DH80345,1541874,DELVO VENTURES,5,APAC MENA,PHOENIX,MAINTENANCE,2OOQUAJECUUK176,14.49
David,Diaz,CR27524,6811700,LUMEX VENTURES,5,NA MENA,ORBIT,SUPPORT,3OQE982UAF7Z4YR,13.21
David,Diaz,CR27524,6811700,LUMEX VENTURES,5,CONT,ORBIT,SUPPORT,NO_TS_CONT,86.79
Reginald,Nash,UX72983,6062419,GOLZEN SYSTEMS,5,EMEA MENA,STELLAR,FORFAIT,T5UK7LVG6WYCWDZ,12.5
Mark,Shields,FU72103,9249734,BRYTON CONSULTING,5,NA ASIA,QUANTUM,SUPPORT,B2SHXA9KCRXKNOO,11.36
Mark,Shields,FU72103,9249734,BRYTON CONSULTING,5,APAC,QUANTUM,SUPPORT,NO_TS_APAC,88.64
Michelle,Carlson,VR02537,6211803,HYRION DIGITAL,5,APAC OCEANIA,NEXUS,RPS,HL667N9XZH4P513,13.64
Michelle,Carlson,VR02537,6211803,HYRION DIGITAL,5,EMEA,NEXUS,RPS,NO_TS_EMEA,86.36
Carla,Franco,KX20069,2687689,DELVO SYSTEMS,5,LATAM ASIA,STELLAR,RPS,HOI33DZDI3WEYED,10.09
Carla,Franco,KX20069,2687689,DELVO SYSTEMS,5,EMEA,STELLAR,RPS,NO_TS_EMEA,89.91
Nathan,Johnson,EH73589,6303828,FORVEX DYNAMICS,5,LATAM MENA,QUANTUM,SUPPORT,WUV6JK8IREE73FH,12.5
Nathan,Johnson,EH73589,6303828,FORVEX DYNAMICS,5,EMEA,QUANTUM,SUPPORT,NO_TS_EMEA,87.5
Justin,Green,XW03764,3471884,KESTRA DYNAMICS,5,MEA EUROPE,ORBIT,MAINTENANCE,XYTUE1I8RKKVP8A,8.81
Justin,Green,XW03764,3471884,KESTRA DYNAMICS,5,MEA,ORBIT,MAINTENANCE,NO_TS_MEA,91.19
Jared,Williams,ZK99267,7557400,DELVO VENTURES,5,NA AMERICA,ATLAS,SUPPORT,JF20RK0GCYDZTGK,15.91
Diane,Harris,BA81479,7950742,HYRION GROUP,5,APAC OCEANIA,PHOENIX,RPS,BCHBXB4HYZT244Q,9.09
Jenna,Chandler,GY65987,8676134,INOVA DYNAMICS,5,MEA AFRICA,NOVA,SUPPORT,FEOEKQ72R2W4K03,10.94
Laurie,Watson,EU30768,6545747,HYRION SYSTEMS,5,EMEA EUROPE,ORBIT,MAINTENANCE,33WUEQ85TI2380W,11.36
Laurie,Watson,EU30768,6545747,HYRION SYSTEMS,5,APAC,ORBIT,MAINTENANCE,NO_TS_APAC,88.64
Eric,Butler,GT30526,3547128,ETHOS GROUP,5,EMEA EUROPE,NOVA,RPS,RPF97TD6JPZDXQK,11.22
Eric,Butler,GT30526,3547128,ETHOS GROUP,5,NA,NOVA,RPS,NO_TS_NA,88.78
Laura,Jones,OB84155,9213095,DELVO VENTURES,5,EMEA EUROPE,NEXUS,MAINTENANCE,M8I6RZVPX7I8MKP,12.5
Laura,Jones,OB84155,9213095,DELVO VENTURES,5,NA,NEXUS,MAINTENANCE,NO_TS_NA,87.5
Anthony,Jensen,AU79126,1622895,INOVA DIGITAL,5,NA MENA,ATLAS,RPS,6SN0F3XRU9SWJG8,13.64
Anthony,Elliott,QZ53250,5162253,ETHOS CONSULTING,5,EMEA MENA,QUANTUM,FORFAIT,DI2L7TAW5S7QDL8,13.35
Anthony,Elliott,QZ53250,5162253,ETHOS CONSULTING,5,APAC,QUANTUM,FORFAIT,NO_TS_APAC,86.65
Jennifer,Dominguez,MS50893,6779056,KESTRA TECH,5,MEA MENA,NOVA,RPS,85DZMTJR08CD7FJ,11.08
Jennifer,Dominguez,MS50893,6779056,KESTRA TECH,5,LATAM,NOVA,RPS,NO_TS_LATAM,88.92
Ryan,Garner,YJ53358,2300448,HYRION SOLUTIONS,5,MEA MENA,ATLAS,SUPPORT,AZBVQLZ1BE5LQH0,11.36
Ryan,Garner,YJ53358,2300448,HYRION SOLUTIONS,5,APAC,ATLAS,SUPPORT,NO_TS_APAC,88.64
Daniel,Copeland,RE69429,1368961,LUMEX SYSTEMS,5,NA ASIA,PHOENIX,SUPPORT,4VM407PWZ3DNWFF,12.78
Daniel,Copeland,RE69429,1368961,LUMEX SYSTEMS,5,LATAM,PHOENIX,SUPPORT,NO_TS_LATAM,87.22
Troy,Walker,HG70763,9992058,HYRION CONSULTING,5,APAC ASIA,VERTEX,FORFAIT,A6DNJMEP2VGC35A,13.64
Troy,Walker,HG70763,9992058,HYRION CONSULTING,5,NA,VERTEX,FORFAIT,NO_TS_NA,86.36
Reginald,Sparks,NE78347,4289513,DELVO DYNAMICS,5,NA ASIA,PHOENIX,REGIE,QNIEBV6UZCC3YT2,11.36
Reginald,Sparks,NE78347,4289513,DELVO DYNAMICS,5,APAC,PHOENIX,REGIE,NO_TS_APAC,88.64
Carlos,Garner,FA34202,2365622,ETHOS TECH,5,LATAM OCEANIA,STELLAR,FORFAIT,14BI65BM0Q4XAVD,11.08
Joseph,Hansen,AI82665,7949500,ALCOR GLOBAL,5,MEA AMERICA,ORBIT,MAINTENANCE,ZKOAQNBLJKYZESY,9.94
Joseph,Hansen,AI82665,7949500,ALCOR GLOBAL,5,EMEA,ORBIT,MAINTENANCE,NO_TS_EMEA,90.06
Donald,Underwood,EJ53414,4729492,GOLZEN SYSTEMS,5,CONT OCEANIA,ORBIT,MAINTENANCE,33APO266QHX4CMY,13.64
Donald,Underwood,EJ53414,4729492,GOLZEN SYSTEMS,5,MEA,ORBIT,MAINTENANCE,NO_TS_MEA,86.36
Amber,Cook,WS41066,8860175,JALVIK SOLUTIONS,5,NA MENA,PULSE,FORFAIT,AKSZ65QXDPR1J0Z,11.93
Amber,Cook,WS41066,8860175,JALVIK SOLUTIONS,5,APAC,PULSE,FORFAIT,NO_TS_APAC,88.07
Christopher,Shaw,NM15147,7343563,KESTRA SYSTEMS,5,NA AMERICA,PHOENIX,MAINTENANCE,KE0Y0TQ2Y7N1ZWB,11.08
Christopher,Shaw,NM15147,7343563,KESTRA SYSTEMS,5,EMEA,PHOENIX,MAINTENANCE,NO_TS_EMEA,88.92
Luke,Fitzgerald,UP52139,4462948,GOLZEN SOLUTIONS,5,MEA OCEANIA,QUANTUM,MAINTENANCE,JIPOEP8JUCWVND8,12.5
Darlene,Rodriguez,RF85638,1822678,LUMEX SOLUTIONS,5,CONT AMERICA,PULSE,RPS,TY4Q1BOQ077IOFG,11.36
Darlene,Rodriguez,RF85638,1822678,LUMEX SOLUTIONS,5,EMEA,PULSE,RPS,NO_TS_EMEA,88.64
James,Johnston,AF63962,6701234,HYRION SYSTEMS,5,APAC OCEANIA,VERTEX,MAINTENANCE,GNTBX50VQGF25BM,12.78
Stephanie,Nelson,PJ37722,2876161,JALVIK VENTURES,5,APAC OCEANIA,VERTEX,REGIE,MMZ04EXLMIEI8B6,9.66
Stephanie,Nelson,PJ37722,2876161,JALVIK VENTURES,5,LATAM,VERTEX,REGIE,NO_TS_LATAM,90.34
Sergio,Johnson,BS70012,2972453,ETHOS DIGITAL,5,NA OCEANIA,PHOENIX,SUPPORT,E9OTUHP9RIEB8A2,9.94
Cynthia,Mcdonald,AJ61913,9061796,HYRION TECH,5,LATAM AMERICA,ATLAS,REGIE,5466P4NDQAU6C8V,11.93
Cynthia,Mcdonald,AJ61913,9061796,HYRION TECH,5,NA,ATLAS,REGIE,NO_TS_NA,88.07
Paul,Soto,TW41226,5089247,INOVA GLOBAL,5,MEA MENA,PULSE,FORFAIT,5F5RW6BR8L85SX7,9.09
Paul,Soto,TW41226,5089247,INOVA GLOBAL,5,NA,PULSE,FORFAIT,NO_TS_NA,90.91
Austin,Henry,NS01470,9967760,LUMEX SOLUTIONS,5,APAC ASIA,NOVA,FORFAIT,D1W4IV4TFCWFCR2,10.23
Austin,Henry,NS01470,9967760,LUMEX SOLUTIONS,5,APAC,NOVA,FORFAIT,NO_TS_APAC,89.77
Karen,Mosley,GH75385,3166801,DELVO DIGITAL,5,MEA OCEANIA,PHOENIX,MAINTENANCE,BJ7PUQKZ9WY0QFQ,11.36
Karen,Mosley,GH75385,3166801,DELVO DIGITAL,5,APAC,PHOENIX,MAINTENANCE,NO_TS_APAC,88.64
Elizabeth,Oconnell,OI08688,4216437,LUMEX SYSTEMS,5,NA EUROPE,PHOENIX,REGIE,KN0W8E3S61NKM0O,9.23
Elizabeth,Oconnell,OI08688,4216437,LUMEX SYSTEMS,5,CONT,PHOENIX,REGIE,NO_TS_CONT,90.77
Anthony,Vazquez,XQ20214,9848672,ETHOS TECH,5,MEA OCEANIA,QUANTUM,REGIE,Y21P0LSS4OSCA96,11.93
Anthony,Vazquez,XQ20214,9848672,ETHOS TECH,5,APAC,QUANTUM,REGIE,NO_TS_APAC,88.07
Rebecca,Rogers,SL17193,6210343,INOVA GROUP,5,APAC MENA,ORBIT,FORFAIT,REGKCFRZ6MCJXVO,10.37
Rebecca,Rogers,SL17193,6210343,INOVA GROUP,5,MEA,ORBIT,FORFAIT,NO_TS_MEA,89.63
Joshua,Park,NO96859,2478146,GOLZEN DIGITAL,5,NA AMERICA,ORBIT,MAINTENANCE,7VICYQ5SQSB1Q9Z,11.65
Joshua,Park,NO96859,2478146,GOLZEN DIGITAL,5,APAC,ORBIT,MAINTENANCE,NO_TS_APAC,88.35
Jacob,Dunlap,MI68338,2672686,KESTRA VENTURES,5,MEA ASIA,VERTEX,REGIE,G3ZB3HHTR7XCLNK,13.64
Jacob,Dunlap,MI68338,2672686,KESTRA VENTURES,5,EMEA,VERTEX,REGIE,NO_TS_EMEA,86.36
Michelle,Burke,QZ54558,4364090,ALCOR TECH,5,MEA ASIA,VERTEX,REGIE,5BUP55YBEZ33IHC,10.23
Michelle,Burke,QZ54558,4364090,ALCOR TECH,5,LATAM,VERTEX,REGIE,NO_TS_LATAM,89.77
Michael,Navarro,NZ08263,5506432,FORVEX DIGITAL,5,EMEA AFRICA,NEXUS,SUPPORT,8179OUR46JTUCIV,8.1
Michael,Navarro,NZ08263,5506432,FORVEX DIGITAL,5,LATAM,NEXUS,SUPPORT,NO_TS_LATAM,91.9
Mary,Brown,YT19282,6555408,FORVEX SYSTEMS,5,EMEA OCEANIA,ATLAS,MAINTENANCE,IFTGPCBHZCFIZZN,15.91
Mary,Brown,YT19282,6555408,FORVEX SYSTEMS,5,NA,ATLAS,MAINTENANCE,NO_TS_NA,84.09
Sabrina,Brady,II53297,4991501,JALVIK VENTURES,5,NA MENA,ATLAS,REGIE,J48CTL3DO3986RC,6.96
Sabrina,Brady,II53297,4991501,JALVIK VENTURES,5,APAC,ATLAS,REGIE,NO_TS_APAC,93.04
Michael,Miller,JN30924,5759714,ETHOS DIGITAL,5,CONT ASIA,NEXUS,SUPPORT,KEDS9XZUCTG4D8V,11.36
Michael,Miller,JN30924,5759714,ETHOS DIGITAL,5,MEA,NEXUS,SUPPORT,NO_TS_MEA,88.64
David,Burgess,ET22977,3778158,DELVO CONSULTING,5,LATAM MENA,VERTEX,FORFAIT,EJ2L8HKM1DGUW85,11.65
David,Burgess,ET22977,3778158,DELVO CONSULTING,5,LATAM,VERTEX,FORFAIT,NO_TS_LATAM,88.35
Lisa,Nelson,XE00564,7796158,GOLZEN DYNAMICS,5,LATAM EUROPE,VERTEX,FORFAIT,YGAYWEV5V3X6GN4,11.65
Lisa,Nelson,XE00564,7796158,GOLZEN DYNAMICS,5,CONT,VERTEX,FORFAIT,NO_TS_CONT,88.35
Kevin,Webster,LZ50617,2732056,BRYTON GROUP,5,LATAM OCEANIA,ATLAS,SUPPORT,J7WQKKWG9KX12W1,12.5
Kevin,Webster,LZ50617,2732056,BRYTON GROUP,5,CONT,ATLAS,SUPPORT,NO_TS_CONT,87.5
Justin,Berry,IL48306,9629558,KESTRA DIGITAL,5,MEA ASIA,ORBIT,MAINTENANCE,XQYMXG1135BJBL0,9.23
Justin,Berry,IL48306,9629558,KESTRA DIGITAL,5,NA,ORBIT,MAINTENANCE,NO_TS_NA,90.77
Laura,Mclaughlin,SC35376,1999323,JALVIK GROUP,5,NA MENA,ATLAS,RPS,4ASB7DZ7SXA7K9E,12.5
Shane,Cline,UZ63464,1009043,HYRION GROUP,5,LATAM EUROPE,ATLAS,MAINTENANCE,HGHDI7JNRXCCUIA,13.64
Shane,Cline,UZ63464,1009043,HYRION GROUP,5,LATAM,ATLAS,MAINTENANCE,NO_TS_LATAM,86.36
Marcus,Bates,RO66196,6179555,BRYTON SYSTEMS,5,NA AMERICA,ORBIT,MAINTENANCE,CA0QTYEBTB4IF7Z,11.65
Jamie,Walton,SI00749,7961256,KESTRA DYNAMICS,5,CONT MENA,NOVA,MAINTENANCE,AC9FPYONEONFCKO,9.09
Tina,Kim,NZ75082,1295026,ETHOS SYSTEMS,5,EMEA AFRICA,NEXUS,REGIE,NFDSOF146YPKZL9,7.24
Tina,Kim,NZ75082,1295026,ETHOS SYSTEMS,5,MEA,NEXUS,REGIE,NO_TS_MEA,92.76
Joshua,Harvey,BI20807,5595690,DELVO VENTURES,5,LATAM EUROPE,STELLAR,MAINTENANCE,01XR688VUXNDYUB,11.36
Joel,Bailey,HM85068,7782548,ALCOR SYSTEMS,5,EMEA OCEANIA,PHOENIX,SUPPORT,WNOAJYC8FD4PP8X,7.39
Joel,Bailey,HM85068,7782548,ALCOR SYSTEMS,5,APAC,PHOENIX,SUPPORT,NO_TS_APAC,92.61
Anthony,Murphy,NP68956,1163401,LUMEX DYNAMICS,5,LATAM OCEANIA,PHOENIX,SUPPORT,D7KYLLHGQE2IK8E,9.8
Anthony,Murphy,NP68956,1163401,LUMEX DYNAMICS,5,LATAM,PHOENIX,SUPPORT,NO_TS_LATAM,90.2
Anthony,Nielsen,QY14378,7148596,LUMEX CONSULTING,5,MEA AFRICA,PHOENIX,SUPPORT,60OK746NI7Z8N6T,11.36
Susan,Johnson,WW73208,3881331,ALCOR VENTURES,5,LATAM MENA,PHOENIX,REGIE,ZAK5D8S96AI8WK1,11.79
Leslie,Yoder,YA88398,8539509,ETHOS DYNAMICS,5,NA ASIA,PHOENIX,MAINTENANCE,ZJJCKRZS3SB0PII,7.24
Leslie,Yoder,YA88398,8539509,ETHOS DYNAMICS,5,EMEA,PHOENIX,MAINTENANCE,NO_TS_EMEA,92.76
Sabrina,Murray,ZI30995,2164678,LUMEX DYNAMICS,5,CONT EUROPE,NOVA,SUPPORT,GBHGAKE4GKCCQWL,11.93
Sabrina,Murray,ZI30995,2164678,LUMEX DYNAMICS,5,CONT,NOVA,SUPPORT,NO_TS_CONT,88.07
Jorge,Adams,FW35452,9269625,HYRION SOLUTIONS,5,NA MENA,PHOENIX,MAINTENANCE,OTST7MAHV30KVAG,9.66
Jorge,Adams,FW35452,9269625,HYRION SOLUTIONS,5,EMEA,PHOENIX,MAINTENANCE,NO_TS_EMEA,90.34
Timothy,Pham,AS98896,8782357,JALVIK SOLUTIONS,5,EMEA ASIA,NEXUS,FORFAIT,TPXHPI7MPFCZDEL,13.64
Timothy,Pham,AS98896,8782357,JALVIK SOLUTIONS,5,CONT,NEXUS,FORFAIT,NO_TS_CONT,86.36
Mark,Brown,IY87312,2131460,ETHOS SOLUTIONS,5,MEA AFRICA,PHOENIX,FORFAIT,IGWE0Q26AWR1R6D,9.52
Mark,Brown,IY87312,2131460,ETHOS SOLUTIONS,5,MEA,PHOENIX,FORFAIT,NO_TS_MEA,90.48
Kristina,Burke,XI30986,1144679,CENVEO DIGITAL,5,APAC AFRICA,ATLAS,REGIE,YZ6X3SXXP1X47GC,10.8
Kristina,Burke,XI30986,1144679,CENVEO DIGITAL,5,CONT,ATLAS,REGIE,NO_TS_CONT,89.2
Brandon,Simmons,NX61866,5515428,CENVEO TECH,5,MEA AFRICA,STELLAR,SUPPORT,GDW2JLTMGXQ6J5N,5.11
Brandon,Simmons,NX61866,5515428,CENVEO TECH,5,MEA,STELLAR,SUPPORT,NO_TS_MEA,94.89
Holly,Espinoza,FJ32951,5613027,CENVEO DYNAMICS,5,CONT EUROPE,PULSE,SUPPORT,8B98AJ6C6KPY7XY,11.93
Holly,Espinoza,FJ32951,5613027,CENVEO DYNAMICS,5,APAC,PULSE,SUPPORT,NO_TS_APAC,88.07
David,Black,MK17029,5870851,ALCOR GROUP,5,NA MENA,PULSE,RPS,U3ESCU6ADL54I9H,4.97
David,Black,MK17029,5870851,ALCOR GROUP,5,NA,PULSE,RPS,NO_TS_NA,95.03
Susan,Watson,YI93292,3376928,ETHOS DYNAMICS,5,MEA EUROPE,PHOENIX,SUPPORT,XLGWB1ZY9H88Y7H,9.09
Susan,Watson,YI93292,3376928,ETHOS DYNAMICS,5,EMEA,PHOENIX,SUPPORT,NO_TS_EMEA,90.91
George,Wilson,YZ52777,3074780,JALVIK SYSTEMS,5,MEA EUROPE,NOVA,REGIE,IMCHRLTP6C1Q56Z,11.36
Mitchell,Sweeney,KK65568,9133412,GOLZEN TECH,5,NA OCEANIA,NEXUS,FORFAIT,IXW54N9PPBRWYJP,9.66
Mitchell,Sweeney,KK65568,9133412,GOLZEN TECH,5,CONT,NEXUS,FORFAIT,NO_TS_CONT,90.34
Daniel,Barnett,KC04239,3721165,JALVIK CONSULTING,5,MEA MENA,STELLAR,RPS,5TJEDD7VIXCH8TG,9.8
Daniel,Barnett,KC04239,3721165,JALVIK CONSULTING,5,LATAM,STELLAR,RPS,NO_TS_LATAM,90.2
Joel,Vance,CB31714,3417842,LUMEX GROUP,5,MEA EUROPE,QUANTUM,FORFAIT,9CH611O49XRS705,11.36
Joel,Vance,CB31714,3417842,LUMEX GROUP,5,LATAM,QUANTUM,FORFAIT,NO_TS_LATAM,88.64
Cody,Smith,JG27963,4552051,INOVA GROUP,5,NA OCEANIA,PULSE,REGIE,L6BGGEVGV5XPDN5,14.2
Casey,Browning,PF09943,8349497,DELVO GROUP,5,APAC EUROPE,PULSE,MAINTENANCE,OG4YIHFOSCECAIO,12.22
Casey,Browning,PF09943,8349497,DELVO GROUP,5,NA,PULSE,MAINTENANCE,NO_TS_NA,87.78
Mark,Thomas,YU28335,4114899,DELVO GROUP,5,APAC EUROPE,VERTEX,MAINTENANCE,VTCSCB8PL6F2Z47,9.94
Mark,Thomas,YU28335,4114899,DELVO GROUP,5,APAC,VERTEX,MAINTENANCE,NO_TS_APAC,90.06
David,Myers,BG17799,7542947,INOVA GLOBAL,5,CONT OCEANIA,STELLAR,FORFAIT,XL3WKROUGM51Z8Z,10.51
David,Myers,BG17799,7542947,INOVA GLOBAL,5,APAC,STELLAR,FORFAIT,NO_TS_APAC,89.49
Timothy,Wallace,ZK95756,1233432,BRYTON SOLUTIONS,5,APAC MENA,ATLAS,SUPPORT,AFSJGB7KWWDZNGX,11.36
Timothy,Wallace,ZK95756,1233432,BRYTON SOLUTIONS,5,APAC,ATLAS,SUPPORT,NO_TS_APAC,88.64
Courtney,Kent,RW28223,2073126,BRYTON DYNAMICS,5,APAC AMERICA,PHOENIX,RPS,SSPDXU7KPZP44BO,10.23
Courtney,Kent,RW28223,2073126,BRYTON DYNAMICS,5,MEA,PHOENIX,RPS,NO_TS_MEA,89.77
Andrew,Strong,MJ85875,9641824,ETHOS SYSTEMS,5,LATAM EUROPE,NOVA,SUPPORT,F0KR83CMFXB2Z99,13.64
Anthony,Taylor,FN82102,6772584,LUMEX VENTURES,5,CONT AFRICA,VERTEX,REGIE,U82OXLWYF1JVRVF,12.5
Anthony,Taylor,FN82102,6772584,LUMEX VENTURES,5,NA,VERTEX,REGIE,NO_TS_NA,87.5
Elaine,Brown,VN86460,8516727,ALCOR CONSULTING,5,CONT AFRICA,STELLAR,MAINTENANCE,YCRGNNZ7X3OOJBF,10.51
Elaine,Brown,VN86460,8516727,ALCOR CONSULTING,5,LATAM,STELLAR,MAINTENANCE,NO_TS_LATAM,89.49
Brent,Leonard,AW92468,2468368,HYRION TECH,5,APAC ASIA,QUANTUM,SUPPORT,2PLSK149BEDCE4K,11.36
Brent,Leonard,AW92468,2468368,HYRION TECH,5,MEA,QUANTUM,SUPPORT,NO_TS_MEA,88.64
John,Wade,DY02854,8289141,LUMEX VENTURES,5,NA ASIA,NEXUS,SUPPORT,E31LQ4JKU74NWAU,11.08
John,Wade,DY02854,8289141,LUMEX VENTURES,5,NA,NEXUS,SUPPORT,NO_TS_NA,88.92
James,Scott,LK13944,1741644,FORVEX GLOBAL,5,NA EUROPE,PHOENIX,FORFAIT,2XFD37YGXU8I2KG,13.64
James,Scott,LK13944,1741644,FORVEX GLOBAL,5,NA,PHOENIX,FORFAIT,NO_TS_NA,86.36
Miguel,Johnson,SE47640,4838388,GOLZEN SOLUTIONS,5,NA MENA,QUANTUM,SUPPORT,D2L65PQ1JJ679EH,15.48
Miguel,Johnson,SE47640,4838388,GOLZEN SOLUTIONS,5,CONT,QUANTUM,SUPPORT,NO_TS_CONT,84.52
Laura,Trujillo,WK24176,5820487,KESTRA CONSULTING,5,CONT MENA,QUANTUM,RPS,KUIEG19J8XHACUD,11.08
Laura,Trujillo,WK24176,5820487,KESTRA CONSULTING,5,MEA,QUANTUM,RPS,NO_TS_MEA,88.92
Gerald,Gray,JD25720,4436425,BRYTON VENTURES,5,CONT AFRICA,ATLAS,REGIE,D0O00K9KHMVA4XP,11.93
Gerald,Gray,JD25720,4436425,BRYTON VENTURES,5,NA,ATLAS,REGIE,NO_TS_NA,88.07
Jesse,Arroyo,IC43852,9267908,INOVA GROUP,5,EMEA MENA,NEXUS,MAINTENANCE,FTNBH41ED6A5607,11.36
Jesse,Arroyo,IC43852,9267908,INOVA GROUP,5,APAC,NEXUS,MAINTENANCE,NO_TS_APAC,88.64
Jessica,Jackson,TB27197,4990215,BRYTON VENTURES,5,NA AMERICA,NOVA,FORFAIT,3WZWIGMPU060P3Q,11.08
Kenneth,Allen,ND89769,4792498,GOLZEN SOLUTIONS,5,MEA AFRICA,PHOENIX,SUPPORT,LW9CLA1FRSQ08MT,11.93
Kenneth,Allen,ND89769,4792498,GOLZEN SOLUTIONS,5,LATAM,PHOENIX,SUPPORT,NO_TS_LATAM,88.07
Daniel,Pierce,ZC34417,5248840,BRYTON SOLUTIONS,5,APAC EUROPE,ATLAS,FORFAIT,6LLL8EKJ4A7XL44,9.23
Michelle,Zimmerman,MV80298,1294494,FORVEX DIGITAL,5,CONT ASIA,PULSE,SUPPORT,2B2YOGCE1XIO8XC,8.81
Jacob,Jackson,PI47808,7828695,LUMEX CONSULTING,5,NA OCEANIA,VERTEX,MAINTENANCE,35W6DILU8PMQ4EF,13.64
Jacob,Jackson,PI47808,7828695,LUMEX CONSULTING,5,NA,VERTEX,MAINTENANCE,NO_TS_NA,86.36
Matthew,Sanchez,RN88201,2279516,DELVO GROUP,5,EMEA OCEANIA,NOVA,SUPPORT,AC1ZJF4T1JJYQGC,11.36
Matthew,Sanchez,RN88201,2279516,DELVO GROUP,5,CONT,NOVA,SUPPORT,NO_TS_CONT,88.64
Heather,Smith,ZV21452,6393811,KESTRA SOLUTIONS,5,MEA MENA,PULSE,MAINTENANCE,WZXFB6MP8OUUK73,12.22
Heather,Smith,ZV21452,6393811,KESTRA SOLUTIONS,5,LATAM,PULSE,MAINTENANCE,NO_TS_LATAM,87.78
Kevin,Martin,RV69454,7198440,CENVEO GROUP,5,EMEA AMERICA,NOVA,FORFAIT,27E9KCM3BJXAR2Q,13.64
Kevin,Martin,RV69454,7198440,CENVEO GROUP,5,CONT,NOVA,FORFAIT,NO_TS_CONT,86.36
Colleen,Cantu,UX20520,8343194,ALCOR DIGITAL,5,LATAM AMERICA,NEXUS,SUPPORT,ITEDVQAVIVPYOUF,9.66
Colleen,Cantu,UX20520,8343194,ALCOR DIGITAL,5,MEA,NEXUS,SUPPORT,NO_TS_MEA,90.34
Bruce,Luna,HU50123,2464414,JALVIK DIGITAL,5,APAC MENA,NEXUS,RPS,IPWK75CQ2I34ZF7,10.8
Bruce,Luna,HU50123,2464414,JALVIK DIGITAL,5,NA,NEXUS,RPS,NO_TS_NA,89.2
William,Carter,MM77808,1469666,ALCOR VENTURES,5,APAC ASIA,STELLAR,RPS,MVTXH3OJBKDN5SF,13.64
William,Carter,MM77808,1469666,ALCOR VENTURES,5,LATAM,STELLAR,RPS,NO_TS_LATAM,86.36
James,Anderson,OB72540,2901369,HYRION GLOBAL,5,EMEA AFRICA,PHOENIX,SUPPORT,SLSY3J0CEGBX6AC,11.36
William,Boyd,QT46881,1923543,ETHOS GROUP,5,APAC AMERICA,NOVA,SUPPORT,WHM1MEK90S21DDS,9.09
William,Boyd,QT46881,1923543,ETHOS GROUP,5,CONT,NOVA,SUPPORT,NO_TS_CONT,90.91
Benjamin,Taylor,MC08529,5432041,GOLZEN GLOBAL,5,MEA AMERICA,VERTEX,MAINTENANCE,NG343A2RJUJ2VKY,11.36
Benjamin,Taylor,MC08529,5432041,GOLZEN GLOBAL,5,APAC,VERTEX,MAINTENANCE,NO_TS_APAC,88.64
Jennifer,Thompson,VS68847,2007114,FORVEX GLOBAL,5,EMEA AFRICA,NEXUS,SUPPORT,UEXXIRUX4BHJ8VH,11.36
Jennifer,Thompson,VS68847,2007114,FORVEX GLOBAL,5,CONT,NEXUS,SUPPORT,NO_TS_CONT,88.64
Brendan,Contreras,CL09477,6030286,BRYTON CONSULTING,5,CONT MENA,ORBIT,REGIE,KGRRJN9IZ44IYBP,11.36
Brendan,Contreras,CL09477,6030286,BRYTON CONSULTING,5,CONT,ORBIT,REGIE,NO_TS_CONT,88.64
Kelly,Leach,CQ47267,7119043,DELVO DIGITAL,5,MEA ASIA,QUANTUM,REGIE,J3BBEZOQLDSGWCK,13.64
Kelly,Leach,CQ47267,7119043,DELVO DIGITAL,5,MEA,QUANTUM,REGIE,NO_TS_MEA,86.36
Andrew,Cox,VO97261,3140248,HYRION DYNAMICS,5,NA AFRICA,ORBIT,MAINTENANCE,85ADF5WMB9GZ2IG,11.36
Andrew,Cox,VO97261,3140248,HYRION DYNAMICS,5,EMEA,ORBIT,MAINTENANCE,NO_TS_EMEA,88.64
Austin,Martin,IJ45315,4626584,ALCOR SOLUTIONS,5,NA MENA,STELLAR,RPS,D2YXPCK3HPQAJ3F,12.78
Austin,Martin,IJ45315,4626584,ALCOR SOLUTIONS,5,CONT,STELLAR,RPS,NO_TS_CONT,87.22
Robert,Roberts,ZB77202,5443151,GOLZEN DYNAMICS,5,EMEA OCEANIA,PHOENIX,RPS,4J6OK2KEPZKYBRW,11.36
Robert,Roberts,ZB77202,5443151,GOLZEN DYNAMICS,5,MEA,PHOENIX,RPS,NO_TS_MEA,88.64
Steven,Wood,ML13529,9976436,BRYTON GLOBAL,5,EMEA ASIA,NEXUS,MAINTENANCE,3OLXEAHUW4YZ6WV,10.37
Steven,Wood,ML13529,9976436,BRYTON GLOBAL,5,EMEA,NEXUS,MAINTENANCE,NO_TS_EMEA,89.63
John,Carey,PD23015,1444576,FORVEX GLOBAL,5,LATAM OCEANIA,VERTEX,FORFAIT,F7RKUSRLSFVJQ3Q,9.38
John,Carey,PD23015,1444576,FORVEX GLOBAL,5,EMEA,VERTEX,FORFAIT,NO_TS_EMEA,90.63
Kathryn,Soto,CE93674,5657961,DELVO SOLUTIONS,5,EMEA EUROPE,NOVA,REGIE,RJDMDJYGLCPTXKD,7.67
Kathryn,Soto,CE93674,5657961,DELVO SOLUTIONS,5,MEA,NOVA,REGIE,NO_TS_MEA,92.33
Rebecca,Davis,BB77016,1258007,GOLZEN SYSTEMS,5,LATAM EUROPE,NOVA,FORFAIT,CFEZXEOD7YN4XH9,14.91
Rebecca,Davis,BB77016,1258007,GOLZEN SYSTEMS,5,NA,NOVA,FORFAIT,NO_TS_NA,85.09
Linda,Schmidt,CP34573,7951011,FORVEX CONSULTING,5,APAC AFRICA,ATLAS,MAINTENANCE,O01V25YSO1W0SMI,9.38
Linda,Schmidt,CP34573,7951011,FORVEX CONSULTING,5,EMEA,ATLAS,MAINTENANCE,NO_TS_EMEA,90.63
Matthew,Gonzalez,IN01860,1127821,KESTRA SOLUTIONS,5,EMEA MENA,NEXUS,RPS,8T3M76R8FEK02DG,13.92
Matthew,Gonzalez,IN01860,1127821,KESTRA SOLUTIONS,5,CONT,NEXUS,RPS,NO_TS_CONT,86.08
David,Wilson,DY37920,4089754,GOLZEN DIGITAL,5,APAC AFRICA,NEXUS,RPS,EGH7KP20J638TUW,11.36
David,Wilson,DY37920,4089754,GOLZEN DIGITAL,5,APAC,NEXUS,RPS,NO_TS_APAC,88.64
Ian,Foster,LB70411,3466517,CENVEO SOLUTIONS,5,APAC OCEANIA,PULSE,FORFAIT,VHU9KTHWG3JWY2C,11.36
Ian,Foster,LB70411,3466517,CENVEO SOLUTIONS,5,NA,PULSE,FORFAIT,NO_TS_NA,88.64
Michael,Hill,ER59183,2121536,ALCOR DYNAMICS,5,EMEA EUROPE,ATLAS,SUPPORT,FBHRBBYGVLXAOWR,15.91
Michael,Hill,ER59183,2121536,ALCOR DYNAMICS,5,NA,ATLAS,SUPPORT,NO_TS_NA,84.09
Jessica,Shah,MR76004,5863543,FORVEX GROUP,5,NA EUROPE,QUANTUM,MAINTENANCE,YETUBUVSN0HR28A,12.5
Jessica,Shah,MR76004,5863543,FORVEX GROUP,5,MEA,QUANTUM,MAINTENANCE,NO_TS_MEA,87.5
Julian,Buchanan,RG66559,2441430,INOVA CONSULTING,5,EMEA MENA,NOVA,RPS,60R13NV89BQF6YL,11.79
Julian,Buchanan,RG66559,2441430,INOVA CONSULTING,5,MEA,NOVA,RPS,NO_TS_MEA,88.21
Anthony,Kelly,GK98403,8975496,KESTRA SOLUTIONS,5,NA OCEANIA,ORBIT,FORFAIT,1EXP69PNJ3JQUZ6,4.83
Anthony,Kelly,GK98403,8975496,KESTRA SOLUTIONS,5,NA,ORBIT,FORFAIT,NO_TS_NA,95.17
Mark,Day,NL74322,1850082,ETHOS SOLUTIONS,5,NA EUROPE,PULSE,REGIE,M2N2VQ7RNSJ04S6,8.24
Mark,Day,NL74322,1850082,ETHOS SOLUTIONS,5,LATAM,PULSE,REGIE,NO_TS_LATAM,91.76
Pam,Hodge,ST93709,1396518,HYRION SOLUTIONS,5,EMEA EUROPE,NEXUS,MAINTENANCE,MW5481VQBQS70M7,11.93
Pam,Hodge,ST93709,1396518,HYRION SOLUTIONS,5,APAC,NEXUS,MAINTENANCE,NO_TS_APAC,88.07
Randall,Kirk,UL14344,6102219,JALVIK DYNAMICS,5,CONT EUROPE,PHOENIX,MAINTENANCE,49BF4KHDA8DLCY3,5.82
Randall,Kirk,UL14344,6102219,JALVIK DYNAMICS,5,LATAM,PHOENIX,MAINTENANCE,NO_TS_LATAM,94.18
Benjamin,Jones,ZW05569,4746806,HYRION VENTURES,5,MEA EUROPE,ORBIT,REGIE,YS26R6KP57KLGET,12.5
Benjamin,Jones,ZW05569,4746806,HYRION VENTURES,5,APAC,ORBIT,REGIE,NO_TS_APAC,87.5
Ruben,Liu,JQ66080,2506462,BRYTON TECH,5,LATAM OCEANIA,VERTEX,FORFAIT,E4JJZDO8LV7YYNA,4.83
Ruben,Liu,JQ66080,2506462,BRYTON TECH,5,EMEA,VERTEX,FORFAIT,NO_TS_EMEA,95.17
Edward,Reed,AX37391,6355614,ALCOR GLOBAL,5,APAC AMERICA,PHOENIX,FORFAIT,2FJ2M6S23VECTQ8,13.07
Edward,Reed,AX37391,6355614,ALCOR GLOBAL,5,EMEA,PHOENIX,FORFAIT,NO_TS_EMEA,86.93
Jessica,Cox,DS76917,4427579,CENVEO GROUP,5,LATAM ASIA,VERTEX,SUPPORT,RM0QJ7FTWD25MIX,11.93
Jessica,Cox,DS76917,4427579,CENVEO GROUP,5,LATAM,VERTEX,SUPPORT,NO_TS_LATAM,88.07
Sharon,Shaw,ZQ68526,8444955,ETHOS SYSTEMS,5,CONT OCEANIA,NOVA,MAINTENANCE,PUDU73G2TF8K27G,13.64
Sharon,Shaw,ZQ68526,8444955,ETHOS SYSTEMS,5,APAC,NOVA,MAINTENANCE,NO_TS_APAC,86.36
David,Heath,JF04519,6285978,BRYTON SOLUTIONS,5,EMEA AMERICA,STELLAR,MAINTENANCE,KM9MIJWX5GAGERE,11.79
Diana,Patel,MH46342,5380801,INOVA DYNAMICS,5,APAC MENA,ORBIT,RPS,4JH41KE94ZTLS3S,11.36
Diana,Patel,MH46342,5380801,INOVA DYNAMICS,5,MEA,ORBIT,RPS,NO_TS_MEA,88.64
Curtis,Stark,GO73223,2163751,HYRION SOLUTIONS,5,APAC OCEANIA,NOVA,REGIE,HCA5SWMTE37OOMC,7.39
Curtis,Stark,GO73223,2163751,HYRION SOLUTIONS,5,MEA,NOVA,REGIE,NO_TS_MEA,92.61
Michael,Bradford,CK98229,5834991,HYRION DYNAMICS,5,CONT OCEANIA,QUANTUM,FORFAIT,K73ZUBRQ3XN1MJT,18.18
Michael,Bradford,CK98229,5834991,HYRION DYNAMICS,5,EMEA,QUANTUM,FORFAIT,NO_TS_EMEA,81.82
Lindsay,Reyes,OA46858,8400035,DELVO GLOBAL,5,EMEA AMERICA,QUANTUM,SUPPORT,4592UQ6LMMSE6UL,11.51
Lindsay,Reyes,OA46858,8400035,DELVO GLOBAL,5,LATAM,QUANTUM,SUPPORT,NO_TS_LATAM,88.49
David,Lutz,KM86250,4322051,GOLZEN DYNAMICS,5,CONT OCEANIA,QUANTUM,SUPPORT,Q48NR9NZP8GLK8O,13.07
David,Lutz,KM86250,4322051,GOLZEN DYNAMICS,5,APAC,QUANTUM,SUPPORT,NO_TS_APAC,86.93
Laura,Price,XT43426,4119095,INOVA SYSTEMS,5,CONT OCEANIA,QUANTUM,SUPPORT,WLT2XMQ88ZOZSKX,11.65
Laura,Price,XT43426,4119095,INOVA SYSTEMS,5,MEA,QUANTUM,SUPPORT,NO_TS_MEA,88.35
Roy,Brown,YS70624,2212374,FORVEX GLOBAL,5,APAC EUROPE,ATLAS,FORFAIT,Q57EG69DSXDTPU4,15.06
Roy,Brown,YS70624,2212374,FORVEX GLOBAL,5,EMEA,ATLAS,FORFAIT,NO_TS_EMEA,84.94
Christina,Perkins,AS01885,4328708,KESTRA GLOBAL,5,EMEA EUROPE,VERTEX,REGIE,984N8J361VEF240,7.24
Christina,Perkins,AS01885,4328708,KESTRA GLOBAL,5,APAC,VERTEX,REGIE,NO_TS_APAC,92.76
Steven,Patterson,YT82025,5280601,DELVO DYNAMICS,5,LATAM ASIA,VERTEX,MAINTENANCE,YL0RPHPPRTXH27V,9.66
Rebekah,Walter,SA25293,1325785,LUMEX TECH,5,APAC ASIA,ORBIT,REGIE,K2GQPV2AYHBPD6U,12.5
Rebekah,Walter,SA25293,1325785,LUMEX TECH,5,CONT,ORBIT,REGIE,NO_TS_CONT,87.5
Sandra,Brown,KF49293,2735420,ETHOS GROUP,5,NA AFRICA,STELLAR,MAINTENANCE,K2ECRVYEVPZ4S1W,9.09
Sandra,Brown,KF49293,2735420,ETHOS GROUP,5,LATAM,STELLAR,MAINTENANCE,NO_TS_LATAM,90.91
Elizabeth,Abbott,FA15536,8409777,LUMEX TECH,5,NA ASIA,NEXUS,FORFAIT,5EA7M880CBORD9X,9.94
Elizabeth,Abbott,FA15536,8409777,LUMEX TECH,5,EMEA,NEXUS,FORFAIT,NO_TS_EMEA,90.06
Christy,Thomas,NO37201,9505174,JALVIK SOLUTIONS,5,MEA EUROPE,ORBIT,REGIE,A3TQ1CW3FOFEY0N,6.39
Christy,Thomas,NO37201,9505174,JALVIK SOLUTIONS,5,NA,ORBIT,REGIE,NO_TS_NA,93.61
David,Cain,TC74558,6631423,ALCOR GROUP,5,CONT OCEANIA,VERTEX,FORFAIT,8LHJSOD49ESUOXF,11.36
David,Cain,TC74558,6631423,ALCOR GROUP,5,EMEA,VERTEX,FORFAIT,NO_TS_EMEA,88.64
Jennifer,Weber,SH87539,2739331,FORVEX CONSULTING,5,MEA MENA,NEXUS,SUPPORT,UID2SCTFLESMQCR,9.66
Jennifer,Weber,SH87539,2739331,FORVEX CONSULTING,5,MEA,NEXUS,SUPPORT,NO_TS_MEA,90.34
Carla,Peterson,YN98674,1429509,BRYTON SYSTEMS,5,LATAM OCEANIA,PHOENIX,REGIE,X0LAA6IRB1B591Y,13.64
Carla,Peterson,YN98674,1429509,BRYTON SYSTEMS,5,CONT,PHOENIX,REGIE,NO_TS_CONT,86.36
Jennifer,Turner,FQ87660,1590309,LUMEX CONSULTING,5,APAC EUROPE,PHOENIX,FORFAIT,LFX76K9GZ2UB7CE,11.08
Jennifer,Turner,FQ87660,1590309,LUMEX CONSULTING,5,LATAM,PHOENIX,FORFAIT,NO_TS_LATAM,88.92
Alan,Davis,JN99947,4605882,INOVA SYSTEMS,5,MEA AMERICA,PHOENIX,FORFAIT,7JPL1ZWA8742POI,9.23
Alan,Davis,JN99947,4605882,INOVA SYSTEMS,5,EMEA,PHOENIX,FORFAIT,NO_TS_EMEA,90.77
Christopher,Adams,AR38094,2283654,INOVA VENTURES,5,EMEA EUROPE,ORBIT,REGIE,RZX1UN49MCP1PIR,10.8
Christopher,Adams,AR38094,2283654,INOVA VENTURES,5,EMEA,ORBIT,REGIE,NO_TS_EMEA,89.2
Jennifer,Doyle,CY26586,1895911,JALVIK GROUP,5,APAC ASIA,STELLAR,SUPPORT,BWBMDMDNAT8V8SQ,10.8
Jennifer,Doyle,CY26586,1895911,JALVIK GROUP,5,NA,STELLAR,SUPPORT,NO_TS_NA,89.2
James,Sims,QY47686,8981354,LUMEX CONSULTING,5,MEA OCEANIA,VERTEX,RPS,O9JTPA0IU3O8B6P,12.5
Brittany,Williams,PU80314,1578182,BRYTON DYNAMICS,5,LATAM MENA,PULSE,SUPPORT,JF37HZM15DP0RMV,10.23
Brittany,Williams,PU80314,1578182,BRYTON DYNAMICS,5,NA,PULSE,SUPPORT,NO_TS_NA,89.77
Robert,Ryan,SO93387,2011271,INOVA TECH,5,EMEA OCEANIA,ATLAS,FORFAIT,R9OGH4R59Q1MG29,10.23
Robert,Ryan,SO93387,2011271,INOVA TECH,5,EMEA,ATLAS,FORFAIT,NO_TS_EMEA,89.77
Laura,Terry,OO31772,1068282,LUMEX SOLUTIONS,5,NA OCEANIA,NOVA,REGIE,BARKLYOZV0MB2PN,9.66
Emily,Mitchell,TI27914,8434778,BRYTON GLOBAL,5,MEA AMERICA,PULSE,RPS,W5YXDE6ZXY7DRFU,9.38
Gina,Foster,GS23911,8249160,ALCOR DYNAMICS,5,EMEA EUROPE,ORBIT,SUPPORT,MBMCZPPKT4Q5D1F,13.07
Gina,Foster,GS23911,8249160,ALCOR DYNAMICS,5,APAC,ORBIT,SUPPORT,NO_TS_APAC,86.93
Dean,Burns,RI85330,4463965,INOVA VENTURES,5,NA EUROPE,QUANTUM,REGIE,M18RV1R0KCYVFKM,12.5
Dean,Burns,RI85330,4463965,INOVA VENTURES,5,NA,QUANTUM,REGIE,NO_TS_NA,87.5
Cynthia,Sandoval,TG40432,4619648,INOVA GROUP,5,EMEA OCEANIA,NEXUS,SUPPORT,APZAQ54APIZT6KR,11.36
Abigail,Mack,NF77686,1014237,KESTRA GROUP,5,CONT OCEANIA,PHOENIX,SUPPORT,7BPO9UDWR46RNV2,13.64
Abigail,Mack,NF77686,1014237,KESTRA GROUP,5,APAC,PHOENIX,SUPPORT,NO_TS_APAC,86.36
Nichole,Fernandez,WR08770,7027501,DELVO SYSTEMS,5,MEA ASIA,NOVA,FORFAIT,P2T5AXBJ0PLQDJR,9.94
Joseph,Skinner,GU32492,5412874,JALVIK TECH,5,EMEA EUROPE,VERTEX,MAINTENANCE,UHWFBQVZ8YTYJPB,12.93
Joseph,Skinner,GU32492,5412874,JALVIK TECH,5,APAC,VERTEX,MAINTENANCE,NO_TS_APAC,87.07
Tammy,Mitchell,XH16313,9708129,FORVEX GLOBAL,5,CONT AMERICA,PHOENIX,MAINTENANCE,3I6N4E9EQABAD33,11.36
Tammy,Mitchell,XH16313,9708129,FORVEX GLOBAL,5,APAC,PHOENIX,MAINTENANCE,NO_TS_APAC,88.64
Dawn,Dennis,RA17823,6608580,BRYTON SOLUTIONS,5,APAC AFRICA,ATLAS,MAINTENANCE,MLO4FYFGQ5KHFGM,10.09
Dawn,Dennis,RA17823,6608580,BRYTON SOLUTIONS,5,EMEA,ATLAS,MAINTENANCE,NO_TS_EMEA,89.91
Sean,Fitzpatrick,KZ56191,3367725,ETHOS DYNAMICS,5,CONT EUROPE,PHOENIX,FORFAIT,7MDYTK252155FAP,13.64
Sean,Fitzpatrick,KZ56191,3367725,ETHOS DYNAMICS,5,CONT,PHOENIX,FORFAIT,NO_TS_CONT,86.36
Elizabeth,Garrison,LN36026,9274885,DELVO DIGITAL,5,CONT OCEANIA,QUANTUM,SUPPORT,9YD8X7OO1IVRJCX,9.8
Jeffrey,Moore,DV85759,9542348,KESTRA CONSULTING,5,NA AFRICA,STELLAR,RPS,TJ100JU28ZYBIJE,11.36
Jeffrey,Moore,DV85759,9542348,KESTRA CONSULTING,5,APAC,STELLAR,RPS,NO_TS_APAC,88.64
Carolyn,Thomas,WM65808,3741930,GOLZEN DIGITAL,5,EMEA AFRICA,ATLAS,RPS,J6GIKAG6DF6MT5W,11.65
Carolyn,Thomas,WM65808,3741930,GOLZEN DIGITAL,5,MEA,ATLAS,RPS,NO_TS_MEA,88.35
Devin,Duncan,GV37566,1522678,ALCOR VENTURES,5,MEA EUROPE,NOVA,MAINTENANCE,JVH0AFI9II5ZPNA,8.1
Cynthia,Cannon,DC66240,8647056,JALVIK DIGITAL,5,MEA AFRICA,NEXUS,RPS,X1U958XU96G6NLP,11.65
Cynthia,Cannon,DC66240,8647056,JALVIK DIGITAL,5,MEA,NEXUS,RPS,NO_TS_MEA,88.35
Sharon,Horne,PV20036,6457952,LUMEX DIGITAL,5,APAC ASIA,STELLAR,RPS,5LQE1MBRPDERLWJ,14.2
James,Smith,ZZ90087,4373498,BRYTON GLOBAL,5,APAC ASIA,VERTEX,MAINTENANCE,YNACSZJX3IE5OJ4,12.5
Andrea,Moore,OI91694,1457201,KESTRA SYSTEMS,5,APAC AFRICA,PHOENIX,SUPPORT,NH2AHA4Q4IA3GDX,10.23
Andrea,Moore,OI91694,1457201,KESTRA SYSTEMS,5,CONT,PHOENIX,SUPPORT,NO_TS_CONT,89.77
Jesse,Russell,MS78083,5065840,BRYTON SYSTEMS,5,NA AFRICA,ATLAS,FORFAIT,ZMWG1DZ0O9HNUE6,13.64
Latoya,Christian,PD00340,2066178,ETHOS CONSULTING,5,EMEA EUROPE,STELLAR,FORFAIT,L58XL4S2BHWZK7O,10.51
Latoya,Christian,PD00340,2066178,ETHOS CONSULTING,5,CONT,STELLAR,FORFAIT,NO_TS_CONT,89.49
Vanessa,Meyers,SV59490,1746802,INOVA DIGITAL,5,EMEA MENA,PULSE,SUPPORT,92T8OIIBF4VE0NP,11.36
Vanessa,Meyers,SV59490,1746802,INOVA DIGITAL,5,NA,PULSE,SUPPORT,NO_TS_NA,88.64
Bridget,Marshall,XU68144,7337178,LUMEX TECH,5,MEA AMERICA,PHOENIX,MAINTENANCE,2G5OTG3XK1IF5NV,7.1
Bridget,Marshall,XU68144,7337178,LUMEX TECH,5,NA,PHOENIX,MAINTENANCE,NO_TS_NA,92.9
Cynthia,Reyes,MU16286,2237628,DELVO DYNAMICS,5,CONT AFRICA,VERTEX,MAINTENANCE,LLTNGNEO444JDE4,12.22
Cynthia,Reyes,MU16286,2237628,DELVO DYNAMICS,5,CONT,VERTEX,MAINTENANCE,NO_TS_CONT,87.78
Keith,Martin,EW92952,8804931,ALCOR DIGITAL,5,CONT MENA,ATLAS,SUPPORT,0SHMOUPOAWD5AB9,12.5
Keith,Martin,EW92952,8804931,ALCOR DIGITAL,5,APAC,ATLAS,SUPPORT,NO_TS_APAC,87.5
Glenn,Wilson,SI64287,9362733,ETHOS DYNAMICS,5,NA AFRICA,ORBIT,MAINTENANCE,SM0FYX52JO4LF4B,12.5
Glenn,Wilson,SI64287,9362733,ETHOS DYNAMICS,5,MEA,ORBIT,MAINTENANCE,NO_TS_MEA,87.5
Charles,Vargas,RT40577,1674866,INOVA DYNAMICS,5,NA ASIA,NOVA,RPS,H0F1FUBNUMC9TGX,14.77
Charles,Vargas,RT40577,1674866,INOVA DYNAMICS,5,CONT,NOVA,RPS,NO_TS_CONT,85.23
Douglas,Cook,MN87446,3862211,INOVA CONSULTING,5,MEA AMERICA,NOVA,REGIE,R2TKRPFGTWBPPQ3,5.68
Douglas,Cook,MN87446,3862211,INOVA CONSULTING,5,LATAM,NOVA,REGIE,NO_TS_LATAM,94.32
Frank,Watts,MQ93181,9283995,DELVO GROUP,5,CONT OCEANIA,VERTEX,REGIE,NHNIW41UUMNWQUK,9.09
Frank,Watts,MQ93181,9283995,DELVO GROUP,5,CONT,VERTEX,REGIE,NO_TS_CONT,90.91
Richard,Buck,BF33543,9780945,GOLZEN SOLUTIONS,5,NA OCEANIA,ATLAS,MAINTENANCE,RB1LJR5UODBQJWI,9.23
Nicholas,Hart,ID18816,5850045,HYRION GROUP,5,LATAM AFRICA,QUANTUM,FORFAIT,7097A1QYVPEAZHX,10.65
Nicholas,Hart,ID18816,5850045,HYRION GROUP,5,APAC,QUANTUM,FORFAIT,NO_TS_APAC,89.35
Christine,Marshall,KV48410,4230775,JALVIK VENTURES,5,CONT EUROPE,VERTEX,MAINTENANCE,SLHCTP309UDFQ9C,10.65
Christine,Marshall,KV48410,4230775,JALVIK VENTURES,5,APAC,VERTEX,MAINTENANCE,NO_TS_APAC,89.35
Mary,Butler,HN10910,3072522,GOLZEN SYSTEMS,5,EMEA OCEANIA,PHOENIX,RPS,P4LGXYD11OS5K7B,10.94
Mary,Butler,HN10910,3072522,GOLZEN SYSTEMS,5,NA,PHOENIX,RPS,NO_TS_NA,89.06
Douglas,Jones,JX81646,7396653,BRYTON SYSTEMS,5,NA OCEANIA,NOVA,SUPPORT,FYL8F3LFX8A1MAT,11.36
Douglas,Jones,JX81646,7396653,BRYTON SYSTEMS,5,MEA,NOVA,SUPPORT,NO_TS_MEA,88.64
Michael,Anderson,XQ16823,9524789,FORVEX GLOBAL,5,EMEA MENA,NEXUS,FORFAIT,EQ55RAI9EXZ7ALY,9.09
Michael,Anderson,XQ16823,9524789,FORVEX GLOBAL,5,NA,NEXUS,FORFAIT,NO_TS_NA,90.91
Michael,Buckley,JK22702,4819050,BRYTON VENTURES,5,MEA AFRICA,ATLAS,REGIE,VZQPCOLZ642WKTI,13.64
Michael,Buckley,JK22702,4819050,BRYTON VENTURES,5,NA,ATLAS,REGIE,NO_TS_NA,86.36
Joshua,Gates,ON52470,1437496,INOVA VENTURES,5,MEA EUROPE,QUANTUM,RPS,8R46CW7G0OEQ3H9,9.23
Randy,Erickson,HY27018,5088079,ETHOS DYNAMICS,5,EMEA AFRICA,QUANTUM,SUPPORT,FUGMQUQMJPPEP68,11.36
Randy,Erickson,HY27018,5088079,ETHOS DYNAMICS,5,CONT,QUANTUM,SUPPORT,NO_TS_CONT,88.64
Melissa,Hill,WF53875,9734841,HYRION DYNAMICS,5,EMEA AFRICA,NOVA,RPS,6K8FAY7QGM1XJ8Z,13.64
Melissa,Hill,WF53875,9734841,HYRION DYNAMICS,5,APAC,NOVA,RPS,NO_TS_APAC,86.36
George,Tucker,LK63799,2070245,ETHOS GLOBAL,5,EMEA OCEANIA,ORBIT,MAINTENANCE,49C2RRXQ05BP9RI,9.66
Amanda,Frazier,QJ52873,5671365,KESTRA GROUP,5,LATAM EUROPE,NEXUS,REGIE,CEZ7UY84TEUSLMN,9.38
Amanda,Frazier,QJ52873,5671365,KESTRA GROUP,5,NA,NEXUS,REGIE,NO_TS_NA,90.63
Melissa,Jenkins,AA96105,3103024,FORVEX CONSULTING,5,LATAM ASIA,ATLAS,REGIE,CD6W4QOZPL0JW61,11.36
Melissa,Jenkins,AA96105,3103024,FORVEX CONSULTING,5,CONT,ATLAS,REGIE,NO_TS_CONT,88.64
Mark,Martinez,PQ96591,7564099,INOVA DIGITAL,5,EMEA OCEANIA,NOVA,REGIE,QRIQJQ3OY6A4RDZ,10.23
Mark,Martinez,PQ96591,7564099,INOVA DIGITAL,5,MEA,NOVA,REGIE,NO_TS_MEA,89.77
Jonathan,Smith,XS52955,2045121,ALCOR DIGITAL,5,NA ASIA,STELLAR,REGIE,KOLU8QLKCGV42X4,12.22
Jonathan,Smith,XS52955,2045121,ALCOR DIGITAL,5,APAC,STELLAR,REGIE,NO_TS_APAC,87.78
Susan,Cardenas,DO65291,8022389,INOVA SOLUTIONS,5,MEA MENA,NOVA,SUPPORT,QH7L3O51KQQNXRQ,11.93
Susan,Cardenas,DO65291,8022389,INOVA SOLUTIONS,5,EMEA,NOVA,SUPPORT,NO_TS_EMEA,88.07
Dennis,Mccarthy,RN71058,4665534,DELVO DYNAMICS,5,MEA EUROPE,ORBIT,MAINTENANCE,AEZXB1FQDENSN0Y,9.09
Brandon,Rose,PT39054,2885457,GOLZEN DIGITAL,5,EMEA MENA,STELLAR,RPS,AQ8A3QE3HZIHFPC,11.36
Jesse,Gross,DI67316,9062522,KESTRA VENTURES,5,MEA AMERICA,ATLAS,FORFAIT,Z77LUWUW88OXS88,11.36
Brett,Walker,GT16103,2305969,LUMEX CONSULTING,5,CONT MENA,QUANTUM,SUPPORT,9UI27LBEBFN3W5T,10.8
Brett,Walker,GT16103,2305969,LUMEX CONSULTING,5,APAC,QUANTUM,SUPPORT,NO_TS_APAC,89.2
David,Oneal,RJ46852,5473302,BRYTON GROUP,5,EMEA ASIA,STELLAR,SUPPORT,OYAHW2OIIXAQNVA,11.65
David,Oneal,RJ46852,5473302,BRYTON GROUP,5,APAC,STELLAR,SUPPORT,NO_TS_APAC,88.35
Stephen,Thompson,TU24327,3829187,ALCOR VENTURES,5,LATAM ASIA,STELLAR,SUPPORT,YTHABEZI2LBZT39,9.23
Stephen,Thompson,TU24327,3829187,ALCOR VENTURES,5,MEA,STELLAR,SUPPORT,NO_TS_MEA,90.77
Linda,Reed,LA30178,7227657,DELVO SOLUTIONS,5,APAC MENA,PULSE,FORFAIT,VOFR3TEA3GLH14H,13.64
William,Green,ZN13595,2439912,ETHOS SOLUTIONS,5,MEA MENA,QUANTUM,REGIE,G8XQ8OV4KFUKFYF,10.23
William,Green,ZN13595,2439912,ETHOS SOLUTIONS,5,APAC,QUANTUM,REGIE,NO_TS_APAC,89.77
Miranda,Turner,QP77064,5461410,JALVIK DIGITAL,5,LATAM AFRICA,ORBIT,SUPPORT,COANPJLL9NS8F40,11.93
Joshua,Guerrero,XQ81040,5288670,CENVEO DIGITAL,5,CONT AFRICA,NEXUS,MAINTENANCE,MKW9T1TKISZND1M,8.95
Joshua,Guerrero,XQ81040,5288670,CENVEO DIGITAL,5,MEA,NEXUS,MAINTENANCE,NO_TS_MEA,91.05
Joshua,Howard,HZ33929,1879510,DELVO VENTURES,5,NA AMERICA,PHOENIX,SUPPORT,3K7SZ6MHFOLYYO6,10.51
Joshua,Howard,HZ33929,1879510,DELVO VENTURES,5,CONT,PHOENIX,SUPPORT,NO_TS_CONT,89.49
Robert,Allen,JE46953,4723882,BRYTON VENTURES,5,NA OCEANIA,PHOENIX,SUPPORT,JQ78T18IHX7SLFB,6.11
Robert,Allen,JE46953,4723882,BRYTON VENTURES,5,CONT,PHOENIX,SUPPORT,NO_TS_CONT,93.89
John,Campbell,FK51030,8878095,DELVO GLOBAL,5,MEA EUROPE,ATLAS,SUPPORT,JRBF1DOLYZOA49Z,11.65
Krista,Allen,UN25546,8365328,FORVEX SOLUTIONS,5,LATAM MENA,QUANTUM,MAINTENANCE,32NDALN66GLWDK1,9.23
Melissa,Kelly,VZ93843,2273801,DELVO CONSULTING,5,MEA ASIA,PULSE,REGIE,6QZ32YEVHL0X4E5,11.36
Melissa,Kelly,VZ93843,2273801,DELVO CONSULTING,5,EMEA,PULSE,REGIE,NO_TS_EMEA,88.64
Robert,Irwin,DS43194,9815876,KESTRA CONSULTING,5,LATAM OCEANIA,VERTEX,FORFAIT,TG2OROSLBP42MA2,7.81
Robert,Irwin,DS43194,9815876,KESTRA CONSULTING,5,LATAM,VERTEX,FORFAIT,NO_TS_LATAM,92.19
Emily,Campbell,HR54604,7225083,JALVIK GROUP,5,NA AMERICA,ATLAS,SUPPORT,VFQEK6MQG7QWLBF,15.91
Emily,Campbell,HR54604,7225083,JALVIK GROUP,5,LATAM,ATLAS,SUPPORT,NO_TS_LATAM,84.09
Andre,Tucker,AO04883,6346919,KESTRA SOLUTIONS,5,EMEA ASIA,PHOENIX,MAINTENANCE,TT1E8U4FTTEBQHK,14.2
Andre,Tucker,AO04883,6346919,KESTRA SOLUTIONS,5,APAC,PHOENIX,MAINTENANCE,NO_TS_APAC,85.8
Samantha,Meadows,IH72417,4112044,GOLZEN CONSULTING,5,CONT ASIA,VERTEX,SUPPORT,WW16DNXWC2DMRAV,9.09
Samantha,Meadows,IH72417,4112044,GOLZEN CONSULTING,5,CONT,VERTEX,SUPPORT,NO_TS_CONT,90.91
Ivan,Lozano,NI70060,7152471,JALVIK TECH,5,EMEA MENA,VERTEX,RPS,44556SDDWQG1SNE,12.22
Ivan,Lozano,NI70060,7152471,JALVIK TECH,5,CONT,VERTEX,RPS,NO_TS_CONT,87.78
Cory,Cervantes,EK04063,4872505,JALVIK DIGITAL,5,APAC MENA,NOVA,MAINTENANCE,J9WJNL16WNMW6V7,9.66
Cory,Cervantes,EK04063,4872505,JALVIK DIGITAL,5,EMEA,NOVA,MAINTENANCE,NO_TS_EMEA,90.34
Jesus,Smith,CJ24561,1791793,HYRION GROUP,5,EMEA AFRICA,NOVA,FORFAIT,YHIOUOTAQ9698XV,12.5
Jesus,Smith,CJ24561,1791793,HYRION GROUP,5,CONT,NOVA,FORFAIT,NO_TS_CONT,87.5
Amanda,Clark,IT42926,6575476,INOVA DYNAMICS,5,NA EUROPE,NEXUS,SUPPORT,H1S72RQSRW4S72S,7.39
Amanda,Clark,IT42926,6575476,INOVA DYNAMICS,5,CONT,NEXUS,SUPPORT,NO_TS_CONT,92.61
Michael,Floyd,NV18090,3606758,KESTRA VENTURES,5,LATAM AFRICA,VERTEX,RPS,6C9BUSV47QC2KCL,8.52
Michael,Floyd,NV18090,3606758,KESTRA VENTURES,5,EMEA,VERTEX,RPS,NO_TS_EMEA,91.48
Jeffrey,Castaneda,OQ97252,3451069,DELVO DIGITAL,5,NA AMERICA,NEXUS,REGIE,S9DVW2XQQCYHNL4,10.94
Jeffrey,Castaneda,OQ97252,3451069,DELVO DIGITAL,5,CONT,NEXUS,REGIE,NO_TS_CONT,89.06
Laurie,Anderson,EK44995,9709144,JALVIK TECH,5,APAC AFRICA,QUANTUM,FORFAIT,53MQGB4YCH3KG8C,8.24
Laurie,Anderson,EK44995,9709144,JALVIK TECH,5,EMEA,QUANTUM,FORFAIT,NO_TS_EMEA,91.76
Catherine,Johns,MB60081,1321784,CENVEO SYSTEMS,5,EMEA MENA,PHOENIX,RPS,51ELCCZW9AS7M6J,11.36
Catherine,Johns,MB60081,1321784,CENVEO SYSTEMS,5,APAC,PHOENIX,RPS,NO_TS_APAC,88.64
Marcus,Freeman,SW12139,3810450,DELVO TECH,5,NA AMERICA,NOVA,FORFAIT,EPLUUNRZR9ME4R3,13.35
Joanna,Bryan,YK12519,6332964,JALVIK CONSULTING,5,APAC AMERICA,QUANTUM,REGIE,DTANPIEJAX4ET0P,13.64
Joanna,Bryan,YK12519,6332964,JALVIK CONSULTING,5,CONT,QUANTUM,REGIE,NO_TS_CONT,86.36
Sandra,Flores,DT29921,1900039,LUMEX CONSULTING,5,LATAM EUROPE,NEXUS,MAINTENANCE,17W3LIHG9HA5PQB,9.94
Sandra,Flores,DT29921,1900039,LUMEX CONSULTING,5,EMEA,NEXUS,MAINTENANCE,NO_TS_EMEA,90.06
John,Williams,AM40008,3629207,LUMEX GROUP,5,EMEA OCEANIA,ATLAS,REGIE,121PDC347NF8HKD,12.36
Katherine,Shaw,XX83622,5439628,DELVO GROUP,5,EMEA MENA,QUANTUM,RPS,Y4H8D6549NRSFWZ,12.5
Katherine,Shaw,XX83622,5439628,DELVO GROUP,5,CONT,QUANTUM,RPS,NO_TS_CONT,87.5
Cynthia,Miles,BR29887,6544917,ALCOR SOLUTIONS,5,CONT AMERICA,QUANTUM,MAINTENANCE,MUNW97SPH5PZ8CK,8.81
Vanessa,Hess,DI85199,5535435,CENVEO SYSTEMS,5,LATAM ASIA,PULSE,SUPPORT,Y96X9KT57D85H0C,13.64
Vanessa,Hess,DI85199,5535435,CENVEO SYSTEMS,5,EMEA,PULSE,SUPPORT,NO_TS_EMEA,86.36
Catherine,Joseph,GT49960,4293788,GOLZEN GLOBAL,5,APAC AFRICA,PHOENIX,SUPPORT,9ZDOHP2CIZ7KPIJ,13.64
Julie,Webb,YX54075,8701230,CENVEO SOLUTIONS,5,EMEA EUROPE,NEXUS,SUPPORT,3U8OA7TT6WZ2NCN,11.93
Julie,Webb,YX54075,8701230,CENVEO SOLUTIONS,5,APAC,NEXUS,SUPPORT,NO_TS_APAC,88.07
Andrea,Taylor,CP94289,3577197,KESTRA TECH,5,LATAM MENA,STELLAR,REGIE,R7LKX4BBVQEFJDT,11.93
Manuel,Owens,VW46793,8632434,JALVIK SOLUTIONS,5,NA EUROPE,QUANTUM,REGIE,2LEQCK37F29V23E,12.5
Manuel,Owens,VW46793,8632434,JALVIK SOLUTIONS,5,MEA,QUANTUM,REGIE,NO_TS_MEA,87.5
Nicole,Vargas,WK86239,6238774,LUMEX SYSTEMS,5,LATAM AFRICA,PHOENIX,RPS,DEQ1R3LP0QSL8ZI,11.36
David,Johnson,JO94515,5157973,CENVEO DYNAMICS,5,APAC OCEANIA,ATLAS,RPS,H6QTWAX5RI0KJLX,10.8
David,Johnson,JO94515,5157973,CENVEO DYNAMICS,5,LATAM,ATLAS,RPS,NO_TS_LATAM,89.2
Wesley,Chambers,CE56691,9031593,KESTRA GLOBAL,5,APAC AMERICA,ORBIT,REGIE,RN8IX9M3XUTQFFS,7.39
Wesley,Chambers,CE56691,9031593,KESTRA GLOBAL,5,EMEA,ORBIT,REGIE,NO_TS_EMEA,92.61
Jason,Hanson,MT35985,1289789,KESTRA VENTURES,5,LATAM ASIA,VERTEX,MAINTENANCE,GUBIYUKTY5COA62,8.52
Jason,Hanson,MT35985,1289789,KESTRA VENTURES,5,EMEA,VERTEX,MAINTENANCE,NO_TS_EMEA,91.48
Jean,Adams,WG72429,5371636,LUMEX SYSTEMS,5,APAC EUROPE,PHOENIX,RPS,K83UZCEE28OUY0X,13.64
Michael,Lopez,XB16611,3974767,JALVIK SOLUTIONS,5,CONT AFRICA,ORBIT,MAINTENANCE,7VIB964KG22IB99,13.64
Michael,Lopez,XB16611,3974767,JALVIK SOLUTIONS,5,MEA,ORBIT,MAINTENANCE,NO_TS_MEA,86.36
Brenda,Mcdonald,QK35687,1636258,CENVEO SOLUTIONS,5,MEA AMERICA,QUANTUM,REGIE,2MWF35P8NKKP2OP,8.24
Michael,Smith,PQ42769,3168103,LUMEX VENTURES,5,MEA EUROPE,ATLAS,REGIE,GAB24RY05B51Z0K,8.52
Michael,Smith,PQ42769,3168103,LUMEX VENTURES,5,NA,ATLAS,REGIE,NO_TS_NA,91.48
Mark,Russell,ZO26226,7490754,DELVO CONSULTING,5,APAC OCEANIA,NEXUS,FORFAIT,AJIQTWRO8F23U7Q,10.51
Samuel,Hebert,ER86747,2561527,FORVEX GROUP,5,MEA EUROPE,NEXUS,SUPPORT,9H4OB1JUDWGFTM6,11.93
Mark,Young,VZ79580,7878072,LUMEX TECH,5,MEA AMERICA,VERTEX,REGIE,0QCSDQUMX9YSCZ7,12.5
Cynthia,Huynh,QK94932,9771220,HYRION GROUP,5,LATAM AMERICA,PULSE,REGIE,X01UEG2XL2LZ48C,8.81
Cynthia,Huynh,QK94932,9771220,HYRION GROUP,5,LATAM,PULSE,REGIE,NO_TS_LATAM,91.19
Sherry,Greene,ZV59118,4496188,FORVEX DIGITAL,5,LATAM AFRICA,PULSE,RPS,F2AUA0AMWJV1GAA,13.64
Sherry,Greene,ZV59118,4496188,FORVEX DIGITAL,5,LATAM,PULSE,RPS,NO_TS_LATAM,86.36
Sara,Davis,YQ30925,9353073,JALVIK VENTURES,5,APAC ASIA,NOVA,RPS,1AQ33NNMVFKRTKR,11.36
Sara,Davis,YQ30925,9353073,JALVIK VENTURES,5,EMEA,NOVA,RPS,NO_TS_EMEA,88.64
Michael,Taylor,TB79162,7296655,DELVO SOLUTIONS,5,LATAM AMERICA,VERTEX,RPS,EN87Y4QD0N2BXLB,10.8
Michael,Taylor,TB79162,7296655,DELVO SOLUTIONS,5,MEA,VERTEX,RPS,NO_TS_MEA,89.2
Phillip,Paul,OH32254,5728869,CENVEO DIGITAL,5,LATAM OCEANIA,PHOENIX,REGIE,HRNECHDVY5CJELQ,12.5
Phillip,Paul,OH32254,5728869,CENVEO DIGITAL,5,MEA,PHOENIX,REGIE,NO_TS_MEA,87.5
Rebecca,White,WL28637,8754050,ALCOR VENTURES,5,CONT AFRICA,PULSE,SUPPORT,T39XQVDJQ031FU0,11.65
Rebecca,White,WL28637,8754050,ALCOR VENTURES,5,LATAM,PULSE,SUPPORT,NO_TS_LATAM,88.35
Jessica,Tucker,ZP36708,1612327,CENVEO CONSULTING,5,CONT OCEANIA,QUANTUM,RPS,A6095G37C4G3D0A,12.5
Stephanie,Ramirez,PA78245,7440453,LUMEX SOLUTIONS,5,NA EUROPE,STELLAR,MAINTENANCE,X0GL9EYDTCN7AWB,10.65
Stephanie,Ramirez,PA78245,7440453,LUMEX SOLUTIONS,5,CONT,STELLAR,MAINTENANCE,NO_TS_CONT,89.35
Michael,Price,UY76375,3209834,LUMEX CONSULTING,5,MEA AFRICA,NOVA,SUPPORT,YWDUU1IMLO0KTBM,14.77
Vicki,Gross,NH27816,4588860,JALVIK VENTURES,5,NA MENA,STELLAR,RPS,0U70DFHSNITXPGV,8.81
Vicki,Gross,NH27816,4588860,JALVIK VENTURES,5,NA,STELLAR,RPS,NO_TS_NA,91.19
Jennifer,Lambert,VZ11027,4310937,GOLZEN TECH,5,LATAM ASIA,VERTEX,MAINTENANCE,3O8PQTIN1OJ7NTU,11.36
Maria,Robinson,WD36824,1382850,FORVEX CONSULTING,5,CONT MENA,NOVA,REGIE,XSEXBFKUK1QHE4P,11.65
Christy,Nguyen,VT51364,4878842,KESTRA TECH,5,APAC EUROPE,NOVA,REGIE,VTHFMNWX9UX0670,9.94
Christy,Nguyen,VT51364,4878842,KESTRA TECH,5,APAC,NOVA,REGIE,NO_TS_APAC,90.06
Dustin,Heath,PJ00999,8931056,LUMEX GROUP,5,NA MENA,PHOENIX,FORFAIT,4VIN9HY7V08V5KC,10.51
Dustin,Heath,PJ00999,8931056,LUMEX GROUP,5,NA,PHOENIX,FORFAIT,NO_TS_NA,89.49
Anthony,Vega,YA31798,5833171,LUMEX GLOBAL,5,LATAM ASIA,PULSE,MAINTENANCE,3IAN7EQUW0RSL2K,9.38
Tyler,Hall,OA45586,3860176,INOVA TECH,5,LATAM AMERICA,STELLAR,SUPPORT,1GP1AAX78BG5D3U,10.8
Tyler,Hall,OA45586,3860176,INOVA TECH,5,NA,STELLAR,SUPPORT,NO_TS_NA,89.2
Jodi,Allen,RC76653,6236493,CENVEO SOLUTIONS,5,CONT OCEANIA,ATLAS,MAINTENANCE,83JIKC114YPKLTB,8.1
Jodi,Allen,RC76653,6236493,CENVEO SOLUTIONS,5,APAC,ATLAS,MAINTENANCE,NO_TS_APAC,91.9
Jimmy,Norris,MY88083,3604829,LUMEX VENTURES,5,EMEA AMERICA,STELLAR,SUPPORT,49NUTPA1OZBDAXA,13.92
Jimmy,Norris,MY88083,3604829,LUMEX VENTURES,5,MEA,STELLAR,SUPPORT,NO_TS_MEA,86.08
Alicia,Stevenson,MX63385,8251672,BRYTON DYNAMICS,5,APAC AMERICA,STELLAR,MAINTENANCE,8O79O3PWB0UCEQA,11.65
Alicia,Stevenson,MX63385,8251672,BRYTON DYNAMICS,5,CONT,STELLAR,MAINTENANCE,NO_TS_CONT,88.35
Melissa,Figueroa,VU77384,5399312,CENVEO SOLUTIONS,5,APAC EUROPE,STELLAR,MAINTENANCE,KLQTIKHJHDQKHFF,11.36
Melissa,Figueroa,VU77384,5399312,CENVEO SOLUTIONS,5,MEA,STELLAR,MAINTENANCE,NO_TS_MEA,88.64
Emily,Berg,SU28936,3069940,FORVEX TECH,5,APAC OCEANIA,PULSE,SUPPORT,PW9DQ9TQ8CRAIOU,9.66
Emily,Berg,SU28936,3069940,FORVEX TECH,5,CONT,PULSE,SUPPORT,NO_TS_CONT,90.34
Tammy,Cole,JI30756,2308802,LUMEX CONSULTING,5,NA AMERICA,ORBIT,FORFAIT,G3UGRX3A3XNRZTN,12.5
Tammy,Cole,JI30756,2308802,LUMEX CONSULTING,5,CONT,ORBIT,FORFAIT,NO_TS_CONT,87.5
Christopher,Johnson,OH19264,2766594,INOVA SYSTEMS,5,MEA AFRICA,NOVA,SUPPORT,JLA5Z6MQL4NF8KM,11.36
Annette,Smith,XW32678,7427278,LUMEX GROUP,5,APAC ASIA,ATLAS,RPS,TO18NTEL48XY3WX,7.95
Annette,Smith,XW32678,7427278,LUMEX GROUP,5,APAC,ATLAS,RPS,NO_TS_APAC,92.05
Robert,Carter,NY14414,3874966,FORVEX GLOBAL,5,NA ASIA,ORBIT,FORFAIT,HJIO6X8M9KC68AH,9.94
Robert,Carter,NY14414,3874966,FORVEX GLOBAL,5,LATAM,ORBIT,FORFAIT,NO_TS_LATAM,90.06
Stephen,Welch,IL97010,1236885,ALCOR CONSULTING,5,LATAM OCEANIA,PULSE,MAINTENANCE,TX46AKJSVYRLLMA,12.5
Stephen,Welch,IL97010,1236885,ALCOR CONSULTING,5,MEA,PULSE,MAINTENANCE,NO_TS_MEA,87.5
Lindsey,Travis,QD02799,9081804,HYRION VENTURES,5,CONT AFRICA,ATLAS,MAINTENANCE,SRTRZJ0J4YAYXJN,11.93
Lindsey,Travis,QD02799,9081804,HYRION VENTURES,5,LATAM,ATLAS,MAINTENANCE,NO_TS_LATAM,88.07
Ashley,Williams,AU97157,8541342,GOLZEN DYNAMICS,5,NA EUROPE,NEXUS,REGIE,LPUGY4VCRITXPKL,11.65
Ashley,Williams,AU97157,8541342,GOLZEN DYNAMICS,5,MEA,NEXUS,REGIE,NO_TS_MEA,88.35
Jennifer,Castillo,AO27543,1377949,ALCOR TECH,5,LATAM ASIA,NOVA,RPS,0O7I8L7HXS9ENS1,8.24
Jennifer,Castillo,AO27543,1377949,ALCOR TECH,5,APAC,NOVA,RPS,NO_TS_APAC,91.76
Adrienne,Richardson,RZ70144,7701923,KESTRA GLOBAL,5,NA ASIA,QUANTUM,FORFAIT,OIMTR7FZ8N15B70,10.23
Adrienne,Richardson,RZ70144,7701923,KESTRA GLOBAL,5,MEA,QUANTUM,FORFAIT,NO_TS_MEA,89.77
Sarah,Cruz,KJ43250,6487662,ALCOR GLOBAL,5,NA AFRICA,ORBIT,MAINTENANCE,U24C9UXGXAX7QJ0,11.36
Tom,Kim,IF27317,3435773,LUMEX SOLUTIONS,5,NA EUROPE,PHOENIX,MAINTENANCE,LVZLRWDAYFHF6CF,13.64
Tom,Kim,IF27317,3435773,LUMEX SOLUTIONS,5,NA,PHOENIX,MAINTENANCE,NO_TS_NA,86.36
Dylan,Barker,EX29097,7309382,JALVIK GROUP,5,LATAM OCEANIA,NOVA,RPS,ZGFW8A2B837D26D,8.95
Dylan,Barker,EX29097,7309382,JALVIK GROUP,5,LATAM,NOVA,RPS,NO_TS_LATAM,91.05
Tyler,Stewart,HF73401,7523021,DELVO GROUP,5,NA AFRICA,STELLAR,MAINTENANCE,8FPA1I5UMS7QLZ5,10.09
Tyler,Stewart,HF73401,7523021,DELVO GROUP,5,MEA,STELLAR,MAINTENANCE,NO_TS_MEA,89.91
Angela,Sanchez,QH22524,7307582,CENVEO GLOBAL,5,EMEA AMERICA,ATLAS,SUPPORT,M47KWX5X62FZITX,6.39
Angela,Sanchez,QH22524,7307582,CENVEO GLOBAL,5,APAC,ATLAS,SUPPORT,NO_TS_APAC,93.61
Jillian,Anderson,XT17104,9702565,HYRION DIGITAL,5,LATAM ASIA,NEXUS,FORFAIT,OMXYYPTRNY74L1P,8.1
Jillian,Anderson,XT17104,9702565,HYRION DIGITAL,5,APAC,NEXUS,FORFAIT,NO_TS_APAC,91.9
Francisco,Carlson,UE53972,9269577,KESTRA DYNAMICS,5,MEA OCEANIA,NEXUS,FORFAIT,BGLFXIPD02I0GBP,11.36
Jennifer,Hood,WK98269,1885096,ETHOS VENTURES,5,EMEA ASIA,ATLAS,FORFAIT,QG4UF9S3UQFQ33D,12.5
Jennifer,Hood,WK98269,1885096,ETHOS VENTURES,5,LATAM,ATLAS,FORFAIT,NO_TS_LATAM,87.5
William,Beck,HB35902,8325297,BRYTON SOLUTIONS,5,APAC EUROPE,ATLAS,RPS,CA2DKIGMKL9Z34E,11.36
William,Beck,HB35902,8325297,BRYTON SOLUTIONS,5,APAC,ATLAS,RPS,NO_TS_APAC,88.64
Jesse,Roberson,PR81760,9034460,LUMEX GROUP,5,APAC ASIA,NOVA,REGIE,9OSFJGCVYJTPVXG,8.52
Jesse,Roberson,PR81760,9034460,LUMEX GROUP,5,MEA,NOVA,REGIE,NO_TS_MEA,91.48
John,Johnson,UE77903,2121804,KESTRA GROUP,5,LATAM MENA,ATLAS,FORFAIT,RYV1JQVS9PWIWWE,9.38
John,Johnson,UE77903,2121804,KESTRA GROUP,5,APAC,ATLAS,FORFAIT,NO_TS_APAC,90.63
Kimberly,Contreras,BE25687,7192441,LUMEX CONSULTING,5,MEA MENA,ORBIT,MAINTENANCE,9A5VJGMX0LJ0T02,11.36
Shirley,Johnson,YB03970,8957488,ALCOR DYNAMICS,5,LATAM AFRICA,PHOENIX,REGIE,V8P9Y7WMSBHSCZT,15.91
Shirley,Johnson,YB03970,8957488,ALCOR DYNAMICS,5,EMEA,PHOENIX,REGIE,NO_TS_EMEA,84.09
Joann,Dennis,HB23940,4262992,INOVA DYNAMICS,5,APAC MENA,NOVA,REGIE,OCPDC0B2QA9ZOHF,16.48
Christine,Sharp,LZ77713,9366366,INOVA GROUP,5,CONT MENA,PHOENIX,SUPPORT,TNA0GZUU2CB7K2B,13.21
Christine,Sharp,LZ77713,9366366,INOVA GROUP,5,APAC,PHOENIX,SUPPORT,NO_TS_APAC,86.79
Michael,Allison,BY75771,1268833,HYRION TECH,5,APAC MENA,VERTEX,RPS,Z1RJEUPLGESC831,11.36
Michael,Allison,BY75771,1268833,HYRION TECH,5,NA,VERTEX,RPS,NO_TS_NA,88.64
Michael,Shaw,AL58793,2283937,DELVO TECH,5,MEA AMERICA,NOVA,RPS,3GUXFENRKSD63AW,12.22
Victoria,Tran,VI37860,3994362,GOLZEN GLOBAL,5,APAC AMERICA,ATLAS,MAINTENANCE,GU380PF3PG2EAZ1,13.64
Victoria,Tran,VI37860,3994362,GOLZEN GLOBAL,5,APAC,ATLAS,MAINTENANCE,NO_TS_APAC,86.36
Harold,Bailey,VO86555,8652052,JALVIK SOLUTIONS,5,APAC OCEANIA,STELLAR,RPS,F0PFVGJHFO8XI0H,11.22
Harold,Bailey,VO86555,8652052,JALVIK SOLUTIONS,5,MEA,STELLAR,RPS,NO_TS_MEA,88.78
Melody,Pitts,QJ08684,8462614,ETHOS CONSULTING,5,CONT AFRICA,QUANTUM,RPS,6XJYAC728KBID5Q,9.94
Michael,Tate,OQ29119,7576351,JALVIK VENTURES,5,LATAM AMERICA,NEXUS,RPS,FINAZ4WAAMN6FEB,13.64
Michael,Tate,OQ29119,7576351,JALVIK VENTURES,5,NA,NEXUS,RPS,NO_TS_NA,86.36
Travis,Hoover,ST30133,5874609,GOLZEN SOLUTIONS,5,LATAM AMERICA,QUANTUM,REGIE,7SYOEXCOZT11Z2R,10.37
Travis,Hoover,ST30133,5874609,GOLZEN SOLUTIONS,5,NA,QUANTUM,REGIE,NO_TS_NA,89.63
Matthew,Berry,VX73761,7810589,GOLZEN TECH,5,LATAM OCEANIA,QUANTUM,RPS,BH3GSS11K6RPAYU,9.66
Matthew,Berry,VX73761,7810589,GOLZEN TECH,5,APAC,QUANTUM,RPS,NO_TS_APAC,90.34
Nancy,Mercado,OW01375,6553187,INOVA SYSTEMS,5,MEA AFRICA,QUANTUM,RPS,EQS5R0ZT8SQMPEY,8.24
Nancy,Mercado,OW01375,6553187,INOVA SYSTEMS,5,APAC,QUANTUM,RPS,NO_TS_APAC,91.76
Adam,Manning,ZE83771,7762516,FORVEX SOLUTIONS,5,APAC ASIA,NEXUS,RPS,9GGUIWUMYF9NHA7,9.66
Judy,Wilson,BH26005,2997365,JALVIK GLOBAL,5,LATAM ASIA,PHOENIX,SUPPORT,P6M41841FCJH1F9,11.36
Anna,Lawson,UG37563,1312803,ALCOR DIGITAL,5,NA EUROPE,VERTEX,RPS,NNEWOSO4UES0QNF,11.93
Anna,Lawson,UG37563,1312803,ALCOR DIGITAL,5,CONT,VERTEX,RPS,NO_TS_CONT,88.07
Derek,Estrada,FF59530,1502159,DELVO DIGITAL,5,LATAM AFRICA,ORBIT,SUPPORT,4V6784YGM06OPZ1,11.36
Derek,Estrada,FF59530,1502159,DELVO DIGITAL,5,APAC,ORBIT,SUPPORT,NO_TS_APAC,88.64
Joseph,Chavez,TD41833,2111216,KESTRA TECH,5,CONT OCEANIA,NOVA,FORFAIT,LI74MEC40N5HKDF,7.95
Joseph,Chavez,TD41833,2111216,KESTRA TECH,5,EMEA,NOVA,FORFAIT,NO_TS_EMEA,92.05
Julie,Rush,LE68070,1474928,LUMEX GROUP,5,MEA MENA,VERTEX,SUPPORT,SGNFJPNVO4D25O7,13.64
Melissa,Moody,IE67141,2615151,ETHOS SOLUTIONS,5,LATAM AMERICA,PULSE,SUPPORT,U3CQG9JGF4EAF68,7.95
Melissa,Moody,IE67141,2615151,ETHOS SOLUTIONS,5,NA,PULSE,SUPPORT,NO_TS_NA,92.05
Scott,Williams,VA82140,7170735,CENVEO SOLUTIONS,5,NA OCEANIA,PULSE,RPS,IMROQL9P5XRITUF,13.64
Scott,Williams,VA82140,7170735,CENVEO SOLUTIONS,5,NA,PULSE,RPS,NO_TS_NA,86.36
Alicia,Smith,RN10180,6567311,BRYTON VENTURES,5,CONT ASIA,PULSE,SUPPORT,TQXRPLFAYYP1H1F,9.09
Alicia,Smith,RN10180,6567311,BRYTON VENTURES,5,CONT,PULSE,SUPPORT,NO_TS_CONT,90.91
Sydney,Long,EW58275,3918526,BRYTON GLOBAL,5,CONT EUROPE,QUANTUM,REGIE,SVHUKUL400EHA7B,12.07
Sydney,Long,EW58275,3918526,BRYTON GLOBAL,5,EMEA,QUANTUM,REGIE,NO_TS_EMEA,87.93
Gary,Nelson,HS28655,4461202,LUMEX DIGITAL,5,EMEA AFRICA,ATLAS,MAINTENANCE,VIMHZEEUN963DPX,10.8
Natalie,Willis,PF26519,4581579,JALVIK DYNAMICS,5,MEA AFRICA,PULSE,REGIE,C3OT3HEI51ZBAJQ,11.93
Natalie,Willis,PF26519,4581579,JALVIK DYNAMICS,5,EMEA,PULSE,REGIE,NO_TS_EMEA,88.07
Shannon,Taylor,VV80353,2492844,JALVIK GROUP,5,MEA EUROPE,ATLAS,MAINTENANCE,QRFNFVN30FQ0YLN,11.36
Shannon,Taylor,VV80353,2492844,JALVIK GROUP,5,NA,ATLAS,MAINTENANCE,NO_TS_NA,88.64
Madison,Morgan,OG59878,6566731,KESTRA SOLUTIONS,5,LATAM AFRICA,NEXUS,SUPPORT,KOJQZZDHKO412EO,9.09
Madison,Morgan,OG59878,6566731,KESTRA SOLUTIONS,5,APAC,NEXUS,SUPPORT,NO_TS_APAC,90.91
Tiffany,Brown,YX79411,2233169,ALCOR TECH,5,LATAM ASIA,PHOENIX,SUPPORT,LHK2VNSJ1D6U6NZ,11.36
Mary,Bauer,AA44990,9126010,DELVO GLOBAL,5,EMEA OCEANIA,ORBIT,SUPPORT,721Q00584BN8HT1,11.93
Mary,Bauer,AA44990,9126010,DELVO GLOBAL,5,CONT,ORBIT,SUPPORT,NO_TS_CONT,88.07
Michael,Miller,JH15764,5178696,GOLZEN DIGITAL,5,CONT EUROPE,PULSE,REGIE,185K5ZFSG3GY58Z,14.2
Michael,Miller,JH15764,5178696,GOLZEN DIGITAL,5,EMEA,PULSE,REGIE,NO_TS_EMEA,85.8
Kimberly,Gardner,IK67853,6582985,JALVIK DIGITAL,5,APAC ASIA,NOVA,SUPPORT,K62DZEQ1N0JSUF0,11.36
Kimberly,Gardner,IK67853,6582985,JALVIK DIGITAL,5,CONT,NOVA,SUPPORT,NO_TS_CONT,88.64
Michael,Foster,YG69376,5206412,DELVO SOLUTIONS,5,NA AFRICA,STELLAR,SUPPORT,7UAI26WRZNGQY6Q,12.5
Michael,Foster,YG69376,5206412,DELVO SOLUTIONS,5,APAC,STELLAR,SUPPORT,NO_TS_APAC,87.5
Willie,Romero,OB78658,7976929,DELVO GROUP,5,LATAM ASIA,PULSE,RPS,Z8602MH56PSV0NQ,10.94
Kaitlin,Mathews,HD99607,3660078,FORVEX TECH,5,LATAM OCEANIA,STELLAR,MAINTENANCE,HS4S507SRHOPSES,7.95
Kaitlin,Mathews,HD99607,3660078,FORVEX TECH,5,CONT,STELLAR,MAINTENANCE,NO_TS_CONT,92.05
Robert,Scott,SL47558,3214814,ETHOS GLOBAL,5,LATAM MENA,ORBIT,FORFAIT,XU1ICRUMD8K3WPA,11.08
Robert,Scott,SL47558,3214814,ETHOS GLOBAL,5,CONT,ORBIT,FORFAIT,NO_TS_CONT,88.92
Nicholas,Henry,OC92449,4919671,BRYTON DIGITAL,5,EMEA MENA,PHOENIX,RPS,W4OLO4U36UR8OFE,11.36
Miguel,Kim,VR10463,9261065,GOLZEN VENTURES,5,NA AFRICA,NEXUS,SUPPORT,5BB6HAPZ20RW8ZE,10.37
Robin,Mendez,PS50094,9512487,GOLZEN TECH,5,APAC EUROPE,STELLAR,MAINTENANCE,VAM9QHYERAW5GDN,13.64
Cameron,Richardson,IB91096,3867116,FORVEX DYNAMICS,5,LATAM EUROPE,PULSE,REGIE,XCVBX13VSDORBM1,16.48
Cameron,Richardson,IB91096,3867116,FORVEX DYNAMICS,5,MEA,PULSE,REGIE,NO_TS_MEA,83.52
Emily,Miller,XB82045,5184422,ALCOR SYSTEMS,5,CONT ASIA,PULSE,RPS,OK91FDDUES9RMPS,9.66
Michael,Bridges,XX02272,9974817,KESTRA CONSULTING,5,NA MENA,PHOENIX,MAINTENANCE,525UW93CE5V1D5P,13.64
Michael,Bridges,XX02272,9974817,KESTRA CONSULTING,5,EMEA,PHOENIX,MAINTENANCE,NO_TS_EMEA,86.36
Brian,Jacobson,BQ62232,7183078,CENVEO SOLUTIONS,5,NA ASIA,ATLAS,SUPPORT,OFUJD4LOE0WR28T,15.91
Brian,Jacobson,BQ62232,7183078,CENVEO SOLUTIONS,5,MEA,ATLAS,SUPPORT,NO_TS_MEA,84.09
Gary,Lopez,JK07193,7648806,CENVEO CONSULTING,5,MEA AMERICA,ATLAS,MAINTENANCE,N2IM72EWL4MTXQT,13.07
Robert,Larson,CI78977,2811990,HYRION GROUP,5,CONT EUROPE,ATLAS,SUPPORT,P6IRE60MU5HW076,9.38
Robert,Larson,CI78977,2811990,HYRION GROUP,5,APAC,ATLAS,SUPPORT,NO_TS_APAC,90.63
Jose,Decker,LD43266,1151828,CENVEO SYSTEMS,5,NA ASIA,PULSE,SUPPORT,3QE8UHU19C7KXKI,10.23
Jose,Decker,LD43266,1151828,CENVEO SYSTEMS,5,MEA,PULSE,SUPPORT,NO_TS_MEA,89.77
Robert,Ford,TX35821,7186815,JALVIK VENTURES,5,APAC MENA,PHOENIX,MAINTENANCE,FO94CVCVOD0MJJ7,10.23
Robert,Ford,TX35821,7186815,JALVIK VENTURES,5,CONT,PHOENIX,MAINTENANCE,NO_TS_CONT,89.77
Catherine,Chan,YB43117,9002350,HYRION CONSULTING,5,MEA MENA,STELLAR,FORFAIT,X8MHMFU265AC67U,13.64
Catherine,Chan,YB43117,9002350,HYRION CONSULTING,5,APAC,STELLAR,FORFAIT,NO_TS_APAC,86.36
Megan,Hall,JM42897,2538795,INOVA TECH,5,EMEA EUROPE,NEXUS,MAINTENANCE,7FEEV6TJ3P052NP,13.64
Sarah,Crosby,QA95415,3779857,BRYTON CONSULTING,5,NA ASIA,NOVA,REGIE,2KQDEH2W3YLQU5T,11.08
Sarah,Crosby,QA95415,3779857,BRYTON CONSULTING,5,CONT,NOVA,REGIE,NO_TS_CONT,88.92
Ryan,Chan,KQ34387,5881231,BRYTON DIGITAL,5,NA AFRICA,PULSE,RPS,LM47WMTJHRAS7QT,12.5
Ryan,Chan,KQ34387,5881231,BRYTON DIGITAL,5,CONT,PULSE,RPS,NO_TS_CONT,87.5
Cameron,Proctor,DB94116,5528869,ETHOS GROUP,5,CONT MENA,ATLAS,SUPPORT,DJQUS1L7LLAEJES,7.24
Cameron,Proctor,DB94116,5528869,ETHOS GROUP,5,EMEA,ATLAS,SUPPORT,NO_TS_EMEA,92.76
Travis,Christian,QK21020,8174142,GOLZEN SYSTEMS,5,NA OCEANIA,NOVA,SUPPORT,YZGYDVQ20GX1TJ3,12.22
Travis,Christian,QK21020,8174142,GOLZEN SYSTEMS,5,NA,NOVA,SUPPORT,NO_TS_NA,87.78
Joshua,Francis,PJ29855,9396609,LUMEX SOLUTIONS,5,LATAM ASIA,PHOENIX,MAINTENANCE,5CEY5R1HBFYZ69Y,12.78
Joshua,Francis,PJ29855,9396609,LUMEX SOLUTIONS,5,MEA,PHOENIX,MAINTENANCE,NO_TS_MEA,87.22
Anthony,Smith,UP37932,7945950,KESTRA SYSTEMS,5,APAC AFRICA,VERTEX,RPS,0L2RLMTMMVLLMBO,11.65
Anthony,Smith,UP37932,7945950,KESTRA SYSTEMS,5,CONT,VERTEX,RPS,NO_TS_CONT,88.35
Lindsey,Thomas,DX94228,4832745,ALCOR VENTURES,5,MEA AMERICA,QUANTUM,FORFAIT,58MVAE0JPD1Q7RV,9.8
Lindsey,Thomas,DX94228,4832745,ALCOR VENTURES,5,MEA,QUANTUM,FORFAIT,NO_TS_MEA,90.2
Samuel,Hall,OG57238,2268930,ETHOS DYNAMICS,5,CONT MENA,PHOENIX,RPS,MFO2T31LKNXACRI,8.33
Samuel,Hall,OG57238,2268930,ETHOS DYNAMICS,5,CONT,PHOENIX,RPS,NO_TS_CONT,91.67
Latoya,Williams,ZP23426,7786020,BRYTON SOLUTIONS,5,CONT ASIA,PHOENIX,REGIE,MQ54SJ5WO048MW6,9.38
Shawn,Lopez,XC05390,2300851,LUMEX TECH,5,NA MENA,PHOENIX,FORFAIT,TO8C41O6U30UDFX,11.36
Shawn,Lopez,XC05390,2300851,LUMEX TECH,5,CONT,PHOENIX,FORFAIT,NO_TS_CONT,88.64
Allison,Lambert,RM44134,6174034,ALCOR SOLUTIONS,5,NA MENA,PHOENIX,RPS,MYMFRBRPM9I7387,13.64
Wanda,Freeman,GA80485,5941906,ALCOR DIGITAL,5,NA AFRICA,PULSE,REGIE,IS4MAKYAFHRHLWG,9.09
Wanda,Freeman,GA80485,5941906,ALCOR DIGITAL,5,LATAM,PULSE,REGIE,NO_TS_LATAM,90.91
Suzanne,Wu,GJ28311,4248969,ETHOS SYSTEMS,5,NA OCEANIA,ORBIT,MAINTENANCE,XBQZUIM2IZ28HOJ,11.79
Suzanne,Wu,GJ28311,4248969,ETHOS SYSTEMS,5,MEA,ORBIT,MAINTENANCE,NO_TS_MEA,88.21
Jeremy,Hoffman,PO05333,9345487,HYRION VENTURES,5,MEA ASIA,ATLAS,FORFAIT,14Y8K1QARETDRXK,9.94
Jeremy,Hoffman,PO05333,9345487,HYRION VENTURES,5,EMEA,ATLAS,FORFAIT,NO_TS_EMEA,90.06
Kathleen,Morton,BK12969,2896212,CENVEO DYNAMICS,5,LATAM EUROPE,QUANTUM,FORFAIT,HMQ004B4EVF10LY,13.64
Kathleen,Morton,BK12969,2896212,CENVEO DYNAMICS,5,NA,QUANTUM,FORFAIT,NO_TS_NA,86.36
Alexis,Perkins,VV54085,6720806,LUMEX GLOBAL,5,CONT EUROPE,ATLAS,SUPPORT,4PYD94OZHLMK8OU,6.11
Alexis,Perkins,VV54085,6720806,LUMEX GLOBAL,5,NA,ATLAS,SUPPORT,NO_TS_NA,93.89
Nancy,Salazar,YX80436,3152473,KESTRA TECH,5,NA EUROPE,PULSE,REGIE,3G55YK2C38BPTDZ,13.64
Nancy,Salazar,YX80436,3152473,KESTRA TECH,5,APAC,PULSE,REGIE,NO_TS_APAC,86.36
Donald,Carter,WS91871,4825084,INOVA GROUP,5,EMEA OCEANIA,ATLAS,REGIE,S1ASUALHFAUOVM4,8.52
Donald,Carter,WS91871,4825084,INOVA GROUP,5,MEA,ATLAS,REGIE,NO_TS_MEA,91.48
Charles,Garcia,TZ62205,1024877,KESTRA GLOBAL,5,LATAM AMERICA,PULSE,FORFAIT,PPFL5AFI46F6QNN,5.97
Charles,Garcia,TZ62205,1024877,KESTRA GLOBAL,5,LATAM,PULSE,FORFAIT,NO_TS_LATAM,94.03
Kristin,Jarvis,WX37869,4008767,ALCOR TECH,5,MEA MENA,ORBIT,RPS,H7TF0NZB1LFHXUE,13.64
Kristin,Jarvis,WX37869,4008767,ALCOR TECH,5,LATAM,ORBIT,RPS,NO_TS_LATAM,86.36
Brandon,Boyd,HZ36290,5488491,ETHOS VENTURES,5,NA AMERICA,PHOENIX,MAINTENANCE,A5ERJUJI8C841C1,13.64
Jacob,Malone,CG61782,5718966,DELVO CONSULTING,5,EMEA AMERICA,STELLAR,RPS,SARPWVL1HB6YJKH,9.94
Jacob,Malone,CG61782,5718966,DELVO CONSULTING,5,EMEA,STELLAR,RPS,NO_TS_EMEA,90.06
Robert,Roberts,IH65228,7613306,ETHOS TECH,5,EMEA AFRICA,STELLAR,RPS,VHWP6LIR7P5O3JW,15.48
Robert,Green,WW88410,4847288,JALVIK GROUP,5,NA AFRICA,ORBIT,REGIE,GFKCWJGQQLZV6NY,10.09
Robert,Green,WW88410,4847288,JALVIK GROUP,5,MEA,ORBIT,REGIE,NO_TS_MEA,89.91
William,Herrera,LL20064,2222717,ETHOS CONSULTING,5,MEA AFRICA,QUANTUM,RPS,V30JUQ95NENKDG4,14.2
William,Herrera,LL20064,2222717,ETHOS CONSULTING,5,LATAM,QUANTUM,RPS,NO_TS_LATAM,85.8
Jose,Cook,OI83173,1158830,INOVA DYNAMICS,5,NA AFRICA,ORBIT,SUPPORT,EPDAU9Q4PGWVQ3W,9.38
Jose,Cook,OI83173,1158830,INOVA DYNAMICS,5,NA,ORBIT,SUPPORT,NO_TS_NA,90.63
Pamela,Miller,UJ46387,5674762,HYRION TECH,5,EMEA AMERICA,ORBIT,REGIE,RVM7GG64TT2AJ5D,12.36
Pamela,Miller,UJ46387,5674762,HYRION TECH,5,NA,ORBIT,REGIE,NO_TS_NA,87.64
Jamie,Sanchez,BN80902,1337400,INOVA SOLUTIONS,5,MEA OCEANIA,NEXUS,SUPPORT,XZ5SBXBFYDTQ92W,7.95
Jamie,Sanchez,BN80902,1337400,INOVA SOLUTIONS,5,APAC,NEXUS,SUPPORT,NO_TS_APAC,92.05
Jason,Hughes,RV52958,1201345,GOLZEN GROUP,5,EMEA OCEANIA,PULSE,REGIE,XP0RSSPJ3U2A15N,11.93
Jason,Hughes,RV52958,1201345,GOLZEN GROUP,5,MEA,PULSE,REGIE,NO_TS_MEA,88.07
Eric,Estes,WY87612,7237570,BRYTON VENTURES,5,LATAM MENA,NEXUS,RPS,XOU67F0Y5BBLE2F,12.22
Eric,Estes,WY87612,7237570,BRYTON VENTURES,5,NA,NEXUS,RPS,NO_TS_NA,87.78
Tanner,James,EI19529,2130753,HYRION VENTURES,5,CONT MENA,STELLAR,RPS,F0UJ69C12F0UQQQ,13.35
Tanner,James,EI19529,2130753,HYRION VENTURES,5,APAC,STELLAR,RPS,NO_TS_APAC,86.65
Tanya,Sanchez,MZ87791,9722939,LUMEX GROUP,5,NA MENA,PULSE,REGIE,5YRLZSOWFCX0XZA,10.51
Tanya,Sanchez,MZ87791,9722939,LUMEX GROUP,5,CONT,PULSE,REGIE,NO_TS_CONT,89.49
Andrew,Walker,AN93577,9920433,ALCOR GROUP,5,EMEA AMERICA,STELLAR,FORFAIT,WEXLJA9VGN5D6CD,12.5
Andrew,Walker,AN93577,9920433,ALCOR GROUP,5,CONT,STELLAR,FORFAIT,NO_TS_CONT,87.5
Kimberly,Fleming,BS29170,2514794,HYRION GLOBAL,5,MEA ASIA,PHOENIX,REGIE,QMVXQ5Z2WJGK06O,9.09
Kimberly,Fleming,BS29170,2514794,HYRION GLOBAL,5,APAC,PHOENIX,REGIE,NO_TS_APAC,90.91
Kelly,Gonzalez,OG69266,9399990,FORVEX TECH,5,APAC OCEANIA,ORBIT,MAINTENANCE,XPTZFN6VZA7RZ4Z,11.65
Kelly,Gonzalez,OG69266,9399990,FORVEX TECH,5,EMEA,ORBIT,MAINTENANCE,NO_TS_EMEA,88.35
Danielle,Medina,JB03142,4609162,LUMEX CONSULTING,5,EMEA AFRICA,VERTEX,SUPPORT,N0NOL45HNE9I3TS,9.09
Danielle,Medina,JB03142,4609162,LUMEX CONSULTING,5,LATAM,VERTEX,SUPPORT,NO_TS_LATAM,90.91
Devin,Small,ZT93313,4973529,ALCOR CONSULTING,5,LATAM MENA,QUANTUM,REGIE,T7FR1P0U24GKS8D,8.81
Devin,Small,ZT93313,4973529,ALCOR CONSULTING,5,LATAM,QUANTUM,REGIE,NO_TS_LATAM,91.19
Marvin,Barnes,QO22497,4700562,HYRION DYNAMICS,5,MEA EUROPE,PULSE,SUPPORT,5MP7EMRHNHWB3IZ,11.76
Marvin,Barnes,QO22497,4700562,HYRION DYNAMICS,5,APAC,PULSE,SUPPORT,NO_TS_APAC,88.24
John,Martin,CM98696,8690398,CENVEO DYNAMICS,5,EMEA OCEANIA,NOVA,FORFAIT,MEL3CXBXEHLMGA4,7.95
John,Martin,CM98696,8690398,CENVEO DYNAMICS,5,CONT,NOVA,FORFAIT,NO_TS_CONT,92.05
Edward,Williams,SA26623,5287530,HYRION SOLUTIONS,5,APAC MENA,QUANTUM,MAINTENANCE,HO9HY6XLC8SOFIH,10.23
Edward,Williams,SA26623,5287530,HYRION SOLUTIONS,5,EMEA,QUANTUM,MAINTENANCE,NO_TS_EMEA,89.77
Renee,Proctor,LG53494,2839811,BRYTON DYNAMICS,5,CONT AFRICA,PHOENIX,SUPPORT,LKGRPRYTM2OPGUV,10.23
Renee,Proctor,LG53494,2839811,BRYTON DYNAMICS,5,CONT,PHOENIX,SUPPORT,NO_TS_CONT,89.77
Gloria,Blair,BO79460,2227190,JALVIK SYSTEMS,5,APAC AMERICA,PULSE,REGIE,5TEXWZSDLY1VVCG,8.24
Kristen,Morse,BN00840,3334913,ETHOS GROUP,5,MEA OCEANIA,PHOENIX,REGIE,40HVTFEJCC8FV77,12.5
Kristen,Morse,BN00840,3334913,ETHOS GROUP,5,MEA,PHOENIX,REGIE,NO_TS_MEA,87.5
Felicia,Barker,EN42194,7048620,LUMEX GLOBAL,5,CONT AMERICA,PHOENIX,MAINTENANCE,MOVFCR7RJXL9DRS,11.93
Felicia,Barker,EN42194,7048620,LUMEX GLOBAL,5,APAC,PHOENIX,MAINTENANCE,NO_TS_APAC,88.07
Mario,Mcintosh,RX55659,1643079,CENVEO SOLUTIONS,5,EMEA OCEANIA,ATLAS,MAINTENANCE,EDGKTI6C3VTHU8N,7.95
Mario,Mcintosh,RX55659,1643079,CENVEO SOLUTIONS,5,NA,ATLAS,MAINTENANCE,NO_TS_NA,92.05
Andrew,Maddox,KG45093,3205493,ETHOS TECH,5,NA AMERICA,NEXUS,SUPPORT,CJQCMUWJFF2EWBO,10.23
Andrew,Maddox,KG45093,3205493,ETHOS TECH,5,LATAM,NEXUS,SUPPORT,NO_TS_LATAM,89.77
David,Rivera,TB69760,3644283,KESTRA GROUP,5,LATAM AMERICA,NOVA,SUPPORT,X30W9UOKBVUTTIT,11.93
David,Rivera,TB69760,3644283,KESTRA GROUP,5,LATAM,NOVA,SUPPORT,NO_TS_LATAM,88.07
Penny,Sutton,PO18667,2094632,ETHOS DIGITAL,5,NA EUROPE,STELLAR,SUPPORT,PL3PPLUIDZ0AGV7,8.52
Penny,Sutton,PO18667,2094632,ETHOS DIGITAL,5,NA,STELLAR,SUPPORT,NO_TS_NA,91.48
Kristina,Cannon,VM26397,4564679,GOLZEN CONSULTING,5,LATAM EUROPE,NOVA,SUPPORT,M9UIAY5456O0P2P,15.34
Benjamin,Pena,OJ13655,8064295,LUMEX DYNAMICS,5,CONT ASIA,NOVA,SUPPORT,HC8DC10RM8JR69A,12.93
Benjamin,Pena,OJ13655,8064295,LUMEX DYNAMICS,5,LATAM,NOVA,SUPPORT,NO_TS_LATAM,87.07
Rita,Wells,OO95020,6744011,JALVIK SOLUTIONS,5,CONT AMERICA,NOVA,SUPPORT,FZIQFYODV0DA7YQ,11.08
Rita,Wells,OO95020,6744011,JALVIK SOLUTIONS,5,APAC,NOVA,SUPPORT,NO_TS_APAC,88.92
John,Foley,OQ68774,6592473,BRYTON DYNAMICS,5,MEA AMERICA,NEXUS,RPS,BAYWGKKW99P5OU5,10.23
John,Foley,OQ68774,6592473,BRYTON DYNAMICS,5,MEA,NEXUS,RPS,NO_TS_MEA,89.77
Henry,Doyle,JN68754,7836343,LUMEX TECH,5,EMEA AFRICA,QUANTUM,MAINTENANCE,98VA7WK765ZDT1D,11.93
Henry,Doyle,JN68754,7836343,LUMEX TECH,5,EMEA,QUANTUM,MAINTENANCE,NO_TS_EMEA,88.07
April,Williams,ZH63148,4160693,GOLZEN CONSULTING,5,MEA AMERICA,PULSE,MAINTENANCE,NZ0PNNKK55VBTKC,11.65
April,Williams,ZH63148,4160693,GOLZEN CONSULTING,5,APAC,PULSE,MAINTENANCE,NO_TS_APAC,88.35
Luis,Jones,IC63162,6827035,LUMEX DIGITAL,5,LATAM ASIA,STELLAR,MAINTENANCE,JFZJMFL6RQFPKS1,13.64
Michelle,Fuller,NE76950,5361126,INOVA GROUP,5,LATAM ASIA,NEXUS,REGIE,ERVMBSOU6V89TDJ,10.65
Michelle,Fuller,NE76950,5361126,INOVA GROUP,5,EMEA,NEXUS,REGIE,NO_TS_EMEA,89.35
Robert,Mason,GG73910,5682928,LUMEX DYNAMICS,5,APAC ASIA,NOVA,FORFAIT,Z6FZXN6HOEMQZK4,11.36
Karen,Mathews,JR04951,8892711,GOLZEN SYSTEMS,5,EMEA EUROPE,PULSE,MAINTENANCE,YHGL08NABQ2R5VY,9.52
Karen,Mathews,JR04951,8892711,GOLZEN SYSTEMS,5,LATAM,PULSE,MAINTENANCE,NO_TS_LATAM,90.48
David,Adkins,NX35068,9084362,ETHOS GLOBAL,5,CONT AMERICA,NEXUS,SUPPORT,4XDNY5KCM9HDLIN,11.36
David,Adkins,NX35068,9084362,ETHOS GLOBAL,5,LATAM,NEXUS,SUPPORT,NO_TS_LATAM,88.64
Bradley,Barker,GX28366,7259110,GOLZEN VENTURES,5,NA OCEANIA,PHOENIX,RPS,5CEASP7XOILW23U,12.64
Bradley,Barker,GX28366,7259110,GOLZEN VENTURES,5,LATAM,PHOENIX,RPS,NO_TS_LATAM,87.36
Alexandra,Phillips,FU76179,1116339,CENVEO GROUP,5,NA EUROPE,NEXUS,FORFAIT,9605H4ZNGQRUGZH,9.09
Alexandra,Phillips,FU76179,1116339,CENVEO GROUP,5,EMEA,NEXUS,FORFAIT,NO_TS_EMEA,90.91
Daniel,Anderson,CV71299,8138095,DELVO SYSTEMS,5,APAC ASIA,PHOENIX,REGIE,2N1X14OQRMWPIYK,11.36
Daniel,Anderson,CV71299,8138095,DELVO SYSTEMS,5,CONT,PHOENIX,REGIE,NO_TS_CONT,88.64
Martin,Martin,KN48995,6556861,FORVEX TECH,5,LATAM AFRICA,NOVA,REGIE,TSC4KUS4JG9TXX6,9.66
Kaylee,Haynes,DK45659,4783057,BRYTON TECH,5,APAC OCEANIA,PHOENIX,RPS,N97EGE2BWXV4GVN,10.23
Kaylee,Haynes,DK45659,4783057,BRYTON TECH,5,APAC,PHOENIX,RPS,NO_TS_APAC,89.77
Rebecca,Horton,CV34303,8238624,BRYTON DIGITAL,5,NA OCEANIA,STELLAR,REGIE,ATSHH41FKZSMZF2,10.8
Tiffany,Williams,CS96735,8158308,DELVO GLOBAL,5,CONT AFRICA,NEXUS,REGIE,XZBOEEFCDNHS4FL,14.06
Tiffany,Williams,CS96735,8158308,DELVO GLOBAL,5,APAC,NEXUS,REGIE,NO_TS_APAC,85.94
Cheryl,Beard,RI19871,6611451,ALCOR VENTURES,5,NA ASIA,PULSE,MAINTENANCE,BULZT9AL4HZKZT3,13.64
Cheryl,Beard,RI19871,6611451,ALCOR VENTURES,5,CONT,PULSE,MAINTENANCE,NO_TS_CONT,86.36
James,Johnson,OY67626,5768714,HYRION DIGITAL,5,LATAM EUROPE,QUANTUM,RPS,NCOJB0N0GTOOEEH,9.09
James,Johnson,OY67626,5768714,HYRION DIGITAL,5,CONT,QUANTUM,RPS,NO_TS_CONT,90.91
Troy,Johnson,FZ35146,7859986,LUMEX TECH,5,NA OCEANIA,PULSE,REGIE,DJ7NA74FHL8YGMW,11.65
Troy,Johnson,FZ35146,7859986,LUMEX TECH,5,LATAM,PULSE,REGIE,NO_TS_LATAM,88.35
Emily,Lewis,YN86746,2861588,ETHOS CONSULTING,5,MEA ASIA,PHOENIX,REGIE,AAMX6CWI1I53C3R,5.54
Paula,Williams,DW80390,7519224,ALCOR DYNAMICS,5,EMEA AFRICA,PHOENIX,MAINTENANCE,VDK9190OKG1M0H2,13.64
Carolyn,Moreno,CM13744,6720156,BRYTON SYSTEMS,5,NA MENA,VERTEX,MAINTENANCE,ENKIE3QFVYIQQQB,13.64
Carolyn,Moreno,CM13744,6720156,BRYTON SYSTEMS,5,APAC,VERTEX,MAINTENANCE,NO_TS_APAC,86.36
Michael,Casey,WJ79693,2243250,FORVEX DIGITAL,5,MEA ASIA,NEXUS,FORFAIT,N1S883DRCO4NSPD,11.93
Tammy,Miller,XB89523,2715705,FORVEX SYSTEMS,5,NA AMERICA,QUANTUM,REGIE,MCGC5BJ1LOY98FL,15.06
Tammy,Miller,XB89523,2715705,FORVEX SYSTEMS,5,APAC,QUANTUM,REGIE,NO_TS_APAC,84.94
Christopher,Blackwell,WC24513,2975432,CENVEO DIGITAL,5,CONT AFRICA,PULSE,FORFAIT,WZZANM0WBR0GWAJ,11.51
Christopher,Blackwell,WC24513,2975432,CENVEO DIGITAL,5,EMEA,PULSE,FORFAIT,NO_TS_EMEA,88.49
Sherry,Vaughn,XK10937,2523098,JALVIK SOLUTIONS,5,LATAM ASIA,VERTEX,MAINTENANCE,3EK3V7ZWKHCU9SQ,11.93
Darlene,Arellano,ZH72980,6920540,BRYTON GROUP,5,LATAM AFRICA,QUANTUM,REGIE,3V8FJ190GTAYYJD,10.23
Darlene,Arellano,ZH72980,6920540,BRYTON GROUP,5,NA,QUANTUM,REGIE,NO_TS_NA,89.77
Angela,Livingston,OG90680,5293032,DELVO GROUP,5,APAC AFRICA,PULSE,RPS,V5RLBEZ6Z6ABD2U,11.36
Angela,Livingston,OG90680,5293032,DELVO GROUP,5,NA,PULSE,RPS,NO_TS_NA,88.64
Fernando,Davis,KP57583,2995856,ALCOR DYNAMICS,5,EMEA ASIA,ATLAS,RPS,6Q9BB33AEI6SAZ7,10.23
Fernando,Davis,KP57583,2995856,ALCOR DYNAMICS,5,NA,ATLAS,RPS,NO_TS_NA,89.77
Jeffrey,Sawyer,HU39833,9412785,KESTRA GLOBAL,5,NA AFRICA,VERTEX,FORFAIT,X0UY77PMTD07CJK,8.66
Kristina,Gould,ZR17967,3978355,ALCOR SYSTEMS,5,NA AMERICA,QUANTUM,REGIE,U008QOO9XGWDKKF,12.5
Kristina,Gould,ZR17967,3978355,ALCOR SYSTEMS,5,LATAM,QUANTUM,REGIE,NO_TS_LATAM,87.5
Robert,Barron,KL36643,7116074,CENVEO VENTURES,5,NA AFRICA,QUANTUM,REGIE,S377AXH5J8X0BNM,11.93
Robert,Barron,KL36643,7116074,CENVEO VENTURES,5,MEA,QUANTUM,REGIE,NO_TS_MEA,88.07
Ivan,Jordan,JP35580,2124098,CENVEO CONSULTING,5,LATAM AFRICA,STELLAR,MAINTENANCE,T2XLDNIXX6MB9ZA,10.94
Ivan,Jordan,JP35580,2124098,CENVEO CONSULTING,5,APAC,STELLAR,MAINTENANCE,NO_TS_APAC,89.06
Craig,Hanson,BN43907,2731882,HYRION VENTURES,5,MEA EUROPE,QUANTUM,SUPPORT,OYP73S4Q864QZFO,8.1
Craig,Hanson,BN43907,2731882,HYRION VENTURES,5,NA,QUANTUM,SUPPORT,NO_TS_NA,91.9
Kevin,Johnson,EH16900,2771068,CENVEO GROUP,5,LATAM MENA,ORBIT,SUPPORT,5LY3JLZ3TO8LCTS,11.93
Kevin,Johnson,EH16900,2771068,CENVEO GROUP,5,CONT,ORBIT,SUPPORT,NO_TS_CONT,88.07
Alicia,Hernandez,DU41900,1876443,BRYTON DIGITAL,5,CONT ASIA,ATLAS,FORFAIT,QF3NAP6JCTH9Q6O,11.65
Alicia,Hernandez,DU41900,1876443,BRYTON DIGITAL,5,LATAM,ATLAS,FORFAIT,NO_TS_LATAM,88.35
Brenda,King,KU24961,2849525,ALCOR SOLUTIONS,5,EMEA AMERICA,ORBIT,REGIE,WOD67HLVUABETMM,10.23
Brenda,King,KU24961,2849525,ALCOR SOLUTIONS,5,EMEA,ORBIT,REGIE,NO_TS_EMEA,89.77
Dave,Klein,LJ84458,1027958,DELVO DIGITAL,5,MEA AMERICA,STELLAR,FORFAIT,1A2819HYD3Y6FDW,12.5
Dave,Klein,LJ84458,1027958,DELVO DIGITAL,5,MEA,STELLAR,FORFAIT,NO_TS_MEA,87.5
Kyle,Gray,PE47361,7962034,BRYTON GLOBAL,5,CONT AMERICA,PHOENIX,REGIE,9D6USCNRRSMDABF,10.51
Kyle,Gray,PE47361,7962034,BRYTON GLOBAL,5,LATAM,PHOENIX,REGIE,NO_TS_LATAM,89.49
Ethan,Adams,KB22067,5890515,INOVA DIGITAL,5,EMEA EUROPE,NEXUS,SUPPORT,YEHKPIB7UX7L3U3,7.67
Ethan,Adams,KB22067,5890515,INOVA DIGITAL,5,NA,NEXUS,SUPPORT,NO_TS_NA,92.33
Judy,Johnson,XR50941,3405305,HYRION CONSULTING,5,MEA ASIA,ATLAS,REGIE,ZJ6BPNH9E42USEI,12.22
Judy,Johnson,XR50941,3405305,HYRION CONSULTING,5,APAC,ATLAS,REGIE,NO_TS_APAC,87.78
Jason,Brown,CO14706,1089601,BRYTON DYNAMICS,5,MEA AFRICA,QUANTUM,SUPPORT,G8BB3YMOULWNZQK,11.65
Jason,Brown,CO14706,1089601,BRYTON DYNAMICS,5,MEA,QUANTUM,SUPPORT,NO_TS_MEA,88.35
Jennifer,Mcknight,NM52465,8055583,FORVEX SOLUTIONS,5,NA ASIA,QUANTUM,MAINTENANCE,HTPWS4ZS7UE1TLR,10.23
Jennifer,Mcknight,NM52465,8055583,FORVEX SOLUTIONS,5,CONT,QUANTUM,MAINTENANCE,NO_TS_CONT,89.77
Paul,Davis,XU41867,1934022,DELVO GLOBAL,5,NA AMERICA,ORBIT,FORFAIT,39077B2TFT1OFTZ,11.51
Elizabeth,Fitzgerald,GT30433,7671797,BRYTON SOLUTIONS,5,CONT EUROPE,NOVA,REGIE,4IFSHJ85LJL4QQ9,13.64
Elizabeth,Fitzgerald,GT30433,7671797,BRYTON SOLUTIONS,5,LATAM,NOVA,REGIE,NO_TS_LATAM,86.36
Juan,Meyer,FR60856,9775794,GOLZEN VENTURES,5,NA EUROPE,NOVA,RPS,U6D2B787T9YKUB7,7.81
Juan,Meyer,FR60856,9775794,GOLZEN VENTURES,5,EMEA,NOVA,RPS,NO_TS_EMEA,92.19
Colleen,Nunez,OL23394,1028630,DELVO CONSULTING,5,EMEA AMERICA,STELLAR,FORFAIT,W4C32KTBLORGLER,13.64
Colleen,Nunez,OL23394,1028630,DELVO CONSULTING,5,MEA,STELLAR,FORFAIT,NO_TS_MEA,86.36
Daniel,Lambert,CZ38029,9445832,LUMEX DIGITAL,5,APAC EUROPE,QUANTUM,SUPPORT,9C3HD795LO7UJX1,9.09
Daniel,Lambert,CZ38029,9445832,LUMEX DIGITAL,5,EMEA,QUANTUM,SUPPORT,NO_TS_EMEA,90.91
Kristine,Thompson,UY46478,2302750,JALVIK SYSTEMS,5,CONT AMERICA,VERTEX,SUPPORT,YRK9JTD4CRU7T0S,9.09
John,Logan,ZX36082,2971075,INOVA GROUP,5,MEA ASIA,ATLAS,RPS,IPTS0AA0H3T15SN,13.64
John,Logan,ZX36082,2971075,INOVA GROUP,5,LATAM,ATLAS,RPS,NO_TS_LATAM,86.36
Russell,Kelly,ED06728,4328715,JALVIK SOLUTIONS,5,NA AMERICA,STELLAR,SUPPORT,GN6URVRL5WYXHBP,5.54
Russell,Kelly,ED06728,4328715,JALVIK SOLUTIONS,5,APAC,STELLAR,SUPPORT,NO_TS_APAC,94.46
Lisa,Scott,GD21082,6112169,GOLZEN SOLUTIONS,5,EMEA ASIA,QUANTUM,RPS,YFW8VLBOT9J2KYB,10.23
Lisa,Scott,GD21082,6112169,GOLZEN SOLUTIONS,5,EMEA,QUANTUM,RPS,NO_TS_EMEA,89.77
Valerie,Peters,OD51243,5816725,FORVEX VENTURES,5,CONT AFRICA,QUANTUM,FORFAIT,LBSEGL2ZXXE08ZD,9.23
Valerie,Peters,OD51243,5816725,FORVEX VENTURES,5,APAC,QUANTUM,FORFAIT,NO_TS_APAC,90.77
Anne,Marshall,TX99042,9383525,BRYTON TECH,5,NA AMERICA,STELLAR,REGIE,K88MKIOFAZUE4ZZ,13.64
Anne,Marshall,TX99042,9383525,BRYTON TECH,5,APAC,STELLAR,REGIE,NO_TS_APAC,86.36
Kim,Graham,AD49621,5402950,BRYTON SOLUTIONS,5,APAC AMERICA,VERTEX,REGIE,CUDF2HPZUWB8SZD,10.23
Kim,Graham,AD49621,5402950,BRYTON SOLUTIONS,5,EMEA,VERTEX,REGIE,NO_TS_EMEA,89.77
Connor,Mcintyre,UO34689,3441839,INOVA TECH,5,CONT EUROPE,PULSE,FORFAIT,PIOPAHTP5K30YW2,9.38
Connor,Mcintyre,UO34689,3441839,INOVA TECH,5,NA,PULSE,FORFAIT,NO_TS_NA,90.63
Joshua,Butler,HU13249,1438905,ETHOS DIGITAL,5,CONT EUROPE,VERTEX,SUPPORT,K1FGH5Y95PWD4O4,13.07
Joshua,Butler,HU13249,1438905,ETHOS DIGITAL,5,CONT,VERTEX,SUPPORT,NO_TS_CONT,86.93
Zachary,Vasquez,AL08443,5256943,JALVIK TECH,5,LATAM AFRICA,QUANTUM,REGIE,4UOK9N66KRYYYKY,9.94
Zachary,Vasquez,AL08443,5256943,JALVIK TECH,5,LATAM,QUANTUM,REGIE,NO_TS_LATAM,90.06
Eric,Ford,KL19937,3579016,DELVO DYNAMICS,5,MEA ASIA,VERTEX,SUPPORT,KEXAPERNNURTDC2,7.67
Eric,Ford,KL19937,3579016,DELVO DYNAMICS,5,MEA,VERTEX,SUPPORT,NO_TS_MEA,92.33
Sarah,Travis,TS32422,5771351,CENVEO DYNAMICS,5,CONT EUROPE,VERTEX,MAINTENANCE,0K73E4XNYH383DI,11.36
Sarah,Travis,TS32422,5771351,CENVEO DYNAMICS,5,LATAM,VERTEX,MAINTENANCE,NO_TS_LATAM,88.64
Scott,Calderon,PU18283,5066760,INOVA CONSULTING,5,MEA MENA,NEXUS,REGIE,E0O8XRVAQTD2LOH,4.97
Scott,Calderon,PU18283,5066760,INOVA CONSULTING,5,APAC,NEXUS,REGIE,NO_TS_APAC,95.03
Marcus,Taylor,NB31393,8132081,CENVEO SOLUTIONS,5,APAC AMERICA,ATLAS,SUPPORT,6IVAHRH1AP7BC94,15.91
Marcus,Taylor,NB31393,8132081,CENVEO SOLUTIONS,5,MEA,ATLAS,SUPPORT,NO_TS_MEA,84.09
Megan,Roberts,YU84105,4581974,LUMEX DIGITAL,5,NA MENA,PULSE,SUPPORT,XNAF4R02D8VJLZF,11.36
Megan,Roberts,YU84105,4581974,LUMEX DIGITAL,5,CONT,PULSE,SUPPORT,NO_TS_CONT,88.64
Roger,Moore,GE05352,6628475,DELVO SYSTEMS,5,APAC AMERICA,PULSE,REGIE,FUUM1TD2HHWINLU,13.64
Roger,Moore,GE05352,6628475,DELVO SYSTEMS,5,LATAM,PULSE,REGIE,NO_TS_LATAM,86.36
Laura,Scott,HT98697,5163147,LUMEX SOLUTIONS,5,APAC MENA,ATLAS,REGIE,F80W98737N6J8GW,14.2
Laura,Scott,HT98697,5163147,LUMEX SOLUTIONS,5,LATAM,ATLAS,REGIE,NO_TS_LATAM,85.8
Miguel,Black,ZU54900,6915941,DELVO CONSULTING,5,CONT EUROPE,PHOENIX,MAINTENANCE,M4YBYYYTG9WZ2X0,13.35
Emily,Hughes,SA51617,1683285,DELVO SOLUTIONS,5,CONT ASIA,NEXUS,SUPPORT,SNRTF5C6BD0AN75,10.37
Emily,Hughes,SA51617,1683285,DELVO SOLUTIONS,5,LATAM,NEXUS,SUPPORT,NO_TS_LATAM,89.63
Melissa,Rodriguez,XC13891,9427853,BRYTON GROUP,5,CONT OCEANIA,NOVA,REGIE,VS3VXLMUC4VRI15,8.38
Melissa,Rodriguez,XC13891,9427853,BRYTON GROUP,5,NA,NOVA,REGIE,NO_TS_NA,91.62
Oscar,Norris,IE12061,6156039,DELVO DIGITAL,5,LATAM AMERICA,PHOENIX,MAINTENANCE,OKANUUEA01GNTKY,11.36
Oscar,Norris,IE12061,6156039,DELVO DIGITAL,5,LATAM,PHOENIX,MAINTENANCE,NO_TS_LATAM,88.64
Brian,Reed,SY82588,7289847,HYRION TECH,5,MEA OCEANIA,VERTEX,RPS,S3E81SCLQ5BE6AQ,13.64
James,Leonard,HI71650,2000954,JALVIK GLOBAL,5,CONT EUROPE,PULSE,RPS,E7HCQPV4FI3SLPP,11.36
James,Leonard,HI71650,2000954,JALVIK GLOBAL,5,EMEA,PULSE,RPS,NO_TS_EMEA,88.64
Tamara,Page,XH10296,3739449,HYRION SYSTEMS,5,CONT ASIA,NEXUS,REGIE,F4TKLBAYMD2MQDD,13.64
Kristen,Collier,EE87413,6942243,INOVA DYNAMICS,5,EMEA MENA,VERTEX,MAINTENANCE,6UKRV3YKEC8JSWR,8.52
Kristen,Collier,EE87413,6942243,INOVA DYNAMICS,5,CONT,VERTEX,MAINTENANCE,NO_TS_CONT,91.48
Theodore,Perkins,QK98514,8843820,GOLZEN DIGITAL,5,APAC AMERICA,PULSE,FORFAIT,QV73FMLS7B5NMYN,11.36
Sharon,Rowe,UY16634,1183879,ALCOR GLOBAL,5,NA AMERICA,NEXUS,SUPPORT,9EYH5Q2PH33YP31,8.81
Sharon,Rowe,UY16634,1183879,ALCOR GLOBAL,5,MEA,NEXUS,SUPPORT,NO_TS_MEA,91.19
Megan,Wagner,UA07913,6293766,GOLZEN DYNAMICS,5,MEA AFRICA,STELLAR,REGIE,XQHNZUGVKW1UNJG,13.64
Megan,Wagner,UA07913,6293766,GOLZEN DYNAMICS,5,NA,STELLAR,REGIE,NO_TS_NA,86.36
Sharon,Ortiz,BQ32428,7016419,KESTRA SYSTEMS,5,MEA AFRICA,ATLAS,REGIE,W5TSMZ04O4JEZH9,10.51
Sharon,Ortiz,BQ32428,7016419,KESTRA SYSTEMS,5,APAC,ATLAS,REGIE,NO_TS_APAC,89.49
Randy,Shannon,QQ44374,8321487,LUMEX TECH,5,CONT MENA,QUANTUM,RPS,87539UOG83TOIZP,7.95
Randy,Shannon,QQ44374,8321487,LUMEX TECH,5,LATAM,QUANTUM,RPS,NO_TS_LATAM,92.05
Ryan,Peters,DK43049,1242450,FORVEX SYSTEMS,5,NA MENA,ATLAS,FORFAIT,0YW4VZEJB1CE3VO,15.91
Ryan,Peters,DK43049,1242450,FORVEX SYSTEMS,5,LATAM,ATLAS,FORFAIT,NO_TS_LATAM,84.09
Laura,Gonzalez,NU25804,6047270,ALCOR TECH,5,MEA EUROPE,ATLAS,RPS,2PTZWE8N0BG61HG,13.64
Thomas,Williams,TJ88385,5212076,FORVEX DIGITAL,5,MEA AFRICA,PHOENIX,MAINTENANCE,IOTVKODE7Z5DY30,11.36
Thomas,Williams,TJ88385,5212076,FORVEX DIGITAL,5,APAC,PHOENIX,MAINTENANCE,NO_TS_APAC,88.64
Erika,Lara,PV32082,7070141,BRYTON GROUP,5,APAC AMERICA,NEXUS,MAINTENANCE,DLPFQ3XI9GLKZTF,13.35
Erika,Lara,PV32082,7070141,BRYTON GROUP,5,EMEA,NEXUS,MAINTENANCE,NO_TS_EMEA,86.65
Samantha,Rodriguez,RH12076,1118414,INOVA GROUP,5,LATAM EUROPE,NOVA,SUPPORT,2EVSYEMCHOMS0DF,9.09
Samantha,Rodriguez,RH12076,1118414,INOVA GROUP,5,MEA,NOVA,SUPPORT,NO_TS_MEA,90.91
Geoffrey,Fields,BB32918,9923204,KESTRA GLOBAL,5,NA AFRICA,STELLAR,REGIE,ZTG6K50YION3G58,8.52
Geoffrey,Fields,BB32918,9923204,KESTRA GLOBAL,5,MEA,STELLAR,REGIE,NO_TS_MEA,91.48
Bailey,Medina,MJ94429,5648167,ALCOR GROUP,5,MEA OCEANIA,ATLAS,RPS,J1VIEDDBSQQ3MVQ,13.64
Bailey,Medina,MJ94429,5648167,ALCOR GROUP,5,NA,ATLAS,RPS,NO_TS_NA,86.36
Melissa,Keller,JT06365,9503035,CENVEO GLOBAL,5,LATAM AFRICA,ATLAS,MAINTENANCE,Y0VF3FH5EYEU46V,13.64
Melissa,Keller,JT06365,9503035,CENVEO GLOBAL,5,EMEA,ATLAS,MAINTENANCE,NO_TS_EMEA,86.36
Melissa,Lambert,VF02365,7775753,DELVO DYNAMICS,5,MEA AFRICA,ATLAS,SUPPORT,MA35G3HYUI2GFZL,11.36
Daniel,Hartman,BZ14052,7820516,ALCOR CONSULTING,5,APAC MENA,NEXUS,FORFAIT,TVH1QWC7CB7CD0J,10.23
Daniel,Hartman,BZ14052,7820516,ALCOR CONSULTING,5,APAC,NEXUS,FORFAIT,NO_TS_APAC,89.77
Dennis,Williams,QN98389,1847562,JALVIK CONSULTING,5,LATAM ASIA,PHOENIX,RPS,Q9SOQPOILBP983S,11.65
Dennis,Williams,QN98389,1847562,JALVIK CONSULTING,5,EMEA,PHOENIX,RPS,NO_TS_EMEA,88.35
Miguel,Gill,PN64393,5732509,LUMEX TECH,5,EMEA ASIA,PULSE,SUPPORT,GPLHFOJ0N80HOY9,9.66
Ashley,Boone,XJ93941,4155138,LUMEX SOLUTIONS,5,EMEA AMERICA,NOVA,FORFAIT,BXCOUDOY33QXO5J,8.81
Ashley,Boone,XJ93941,4155138,LUMEX SOLUTIONS,5,CONT,NOVA,FORFAIT,NO_TS_CONT,91.19
Jeanette,Peterson,NA71294,4180495,JALVIK TECH,5,MEA EUROPE,NOVA,FORFAIT,MCEXZ1UOUQD94Q6,12.78
Mary,Marsh,LB71832,6484614,LUMEX TECH,5,CONT EUROPE,STELLAR,SUPPORT,FOZMJKWERZ86CGN,11.93
William,Luna,WZ42898,4716974,DELVO CONSULTING,5,EMEA OCEANIA,PHOENIX,REGIE,XCFF807SRRU4SEV,13.64
William,Luna,WZ42898,4716974,DELVO CONSULTING,5,EMEA,PHOENIX,REGIE,NO_TS_EMEA,86.36
Robert,Whitaker,HJ17440,5756012,ALCOR DIGITAL,5,MEA OCEANIA,ORBIT,RPS,B5C21V79X1B9UTR,11.93
Robert,Whitaker,HJ17440,5756012,ALCOR DIGITAL,5,EMEA,ORBIT,RPS,NO_TS_EMEA,88.07
Billy,Smith,YC46513,7336715,LUMEX TECH,5,APAC OCEANIA,PULSE,SUPPORT,M13NK7SJHSWIS5Y,16.67
Billy,Smith,YC46513,7336715,LUMEX TECH,5,CONT,PULSE,SUPPORT,NO_TS_CONT,83.33
Sean,Hill,PB32238,7975100,LUMEX CONSULTING,5,MEA AMERICA,VERTEX,MAINTENANCE,QOCQDLLFAIZ4716,11.36
Sean,Hill,PB32238,7975100,LUMEX CONSULTING,5,EMEA,VERTEX,MAINTENANCE,NO_TS_EMEA,88.64
Linda,Wilcox,KQ95308,6716655,LUMEX TECH,5,MEA ASIA,PULSE,RPS,0W6JHLKX2YD39JT,11.65
Kenneth,Rodriguez,JI48854,7506545,DELVO SOLUTIONS,5,NA MENA,PULSE,RPS,15L4ZNHFQADNUR7,9.94
Kenneth,Rodriguez,JI48854,7506545,DELVO SOLUTIONS,5,APAC,PULSE,RPS,NO_TS_APAC,90.06
Jeffrey,Williams,LS96928,5748577,ALCOR DIGITAL,5,CONT ASIA,QUANTUM,FORFAIT,HFMC29472F86V9Y,10.23
Jeffrey,Williams,LS96928,5748577,ALCOR DIGITAL,5,APAC,QUANTUM,FORFAIT,NO_TS_APAC,89.77
Bradley,Gonzales,HG80033,2823793,INOVA SOLUTIONS,5,LATAM ASIA,NOVA,REGIE,21LBVXZHV5FCAP1,10.23
Bradley,Gonzales,HG80033,2823793,INOVA SOLUTIONS,5,EMEA,NOVA,REGIE,NO_TS_EMEA,89.77
Stacy,Alexander,ML12257,6692714,INOVA DYNAMICS,5,MEA OCEANIA,NOVA,SUPPORT,NI9V92EZ0WPQI6U,6.53
Stacy,Alexander,ML12257,6692714,INOVA DYNAMICS,5,CONT,NOVA,SUPPORT,NO_TS_CONT,93.47
Emily,Scott,DA91521,2112671,GOLZEN SYSTEMS,5,NA MENA,ORBIT,REGIE,POUMRBTHA7WTJWT,10.51
Lauren,Patterson,LI04804,7851541,KESTRA CONSULTING,5,MEA AFRICA,ORBIT,RPS,EBVBW5L0X0933JR,11.65
Lauren,Patterson,LI04804,7851541,KESTRA CONSULTING,5,APAC,ORBIT,RPS,NO_TS_APAC,88.35
Roger,Pacheco,OJ24374,3584832,HYRION CONSULTING,5,LATAM EUROPE,ORBIT,REGIE,W82MLER3SNVN36I,7.24
Roger,Pacheco,OJ24374,3584832,HYRION CONSULTING,5,NA,ORBIT,REGIE,NO_TS_NA,92.76
Kelli,Hoover,UK91095,8079914,GOLZEN SYSTEMS,5,CONT MENA,ATLAS,FORFAIT,7FY3FVW6BW3TFOV,13.64
Kelli,Hoover,UK91095,8079914,GOLZEN SYSTEMS,5,APAC,ATLAS,FORFAIT,NO_TS_APAC,86.36
Jesus,Franco,IX19814,4191838,LUMEX SOLUTIONS,5,MEA MENA,NOVA,RPS,EI9CQ8GTS5DUF6V,10.23
Jesus,Franco,IX19814,4191838,LUMEX SOLUTIONS,5,MEA,NOVA,RPS,NO_TS_MEA,89.77
Michael,Moreno,IQ02171,9268312,CENVEO GLOBAL,5,APAC OCEANIA,VERTEX,SUPPORT,N1MXIAWW9PV7Y13,11.65
Michael,Moreno,IQ02171,9268312,CENVEO GLOBAL,5,CONT,VERTEX,SUPPORT,NO_TS_CONT,88.35
Robert,Reyes,SH40966,7367064,FORVEX DIGITAL,5,APAC OCEANIA,STELLAR,SUPPORT,IAPOL7NSUUD7PEP,9.94
Robert,Reyes,SH40966,7367064,FORVEX DIGITAL,5,APAC,STELLAR,SUPPORT,NO_TS_APAC,90.06
Ronald,Lloyd,UE32249,7360740,GOLZEN DIGITAL,5,MEA EUROPE,STELLAR,SUPPORT,APYPKP4WSFJGXZN,9.66
Kayla,Smith,KV93771,5703654,GOLZEN SOLUTIONS,5,NA AMERICA,STELLAR,REGIE,NUEIPV9JI2VVJDD,14.2
Kayla,Smith,KV93771,5703654,GOLZEN SOLUTIONS,5,EMEA,STELLAR,REGIE,NO_TS_EMEA,85.8
Robert,Patterson,BG10183,5959031,INOVA DYNAMICS,5,LATAM AFRICA,NOVA,FORFAIT,3MUJ9QWGCZ83SAG,10.8
Robert,Patterson,BG10183,5959031,INOVA DYNAMICS,5,APAC,NOVA,FORFAIT,NO_TS_APAC,89.2
Jessica,Roy,AQ45901,5049569,BRYTON SYSTEMS,5,NA MENA,PULSE,SUPPORT,QL74QJA97CJF890,9.38
Jessica,Roy,AQ45901,5049569,BRYTON SYSTEMS,5,CONT,PULSE,SUPPORT,NO_TS_CONT,90.63
Ashley,Ferrell,YI49401,8143200,HYRION GLOBAL,5,APAC OCEANIA,PULSE,REGIE,F8FCPP4BCJ4CGIU,13.07
Ashley,Ferrell,YI49401,8143200,HYRION GLOBAL,5,NA,PULSE,REGIE,NO_TS_NA,86.93
Richard,Bond,YO87297,6911569,FORVEX GROUP,5,CONT ASIA,ORBIT,MAINTENANCE,D0L6V4ESH95ZPK1,13.07
Amber,Woods,UE52782,4254523,JALVIK GLOBAL,5,CONT ASIA,PULSE,SUPPORT,XO9RKC0WNO8CIIV,11.36
Stephanie,Montgomery,IQ33416,8860463,BRYTON SYSTEMS,5,CONT MENA,NEXUS,FORFAIT,GO7O9DGY5CV92BN,8.1
Stephanie,Montgomery,IQ33416,8860463,BRYTON SYSTEMS,5,APAC,NEXUS,FORFAIT,NO_TS_APAC,91.9
Kathryn,Sampson,PR29072,7291659,BRYTON SYSTEMS,5,EMEA ASIA,NOVA,SUPPORT,P11QQAB4A0SXN7X,10.23
Stephen,Christian,WR44566,6383587,CENVEO GLOBAL,5,NA AMERICA,STELLAR,RPS,K9JW2U43ZQAPUU9,10.23
Keith,Hogan,WK94601,4526135,DELVO GROUP,5,MEA MENA,QUANTUM,RPS,VA402LSIPW233BJ,9.66
Keith,Hogan,WK94601,4526135,DELVO GROUP,5,CONT,QUANTUM,RPS,NO_TS_CONT,90.34
Jennifer,Patton,UO04969,2610279,ETHOS DIGITAL,5,EMEA MENA,VERTEX,RPS,3OL79F06ZJO5KPD,7.39
Jennifer,Patton,UO04969,2610279,ETHOS DIGITAL,5,NA,VERTEX,RPS,NO_TS_NA,92.61
Joshua,Gibson,LH96032,1633097,GOLZEN SOLUTIONS,5,CONT EUROPE,STELLAR,RPS,Q5OPTIQAWFZUZ58,11.36
Sharon,Thomas,ZL86799,5287608,HYRION TECH,5,LATAM EUROPE,PULSE,REGIE,YHP89N6QQPDZXJE,8.52
Sharon,Thomas,ZL86799,5287608,HYRION TECH,5,CONT,PULSE,REGIE,NO_TS_CONT,91.48
Barbara,Smith,ME69269,9853739,ALCOR TECH,5,CONT AFRICA,PULSE,RPS,9PPB9O4E88UG28R,11.36
Barbara,Smith,ME69269,9853739,ALCOR TECH,5,NA,PULSE,RPS,NO_TS_NA,88.64
Alexandra,Williamson,JL80773,3136045,DELVO SOLUTIONS,5,EMEA MENA,STELLAR,REGIE,VSJA5C3YKUPJ2SJ,9.66
Alexandra,Williamson,JL80773,3136045,DELVO SOLUTIONS,5,NA,STELLAR,REGIE,NO_TS_NA,90.34
Eugene,Hayes,EO34936,6883875,FORVEX DIGITAL,5,CONT ASIA,ORBIT,REGIE,6HBLYKBB7R23O78,11.51
Eugene,Hayes,EO34936,6883875,FORVEX DIGITAL,5,EMEA,ORBIT,REGIE,NO_TS_EMEA,88.49
Robert,Bates,CC17314,6307903,DELVO DYNAMICS,5,LATAM EUROPE,PULSE,RPS,QIZ7OQMG10QE9DT,13.64
Riley,Price,UW31707,8267665,FORVEX VENTURES,5,EMEA EUROPE,NOVA,RPS,EDF7GFIN21A5SVS,9.09
Riley,Price,UW31707,8267665,FORVEX VENTURES,5,MEA,NOVA,RPS,NO_TS_MEA,90.91
April,Price,MB62548,9146317,DELVO SYSTEMS,5,NA OCEANIA,NEXUS,SUPPORT,SEP12UB2MXGEPIX,11.36
April,Price,MB62548,9146317,DELVO SYSTEMS,5,MEA,NEXUS,SUPPORT,NO_TS_MEA,88.64
Justin,Foster,DZ80282,4472499,KESTRA GROUP,5,LATAM AMERICA,ATLAS,MAINTENANCE,C3XIP7PNCU7402U,9.23
Kristin,Swanson,ZW42605,1683466,CENVEO DYNAMICS,5,CONT EUROPE,ORBIT,RPS,0LAK0EVLKVAN609,13.64
Kristin,Swanson,ZW42605,1683466,CENVEO DYNAMICS,5,LATAM,ORBIT,RPS,NO_TS_LATAM,86.36
Miguel,Banks,QA09425,6180605,KESTRA CONSULTING,5,NA OCEANIA,NOVA,REGIE,NWAOUUF8NQENPF8,9.38
Miguel,Banks,QA09425,6180605,KESTRA CONSULTING,5,NA,NOVA,REGIE,NO_TS_NA,90.63
Courtney,Nguyen,SI90416,4888679,KESTRA VENTURES,5,CONT OCEANIA,NOVA,RPS,CI02V0XVUWK4D1M,11.36
Courtney,Nguyen,SI90416,4888679,KESTRA VENTURES,5,CONT,NOVA,RPS,NO_TS_CONT,88.64
John,Barrera,DF05052,7603935,LUMEX TECH,5,LATAM EUROPE,ATLAS,FORFAIT,VV5234SQ55C6F44,9.38
John,Barrera,DF05052,7603935,LUMEX TECH,5,APAC,ATLAS,FORFAIT,NO_TS_APAC,90.63
Teresa,Ellis,FQ07628,7155996,HYRION DYNAMICS,5,LATAM AMERICA,PHOENIX,MAINTENANCE,WB5NIUHAPJ49649,13.64
Teresa,Ellis,FQ07628,7155996,HYRION DYNAMICS,5,EMEA,PHOENIX,MAINTENANCE,NO_TS_EMEA,86.36
Kristina,Martinez,ZF36903,4076317,JALVIK SYSTEMS,5,LATAM OCEANIA,VERTEX,RPS,PB46LZPHBGUQIOX,11.65
Kristina,Martinez,ZF36903,4076317,JALVIK SYSTEMS,5,MEA,VERTEX,RPS,NO_TS_MEA,88.35
Taylor,Hammond,MS14976,2309972,JALVIK VENTURES,5,LATAM EUROPE,STELLAR,SUPPORT,IPI0NZE0T5AXKLR,9.23
Taylor,Hammond,MS14976,2309972,JALVIK VENTURES,5,MEA,STELLAR,SUPPORT,NO_TS_MEA,90.77
Kevin,Murray,FG18499,8745341,LUMEX DIGITAL,5,APAC OCEANIA,STELLAR,FORFAIT,3RIEU6SEM70NRDY,10.37
Kevin,Murray,FG18499,8745341,LUMEX DIGITAL,5,NA,STELLAR,FORFAIT,NO_TS_NA,89.63
Joseph,Scott,DC91368,2817756,ETHOS VENTURES,5,LATAM MENA,ATLAS,FORFAIT,B0D21D2L98MC8RS,11.36
Joseph,Scott,DC91368,2817756,ETHOS VENTURES,5,NA,ATLAS,FORFAIT,NO_TS_NA,88.64
Matthew,Novak,FB04339,2579978,INOVA DIGITAL,5,MEA MENA,VERTEX,RPS,O1TG0BXTXFJQN7Z,13.64
Christopher,Morgan,CQ48453,7720726,JALVIK TECH,5,LATAM AFRICA,PHOENIX,FORFAIT,XLBVJDRZ4N2C656,11.36
Christopher,Morgan,CQ48453,7720726,JALVIK TECH,5,NA,PHOENIX,FORFAIT,NO_TS_NA,88.64
Dustin,Ramirez,VC12025,3536409,CENVEO DIGITAL,5,EMEA AMERICA,NOVA,RPS,09QC8BN310BLEF4,11.36
Dustin,Ramirez,VC12025,3536409,CENVEO DIGITAL,5,CONT,NOVA,RPS,NO_TS_CONT,88.64
Elaine,Miller,KR32699,6452943,BRYTON GROUP,5,EMEA OCEANIA,ORBIT,SUPPORT,ZYD2PLFHXAMR42P,9.38
Elaine,Miller,KR32699,6452943,BRYTON GROUP,5,EMEA,ORBIT,SUPPORT,NO_TS_EMEA,90.63
Kimberly,Brock,IO56291,9648696,GOLZEN GLOBAL,5,EMEA AFRICA,ATLAS,RPS,TAWT7XEIW2613Q6,7.39
April,Rogers,HW02834,4974184,FORVEX SOLUTIONS,5,NA EUROPE,VERTEX,RPS,JPPTK2ALF8YROR7,7.95
April,Rogers,HW02834,4974184,FORVEX SOLUTIONS,5,EMEA,VERTEX,RPS,NO_TS_EMEA,92.05
Jeremy,Vargas,OB46166,8401747,LUMEX DIGITAL,5,APAC OCEANIA,NEXUS,RPS,VPY1E4NC22RTYMM,10.23
Jeremy,Vargas,OB46166,8401747,LUMEX DIGITAL,5,APAC,NEXUS,RPS,NO_TS_APAC,89.77
Ray,Thomas,WW82339,5082345,KESTRA GLOBAL,5,EMEA MENA,ATLAS,RPS,TGEPEYF1JU0SGF5,6.96
Ray,Thomas,WW82339,5082345,KESTRA GLOBAL,5,APAC,ATLAS,RPS,NO_TS_APAC,93.04
Maria,Mcconnell,TJ84691,6809295,ETHOS SYSTEMS,5,CONT EUROPE,ORBIT,REGIE,N245LIQ9F0AFV9R,10.09
Valerie,Small,KK82317,5231683,BRYTON SOLUTIONS,5,APAC EUROPE,QUANTUM,MAINTENANCE,6WFSO6Q9HI1XUXF,10.51
Kathleen,Holloway,TX30827,8437675,GOLZEN VENTURES,5,CONT ASIA,PHOENIX,MAINTENANCE,MOVDCFEW5H7E5RB,11.65
Kathleen,Holloway,TX30827,8437675,GOLZEN VENTURES,5,LATAM,PHOENIX,MAINTENANCE,NO_TS_LATAM,88.35
Justin,Knight,ZA38348,7203704,GOLZEN VENTURES,5,LATAM AMERICA,PULSE,SUPPORT,AK6P5E6GY16G371,11.36
Austin,Chambers,XN32093,5030481,LUMEX GROUP,5,MEA AFRICA,ORBIT,MAINTENANCE,6YR0DBQ4YGVSR3C,9.09
Austin,Chambers,XN32093,5030481,LUMEX GROUP,5,NA,ORBIT,MAINTENANCE,NO_TS_NA,90.91
Andrea,Mooney,WY10961,1121731,BRYTON SYSTEMS,5,APAC ASIA,ORBIT,SUPPORT,LEJNDT3JCWRIUDS,9.52
Andrea,Mooney,WY10961,1121731,BRYTON SYSTEMS,5,NA,ORBIT,SUPPORT,NO_TS_NA,90.48
Ashley,Martinez,TR43723,3697137,ALCOR SYSTEMS,5,APAC OCEANIA,ORBIT,RPS,M1XLTX166ZJ8GHP,9.94
Ashley,Martinez,TR43723,3697137,ALCOR SYSTEMS,5,APAC,ORBIT,RPS,NO_TS_APAC,90.06
Connie,Becker,PJ65590,6759618,BRYTON SOLUTIONS,5,NA MENA,VERTEX,SUPPORT,98IQNDDSJ0P3WFL,13.64
Connie,Becker,PJ65590,6759618,BRYTON SOLUTIONS,5,NA,VERTEX,SUPPORT,NO_TS_NA,86.36
Manuel,Johnson,ZT97055,9189263,BRYTON DYNAMICS,5,MEA OCEANIA,PHOENIX,REGIE,5HGM4NYNEGV33YE,13.07
Manuel,Johnson,ZT97055,9189263,BRYTON DYNAMICS,5,MEA,PHOENIX,REGIE,NO_TS_MEA,86.93
Alison,Mitchell,SF34622,8997359,JALVIK DIGITAL,5,CONT ASIA,NOVA,REGIE,EYY2SSDFIWG2R74,7.53
Alison,Mitchell,SF34622,8997359,JALVIK DIGITAL,5,NA,NOVA,REGIE,NO_TS_NA,92.47
Benjamin,Sutton,ZI43964,9363805,DELVO GLOBAL,5,LATAM MENA,STELLAR,SUPPORT,RF7KI0ABUBGCLFD,7.39
Caleb,Gonzalez,CW70997,9394670,CENVEO TECH,5,APAC OCEANIA,ATLAS,MAINTENANCE,O0DKZGSVQM5F95V,12.07
Caleb,Gonzalez,CW70997,9394670,CENVEO TECH,5,LATAM,ATLAS,MAINTENANCE,NO_TS_LATAM,87.93
Pamela,Lindsey,AL93276,1819759,BRYTON TECH,5,CONT AFRICA,ORBIT,SUPPORT,2B7C1VH9ZCEPTKO,11.36
Pamela,Lindsey,AL93276,1819759,BRYTON TECH,5,CONT,ORBIT,SUPPORT,NO_TS_CONT,88.64
Randall,Aguilar,LG41520,6330324,BRYTON GROUP,5,MEA AMERICA,ATLAS,REGIE,JYY24WDGISM4RBF,11.36
Randall,Aguilar,LG41520,6330324,BRYTON GROUP,5,APAC,ATLAS,REGIE,NO_TS_APAC,88.64
Karl,Yates,LX71813,8527216,LUMEX SOLUTIONS,5,MEA MENA,NOVA,SUPPORT,5QPG5Y72YIV23FA,13.35
Karl,Yates,LX71813,8527216,LUMEX SOLUTIONS,5,NA,NOVA,SUPPORT,NO_TS_NA,86.65
Jasmine,Fisher,GK39960,9230632,GOLZEN TECH,5,APAC AFRICA,QUANTUM,SUPPORT,D4YN8O1IFJ11EOX,9.66
Jasmine,Fisher,GK39960,9230632,GOLZEN TECH,5,CONT,QUANTUM,SUPPORT,NO_TS_CONT,90.34
Catherine,Smith,RB19750,9717363,HYRION SOLUTIONS,5,LATAM EUROPE,PULSE,SUPPORT,92BB9N00QAQT3XA,13.64
Catherine,Smith,RB19750,9717363,HYRION SOLUTIONS,5,LATAM,PULSE,SUPPORT,NO_TS_LATAM,86.36
Chase,Acevedo,DO84339,7791529,FORVEX TECH,5,APAC OCEANIA,QUANTUM,REGIE,BRT3EST148N1TIC,10.8
Dennis,Mendez,GV06516,1444923,JALVIK TECH,5,MEA MENA,VERTEX,MAINTENANCE,FX65MWBEGYM3HF6,11.36
Dennis,Mendez,GV06516,1444923,JALVIK TECH,5,EMEA,VERTEX,MAINTENANCE,NO_TS_EMEA,88.64
Amy,Hatfield,ST67572,8698955,CENVEO DYNAMICS,5,LATAM EUROPE,VERTEX,SUPPORT,3WOFLKU3PG7X77F,13.64
Amy,Hatfield,ST67572,8698955,CENVEO DYNAMICS,5,LATAM,VERTEX,SUPPORT,NO_TS_LATAM,86.36
Donald,Turner,UZ12443,9510639,ETHOS DIGITAL,5,APAC AMERICA,PHOENIX,REGIE,TQB7T3W54M2H7C2,9.8
Donald,Turner,UZ12443,9510639,ETHOS DIGITAL,5,MEA,PHOENIX,REGIE,NO_TS_MEA,90.2
George,Gomez,YI79252,8599079,LUMEX DIGITAL,5,EMEA OCEANIA,NOVA,REGIE,C3OW76OW98H11KV,10.23
George,Gomez,YI79252,8599079,LUMEX DIGITAL,5,LATAM,NOVA,REGIE,NO_TS_LATAM,89.77
Charlene,Trujillo,ZE49101,3932238,FORVEX SOLUTIONS,5,NA ASIA,PHOENIX,FORFAIT,PJ86M78QXAAD3BN,9.94
Sherry,Wood,KS32029,4814979,KESTRA CONSULTING,5,NA ASIA,QUANTUM,MAINTENANCE,TTASK4669R3INJ6,10.37
Sherry,Wood,KS32029,4814979,KESTRA CONSULTING,5,MEA,QUANTUM,MAINTENANCE,NO_TS_MEA,89.63
Courtney,Mason,IU80750,2733498,GOLZEN SYSTEMS,5,MEA MENA,NOVA,MAINTENANCE,057XYKUQ2MAOF4F,12.5
Karen,Perry,AN33883,1437565,JALVIK VENTURES,5,APAC EUROPE,PHOENIX,MAINTENANCE,I465R54ATVF27FK,8.24
Karen,Perry,AN33883,1437565,JALVIK VENTURES,5,EMEA,PHOENIX,MAINTENANCE,NO_TS_EMEA,91.76
Laura,Moore,NA78737,5282527,CENVEO GLOBAL,5,CONT ASIA,VERTEX,RPS,HCQ0024DCJY4N95,11.22
Laura,Moore,NA78737,5282527,CENVEO GLOBAL,5,LATAM,VERTEX,RPS,NO_TS_LATAM,88.78
Sabrina,Hicks,PA84270,3704476,FORVEX TECH,5,MEA AMERICA,QUANTUM,REGIE,14X2DBXDNPTYJW8,9.66
Sabrina,Hicks,PA84270,3704476,FORVEX TECH,5,CONT,QUANTUM,REGIE,NO_TS_CONT,90.34
Richard,Brennan,ZM19357,5616522,DELVO TECH,5,EMEA EUROPE,NEXUS,MAINTENANCE,24DU1WPD2K4U6R4,12.22
Richard,Brennan,ZM19357,5616522,DELVO TECH,5,APAC,NEXUS,MAINTENANCE,NO_TS_APAC,87.78
Brandon,Keller,PH78162,2254516,CENVEO GLOBAL,5,CONT OCEANIA,NOVA,MAINTENANCE,CTZMVIWI2C2M1J0,12.22
Colton,Wang,OI22390,3901543,LUMEX CONSULTING,5,EMEA EUROPE,QUANTUM,FORFAIT,5HFUM20YTE9M1AS,12.5
Colton,Wang,OI22390,3901543,LUMEX CONSULTING,5,MEA,QUANTUM,FORFAIT,NO_TS_MEA,87.5
Daniel,Thornton,KN89438,5691936,HYRION GLOBAL,5,EMEA EUROPE,NOVA,SUPPORT,844ESZAHBBA86IY,7.95
Daniel,Thornton,KN89438,5691936,HYRION GLOBAL,5,LATAM,NOVA,SUPPORT,NO_TS_LATAM,92.05
Calvin,Daniels,CZ77400,3846883,BRYTON CONSULTING,5,NA OCEANIA,VERTEX,SUPPORT,LUG8RMGC9YLODC9,13.64
Calvin,Daniels,CZ77400,3846883,BRYTON CONSULTING,5,EMEA,VERTEX,SUPPORT,NO_TS_EMEA,86.36
Patricia,Rose,LU79257,9566660,GOLZEN SOLUTIONS,5,NA MENA,STELLAR,RPS,SFHR2GR5X98QXOV,7.39
Patricia,Rose,LU79257,9566660,GOLZEN SOLUTIONS,5,APAC,STELLAR,RPS,NO_TS_APAC,92.61
Frank,Massey,ZD84130,4903734,ALCOR GROUP,5,EMEA EUROPE,ATLAS,MAINTENANCE,3FYY24MLD7501YW,8.24
Frank,Massey,ZD84130,4903734,ALCOR GROUP,5,APAC,ATLAS,MAINTENANCE,NO_TS_APAC,91.76
Michelle,Hernandez,CX04210,4763144,FORVEX GROUP,5,MEA AFRICA,STELLAR,FORFAIT,XA38A527H0SOS6X,6.25
Michelle,Hernandez,CX04210,4763144,FORVEX GROUP,5,CONT,STELLAR,FORFAIT,NO_TS_CONT,93.75
Michelle,Nichols,IS51557,8094990,ALCOR TECH,5,APAC ASIA,NOVA,SUPPORT,HXYU7WLF4VENOAU,13.64
Michelle,Nichols,IS51557,8094990,ALCOR TECH,5,LATAM,NOVA,SUPPORT,NO_TS_LATAM,86.36
Peter,Atkins,VB97624,1958189,INOVA TECH,5,LATAM OCEANIA,ATLAS,RPS,G366416LRPLLPMV,10.8
Peter,Atkins,VB97624,1958189,INOVA TECH,5,LATAM,ATLAS,RPS,NO_TS_LATAM,89.2
Joshua,Bryan,JG07762,1657143,ETHOS DYNAMICS,5,APAC MENA,STELLAR,SUPPORT,3465NSBR0UUJ3R1,12.5
Joshua,Bryan,JG07762,1657143,ETHOS DYNAMICS,5,LATAM,STELLAR,SUPPORT,NO_TS_LATAM,87.5
Teresa,Munoz,BN58346,1394384,FORVEX DYNAMICS,5,CONT EUROPE,NEXUS,RPS,OG8YTEUE0E8B3UI,11.22
Teresa,Munoz,BN58346,1394384,FORVEX DYNAMICS,5,APAC,NEXUS,RPS,NO_TS_APAC,88.78
Katherine,Chung,SR27632,6767947,KESTRA SOLUTIONS,5,APAC MENA,NOVA,RPS,9M7CG60JHDZT3RH,9.52
Katherine,Chung,SR27632,6767947,KESTRA SOLUTIONS,5,LATAM,NOVA,RPS,NO_TS_LATAM,90.48
Jeffrey,Mueller,JW12908,8348977,ETHOS CONSULTING,5,EMEA OCEANIA,QUANTUM,REGIE,KPGQMBBVNWNEK1L,11.65
Adrienne,Estrada,OY49651,3639278,BRYTON TECH,5,CONT AFRICA,PULSE,MAINTENANCE,CIHXWQGZD5WWLXK,11.93
Adrienne,Estrada,OY49651,3639278,BRYTON TECH,5,MEA,PULSE,MAINTENANCE,NO_TS_MEA,88.07
Carolyn,Duran,FS91229,1544806,DELVO DYNAMICS,5,CONT OCEANIA,STELLAR,MAINTENANCE,LCX5IHDP01VEAZQ,10.8
Mary,Perez,VK41696,1926587,FORVEX GROUP,5,CONT EUROPE,NOVA,MAINTENANCE,SKHKHR16MKRW03W,7.5
Mary,Perez,VK41696,1926587,FORVEX GROUP,5,APAC,NOVA,MAINTENANCE,NO_TS_APAC,92.5
Bryan,Henry,BX37906,4061823,KESTRA GLOBAL,5,APAC MENA,PHOENIX,MAINTENANCE,Z45U6YG8NLH4XUD,14.77
Bryan,Henry,BX37906,4061823,KESTRA GLOBAL,5,APAC,PHOENIX,MAINTENANCE,NO_TS_APAC,85.23
Bradley,Jenkins,NS84408,8519580,INOVA SYSTEMS,5,APAC AFRICA,PHOENIX,REGIE,2P8K6QSSJA8Y7ZR,6.96
Bradley,Jenkins,NS84408,8519580,INOVA SYSTEMS,5,APAC,PHOENIX,REGIE,NO_TS_APAC,93.04
Katherine,Dillon,CM92468,3619546,JALVIK GROUP,5,EMEA EUROPE,PHOENIX,REGIE,W1KGHNM9BK55BL8,12.5
Katherine,Dillon,CM92468,3619546,JALVIK GROUP,5,EMEA,PHOENIX,REGIE,NO_TS_EMEA,87.5
Christopher,Mckenzie,OV43833,9896773,ALCOR GROUP,5,APAC MENA,ATLAS,SUPPORT,HG2C1W6RSP1IT1P,11.36
John,Bailey,FR72748,3901693,FORVEX TECH,5,EMEA ASIA,ATLAS,SUPPORT,LFT23KMI4AZRMFC,14.2
John,Bailey,FR72748,3901693,FORVEX TECH,5,CONT,ATLAS,SUPPORT,NO_TS_CONT,85.8
Jennifer,Lee,EX91145,8096799,BRYTON SOLUTIONS,5,APAC AFRICA,STELLAR,MAINTENANCE,3U3X33G8LZ37I2N,13.64
Jennifer,Lee,EX91145,8096799,BRYTON SOLUTIONS,5,MEA,STELLAR,MAINTENANCE,NO_TS_MEA,86.36
Jonathan,Ferguson,HS72813,8714455,HYRION SOLUTIONS,5,NA AFRICA,QUANTUM,REGIE,6TQWQQN64HCBJRZ,9.66
Jonathan,Ferguson,HS72813,8714455,HYRION SOLUTIONS,5,CONT,QUANTUM,REGIE,NO_TS_CONT,90.34
James,Adams,YY99112,7371391,ALCOR TECH,5,LATAM EUROPE,NOVA,FORFAIT,LNEQ4VU5B9A9S24,12.36
Timothy,Smith,TP40861,3259915,HYRION CONSULTING,5,EMEA EUROPE,QUANTUM,SUPPORT,8C4WLBSJ92K0MG7,11.36
Timothy,Smith,TP40861,3259915,HYRION CONSULTING,5,LATAM,QUANTUM,SUPPORT,NO_TS_LATAM,88.64
Susan,Martin,KU64355,1224287,HYRION DYNAMICS,5,CONT ASIA,PHOENIX,MAINTENANCE,MFDJ4O4ZMU2YCP1,12.64
Jamie,Perez,LL14281,7623949,CENVEO SOLUTIONS,5,MEA AMERICA,STELLAR,MAINTENANCE,XVUWR8JFEFJV74J,15.91
Jamie,Perez,LL14281,7623949,CENVEO SOLUTIONS,5,EMEA,STELLAR,MAINTENANCE,NO_TS_EMEA,84.09
David,Blackwell,WE72044,7751569,FORVEX DIGITAL,5,CONT AFRICA,ATLAS,REGIE,WLO5IDOHH1631I3,12.78
David,Blackwell,WE72044,7751569,FORVEX DIGITAL,5,NA,ATLAS,REGIE,NO_TS_NA,87.22
Jennifer,Richards,OM56698,5515938,BRYTON TECH,5,CONT AMERICA,NOVA,SUPPORT,N1QL19K9SK54JFY,11.65
Jennifer,Richards,OM56698,5515938,BRYTON TECH,5,NA,NOVA,SUPPORT,NO_TS_NA,88.35
Tina,Fuller,YV64776,2612266,KESTRA GLOBAL,5,LATAM EUROPE,ATLAS,REGIE,YX3LP1KSKSJICQ6,9.66
Sarah,Adams,BQ00002,3879787,ALCOR SYSTEMS,5,LATAM AMERICA,STELLAR,MAINTENANCE,A5XMRW4R6JFV8P5,12.22
Sarah,Adams,BQ00002,3879787,ALCOR SYSTEMS,5,APAC,STELLAR,MAINTENANCE,NO_TS_APAC,87.78
Leslie,Mcdaniel,OL31790,6298665,CENVEO SOLUTIONS,5,LATAM AMERICA,ORBIT,SUPPORT,ELA3X3153X9P6AR,10.23
Leslie,Mcdaniel,OL31790,6298665,CENVEO SOLUTIONS,5,LATAM,ORBIT,SUPPORT,NO_TS_LATAM,89.77
Vanessa,Cherry,BP45309,3944258,HYRION SOLUTIONS,5,APAC AMERICA,PULSE,MAINTENANCE,CJ02ZCXW2IF5BEJ,12.5
Vanessa,Cherry,BP45309,3944258,HYRION SOLUTIONS,5,NA,PULSE,MAINTENANCE,NO_TS_NA,87.5
Scott,Robinson,OZ26362,6108687,GOLZEN GLOBAL,5,EMEA AMERICA,NOVA,SUPPORT,GNIGA9DOZ1EMN4T,13.64
Scott,Robinson,OZ26362,6108687,GOLZEN GLOBAL,5,NA,NOVA,SUPPORT,NO_TS_NA,86.36
Ann,Gonzales,BM10947,9396680,DELVO TECH,5,NA EUROPE,STELLAR,REGIE,7NZER5MV5CFWQJQ,9.94
Benjamin,Thompson,BF75257,7797226,FORVEX DIGITAL,5,CONT MENA,PHOENIX,RPS,EJLIW3LW8TBI2WY,13.64
Joyce,Dickerson,JJ01663,6268380,GOLZEN DIGITAL,5,MEA EUROPE,ATLAS,MAINTENANCE,C046DXGQ5LY6GTL,16.48
Joyce,Dickerson,JJ01663,6268380,GOLZEN DIGITAL,5,APAC,ATLAS,MAINTENANCE,NO_TS_APAC,83.52
Andrea,Jackson,BY76945,7941936,BRYTON DIGITAL,5,EMEA EUROPE,PULSE,FORFAIT,BP3RKNYE9SGER2H,9.8
Andrea,Jackson,BY76945,7941936,BRYTON DIGITAL,5,EMEA,PULSE,FORFAIT,NO_TS_EMEA,90.2
Alexander,Cannon,UU93555,9882056,INOVA SOLUTIONS,5,MEA MENA,NOVA,SUPPORT,6B6S23UJ4KX2OE9,11.93
Alexander,Cannon,UU93555,9882056,INOVA SOLUTIONS,5,MEA,NOVA,SUPPORT,NO_TS_MEA,88.07
Ashley,Morris,RS11055,8214407,BRYTON SYSTEMS,5,EMEA OCEANIA,NOVA,RPS,8QKZHC9XI6R5NV7,14.2
Ashley,Morris,RS11055,8214407,BRYTON SYSTEMS,5,CONT,NOVA,RPS,NO_TS_CONT,85.8
Stephanie,Gould,FA83737,9798075,BRYTON TECH,5,EMEA MENA,PULSE,MAINTENANCE,38DT6U7PQVSDY3X,7.14
Stephanie,Gould,FA83737,9798075,BRYTON TECH,5,NA,PULSE,MAINTENANCE,NO_TS_NA,92.86
Veronica,Wilson,GB52472,3784964,ETHOS SYSTEMS,5,NA AMERICA,NOVA,SUPPORT,ML0QB2O8IUNRCQ7,13.64
Nicole,Stone,SR58769,5774852,INOVA DIGITAL,5,CONT OCEANIA,STELLAR,MAINTENANCE,4KZXVD5501DN53N,10.51
Nicole,Stone,SR58769,5774852,INOVA DIGITAL,5,EMEA,STELLAR,MAINTENANCE,NO_TS_EMEA,89.49
Brandon,Moore,YS94562,5807638,HYRION VENTURES,5,APAC MENA,NEXUS,SUPPORT,DLEK1CX4BB2ZY66,7.1
Desiree,Harris,UT64161,5118596,ALCOR SOLUTIONS,5,MEA AFRICA,STELLAR,SUPPORT,QK5W107O7FP85BV,11.36
Desiree,Harris,UT64161,5118596,ALCOR SOLUTIONS,5,NA,STELLAR,SUPPORT,NO_TS_NA,88.64
Gloria,Clark,QI48423,2371597,ETHOS DYNAMICS,5,LATAM ASIA,NEXUS,REGIE,TC4K0MQIEA01ZZZ,9.66
Gloria,Clark,QI48423,2371597,ETHOS DYNAMICS,5,APAC,NEXUS,REGIE,NO_TS_APAC,90.34
Christopher,Williams,LL53874,4432810,INOVA CONSULTING,5,EMEA ASIA,PULSE,MAINTENANCE,VQT02JIM8V8RMRX,8.52
Christopher,Williams,LL53874,4432810,INOVA CONSULTING,5,NA,PULSE,MAINTENANCE,NO_TS_NA,91.48
William,Fuller,QJ19265,1205461,FORVEX TECH,5,NA ASIA,NEXUS,REGIE,BVEURHBGXA628NB,12.22
William,Fuller,QJ19265,1205461,FORVEX TECH,5,EMEA,NEXUS,REGIE,NO_TS_EMEA,87.78
Anne,Patel,WI68024,4807557,CENVEO SOLUTIONS,5,LATAM AFRICA,ORBIT,MAINTENANCE,B9WXR35W3MRKD90,12.5
Anne,Patel,WI68024,4807557,CENVEO SOLUTIONS,5,MEA,ORBIT,MAINTENANCE,NO_TS_MEA,87.5
Thomas,Brewer,ZS13999,7859298,KESTRA DYNAMICS,5,MEA OCEANIA,PULSE,MAINTENANCE,7D9YBPIRGWZVNJX,11.79
Thomas,Brewer,ZS13999,7859298,KESTRA DYNAMICS,5,APAC,PULSE,MAINTENANCE,NO_TS_APAC,88.21
Lauren,Sanders,BN24935,1657708,GOLZEN SYSTEMS,5,EMEA AMERICA,ORBIT,FORFAIT,M1IV2DGI0BW6BTB,11.36
Teresa,Stevens,AP09148,6677841,DELVO VENTURES,5,CONT MENA,NOVA,REGIE,8JS91S6U4FXRH29,10.23
Teresa,Stevens,AP09148,6677841,DELVO VENTURES,5,APAC,NOVA,REGIE,NO_TS_APAC,89.77
Luis,Pierce,ZA10885,7016730,ALCOR GLOBAL,5,LATAM EUROPE,ORBIT,MAINTENANCE,K8XMJ1JYM49FKDK,11.93
James,Hale,LC34221,2050527,BRYTON GROUP,5,APAC AFRICA,ATLAS,RPS,HVX78U587TE583V,14.91
James,Hale,LC34221,2050527,BRYTON GROUP,5,MEA,ATLAS,RPS,NO_TS_MEA,85.09
Tamara,Roberts,YX92205,7134957,ALCOR DIGITAL,5,LATAM ASIA,NEXUS,SUPPORT,DA17Z8MJ7MI77XS,9.23
Tamara,Roberts,YX92205,7134957,ALCOR DIGITAL,5,LATAM,NEXUS,SUPPORT,NO_TS_LATAM,90.77
Melanie,Robinson,FE01768,9398364,LUMEX CONSULTING,5,MEA AMERICA,PHOENIX,FORFAIT,HY785H971TS3KX3,11.93
Melanie,Robinson,FE01768,9398364,LUMEX CONSULTING,5,EMEA,PHOENIX,FORFAIT,NO_TS_EMEA,88.07
Abigail,Adams,RO06346,7749179,BRYTON GROUP,5,EMEA OCEANIA,ATLAS,FORFAIT,7CWEB7EWHPLY0E1,9.8
Abigail,Adams,RO06346,7749179,BRYTON GROUP,5,APAC,ATLAS,FORFAIT,NO_TS_APAC,90.2
Jennifer,Sheppard,GK80169,4012747,CENVEO TECH,5,CONT EUROPE,VERTEX,FORFAIT,GRGZXFQ0BNFC9Z6,7.67
Jennifer,Sheppard,GK80169,4012747,CENVEO TECH,5,APAC,VERTEX,FORFAIT,NO_TS_APAC,92.33
Kimberly,Lewis,NM21127,2297729,BRYTON DIGITAL,5,EMEA AFRICA,ATLAS,RPS,Y4JXSMPF8UHEJSS,11.36
Kimberly,Lewis,NM21127,2297729,BRYTON DIGITAL,5,NA,ATLAS,RPS,NO_TS_NA,88.64
Matthew,Richardson,BD87015,3524537,HYRION CONSULTING,5,MEA MENA,PHOENIX,FORFAIT,SL1TOO9P4DAQ9BV,14.77
John,Castillo,BU54549,7263735,INOVA TECH,5,MEA MENA,VERTEX,FORFAIT,31XEL8OB77QZ1OL,11.51
John,Castillo,BU54549,7263735,INOVA TECH,5,MEA,VERTEX,FORFAIT,NO_TS_MEA,88.49
Anne,Pugh,WT55538,3127731,HYRION DIGITAL,5,EMEA AFRICA,ATLAS,REGIE,D5KVZMO88KCDTW1,10.23
Anne,Pugh,WT55538,3127731,HYRION DIGITAL,5,CONT,ATLAS,REGIE,NO_TS_CONT,89.77
Mary,Rivera,UY10631,1533008,LUMEX SOLUTIONS,5,NA AMERICA,ORBIT,MAINTENANCE,WPGBC0TP8YRZAYO,8.52
Mary,Rivera,UY10631,1533008,LUMEX SOLUTIONS,5,EMEA,ORBIT,MAINTENANCE,NO_TS_EMEA,91.48
Nicholas,Taylor,EF95267,8611525,FORVEX VENTURES,5,APAC OCEANIA,NEXUS,MAINTENANCE,AQ49V6QOSYM014S,14.2
Scott,Keith,BT02267,6845615,CENVEO DYNAMICS,5,NA EUROPE,QUANTUM,SUPPORT,S2UXGCSO4YEY3DC,9.94
Scott,Keith,BT02267,6845615,CENVEO DYNAMICS,5,MEA,QUANTUM,SUPPORT,NO_TS_MEA,90.06
Lori,Shields,RI66283,2727697,ALCOR GROUP,5,NA ASIA,ORBIT,REGIE,CUQRW7TTC12MRHR,7.95
Lori,Shields,RI66283,2727697,ALCOR GROUP,5,LATAM,ORBIT,REGIE,NO_TS_LATAM,92.05
Jennifer,Stewart,UF61912,6537602,ETHOS SYSTEMS,5,MEA OCEANIA,VERTEX,MAINTENANCE,YZTV3PL58W9HRPR,10.23
Samantha,Padilla,FR42883,8161751,KESTRA DYNAMICS,5,NA OCEANIA,QUANTUM,REGIE,NEWB09U7TKYK8L2,9.38
Samantha,Padilla,FR42883,8161751,KESTRA DYNAMICS,5,APAC,QUANTUM,REGIE,NO_TS_APAC,90.63
Derek,Jones,YM64351,8523069,BRYTON SYSTEMS,5,NA OCEANIA,ATLAS,MAINTENANCE,Y0SQBPRJOK7QV3R,10.8
Derek,Jones,YM64351,8523069,BRYTON SYSTEMS,5,APAC,ATLAS,MAINTENANCE,NO_TS_APAC,89.2
Daniel,Hall,NG29511,9090259,HYRION DYNAMICS,5,CONT EUROPE,STELLAR,REGIE,MNAY5W5CNIYZD6O,13.64
Mike,Wolf,DL72604,6789829,INOVA VENTURES,5,MEA OCEANIA,VERTEX,FORFAIT,O4XT9KKT52A4M58,8.38
Mike,Wolf,DL72604,6789829,INOVA VENTURES,5,LATAM,VERTEX,FORFAIT,NO_TS_LATAM,91.62
Peter,Bell,TH71079,9472343,KESTRA SYSTEMS,5,CONT OCEANIA,ATLAS,REGIE,CDDWGRPG26PG4D2,11.65
Peter,Bell,TH71079,9472343,KESTRA SYSTEMS,5,EMEA,ATLAS,REGIE,NO_TS_EMEA,88.35
Andrew,Rodriguez,HI76551,5559929,ETHOS DYNAMICS,5,EMEA OCEANIA,PULSE,FORFAIT,VSV62V4R5U0UKOO,8.95
Andrew,Rodriguez,HI76551,5559929,ETHOS DYNAMICS,5,MEA,PULSE,FORFAIT,NO_TS_MEA,91.05
Susan,Anderson,QX88709,7550357,CENVEO SOLUTIONS,5,NA MENA,NEXUS,RPS,B7WXD6CMYCI3TYS,7.1
Susan,Anderson,QX88709,7550357,CENVEO SOLUTIONS,5,LATAM,NEXUS,RPS,NO_TS_LATAM,92.9
Cynthia,Adams,VV86653,7894641,KESTRA SYSTEMS,5,EMEA AMERICA,VERTEX,REGIE,V2P6ELRY2DPVSN2,11.36
Cynthia,Adams,VV86653,7894641,KESTRA SYSTEMS,5,APAC,VERTEX,REGIE,NO_TS_APAC,88.64
Ian,Wilkerson,QE39331,8221237,JALVIK CONSULTING,5,MEA AFRICA,ORBIT,SUPPORT,ZEY45CHIVLOEW6M,13.64
Ian,Wilkerson,QE39331,8221237,JALVIK CONSULTING,5,LATAM,ORBIT,SUPPORT,NO_TS_LATAM,86.36
Colin,Wu,BE63904,5902044,INOVA VENTURES,5,MEA ASIA,STELLAR,RPS,7DHKYPJMJOKAY3V,5.54
Colin,Wu,BE63904,5902044,INOVA VENTURES,5,CONT,STELLAR,RPS,NO_TS_CONT,94.46
Timothy,Carson,WN09285,1715948,KESTRA SYSTEMS,5,NA EUROPE,ORBIT,SUPPORT,56C5YDI19M9C4U3,13.64
Kimberly,Jones,RF35974,9293696,DELVO DIGITAL,5,CONT AFRICA,STELLAR,REGIE,W7Y5TOP8FA1C7VU,11.36
James,Nelson,OV28290,4907979,FORVEX TECH,5,APAC OCEANIA,STELLAR,SUPPORT,RYW0RVJVPVN5UR8,10.8
Laura,Burns,DB88355,4267657,JALVIK SOLUTIONS,5,EMEA OCEANIA,STELLAR,FORFAIT,MBR14B2EYIP4FI0,9.09
Laura,Burns,DB88355,4267657,JALVIK SOLUTIONS,5,NA,STELLAR,FORFAIT,NO_TS_NA,90.91
Allison,Thompson,RK36739,4380095,GOLZEN TECH,5,MEA MENA,PULSE,FORFAIT,BBDPZ7IBN39UL4Q,14.77
Allison,Thompson,RK36739,4380095,GOLZEN TECH,5,NA,PULSE,FORFAIT,NO_TS_NA,85.23
Chad,Gordon,TC29213,4038408,CENVEO CONSULTING,5,LATAM MENA,NOVA,SUPPORT,DMRSV8QGI8ZAI0Z,16.19
Chad,Gordon,TC29213,4038408,CENVEO CONSULTING,5,EMEA,NOVA,SUPPORT,NO_TS_EMEA,83.81
Mary,Dominguez,WK69613,6650924,ETHOS DYNAMICS,5,CONT ASIA,ORBIT,FORFAIT,QIMQ02SRNS3OBUD,10.37
Mary,Dominguez,WK69613,6650924,ETHOS DYNAMICS,5,APAC,ORBIT,FORFAIT,NO_TS_APAC,89.63
Charles,Klein,UI94715,3768403,HYRION GROUP,5,CONT EUROPE,VERTEX,RPS,JUD231QBIWLLQVP,8.24
Charles,Klein,UI94715,3768403,HYRION GROUP,5,EMEA,VERTEX,RPS,NO_TS_EMEA,91.76
Nathan,Thompson,TK78201,6536653,CENVEO TECH,5,CONT EUROPE,PULSE,REGIE,5H14KIHCPVW0WZM,9.94
Meghan,Day,SV97661,6623509,BRYTON GROUP,5,APAC ASIA,VERTEX,MAINTENANCE,AC6G9199DY55U5Z,11.65
Tamara,Roach,MM71522,3582992,BRYTON VENTURES,5,EMEA AMERICA,NEXUS,RPS,8D5ZR994P993H64,11.93
Tamara,Roach,MM71522,3582992,BRYTON VENTURES,5,MEA,NEXUS,RPS,NO_TS_MEA,88.07
Felicia,Mcconnell,LE87004,7375902,INOVA CONSULTING,5,MEA EUROPE,PULSE,REGIE,DKX4WCFK7DVQ5OZ,14.2
Felicia,Mcconnell,LE87004,7375902,INOVA CONSULTING,5,LATAM,PULSE,REGIE,NO_TS_LATAM,85.8
Randall,Gonzales,YI56562,7876841,DELVO VENTURES,5,MEA MENA,PULSE,RPS,E40FFX35W4DUS8O,9.09
Randall,Gonzales,YI56562,7876841,DELVO VENTURES,5,LATAM,PULSE,RPS,NO_TS_LATAM,90.91
Kimberly,Hurley,HT11296,1822974,LUMEX SYSTEMS,5,LATAM OCEANIA,VERTEX,REGIE,ANBB4VBWMIDBSUO,11.36
Kimberly,Hurley,HT11296,1822974,LUMEX SYSTEMS,5,NA,VERTEX,REGIE,NO_TS_NA,88.64
Tracy,Hall,FD78931,2125058,BRYTON GLOBAL,5,EMEA ASIA,NEXUS,RPS,NLK83Y6PVE7WL40,13.64
Tracy,Hall,FD78931,2125058,BRYTON GLOBAL,5,APAC,NEXUS,RPS,NO_TS_APAC,86.36
Alexandra,Brooks,DY18632,3117060,ETHOS VENTURES,5,CONT ASIA,PHOENIX,FORFAIT,R20VQ3QEJXQX6XW,10.23
Amanda,Espinoza,OF67121,6098816,DELVO SOLUTIONS,5,CONT OCEANIA,STELLAR,REGIE,UD0EZTH3EDYSJKQ,9.09
Amanda,Espinoza,OF67121,6098816,DELVO SOLUTIONS,5,LATAM,STELLAR,REGIE,NO_TS_LATAM,90.91
Gregory,Perez,ML85121,6583312,ALCOR DIGITAL,5,LATAM EUROPE,PHOENIX,REGIE,8DOS4BZ9F32607Q,12.5
Gregory,Perez,ML85121,6583312,ALCOR DIGITAL,5,APAC,PHOENIX,REGIE,NO_TS_APAC,87.5
Anna,Obrien,SH45624,3477724,BRYTON DYNAMICS,5,APAC AMERICA,STELLAR,RPS,16O35ATWNGHFENC,13.07
Anna,Obrien,SH45624,3477724,BRYTON DYNAMICS,5,EMEA,STELLAR,RPS,NO_TS_EMEA,86.93
Holly,Hines,VG13472,7517590,FORVEX GLOBAL,5,EMEA MENA,PULSE,MAINTENANCE,8CJP9IWGI5EMHKE,11.36
Taylor,Liu,VA65547,2891556,GOLZEN DIGITAL,5,EMEA OCEANIA,NEXUS,RPS,ZC97YFWMWSMTO55,11.93
Taylor,Liu,VA65547,2891556,GOLZEN DIGITAL,5,APAC,NEXUS,RPS,NO_TS_APAC,88.07
Melissa,Logan,FI30473,7251164,ETHOS DIGITAL,5,LATAM MENA,ATLAS,MAINTENANCE,XVK6TBVBWVVAE6R,13.49
Allen,Ingram,CP76432,4872822,ETHOS CONSULTING,5,APAC OCEANIA,ORBIT,MAINTENANCE,SL1V3XGSET19ZYF,6.96
Allen,Ingram,CP76432,4872822,ETHOS CONSULTING,5,MEA,ORBIT,MAINTENANCE,NO_TS_MEA,93.04
Teresa,Taylor,XZ02798,4116616,ALCOR TECH,5,LATAM MENA,ORBIT,REGIE,8S0NVTX08N6GCF5,11.36
Teresa,Taylor,XZ02798,4116616,ALCOR TECH,5,APAC,ORBIT,REGIE,NO_TS_APAC,88.64
Cathy,Perkins,MT46784,2586525,ETHOS VENTURES,5,NA EUROPE,NOVA,MAINTENANCE,TW64X8ENUUQZJPV,9.66
Cathy,Perkins,MT46784,2586525,ETHOS VENTURES,5,LATAM,NOVA,MAINTENANCE,NO_TS_LATAM,90.34
Megan,Cox,YM66969,2515717,INOVA CONSULTING,5,MEA AMERICA,ORBIT,REGIE,ETE881VYSZN0DK5,12.78
Megan,Cox,YM66969,2515717,INOVA CONSULTING,5,NA,ORBIT,REGIE,NO_TS_NA,87.22
Lauren,Harvey,FH95509,4692065,ALCOR SYSTEMS,5,NA AMERICA,PULSE,MAINTENANCE,KKGGW0V3KF21MPI,9.09
Lauren,Harvey,FH95509,4692065,ALCOR SYSTEMS,5,CONT,PULSE,MAINTENANCE,NO_TS_CONT,90.91
Amanda,Murray,LZ09723,7721043,ALCOR SOLUTIONS,5,CONT ASIA,NEXUS,REGIE,7ECKR4M2PLVYUDC,7.53
Amanda,Murray,LZ09723,7721043,ALCOR SOLUTIONS,5,LATAM,NEXUS,REGIE,NO_TS_LATAM,92.47
David,Fox,HQ59955,2659050,ETHOS SYSTEMS,5,LATAM AFRICA,VERTEX,RPS,8RP7I4YHZVOQMR3,10.23
David,Fox,HQ59955,2659050,ETHOS SYSTEMS,5,MEA,VERTEX,RPS,NO_TS_MEA,89.77
Olivia,Gibson,JG20796,3400991,JALVIK SYSTEMS,5,EMEA MENA,NOVA,RPS,EPW6IEZGOXE5CHG,10.51
Olivia,Gibson,JG20796,3400991,JALVIK SYSTEMS,5,NA,NOVA,RPS,NO_TS_NA,89.49
Michael,Crosby,JU40337,6047728,ETHOS DIGITAL,5,MEA MENA,STELLAR,REGIE,FYX7FKVCA9SWZ09,10.23
Michael,Crosby,JU40337,6047728,ETHOS DIGITAL,5,APAC,STELLAR,REGIE,NO_TS_APAC,89.77
Norma,Martinez,MQ07137,4165238,JALVIK SOLUTIONS,5,APAC ASIA,PULSE,SUPPORT,Y1U10IXYFE0P8XL,13.64
Melissa,Walker,JQ70828,1060332,FORVEX GLOBAL,5,EMEA EUROPE,VERTEX,SUPPORT,4QIYLLCJSV55NLD,10.09
Melissa,Walker,JQ70828,1060332,FORVEX GLOBAL,5,CONT,VERTEX,SUPPORT,NO_TS_CONT,89.91
Gerald,Martinez,XW02646,6108949,GOLZEN TECH,5,NA EUROPE,VERTEX,REGIE,GVC5P7GT03MFRMN,9.94
Gerald,Martinez,XW02646,6108949,GOLZEN TECH,5,LATAM,VERTEX,REGIE,NO_TS_LATAM,90.06
Crystal,Higgins,CB90674,4035245,LUMEX CONSULTING,5,MEA OCEANIA,PHOENIX,RPS,44N4A943GX574Y4,11.51
Crystal,Higgins,CB90674,4035245,LUMEX CONSULTING,5,CONT,PHOENIX,RPS,NO_TS_CONT,88.49
Frances,Burch,VA70043,2525517,JALVIK TECH,5,CONT ASIA,QUANTUM,REGIE,40PG6P658PN9Z7X,12.5
Sara,Jacobson,DW06297,6220158,GOLZEN CONSULTING,5,APAC EUROPE,PULSE,RPS,A7Z5IOUIMOXBCWY,11.36
Sara,Jacobson,DW06297,6220158,GOLZEN CONSULTING,5,EMEA,PULSE,RPS,NO_TS_EMEA,88.64
Richard,Browning,DD87370,7065546,INOVA GLOBAL,5,MEA AFRICA,QUANTUM,MAINTENANCE,19FSF9LTJOWHWCL,12.5
Richard,Browning,DD87370,7065546,INOVA GLOBAL,5,MEA,QUANTUM,MAINTENANCE,NO_TS_MEA,87.5
Bryan,Daniel,LV10688,6049537,INOVA TECH,5,APAC ASIA,QUANTUM,REGIE,7TJMO8A1T8CQ42O,11.36
Theodore,Williams,PI32157,3774128,GOLZEN SYSTEMS,5,LATAM AMERICA,STELLAR,FORFAIT,0CLUVU31SSJF0BN,9.52
Theodore,Williams,PI32157,3774128,GOLZEN SYSTEMS,5,MEA,STELLAR,FORFAIT,NO_TS_MEA,90.48
Matthew,Johnston,UP23422,6135615,CENVEO SOLUTIONS,5,MEA OCEANIA,VERTEX,REGIE,ZAYJMKTKQN3W5LO,7.1
Matthew,Johnston,UP23422,6135615,CENVEO SOLUTIONS,5,APAC,VERTEX,REGIE,NO_TS_APAC,92.9
Rachel,Baker,VL35276,6278086,JALVIK VENTURES,5,APAC AFRICA,ATLAS,RPS,OT0YPN2ILENB3DP,10.09
Jennifer,Leach,YD73562,5420109,GOLZEN TECH,5,APAC AMERICA,ORBIT,MAINTENANCE,KSKZML4AH0P1RJ5,12.5
Jennifer,Leach,YD73562,5420109,GOLZEN TECH,5,EMEA,ORBIT,MAINTENANCE,NO_TS_EMEA,87.5
Shelby,King,NL67255,7348661,GOLZEN SOLUTIONS,5,LATAM MENA,VERTEX,SUPPORT,NGS292NOBPBIXGT,15.06
Shelby,King,NL67255,7348661,GOLZEN SOLUTIONS,5,EMEA,VERTEX,SUPPORT,NO_TS_EMEA,84.94
Joseph,Rivera,NW08040,1887217,GOLZEN DYNAMICS,5,NA MENA,STELLAR,FORFAIT,JGNJPEIPP6CIW21,11.36
Joseph,Rivera,NW08040,1887217,GOLZEN DYNAMICS,5,NA,STELLAR,FORFAIT,NO_TS_NA,88.64
Amber,Baldwin,LF84153,5175033,DELVO VENTURES,5,CONT ASIA,NOVA,MAINTENANCE,KT8UKMAT8O75FR3,7.95
Amber,Baldwin,LF84153,5175033,DELVO VENTURES,5,APAC,NOVA,MAINTENANCE,NO_TS_APAC,92.05
Jacob,Nguyen,MM87065,6182022,BRYTON TECH,5,APAC AFRICA,PHOENIX,MAINTENANCE,01AOGQMMDNDHXDP,11.93
Jacob,Nguyen,MM87065,6182022,BRYTON TECH,5,MEA,PHOENIX,MAINTENANCE,NO_TS_MEA,88.07
Timothy,Marshall,GS33232,7084650,GOLZEN CONSULTING,5,LATAM AMERICA,VERTEX,FORFAIT,W0HYTZ9K52Z3K8H,10.23
Timothy,Marshall,GS33232,7084650,GOLZEN CONSULTING,5,APAC,VERTEX,FORFAIT,NO_TS_APAC,89.77
Jeffrey,Solis,DU93279,8376255,INOVA SYSTEMS,5,MEA OCEANIA,NEXUS,FORFAIT,5HPV4KH7WW2FB6S,9.52
Jeffrey,Solis,DU93279,8376255,INOVA SYSTEMS,5,EMEA,NEXUS,FORFAIT,NO_TS_EMEA,90.48
Morgan,Powell,BS80447,3662485,DELVO DYNAMICS,5,LATAM MENA,PHOENIX,RPS,PGPUIGLIQUHX3U3,11.36
Michelle,Steele,MN15961,6082180,FORVEX VENTURES,5,NA AFRICA,STELLAR,FORFAIT,GFCUAAAGBVYQ2UY,10.94
Michelle,Steele,MN15961,6082180,FORVEX VENTURES,5,MEA,STELLAR,FORFAIT,NO_TS_MEA,89.06
Michael,Carroll,AI00634,9002960,FORVEX DIGITAL,5,LATAM EUROPE,ORBIT,SUPPORT,6K7XGH7IICBHKX6,9.94
Michael,Carroll,AI00634,9002960,FORVEX DIGITAL,5,NA,ORBIT,SUPPORT,NO_TS_NA,90.06
Matthew,Lane,FF85949,4505023,HYRION DYNAMICS,5,EMEA ASIA,STELLAR,MAINTENANCE,BR229I74EJ9PS4M,13.64
Matthew,Lane,FF85949,4505023,HYRION DYNAMICS,5,EMEA,STELLAR,MAINTENANCE,NO_TS_EMEA,86.36
Kristine,Graves,HT30331,3685540,KESTRA CONSULTING,5,LATAM MENA,PULSE,RPS,5SVWBENNMEFHKN5,13.92
Kristine,Graves,HT30331,3685540,KESTRA CONSULTING,5,APAC,PULSE,RPS,NO_TS_APAC,86.08
Cheryl,Jackson,AJ03845,8300289,INOVA CONSULTING,5,CONT MENA,ATLAS,REGIE,L7N3HZB0M6ZOG9J,13.64
Cheryl,Jackson,AJ03845,8300289,INOVA CONSULTING,5,MEA,ATLAS,REGIE,NO_TS_MEA,86.36
Jennifer,King,PM47327,7282340,JALVIK GROUP,5,LATAM MENA,ORBIT,REGIE,LTVFXO90F04614J,13.64
Randy,Benson,RM11896,7202808,LUMEX DIGITAL,5,CONT EUROPE,PHOENIX,RPS,MUAENWKAX36PP5G,11.51
Randy,Benson,RM11896,7202808,LUMEX DIGITAL,5,CONT,PHOENIX,RPS,NO_TS_CONT,88.49
Caleb,Hamilton,KY49693,1112473,LUMEX DYNAMICS,5,LATAM ASIA,ORBIT,REGIE,AM77G4OSKZIFPT7,8.95
Antonio,Lewis,OS46194,7100911,DELVO DYNAMICS,5,MEA EUROPE,QUANTUM,MAINTENANCE,UAE78C6KKZ5FVP7,12.22
Lisa,Mcknight,ID53153,6984679,FORVEX VENTURES,5,MEA AMERICA,NEXUS,FORFAIT,E5N5M3MHJXHVGIY,10.51
Lisa,Mcknight,ID53153,6984679,FORVEX VENTURES,5,CONT,NEXUS,FORFAIT,NO_TS_CONT,89.49
Mark,Williams,AP91539,9085932,HYRION SOLUTIONS,5,CONT MENA,ORBIT,MAINTENANCE,8OMGXQEKA8O73DY,10.09
Mark,Williams,AP91539,9085932,HYRION SOLUTIONS,5,CONT,ORBIT,MAINTENANCE,NO_TS_CONT,89.91
Nicole,Sweeney,KV61368,6293693,HYRION DIGITAL,5,NA AMERICA,ORBIT,RPS,LRRTX6U4XLAEGEY,11.36
Elizabeth,Webb,XO85919,2351838,HYRION CONSULTING,5,EMEA AMERICA,PULSE,SUPPORT,VBNHEA3O266IIFP,9.09
Deborah,Campos,FR70143,7642989,GOLZEN VENTURES,5,LATAM AMERICA,NOVA,MAINTENANCE,YLB2PKMKKMR1JCJ,11.65
Jeffrey,Hernandez,VI59160,7254766,CENVEO DYNAMICS,5,NA ASIA,QUANTUM,FORFAIT,3KDQDAN2VACWBMX,14.77
Jeffrey,Hernandez,VI59160,7254766,CENVEO DYNAMICS,5,NA,QUANTUM,FORFAIT,NO_TS_NA,85.23
Ronald,King,MU36659,2610387,HYRION GROUP,5,NA ASIA,ORBIT,MAINTENANCE,F2T2JYUE9OH5Q3F,13.64
Ronald,King,MU36659,2610387,HYRION GROUP,5,NA,ORBIT,MAINTENANCE,NO_TS_NA,86.36
Christopher,Thomas,QS51918,6237264,FORVEX CONSULTING,5,EMEA AMERICA,ATLAS,REGIE,6HI7E3PL2OEYCJ9,12.22
Christopher,Thomas,QS51918,6237264,FORVEX CONSULTING,5,APAC,ATLAS,REGIE,NO_TS_APAC,87.78
Deanna,Wiley,CY81428,3203396,JALVIK CONSULTING,5,CONT EUROPE,QUANTUM,REGIE,8YFANQ1KHHYS5RL,13.64
Deanna,Wiley,CY81428,3203396,JALVIK CONSULTING,5,APAC,QUANTUM,REGIE,NO_TS_APAC,86.36
Michelle,Espinoza,ZX51752,8714650,ALCOR CONSULTING,5,LATAM AFRICA,STELLAR,MAINTENANCE,7PN5BQTM0MTY3SJ,11.36
Michelle,Espinoza,ZX51752,8714650,ALCOR CONSULTING,5,MEA,STELLAR,MAINTENANCE,NO_TS_MEA,88.64
Blake,Pruitt,JI27219,1783255,HYRION SYSTEMS,5,EMEA MENA,NEXUS,MAINTENANCE,4FPEBTH46J6J84K,9.09
Blake,Pruitt,JI27219,1783255,HYRION SYSTEMS,5,LATAM,NEXUS,MAINTENANCE,NO_TS_LATAM,90.91
Elizabeth,Thomas,WR48135,4020864,ALCOR CONSULTING,5,LATAM ASIA,PULSE,FORFAIT,V1JFPP4X6CW2YWO,12.5
Elizabeth,Thomas,WR48135,4020864,ALCOR CONSULTING,5,EMEA,PULSE,FORFAIT,NO_TS_EMEA,87.5
Joyce,Murray,QV47890,1583772,JALVIK GLOBAL,5,LATAM OCEANIA,PHOENIX,MAINTENANCE,T7FM8173ZMNY9LU,12.5
Joyce,Murray,QV47890,1583772,JALVIK GLOBAL,5,EMEA,PHOENIX,MAINTENANCE,NO_TS_EMEA,87.5
Dana,Cox,XP02897,7691231,INOVA VENTURES,5,MEA OCEANIA,ORBIT,MAINTENANCE,WLC7FUN53EBW9A8,11.36
Dana,Cox,XP02897,7691231,INOVA VENTURES,5,LATAM,ORBIT,MAINTENANCE,NO_TS_LATAM,88.64
Katelyn,Smith,RL98373,7922387,HYRION DYNAMICS,5,APAC EUROPE,QUANTUM,RPS,BYST00KSAGMAHHO,14.06
Katelyn,Smith,RL98373,7922387,HYRION DYNAMICS,5,EMEA,QUANTUM,RPS,NO_TS_EMEA,85.94
Michael,Grimes,ME91984,9094933,GOLZEN GLOBAL,5,CONT AFRICA,PHOENIX,MAINTENANCE,F45ZOA1TQFS51Y4,7.95
Michael,Grimes,ME91984,9094933,GOLZEN GLOBAL,5,APAC,PHOENIX,MAINTENANCE,NO_TS_APAC,92.05
John,Gomez,KR48126,9543721,GOLZEN CONSULTING,5,EMEA MENA,VERTEX,RPS,1JDWG766LP1WC40,5.97
John,Gomez,KR48126,9543721,GOLZEN CONSULTING,5,CONT,VERTEX,RPS,NO_TS_CONT,94.03
Laura,Cole,EO58890,9639384,DELVO SYSTEMS,5,APAC MENA,STELLAR,RPS,YJT2CR4583LOC8U,13.64
Laura,Cole,EO58890,9639384,DELVO SYSTEMS,5,CONT,STELLAR,RPS,NO_TS_CONT,86.36
Jessica,Jones,ZJ85124,6320836,GOLZEN SOLUTIONS,5,APAC AMERICA,PULSE,RPS,HNS8H4AOXMWK8DO,12.22
Jessica,Jones,ZJ85124,6320836,GOLZEN SOLUTIONS,5,NA,PULSE,RPS,NO_TS_NA,87.78
Kevin,Wilson,HH73796,1150798,KESTRA CONSULTING,5,EMEA MENA,VERTEX,REGIE,5NRSWP27KJ9JP8G,7.67
Kevin,Wilson,HH73796,1150798,KESTRA CONSULTING,5,EMEA,VERTEX,REGIE,NO_TS_EMEA,92.33
Joy,Chen,AU81665,5904643,ETHOS CONSULTING,5,MEA EUROPE,VERTEX,MAINTENANCE,4OHLWVZZKG01E9T,13.64
Tim,Glass,QR89552,2945848,KESTRA TECH,5,MEA ASIA,PULSE,RPS,WTIZNPTDEWTA2SN,13.92
Tim,Glass,QR89552,2945848,KESTRA TECH,5,EMEA,PULSE,RPS,NO_TS_EMEA,86.08
Suzanne,Wood,SL90486,2147011,ETHOS GROUP,5,LATAM AMERICA,PHOENIX,FORFAIT,4D8FD5TWYY9RGFI,7.81
Suzanne,Wood,SL90486,2147011,ETHOS GROUP,5,CONT,PHOENIX,FORFAIT,NO_TS_CONT,92.19
Stacy,Hunt,YM91850,1255707,ETHOS GROUP,5,CONT OCEANIA,ORBIT,SUPPORT,SR793D9S6B9Y4ZD,9.38
Stacy,Hunt,YM91850,1255707,ETHOS GROUP,5,LATAM,ORBIT,SUPPORT,NO_TS_LATAM,90.63
Megan,Poole,IJ17959,1772238,INOVA CONSULTING,5,EMEA AFRICA,STELLAR,REGIE,KPB6HGFFL2E9PZ5,13.64
Megan,Poole,IJ17959,1772238,INOVA CONSULTING,5,NA,STELLAR,REGIE,NO_TS_NA,86.36
Marc,Clark,QO61914,5047137,ETHOS VENTURES,5,LATAM OCEANIA,ATLAS,REGIE,VWI1W21KLJDKQNO,11.36
Marc,Clark,QO61914,5047137,ETHOS VENTURES,5,MEA,ATLAS,REGIE,NO_TS_MEA,88.64
John,Murphy,UE40809,6177456,JALVIK DIGITAL,5,NA ASIA,NEXUS,RPS,H34JDKHFHT3NQ25,13.64
John,Murphy,UE40809,6177456,JALVIK DIGITAL,5,MEA,NEXUS,RPS,NO_TS_MEA,86.36
Gregory,Clayton,IL14748,7821177,HYRION CONSULTING,5,MEA AMERICA,NEXUS,SUPPORT,N944NX4X7RGI629,11.36
Gregory,Clayton,IL14748,7821177,HYRION CONSULTING,5,APAC,NEXUS,SUPPORT,NO_TS_APAC,88.64
Mary,Griffin,HP42104,6497280,LUMEX SYSTEMS,5,LATAM EUROPE,PHOENIX,RPS,DYB1SR1RXYE4VS4,10.23
Mary,Griffin,HP42104,6497280,LUMEX SYSTEMS,5,MEA,PHOENIX,RPS,NO_TS_MEA,89.77
Roger,Robinson,CA20644,1474738,JALVIK DYNAMICS,5,LATAM MENA,ORBIT,FORFAIT,ZUX8OPE1OSWNKNW,8.52
Derrick,Vega,HB33227,1612237,LUMEX CONSULTING,5,EMEA AMERICA,QUANTUM,FORFAIT,901RL5YWPSKYUHX,10.8
Stacey,Carney,NM04689,5179694,ALCOR GROUP,5,APAC AMERICA,PULSE,REGIE,94V566FGSVVEEN4,10.51
Stacey,Carney,NM04689,5179694,ALCOR GROUP,5,APAC,PULSE,REGIE,NO_TS_APAC,89.49
Melissa,Johnson,WD27297,1941851,KESTRA DYNAMICS,5,MEA OCEANIA,NOVA,MAINTENANCE,CR8SFV63TZXXCEB,11.65
Melissa,Johnson,WD27297,1941851,KESTRA DYNAMICS,5,CONT,NOVA,MAINTENANCE,NO_TS_CONT,88.35
Denise,Alvarez,WJ22069,1937045,INOVA CONSULTING,5,APAC EUROPE,NEXUS,FORFAIT,34I1JG34TYBUIPX,9.94
Denise,Alvarez,WJ22069,1937045,INOVA CONSULTING,5,MEA,NEXUS,FORFAIT,NO_TS_MEA,90.06
Sherry,Perez,BK76056,1770835,KESTRA SOLUTIONS,5,MEA EUROPE,PHOENIX,MAINTENANCE,F0LOOGGHMSHVSX7,11.65
Sherry,Perez,BK76056,1770835,KESTRA SOLUTIONS,5,LATAM,PHOENIX,MAINTENANCE,NO_TS_LATAM,88.35
Daniel,Obrien,AK74756,2996347,INOVA GROUP,5,NA OCEANIA,STELLAR,RPS,MXGGQURABC9PU34,14.2
Daniel,Obrien,AK74756,2996347,INOVA GROUP,5,EMEA,STELLAR,RPS,NO_TS_EMEA,85.8
Kevin,Gonzalez,YT79948,3868276,BRYTON GROUP,5,MEA AFRICA,STELLAR,MAINTENANCE,XZ5WDD92T1B0O0P,12.07
Kevin,Gonzalez,YT79948,3868276,BRYTON GROUP,5,APAC,STELLAR,MAINTENANCE,NO_TS_APAC,87.93
Cassandra,Johnson,QJ99394,2435047,FORVEX SOLUTIONS,5,NA EUROPE,PHOENIX,SUPPORT,D3GG1QKO1UJJWK7,9.66
Cassandra,Johnson,QJ99394,2435047,FORVEX SOLUTIONS,5,LATAM,PHOENIX,SUPPORT,NO_TS_LATAM,90.34
Kevin,Long,BO07698,1243860,CENVEO GROUP,5,CONT AFRICA,PHOENIX,FORFAIT,ZAQQ0N14OY2O9KZ,10.65
Kevin,Long,BO07698,1243860,CENVEO GROUP,5,NA,PHOENIX,FORFAIT,NO_TS_NA,89.35
Jesse,Graham,ZE82621,6100848,KESTRA VENTURES,5,APAC ASIA,STELLAR,RPS,F9MD5DG6YDZ15WG,9.66
Jesse,Graham,ZE82621,6100848,KESTRA VENTURES,5,MEA,STELLAR,RPS,NO_TS_MEA,90.34
Jill,King,VJ19240,3984481,ETHOS SOLUTIONS,5,MEA OCEANIA,PHOENIX,REGIE,77YSGL07KAITWGV,11.93
Jill,King,VJ19240,3984481,ETHOS SOLUTIONS,5,MEA,PHOENIX,REGIE,NO_TS_MEA,88.07
Paul,Robinson,LY76034,8927224,DELVO TECH,5,LATAM AMERICA,VERTEX,FORFAIT,VJRD3V3WR2Q74WA,10.37
Paul,Robinson,LY76034,8927224,DELVO TECH,5,EMEA,VERTEX,FORFAIT,NO_TS_EMEA,89.63
Jason,Hudson,SO13408,4372859,KESTRA SYSTEMS,5,MEA OCEANIA,ATLAS,REGIE,OUPG98DXENO4F63,5.26
Jason,Hudson,SO13408,4372859,KESTRA SYSTEMS,5,MEA,ATLAS,REGIE,NO_TS_MEA,94.74
Andre,Johnson,UE18017,5816649,FORVEX SYSTEMS,5,APAC MENA,PHOENIX,MAINTENANCE,F0UOA9TJHV3SS6D,12.5
Andre,Johnson,UE18017,5816649,FORVEX SYSTEMS,5,LATAM,PHOENIX,MAINTENANCE,NO_TS_LATAM,87.5
Justin,Mathews,RP08250,5634174,CENVEO CONSULTING,5,CONT MENA,STELLAR,FORFAIT,8J7763JK6C0QF8R,11.36
Justin,Mathews,RP08250,5634174,CENVEO CONSULTING,5,CONT,STELLAR,FORFAIT,NO_TS_CONT,88.64
Natalie,Moore,MU22052,1073403,ALCOR GROUP,5,LATAM AFRICA,NOVA,MAINTENANCE,SC1ERFJWZW74RCE,10.23
Natalie,Moore,MU22052,1073403,ALCOR GROUP,5,MEA,NOVA,MAINTENANCE,NO_TS_MEA,89.77
Savannah,Alexander,CL04564,1698118,LUMEX SYSTEMS,5,CONT AFRICA,PHOENIX,MAINTENANCE,TSNRHKVSGYM82C3,11.36
Savannah,Alexander,CL04564,1698118,LUMEX SYSTEMS,5,MEA,PHOENIX,MAINTENANCE,NO_TS_MEA,88.64
Raymond,Roberts,FU10465,8458212,GOLZEN TECH,5,CONT MENA,ORBIT,MAINTENANCE,FOLX1D2XK5KFIQP,9.38
Raymond,Roberts,FU10465,8458212,GOLZEN TECH,5,CONT,ORBIT,MAINTENANCE,NO_TS_CONT,90.63
Amanda,Nolan,EC59605,7201723,INOVA DIGITAL,5,APAC ASIA,ORBIT,RPS,JNOT3SQASRU8BCM,10.23
Amanda,Nolan,EC59605,7201723,INOVA DIGITAL,5,NA,ORBIT,RPS,NO_TS_NA,89.77
John,Hernandez,PJ82160,1575672,FORVEX DYNAMICS,5,NA EUROPE,PHOENIX,SUPPORT,2ON3BI1VMXOI72Q,12.5
John,Hernandez,PJ82160,1575672,FORVEX DYNAMICS,5,APAC,PHOENIX,SUPPORT,NO_TS_APAC,87.5
Isaiah,Stephens,UD85171,9009704,CENVEO GROUP,5,NA AFRICA,ATLAS,REGIE,9NL92PGERACF99G,11.36
Isaiah,Stephens,UD85171,9009704,CENVEO GROUP,5,MEA,ATLAS,REGIE,NO_TS_MEA,88.64
Natalie,Tyler,PG52239,4338768,HYRION SYSTEMS,5,MEA OCEANIA,QUANTUM,MAINTENANCE,ZRAJK3BO3BALZCL,7.81
Natalie,Tyler,PG52239,4338768,HYRION SYSTEMS,5,LATAM,QUANTUM,MAINTENANCE,NO_TS_LATAM,92.19
Jessica,Sosa,RX13931,3339602,ETHOS GLOBAL,5,NA ASIA,PULSE,SUPPORT,7CBL946XEM68MDU,15.06
Jessica,Sosa,RX13931,3339602,ETHOS GLOBAL,5,EMEA,PULSE,SUPPORT,NO_TS_EMEA,84.94
Hannah,Carter,AR26006,2219110,GOLZEN GROUP,5,NA EUROPE,QUANTUM,FORFAIT,2HA2EVQLBTTW8FL,10.8
James,Higgins,DZ75789,6156384,LUMEX VENTURES,5,EMEA AFRICA,PHOENIX,SUPPORT,VQKEZHLY5IF5Z06,11.93
John,Ryan,HT54373,6480005,BRYTON SYSTEMS,5,CONT OCEANIA,PULSE,SUPPORT,WD3AAD4USBZYFJP,12.5
John,Ryan,HT54373,6480005,BRYTON SYSTEMS,5,APAC,PULSE,SUPPORT,NO_TS_APAC,87.5
Lisa,Martin,WW07104,6890035,GOLZEN GLOBAL,5,MEA ASIA,PHOENIX,MAINTENANCE,DHI1QBFUWAF3475,9.09
Kelly,Parks,NX50567,1958029,ALCOR SOLUTIONS,5,NA AFRICA,PHOENIX,REGIE,6ZS9EB5BBPJ6PZA,11.93
Seth,Matthews,RW46720,6375262,BRYTON VENTURES,5,APAC ASIA,NOVA,MAINTENANCE,W5BFQACY2OMRYPG,7.39
Seth,Matthews,RW46720,6375262,BRYTON VENTURES,5,MEA,NOVA,MAINTENANCE,NO_TS_MEA,92.61
Carolyn,Larson,JD62941,6497965,HYRION CONSULTING,5,NA ASIA,ATLAS,REGIE,63C46329ERVE5KD,5.68
Carolyn,Larson,JD62941,6497965,HYRION CONSULTING,5,CONT,ATLAS,REGIE,NO_TS_CONT,94.32
John,Wheeler,AA25919,9158158,INOVA DYNAMICS,5,NA AMERICA,VERTEX,FORFAIT,XWQ9SFASVKJ0GMR,9.94
John,Wheeler,AA25919,9158158,INOVA DYNAMICS,5,APAC,VERTEX,FORFAIT,NO_TS_APAC,90.06
Brandon,Mendoza,LB98111,5159918,INOVA DIGITAL,5,CONT ASIA,PULSE,REGIE,RYL3V8VYB1JABCB,11.36
Brandon,Mendoza,LB98111,5159918,INOVA DIGITAL,5,EMEA,PULSE,REGIE,NO_TS_EMEA,88.64
Robert,Meyer,RH87504,7060141,HYRION SYSTEMS,5,EMEA AFRICA,QUANTUM,RPS,3MEVDN81H68A0R4,10.23
Robert,Meyer,RH87504,7060141,HYRION SYSTEMS,5,NA,QUANTUM,RPS,NO_TS_NA,89.77
Ian,Brewer,TZ04941,1753138,GOLZEN GLOBAL,5,LATAM OCEANIA,PHOENIX,FORFAIT,9FMK8C2W3I2U3PQ,13.07
Ian,Brewer,TZ04941,1753138,GOLZEN GLOBAL,5,EMEA,PHOENIX,FORFAIT,NO_TS_EMEA,86.93
Daisy,Hurley,KS77230,5354798,INOVA DYNAMICS,5,NA AMERICA,STELLAR,RPS,E9E2Y3X54CVCJNB,13.64
Daisy,Hurley,KS77230,5354798,INOVA DYNAMICS,5,MEA,STELLAR,RPS,NO_TS_MEA,86.36
Aaron,Parker,MO41583,8121544,ALCOR GLOBAL,5,EMEA AMERICA,VERTEX,FORFAIT,37GJDS8B7SEDXNU,13.64
Aaron,Parker,MO41583,8121544,ALCOR GLOBAL,5,CONT,VERTEX,FORFAIT,NO_TS_CONT,86.36
Jonathan,Delgado,VH95553,4266687,CENVEO DYNAMICS,5,MEA MENA,ATLAS,REGIE,PPZHLKML4JUAHOJ,12.5
Brandon,Mahoney,BP04708,1980836,GOLZEN TECH,5,MEA AFRICA,ATLAS,SUPPORT,6QUHJUQWV1D1EDC,11.36
Brandon,Mahoney,BP04708,1980836,GOLZEN TECH,5,NA,ATLAS,SUPPORT,NO_TS_NA,88.64
Mary,Bates,WJ36694,5579762,ALCOR VENTURES,5,EMEA ASIA,PULSE,RPS,S39CYB5NXHMHIXE,12.5
Mary,Bates,WJ36694,5579762,ALCOR VENTURES,5,APAC,PULSE,RPS,NO_TS_APAC,87.5
Benjamin,Jordan,ZM93236,5922690,FORVEX SOLUTIONS,5,EMEA EUROPE,PHOENIX,SUPPORT,ORBPHALCE9EHZ54,10.8
Benjamin,Jordan,ZM93236,5922690,FORVEX SOLUTIONS,5,MEA,PHOENIX,SUPPORT,NO_TS_MEA,89.2
Steven,Jones,OD15701,1849319,LUMEX TECH,5,NA OCEANIA,ATLAS,MAINTENANCE,SKYWVL2WGNQAA8T,10.8
Steven,Jones,OD15701,1849319,LUMEX TECH,5,APAC,ATLAS,MAINTENANCE,NO_TS_APAC,89.2
Thomas,Love,PY12395,5730402,LUMEX DYNAMICS,5,EMEA ASIA,VERTEX,FORFAIT,AA3JW9BA0C800T3,12.5
Thomas,Love,PY12395,5730402,LUMEX DYNAMICS,5,MEA,VERTEX,FORFAIT,NO_TS_MEA,87.5
Michael,Leon,ZD41558,7383074,GOLZEN GROUP,5,LATAM OCEANIA,VERTEX,FORFAIT,QYQDB7LCMJYAUQC,13.07
Michael,Leon,ZD41558,7383074,GOLZEN GROUP,5,APAC,VERTEX,FORFAIT,NO_TS_APAC,86.93
Tommy,Brown,KP27826,2396282,BRYTON VENTURES,5,APAC AFRICA,PHOENIX,MAINTENANCE,9D15ZZ9OPFD9GLP,10.23
Joseph,Greene,QE83529,3672155,KESTRA DIGITAL,5,CONT AFRICA,VERTEX,FORFAIT,NJHDXVQ1EH401YM,10.23
Joseph,Greene,QE83529,3672155,KESTRA DIGITAL,5,EMEA,VERTEX,FORFAIT,NO_TS_EMEA,89.77
Daniel,Conner,YC35968,1952107,JALVIK TECH,5,EMEA EUROPE,NEXUS,REGIE,KNS2G5IT68A3J5Z,13.64
Daniel,Conner,YC35968,1952107,JALVIK TECH,5,APAC,NEXUS,REGIE,NO_TS_APAC,86.36
Manuel,Carson,XS57608,6116549,DELVO GROUP,5,APAC AFRICA,STELLAR,FORFAIT,0W9ID3OMVA53LXZ,11.93
Manuel,Carson,XS57608,6116549,DELVO GROUP,5,CONT,STELLAR,FORFAIT,NO_TS_CONT,88.07
Shawn,Gross,NZ72615,4848078,INOVA GLOBAL,5,CONT MENA,PHOENIX,RPS,FOYCN6S700F8NWO,11.93
Shawn,Gross,NZ72615,4848078,INOVA GLOBAL,5,APAC,PHOENIX,RPS,NO_TS_APAC,88.07
Derek,Russell,YY99025,9003746,ALCOR VENTURES,5,NA MENA,QUANTUM,MAINTENANCE,1E7H66HRHK0A50N,12.5
Derek,Russell,YY99025,9003746,ALCOR VENTURES,5,CONT,QUANTUM,MAINTENANCE,NO_TS_CONT,87.5
Gloria,Petersen,GX90186,5983443,BRYTON TECH,5,NA OCEANIA,PULSE,SUPPORT,KHO89C2QVBIYYZP,7.67
Gloria,Petersen,GX90186,5983443,BRYTON TECH,5,CONT,PULSE,SUPPORT,NO_TS_CONT,92.33
Amber,Moore,PF12081,5869475,JALVIK DIGITAL,5,APAC ASIA,NOVA,RPS,T9A41WSWVC38QNF,11.65
Amber,Moore,PF12081,5869475,JALVIK DIGITAL,5,NA,NOVA,RPS,NO_TS_NA,88.35
Samuel,Baker,ME59855,7658548,KESTRA GLOBAL,5,NA MENA,ATLAS,REGIE,8W7SU705HETBH23,10.23
Samuel,Baker,ME59855,7658548,KESTRA GLOBAL,5,EMEA,ATLAS,REGIE,NO_TS_EMEA,89.77
Jeffrey,Burke,WJ77151,6954789,LUMEX DIGITAL,5,CONT AMERICA,NOVA,MAINTENANCE,HPUWCCE1EO2DZMF,7.81
Jeffrey,Burke,WJ77151,6954789,LUMEX DIGITAL,5,APAC,NOVA,MAINTENANCE,NO_TS_APAC,92.19
Katherine,Vazquez,PV95561,5858455,KESTRA DYNAMICS,5,APAC AFRICA,PULSE,RPS,132ZEBOZSWY3SIX,13.64
Katherine,Vazquez,PV95561,5858455,KESTRA DYNAMICS,5,CONT,PULSE,RPS,NO_TS_CONT,86.36
Adam,Ford,KI15642,3981475,HYRION GLOBAL,5,EMEA AMERICA,NEXUS,SUPPORT,I2TK6FB7P1WK95R,9.52
Adam,Ford,KI15642,3981475,HYRION GLOBAL,5,LATAM,NEXUS,SUPPORT,NO_TS_LATAM,90.48
Jasmin,Thomas,OD88632,5711062,ALCOR DYNAMICS,5,APAC AFRICA,QUANTUM,FORFAIT,7PSHCMZRDKPXT1J,7.53
Jasmin,Thomas,OD88632,5711062,ALCOR DYNAMICS,5,EMEA,QUANTUM,FORFAIT,NO_TS_EMEA,92.47
Donald,Perkins,JB66595,2868141,KESTRA CONSULTING,5,APAC AFRICA,ATLAS,SUPPORT,1NVYJYK3650W1C7,13.92
Donald,Perkins,JB66595,2868141,KESTRA CONSULTING,5,CONT,ATLAS,SUPPORT,NO_TS_CONT,86.08
Brandon,Garner,WF94367,2868519,INOVA GLOBAL,5,LATAM ASIA,PHOENIX,SUPPORT,5TWCCIT5EBTH0HI,12.5
Brandon,Garner,WF94367,2868519,INOVA GLOBAL,5,NA,PHOENIX,SUPPORT,NO_TS_NA,87.5
Michael,Paul,CA56622,4977135,DELVO GROUP,5,EMEA ASIA,STELLAR,MAINTENANCE,J3BEA4DX3O1JP0H,9.8
Michael,Paul,CA56622,4977135,DELVO GROUP,5,MEA,STELLAR,MAINTENANCE,NO_TS_MEA,90.2
Jennifer,Gross,RR28587,5369994,INOVA DIGITAL,5,MEA EUROPE,QUANTUM,SUPPORT,8UJUW0VWZSERUE8,15.91
Jennifer,Gross,RR28587,5369994,INOVA DIGITAL,5,CONT,QUANTUM,SUPPORT,NO_TS_CONT,84.09
Jesus,Allen,JE14557,6623253,FORVEX GLOBAL,5,LATAM ASIA,NEXUS,MAINTENANCE,QKCSSDIGKNGAO1I,11.36
Jesus,Allen,JE14557,6623253,FORVEX GLOBAL,5,LATAM,NEXUS,MAINTENANCE,NO_TS_LATAM,88.64
Angela,Palmer,IV37257,2883154,FORVEX SOLUTIONS,5,MEA ASIA,ATLAS,RPS,TV0U87CEHRSJYIP,11.36
Angela,Palmer,IV37257,2883154,FORVEX SOLUTIONS,5,MEA,ATLAS,RPS,NO_TS_MEA,88.64
Michael,Pugh,YB62124,2610504,CENVEO SYSTEMS,5,MEA EUROPE,QUANTUM,MAINTENANCE,MTYGL5UMBBS0MB8,11.36
Michael,Pugh,YB62124,2610504,CENVEO SYSTEMS,5,NA,QUANTUM,MAINTENANCE,NO_TS_NA,88.64
Jeffrey,Nichols,MG83853,4584404,JALVIK CONSULTING,5,EMEA EUROPE,PULSE,SUPPORT,73Q9T9TMJKEWE4M,11.36
Jeffrey,Nichols,MG83853,4584404,JALVIK CONSULTING,5,LATAM,PULSE,SUPPORT,NO_TS_LATAM,88.64
Aaron,Chang,YE46974,2435607,BRYTON DIGITAL,5,LATAM ASIA,PHOENIX,FORFAIT,IC5X0C5T7UIK5GP,10.8
Aaron,Chang,YE46974,2435607,BRYTON DIGITAL,5,EMEA,PHOENIX,FORFAIT,NO_TS_EMEA,89.2
Sara,Wright,OW33835,1749036,CENVEO DIGITAL,5,NA OCEANIA,NEXUS,MAINTENANCE,L37LPAWHA4MXR7P,10.23
Sara,Wright,OW33835,1749036,CENVEO DIGITAL,5,NA,NEXUS,MAINTENANCE,NO_TS_NA,89.77
Julie,Todd,XX75344,4883388,GOLZEN VENTURES,5,APAC ASIA,VERTEX,SUPPORT,MB0J2OMPR0P80CN,10.51
Julie,Todd,XX75344,4883388,GOLZEN VENTURES,5,APAC,VERTEX,SUPPORT,NO_TS_APAC,89.49
Diana,Russo,TJ84740,7153709,HYRION DYNAMICS,5,LATAM EUROPE,QUANTUM,MAINTENANCE,EKE7V9UPNDXOKZJ,12.78
Eric,Kim,RX11366,2999566,ALCOR GLOBAL,5,APAC AMERICA,VERTEX,RPS,DL35G6VNULS6W4K,11.36
Eric,Kim,RX11366,2999566,ALCOR GLOBAL,5,NA,VERTEX,RPS,NO_TS_NA,88.64
Jennifer,Casey,OZ33484,3496203,ALCOR DIGITAL,5,CONT ASIA,VERTEX,REGIE,ZZJ36HG3BG0E74H,13.64
Robert,Meyer,ZW71227,9090829,JALVIK VENTURES,5,APAC EUROPE,STELLAR,REGIE,RTVC2F0FVUYB14G,12.5
Robert,Meyer,ZW71227,9090829,JALVIK VENTURES,5,LATAM,STELLAR,REGIE,NO_TS_LATAM,87.5
Michael,Pierce,PV69260,1005949,JALVIK VENTURES,5,EMEA ASIA,STELLAR,FORFAIT,3E43GF4NBN4U5TX,12.5
Susan,Green,RP15380,2999766,KESTRA GROUP,5,MEA OCEANIA,QUANTUM,REGIE,7C1KW8CU09TX8KA,12.22
Jacob,Olsen,YM71421,7731274,GOLZEN TECH,5,CONT AMERICA,QUANTUM,MAINTENANCE,A02P626ET5CHR4U,10.23
Jacob,Olsen,YM71421,7731274,GOLZEN TECH,5,EMEA,QUANTUM,MAINTENANCE,NO_TS_EMEA,89.77
Mathew,Cobb,DK44462,4537520,LUMEX SOLUTIONS,5,APAC ASIA,ORBIT,RPS,JAWTGHAY4T4VEJ7,10.23
Mathew,Cobb,DK44462,4537520,LUMEX SOLUTIONS,5,NA,ORBIT,RPS,NO_TS_NA,89.77
Joshua,Navarro,GN76072,7361671,LUMEX DIGITAL,5,LATAM EUROPE,ATLAS,SUPPORT,3JYOA3V42XD4FCP,10.23
Joshua,Navarro,GN76072,7361671,LUMEX DIGITAL,5,CONT,ATLAS,SUPPORT,NO_TS_CONT,89.77
Diana,Mcguire,TC80538,1032699,CENVEO DYNAMICS,5,APAC MENA,PULSE,FORFAIT,DSCBJ5HNJQPHSWQ,10.23
Sharon,Lopez,OE90221,1328843,ETHOS DIGITAL,5,APAC MENA,ORBIT,REGIE,X2LYFBZX8MKTBB2,7.95
Sharon,Lopez,OE90221,1328843,ETHOS DIGITAL,5,APAC,ORBIT,REGIE,NO_TS_APAC,92.05
Perry,Allen,EL38393,9357660,BRYTON SOLUTIONS,5,LATAM MENA,ORBIT,MAINTENANCE,E5F7H3DDBLOK87W,9.23
Perry,Allen,EL38393,9357660,BRYTON SOLUTIONS,5,APAC,ORBIT,MAINTENANCE,NO_TS_APAC,90.77
Amanda,Fisher,FC49383,5876853,LUMEX TECH,5,CONT AMERICA,PULSE,RPS,CI0CNZA8EIEJZR1,9.09
Amanda,Fisher,FC49383,5876853,LUMEX TECH,5,EMEA,PULSE,RPS,NO_TS_EMEA,90.91
Emily,Sullivan,PH59059,8377540,KESTRA TECH,5,NA ASIA,PHOENIX,SUPPORT,59LDPPTBAVHUTQL,11.93
Emily,Sullivan,PH59059,8377540,KESTRA TECH,5,NA,PHOENIX,SUPPORT,NO_TS_NA,88.07
Stephanie,Barton,NU42462,4318171,LUMEX GROUP,5,EMEA OCEANIA,QUANTUM,FORFAIT,2AXKDUFZW3GZZ1T,8.66
Stephanie,Barton,NU42462,4318171,LUMEX GROUP,5,EMEA,QUANTUM,FORFAIT,NO_TS_EMEA,91.34
Ryan,Levine,WQ79564,1725936,DELVO SOLUTIONS,5,LATAM AFRICA,STELLAR,FORFAIT,279AXZN311LGGMM,8.52
Ryan,Levine,WQ79564,1725936,DELVO SOLUTIONS,5,LATAM,STELLAR,FORFAIT,NO_TS_LATAM,91.48
Allison,Holmes,RH02583,5137151,JALVIK DIGITAL,5,EMEA AFRICA,STELLAR,FORFAIT,64K0074ERI3I952,9.38
Allison,Holmes,RH02583,5137151,JALVIK DIGITAL,5,CONT,STELLAR,FORFAIT,NO_TS_CONT,90.63
Glenn,Luna,CS53777,9576663,INOVA SYSTEMS,5,NA AFRICA,QUANTUM,RPS,WDJML1FL2QTOUL7,11.36
Glenn,Luna,CS53777,9576663,INOVA SYSTEMS,5,APAC,QUANTUM,RPS,NO_TS_APAC,88.64
Becky,Snyder,UT05778,1398320,ETHOS DYNAMICS,5,MEA AMERICA,VERTEX,FORFAIT,1VBZ6YT92R6LXPP,11.93
Becky,Snyder,UT05778,1398320,ETHOS DYNAMICS,5,LATAM,VERTEX,FORFAIT,NO_TS_LATAM,88.07
Roger,Haas,XW12023,1622443,FORVEX DYNAMICS,5,LATAM MENA,NOVA,REGIE,JJY0SP1168WXVZ1,13.64
Roger,Haas,XW12023,1622443,FORVEX DYNAMICS,5,LATAM,NOVA,REGIE,NO_TS_LATAM,86.36
Jeremy,Burch,WE00332,6173830,ALCOR GROUP,5,LATAM AMERICA,PHOENIX,RPS,4KR22436GGV3L55,11.93
Jeremy,Burch,WE00332,6173830,ALCOR GROUP,5,LATAM,PHOENIX,RPS,NO_TS_LATAM,88.07
Kristin,Brown,DG38421,3512160,GOLZEN GLOBAL,5,APAC AMERICA,ORBIT,SUPPORT,7QLLMU7OPETPTRL,9.66
Kristin,Brown,DG38421,3512160,GOLZEN GLOBAL,5,EMEA,ORBIT,SUPPORT,NO_TS_EMEA,90.34
Brian,Boone,LV83534,1655666,GOLZEN GROUP,5,CONT OCEANIA,PULSE,SUPPORT,7D9TFQ9UO7S4GW2,13.64
Brian,Boone,LV83534,1655666,GOLZEN GROUP,5,CONT,PULSE,SUPPORT,NO_TS_CONT,86.36
Kayla,Cole,PW32959,1934137,FORVEX DIGITAL,5,APAC AMERICA,PULSE,REGIE,55GLIEGNPDWLFYQ,7.67
Kayla,Cole,PW32959,1934137,FORVEX DIGITAL,5,APAC,PULSE,REGIE,NO_TS_APAC,92.33
Mindy,Townsend,OX47778,3285030,CENVEO SOLUTIONS,5,NA OCEANIA,NOVA,RPS,HTBXM7Z2BH17D1U,10.23
Mindy,Townsend,OX47778,3285030,CENVEO SOLUTIONS,5,CONT,NOVA,RPS,NO_TS_CONT,89.77
Craig,Glover,AJ71906,5796044,FORVEX VENTURES,5,CONT OCEANIA,NEXUS,MAINTENANCE,WMQYZ7108QY0H2S,9.09
Craig,Glover,AJ71906,5796044,FORVEX VENTURES,5,MEA,NEXUS,MAINTENANCE,NO_TS_MEA,90.91
Crystal,King,VK95528,4346288,ALCOR DIGITAL,5,EMEA ASIA,VERTEX,SUPPORT,UVYO82IQZEJKDCO,11.93
Crystal,King,VK95528,4346288,ALCOR DIGITAL,5,EMEA,VERTEX,SUPPORT,NO_TS_EMEA,88.07
Candice,Benson,MZ85089,4861138,FORVEX VENTURES,5,EMEA AMERICA,PHOENIX,FORFAIT,I5GOO6V9SCW162Q,15.91
Candice,Benson,MZ85089,4861138,FORVEX VENTURES,5,NA,PHOENIX,FORFAIT,NO_TS_NA,84.09
Timothy,Nelson,YC33344,8887531,INOVA DIGITAL,5,CONT EUROPE,ATLAS,FORFAIT,3K2JDHF48EEK2PE,9.66
Sean,Baird,LY53302,1478855,KESTRA TECH,5,CONT MENA,PHOENIX,MAINTENANCE,I8A7XMOU7DR7PEJ,9.66
Sean,Baird,LY53302,1478855,KESTRA TECH,5,LATAM,PHOENIX,MAINTENANCE,NO_TS_LATAM,90.34
Sara,Brown,DW43278,2415661,KESTRA SOLUTIONS,5,NA EUROPE,STELLAR,MAINTENANCE,KJV8DOCB2ZINQCI,11.36
Sara,Brown,DW43278,2415661,KESTRA SOLUTIONS,5,NA,STELLAR,MAINTENANCE,NO_TS_NA,88.64
Daniel,House,FH47929,7451975,HYRION TECH,5,APAC MENA,ATLAS,REGIE,B8D8W4USUWCP505,11.36
Nicholas,Logan,WW28867,3810496,LUMEX GLOBAL,5,APAC AMERICA,QUANTUM,MAINTENANCE,VTEKPSJWJIONVE7,14.91
Jennifer,Aguilar,GY19465,4079019,JALVIK DIGITAL,5,LATAM MENA,ORBIT,RPS,JE9MHBYLZLF3IAP,7.95
Jennifer,Aguilar,GY19465,4079019,JALVIK DIGITAL,5,APAC,ORBIT,RPS,NO_TS_APAC,92.05
Rebecca,Cooper,TK73305,7925554,FORVEX SOLUTIONS,5,LATAM OCEANIA,ORBIT,REGIE,KO734WYOI4KLCPZ,9.09
Jonathan,Proctor,NJ37595,7287443,JALVIK SOLUTIONS,5,CONT AMERICA,NOVA,SUPPORT,PVHDSPCUOXVP45L,9.94
Jonathan,Proctor,NJ37595,7287443,JALVIK SOLUTIONS,5,LATAM,NOVA,SUPPORT,NO_TS_LATAM,90.06
Nancy,Pineda,GR81623,9484741,FORVEX CONSULTING,5,NA AMERICA,NOVA,SUPPORT,1RM0VY5DBOGAZR6,11.36
Nancy,Pineda,GR81623,9484741,FORVEX CONSULTING,5,NA,NOVA,SUPPORT,NO_TS_NA,88.64
Vanessa,Jones,BX41232,3307581,GOLZEN DYNAMICS,5,LATAM AMERICA,PHOENIX,FORFAIT,JPY3RUY5RXD2OY4,8.38
Vanessa,Jones,BX41232,3307581,GOLZEN DYNAMICS,5,MEA,PHOENIX,FORFAIT,NO_TS_MEA,91.62
Jeremy,Mack,JF00976,7260375,DELVO DYNAMICS,5,EMEA MENA,STELLAR,SUPPORT,W6NWWQG8EXJBYSI,15.06
Jeremy,Mack,JF00976,7260375,DELVO DYNAMICS,5,APAC,STELLAR,SUPPORT,NO_TS_APAC,84.94
Christine,Ross,KX69100,4941913,HYRION CONSULTING,5,LATAM AFRICA,QUANTUM,SUPPORT,4W3USTKZZ04ILPD,13.64
Christine,Ross,KX69100,4941913,HYRION CONSULTING,5,MEA,QUANTUM,SUPPORT,NO_TS_MEA,86.36
Juan,Munoz,JQ75617,5750426,LUMEX VENTURES,5,CONT MENA,NOVA,FORFAIT,PXN5RE6KE3420VS,13.64
Corey,Martin,JM09513,4258878,JALVIK CONSULTING,5,MEA EUROPE,QUANTUM,SUPPORT,ZG7KFYVQPU6WV39,11.93
Corey,Martin,JM09513,4258878,JALVIK CONSULTING,5,MEA,QUANTUM,SUPPORT,NO_TS_MEA,88.07
Jamie,Salas,KZ70423,8374915,KESTRA DYNAMICS,5,LATAM OCEANIA,PULSE,REGIE,K7N9NZEWJEGM6TP,6.68
Krystal,Matthews,BZ98848,7372435,JALVIK CONSULTING,5,LATAM AFRICA,ATLAS,FORFAIT,3ZYVR9OTGP8O8Y3,8.52
Lisa,Wright,ZI16437,6299581,ALCOR DYNAMICS,5,APAC EUROPE,NOVA,FORFAIT,AYPARW77KYZ37DG,13.64
Lisa,Wright,ZI16437,6299581,ALCOR DYNAMICS,5,CONT,NOVA,FORFAIT,NO_TS_CONT,86.36
Dennis,Galvan,MO69064,4268096,KESTRA VENTURES,5,NA MENA,NOVA,SUPPORT,9YKCEE3YV3FXQ19,11.36
Dennis,Galvan,MO69064,4268096,KESTRA VENTURES,5,NA,NOVA,SUPPORT,NO_TS_NA,88.64
Carlos,Bowen,VN15097,9356805,GOLZEN SOLUTIONS,5,NA AFRICA,ATLAS,REGIE,U8WOFHNFYIS9U1U,8.52
Carlos,Bowen,VN15097,9356805,GOLZEN SOLUTIONS,5,EMEA,ATLAS,REGIE,NO_TS_EMEA,91.48
Lynn,Foster,SP26059,1888156,GOLZEN SOLUTIONS,5,APAC EUROPE,PULSE,RPS,L7SLOROY67VBIRV,9.52
Lynn,Foster,SP26059,1888156,GOLZEN SOLUTIONS,5,EMEA,PULSE,RPS,NO_TS_EMEA,90.48
Robert,Hunt,WM13128,9675485,GOLZEN DIGITAL,5,MEA MENA,PHOENIX,REGIE,LDP961GKOQBCVZ4,9.09
Christopher,Harris,CQ01804,1286322,BRYTON CONSULTING,5,MEA MENA,NEXUS,FORFAIT,UGX95KWSB7DFH28,10.8
Christopher,Harris,CQ01804,1286322,BRYTON CONSULTING,5,APAC,NEXUS,FORFAIT,NO_TS_APAC,89.2
Nicholas,Holloway,GE86627,9117249,ETHOS TECH,5,APAC ASIA,PHOENIX,MAINTENANCE,RC1OMHJ3J6EO1UX,10.09
Ronnie,Armstrong,SW62354,8279578,HYRION DIGITAL,5,CONT EUROPE,ATLAS,RPS,AJZVUDQ9XC6PVJY,10.51
Ronnie,Armstrong,SW62354,8279578,HYRION DIGITAL,5,LATAM,ATLAS,RPS,NO_TS_LATAM,89.49
Ivan,Stewart,ZP97608,1233334,CENVEO SOLUTIONS,5,MEA ASIA,NOVA,RPS,WZK5JFX0EOORTTB,7.14
Ivan,Stewart,ZP97608,1233334,CENVEO SOLUTIONS,5,CONT,NOVA,RPS,NO_TS_CONT,92.86
Craig,Cross,AT23668,3007471,FORVEX CONSULTING,5,NA EUROPE,NEXUS,FORFAIT,CYEZTFWGV3JVGOQ,7.67
Craig,Cross,AT23668,3007471,FORVEX CONSULTING,5,CONT,NEXUS,FORFAIT,NO_TS_CONT,92.33
Bryan,Cochran,YE32314,7438422,BRYTON DIGITAL,5,MEA AFRICA,ORBIT,REGIE,97B5PWPTQI3OB0Q,9.09
Bryan,Cochran,YE32314,7438422,BRYTON DIGITAL,5,MEA,ORBIT,REGIE,NO_TS_MEA,90.91
Gloria,Joseph,IV52899,4002413,ALCOR DYNAMICS,5,MEA MENA,VERTEX,SUPPORT,B2BX93CYXE1YOOF,13.64
Gloria,Joseph,IV52899,4002413,ALCOR DYNAMICS,5,NA,VERTEX,SUPPORT,NO_TS_NA,86.36
Danielle,Brown,MB26951,8258529,FORVEX GROUP,5,MEA ASIA,STELLAR,REGIE,IDCDPNT8BH6M5TU,15.91
Danielle,Brown,MB26951,8258529,FORVEX GROUP,5,CONT,STELLAR,REGIE,NO_TS_CONT,84.09
Daniel,Hampton,CS27480,2264560,DELVO SYSTEMS,5,CONT ASIA,QUANTUM,FORFAIT,VEOW1LZ96AFV35Q,9.66
Michael,Rice,NU41176,4015489,LUMEX VENTURES,5,NA EUROPE,ATLAS,SUPPORT,0598J0994BBWFRA,7.67
Michael,Rice,NU41176,4015489,LUMEX VENTURES,5,EMEA,ATLAS,SUPPORT,NO_TS_EMEA,92.33
Nicholas,Meyer,WJ54499,6749800,INOVA DIGITAL,5,NA OCEANIA,ATLAS,REGIE,77ZXA0LP2UQO0ZC,13.64
Nicholas,Meyer,WJ54499,6749800,INOVA DIGITAL,5,LATAM,ATLAS,REGIE,NO_TS_LATAM,86.36
Katherine,Burton,KD47720,9457343,JALVIK SOLUTIONS,5,CONT ASIA,PULSE,MAINTENANCE,K8ZSZC0Y84V6NPI,12.5
Katherine,Burton,KD47720,9457343,JALVIK SOLUTIONS,5,APAC,PULSE,MAINTENANCE,NO_TS_APAC,87.5
Julie,Alvarez,CE59086,6436275,JALVIK CONSULTING,5,LATAM AFRICA,NOVA,REGIE,EDJGD1IQF6SK2GE,10.51
Julie,Alvarez,CE59086,6436275,JALVIK CONSULTING,5,LATAM,NOVA,REGIE,NO_TS_LATAM,89.49
Michael,Castro,XO90452,1284521,LUMEX GLOBAL,5,CONT AMERICA,VERTEX,FORFAIT,F6M0XETZIJU40GR,9.09
Michael,Castro,XO90452,1284521,LUMEX GLOBAL,5,CONT,VERTEX,FORFAIT,NO_TS_CONT,90.91
Antonio,Schultz,EE62230,6322190,CENVEO GROUP,5,CONT MENA,ORBIT,REGIE,D0Q3YRTGNCAFYX4,7.53
Antonio,Schultz,EE62230,6322190,CENVEO GROUP,5,LATAM,ORBIT,REGIE,NO_TS_LATAM,92.47
Susan,Thomas,VT72983,5574461,CENVEO GROUP,5,NA OCEANIA,VERTEX,REGIE,YFJHVOZWF1OBPN5,13.92
Susan,Thomas,VT72983,5574461,CENVEO GROUP,5,MEA,VERTEX,REGIE,NO_TS_MEA,86.08
Daniel,Jackson,TO36552,8813169,ALCOR CONSULTING,5,LATAM AFRICA,NEXUS,RPS,UFB4OP5REDEE064,11.65
Daniel,Jackson,TO36552,8813169,ALCOR CONSULTING,5,EMEA,NEXUS,RPS,NO_TS_EMEA,88.35
Collin,Padilla,VC68456,5655165,KESTRA GROUP,5,APAC OCEANIA,NEXUS,SUPPORT,71WSP5RW79Y609G,15.91
Collin,Padilla,VC68456,5655165,KESTRA GROUP,5,EMEA,NEXUS,SUPPORT,NO_TS_EMEA,84.09
Tiffany,Curtis,RR71397,9199757,DELVO GLOBAL,5,LATAM AMERICA,NEXUS,MAINTENANCE,R9S1M5DTA9LXINK,13.78
Tiffany,Curtis,RR71397,9199757,DELVO GLOBAL,5,LATAM,NEXUS,MAINTENANCE,NO_TS_LATAM,86.22
Daniel,Chaney,EQ87630,6018013,LUMEX DIGITAL,5,LATAM EUROPE,STELLAR,RPS,YJHQKFX2HKLCXMR,15.91
Daniel,Chaney,EQ87630,6018013,LUMEX DIGITAL,5,NA,STELLAR,RPS,NO_TS_NA,84.09
Derrick,Shaffer,MG82509,9430486,KESTRA TECH,5,EMEA ASIA,ATLAS,REGIE,2ROPUJ38QR2AT9R,11.65
Derrick,Shaffer,MG82509,9430486,KESTRA TECH,5,CONT,ATLAS,REGIE,NO_TS_CONT,88.35
Ann,Fowler,LI06050,5356820,BRYTON DIGITAL,5,LATAM AMERICA,PULSE,FORFAIT,I2T4GYMXKOLJ4I8,13.64
Ann,Fowler,LI06050,5356820,BRYTON DIGITAL,5,NA,PULSE,FORFAIT,NO_TS_NA,86.36
Scott,Richardson,JA99160,7764672,JALVIK CONSULTING,5,APAC AMERICA,QUANTUM,RPS,3N5RC7M6A1YL2Q9,14.2
Scott,Richardson,JA99160,7764672,JALVIK CONSULTING,5,EMEA,QUANTUM,RPS,NO_TS_EMEA,85.8
Danny,Rice,MA73726,4071548,JALVIK DYNAMICS,5,APAC EUROPE,PULSE,FORFAIT,5YWOOBDK06UBIQS,10.09
Danny,Rice,MA73726,4071548,JALVIK DYNAMICS,5,LATAM,PULSE,FORFAIT,NO_TS_LATAM,89.91
Steven,Houston,GH73024,7772697,CENVEO DYNAMICS,5,LATAM AMERICA,ATLAS,FORFAIT,6EQ9FRLAVMYKXPV,9.94
Steven,Houston,GH73024,7772697,CENVEO DYNAMICS,5,NA,ATLAS,FORFAIT,NO_TS_NA,90.06
Robert,Hoffman,YL45471,6408733,BRYTON SOLUTIONS,5,MEA EUROPE,ATLAS,SUPPORT,8T7O9BTEIGSQHQZ,7.39
Robert,Hoffman,YL45471,6408733,BRYTON SOLUTIONS,5,LATAM,ATLAS,SUPPORT,NO_TS_LATAM,92.61
Whitney,Luna,TS57406,2799002,CENVEO VENTURES,5,NA AFRICA,NOVA,SUPPORT,EJWAXQY5J7B9MCA,11.93
Randy,Flores,PP38699,2853134,FORVEX DIGITAL,5,APAC MENA,VERTEX,REGIE,TGE9FUVUQV7P8YN,15.06
Randy,Flores,PP38699,2853134,FORVEX DIGITAL,5,MEA,VERTEX,REGIE,NO_TS_MEA,84.94
Gerald,Hawkins,GN57136,1588180,INOVA VENTURES,5,LATAM MENA,NOVA,RPS,C4ATS9QBT1BVQIH,9.66
Gerald,Hawkins,GN57136,1588180,INOVA VENTURES,5,CONT,NOVA,RPS,NO_TS_CONT,90.34
Lisa,Franco,ZO38415,4037886,JALVIK GLOBAL,5,EMEA EUROPE,QUANTUM,FORFAIT,XQ4RG09JSA0YUBD,11.65
Lisa,Franco,ZO38415,4037886,JALVIK GLOBAL,5,LATAM,QUANTUM,FORFAIT,NO_TS_LATAM,88.35
Jill,Fowler,OY61243,3921701,KESTRA DYNAMICS,5,MEA EUROPE,PHOENIX,FORFAIT,K90GO0CQ5VUQ0CB,7.67
Virginia,Pierce,LZ13055,8031218,ETHOS SOLUTIONS,5,APAC ASIA,PHOENIX,RPS,Q95JN1HOTLUBHL2,9.23
Virginia,Pierce,LZ13055,8031218,ETHOS SOLUTIONS,5,LATAM,PHOENIX,RPS,NO_TS_LATAM,90.77
Timothy,Fowler,YD56780,4456400,HYRION GROUP,5,APAC MENA,STELLAR,MAINTENANCE,9RXEYD0ZF937YNK,11.36
Timothy,Fowler,YD56780,4456400,HYRION GROUP,5,MEA,STELLAR,MAINTENANCE,NO_TS_MEA,88.64
Matthew,Jones,ON17894,6096292,DELVO GLOBAL,5,EMEA OCEANIA,PULSE,MAINTENANCE,LD60I0A5DHF9C1E,9.66
Matthew,Jones,ON17894,6096292,DELVO GLOBAL,5,EMEA,PULSE,MAINTENANCE,NO_TS_EMEA,90.34
Erica,Wilson,XM65041,2737022,JALVIK SOLUTIONS,5,CONT OCEANIA,PULSE,RPS,Q9Q8VTMETX3YFPA,7.67
Erica,Wilson,XM65041,2737022,JALVIK SOLUTIONS,5,NA,PULSE,RPS,NO_TS_NA,92.33
Julie,Williams,HS59955,6493728,DELVO DIGITAL,5,APAC AFRICA,NEXUS,MAINTENANCE,J7153WTC643HXSU,11.93
Julie,Williams,HS59955,6493728,DELVO DIGITAL,5,APAC,NEXUS,MAINTENANCE,NO_TS_APAC,88.07
Drew,Duffy,FW28839,5561735,ETHOS DYNAMICS,5,NA AMERICA,PHOENIX,SUPPORT,T0YOP80A568CSCN,15.06
Drew,Duffy,FW28839,5561735,ETHOS DYNAMICS,5,APAC,PHOENIX,SUPPORT,NO_TS_APAC,84.94
Jonathan,Lawrence,KU87113,7648665,DELVO SOLUTIONS,5,NA AMERICA,NEXUS,FORFAIT,O1YQJQ96U2EVMNV,10.23
Jonathan,Lawrence,KU87113,7648665,DELVO SOLUTIONS,5,MEA,NEXUS,FORFAIT,NO_TS_MEA,89.77
Charles,Brown,SH73116,8631365,INOVA CONSULTING,5,APAC AMERICA,STELLAR,MAINTENANCE,NCP8GCP2S0MQ7MU,13.64
Charles,Brown,SH73116,8631365,INOVA CONSULTING,5,MEA,STELLAR,MAINTENANCE,NO_TS_MEA,86.36
Marcus,Riddle,MG70820,3380535,DELVO GROUP,5,NA ASIA,PHOENIX,RPS,E84CX67057Y9IBC,11.93
Michael,Price,EQ92150,6596279,JALVIK GROUP,5,MEA AFRICA,QUANTUM,REGIE,L7NUGWQBW5XC33F,13.64
Michael,Price,EQ92150,6596279,JALVIK GROUP,5,LATAM,QUANTUM,REGIE,NO_TS_LATAM,86.36
Nicholas,Scott,SM67200,8509033,ALCOR CONSULTING,5,NA AMERICA,VERTEX,RPS,5YBAHSRIE4A3AYC,11.36
Nicholas,Scott,SM67200,8509033,ALCOR CONSULTING,5,NA,VERTEX,RPS,NO_TS_NA,88.64
Kayla,Andrews,JI86905,1160277,KESTRA DYNAMICS,5,APAC AMERICA,ORBIT,FORFAIT,D31LL7EP1YT6G8I,14.2
Kayla,Andrews,JI86905,1160277,KESTRA DYNAMICS,5,CONT,ORBIT,FORFAIT,NO_TS_CONT,85.8
Kimberly,Scott,KU76477,1173858,DELVO GLOBAL,5,EMEA AMERICA,NOVA,RPS,29SVIJAB1U8SBPW,13.64
Derek,Griffin,OJ85451,7734200,GOLZEN TECH,5,MEA MENA,VERTEX,SUPPORT,AT693CEPC6HYYME,8.52
Derek,Griffin,OJ85451,7734200,GOLZEN TECH,5,APAC,VERTEX,SUPPORT,NO_TS_APAC,91.48
Chelsea,Mitchell,OE48511,1733589,DELVO DYNAMICS,5,NA AFRICA,NEXUS,MAINTENANCE,NW7NJTFSVMKQ482,11.36
Chelsea,Mitchell,OE48511,1733589,DELVO DYNAMICS,5,APAC,NEXUS,MAINTENANCE,NO_TS_APAC,88.64
Teresa,Park,SR64914,8917702,INOVA SYSTEMS,5,CONT OCEANIA,NOVA,FORFAIT,TQ85TCQ7G9H3U2Y,11.93
Teresa,Park,SR64914,8917702,INOVA SYSTEMS,5,NA,NOVA,FORFAIT,NO_TS_NA,88.07
Richard,Williams,NG63930,9995939,HYRION DYNAMICS,5,APAC MENA,QUANTUM,FORFAIT,NNVOVZ4FG37WPQZ,9.09
Richard,Williams,NG63930,9995939,HYRION DYNAMICS,5,NA,QUANTUM,FORFAIT,NO_TS_NA,90.91
Ashley,Burgess,UZ13669,9716519,LUMEX GROUP,5,CONT OCEANIA,PHOENIX,FORFAIT,6X49M36SID41ICK,9.38
Ashley,Burgess,UZ13669,9716519,LUMEX GROUP,5,EMEA,PHOENIX,FORFAIT,NO_TS_EMEA,90.63
Caroline,Howard,UQ69608,3650949,LUMEX SYSTEMS,5,LATAM AMERICA,STELLAR,REGIE,EXRCJOC1DZEDHDF,8.24
Caroline,Howard,UQ69608,3650949,LUMEX SYSTEMS,5,MEA,STELLAR,REGIE,NO_TS_MEA,91.76
Daniel,Armstrong,AO60707,5494931,DELVO DYNAMICS,5,EMEA AMERICA,PULSE,FORFAIT,633YBH0JHE8P6A3,10.23
Daniel,Armstrong,AO60707,5494931,DELVO DYNAMICS,5,EMEA,PULSE,FORFAIT,NO_TS_EMEA,89.77
Justin,Greene,EJ71696,5888238,CENVEO DYNAMICS,5,LATAM OCEANIA,STELLAR,MAINTENANCE,8IJ7QPES8TEB5BC,9.09
Robyn,Snyder,FM13085,2651108,LUMEX DIGITAL,5,LATAM EUROPE,ATLAS,REGIE,GOUE7MF2M8P3VU8,11.93
Robyn,Snyder,FM13085,2651108,LUMEX DIGITAL,5,LATAM,ATLAS,REGIE,NO_TS_LATAM,88.07
Stephanie,Johnson,VK39002,1674906,ALCOR SOLUTIONS,5,EMEA AFRICA,QUANTUM,FORFAIT,4MUBYP0Q2MLD5Z5,10.51
Stephanie,Johnson,VK39002,1674906,ALCOR SOLUTIONS,5,MEA,QUANTUM,FORFAIT,NO_TS_MEA,89.49
Ethan,Hicks,ZT87311,5377550,GOLZEN DYNAMICS,5,NA MENA,PULSE,SUPPORT,UC1LG4H9YT8FMW3,13.64
Ethan,Hicks,ZT87311,5377550,GOLZEN DYNAMICS,5,NA,PULSE,SUPPORT,NO_TS_NA,86.36
Miranda,Juarez,LP83924,9788319,HYRION SOLUTIONS,5,APAC EUROPE,ORBIT,MAINTENANCE,TE6C4HXAJX5UJM8,11.67
Miranda,Juarez,LP83924,9788319,HYRION SOLUTIONS,5,CONT,ORBIT,MAINTENANCE,NO_TS_CONT,88.33
David,Davis,WC79538,3253924,HYRION VENTURES,5,APAC OCEANIA,PHOENIX,SUPPORT,ZGCBJF3FLJBXH2B,11.65
David,Davis,WC79538,3253924,HYRION VENTURES,5,LATAM,PHOENIX,SUPPORT,NO_TS_LATAM,88.35
Zachary,Lowery,TQ03119,6343499,BRYTON SOLUTIONS,5,LATAM AMERICA,NEXUS,RPS,R61BVZMBKNVR3ZL,9.94
Zachary,Lowery,TQ03119,6343499,BRYTON SOLUTIONS,5,CONT,NEXUS,RPS,NO_TS_CONT,90.06
Susan,Jones,JS18699,1300199,GOLZEN SYSTEMS,5,APAC AFRICA,ORBIT,FORFAIT,YM2R3ZRUFYKXYD5,12.36
Susan,Jones,JS18699,1300199,GOLZEN SYSTEMS,5,MEA,ORBIT,FORFAIT,NO_TS_MEA,87.64
Haley,Morrow,UV19293,2615601,CENVEO SYSTEMS,5,NA EUROPE,PULSE,FORFAIT,JDBF26INTLBDMCW,10.8
Haley,Morrow,UV19293,2615601,CENVEO SYSTEMS,5,NA,PULSE,FORFAIT,NO_TS_NA,89.2
Paul,Murphy,HD31393,1624644,ALCOR SYSTEMS,5,NA ASIA,ORBIT,SUPPORT,GKVIEPCVLEEFB88,11.36
Paul,Murphy,HD31393,1624644,ALCOR SYSTEMS,5,APAC,ORBIT,SUPPORT,NO_TS_APAC,88.64
Roberto,Buchanan,MA61754,5980793,ALCOR DYNAMICS,5,LATAM MENA,NEXUS,MAINTENANCE,BZT0QWRRU1FSG1Q,9.66
Roberto,Buchanan,MA61754,5980793,ALCOR DYNAMICS,5,LATAM,NEXUS,MAINTENANCE,NO_TS_LATAM,90.34
Patrick,Trevino,DP50258,6856411,GOLZEN GROUP,5,MEA ASIA,PHOENIX,REGIE,1MSFYVADMCRL8IT,11.93
Patrick,Trevino,DP50258,6856411,GOLZEN GROUP,5,APAC,PHOENIX,REGIE,NO_TS_APAC,88.07
Jonathan,Johnson,ZN93883,1480527,ALCOR SYSTEMS,5,EMEA MENA,ORBIT,SUPPORT,H357LWG7V2MUOU7,10.09
Kelly,Brewer,UD37878,9118039,CENVEO VENTURES,5,MEA MENA,QUANTUM,SUPPORT,L4G0MNR71BVLNND,12.5
Kelly,Brewer,UD37878,9118039,CENVEO VENTURES,5,MEA,QUANTUM,SUPPORT,NO_TS_MEA,87.5
Jessica,Wheeler,CS11539,7188982,LUMEX GLOBAL,5,MEA MENA,PHOENIX,FORFAIT,M8QTL0JJFTPRS5L,13.64
Jessica,Wheeler,CS11539,7188982,LUMEX GLOBAL,5,NA,PHOENIX,FORFAIT,NO_TS_NA,86.36
Kristina,Jordan,HL07085,8613027,INOVA GROUP,5,MEA OCEANIA,ATLAS,FORFAIT,T7PE5H8J02TZKV3,13.64
Robin,Hunter,RY34858,5130072,FORVEX GROUP,5,LATAM AFRICA,PHOENIX,SUPPORT,NKOQ65FMZ2EOEMG,8.81
Robin,Hunter,RY34858,5130072,FORVEX GROUP,5,MEA,PHOENIX,SUPPORT,NO_TS_MEA,91.19
Randy,Harris,JY01181,2306509,CENVEO GLOBAL,5,EMEA ASIA,PULSE,REGIE,AZJZ1S946DKG1GP,9.38
Randy,Harris,JY01181,2306509,CENVEO GLOBAL,5,NA,PULSE,REGIE,NO_TS_NA,90.63
Bobby,Jones,YY91976,7400929,JALVIK CONSULTING,5,NA AMERICA,NEXUS,SUPPORT,22FSFD3TDU75S5P,9.09
Christopher,Hampton,LF54274,4270112,ALCOR DYNAMICS,5,MEA ASIA,ATLAS,RPS,QG70QXJ3OLO3TTT,10.23
Christopher,Hampton,LF54274,4270112,ALCOR DYNAMICS,5,CONT,ATLAS,RPS,NO_TS_CONT,89.77
Lisa,Williams,VK95122,4856953,FORVEX TECH,5,CONT AMERICA,ATLAS,RPS,4ELJ0R7021I2ZYT,10.23
Lisa,Williams,VK95122,4856953,FORVEX TECH,5,LATAM,ATLAS,RPS,NO_TS_LATAM,89.77
Johnathan,Taylor,NJ67392,2371409,INOVA DIGITAL,5,MEA OCEANIA,NEXUS,SUPPORT,MW0YD7HCXP3E4N9,8.1
Johnathan,Taylor,NJ67392,2371409,INOVA DIGITAL,5,LATAM,NEXUS,SUPPORT,NO_TS_LATAM,91.9
Edward,Hunter,IX06323,6251551,CENVEO CONSULTING,5,NA MENA,ATLAS,MAINTENANCE,0G5X41N41IDI9B5,13.64
Edward,Hunter,IX06323,6251551,CENVEO CONSULTING,5,APAC,ATLAS,MAINTENANCE,NO_TS_APAC,86.36
Stephanie,White,FW41837,7837634,KESTRA GLOBAL,5,MEA OCEANIA,ORBIT,FORFAIT,672SGE1OJPEUJX3,9.66
Stephanie,White,FW41837,7837634,KESTRA GLOBAL,5,EMEA,ORBIT,FORFAIT,NO_TS_EMEA,90.34
Cathy,Jackson,YK29583,3823514,HYRION CONSULTING,5,APAC AMERICA,ATLAS,REGIE,E01SQ5OKC9Q97XX,7.53
Cathy,Jackson,YK29583,3823514,HYRION CONSULTING,5,EMEA,ATLAS,REGIE,NO_TS_EMEA,92.47
Jacqueline,Patel,YQ90824,9189719,CENVEO VENTURES,5,MEA MENA,NOVA,MAINTENANCE,03URZ2HMGGU7WIR,15.34
Jacqueline,Patel,YQ90824,9189719,CENVEO VENTURES,5,NA,NOVA,MAINTENANCE,NO_TS_NA,84.66
Morgan,Rubio,GA08841,2381199,HYRION CONSULTING,5,MEA AFRICA,STELLAR,SUPPORT,OIHPKNR546VIQ26,9.23
Morgan,Rubio,GA08841,2381199,HYRION CONSULTING,5,EMEA,STELLAR,SUPPORT,NO_TS_EMEA,90.77
Victoria,Adams,AP97416,8655990,ETHOS SYSTEMS,5,CONT OCEANIA,PULSE,MAINTENANCE,ODYR5HP0K95DKFZ,9.38
Victoria,Adams,AP97416,8655990,ETHOS SYSTEMS,5,CONT,PULSE,MAINTENANCE,NO_TS_CONT,90.63
David,Koch,WW56130,7158997,LUMEX CONSULTING,5,APAC AFRICA,NEXUS,RPS,R0AHQP5I4ZVLG23,13.07
David,Koch,WW56130,7158997,LUMEX CONSULTING,5,MEA,NEXUS,RPS,NO_TS_MEA,86.93
Justin,Strickland,HV21201,4000546,HYRION SOLUTIONS,5,APAC EUROPE,QUANTUM,REGIE,FQFICU5ZDE3WCPK,8.1
Justin,Strickland,HV21201,4000546,HYRION SOLUTIONS,5,APAC,QUANTUM,REGIE,NO_TS_APAC,91.9
Barbara,Dean,FF23709,2197849,BRYTON GROUP,5,LATAM MENA,VERTEX,FORFAIT,GN5DERW3R8K5WLN,11.36
Manuel,Ramos,AC89616,9625193,ETHOS DIGITAL,5,APAC EUROPE,QUANTUM,RPS,JN8SDYHMOE2QJ5K,10.37
Manuel,Ramos,AC89616,9625193,ETHOS DIGITAL,5,EMEA,QUANTUM,RPS,NO_TS_EMEA,89.63
Dana,Watson,NK30729,7360054,LUMEX GROUP,5,NA AFRICA,STELLAR,FORFAIT,65KJCH2CZRUPTO6,7.39
Dana,Watson,NK30729,7360054,LUMEX GROUP,5,LATAM,STELLAR,FORFAIT,NO_TS_LATAM,92.61
Stephanie,Olson,NA65542,7631145,ALCOR TECH,5,MEA AFRICA,STELLAR,REGIE,5KUN966TIOPEXG2,11.93
Stephanie,Olson,NA65542,7631145,ALCOR TECH,5,NA,STELLAR,REGIE,NO_TS_NA,88.07
Shelley,Williams,FD97943,2466460,LUMEX CONSULTING,5,CONT AFRICA,NOVA,FORFAIT,JLF8H507GUM4JGF,14.49
Shelley,Williams,FD97943,2466460,LUMEX CONSULTING,5,NA,NOVA,FORFAIT,NO_TS_NA,85.51
Timothy,Mclean,SJ65143,5198789,HYRION DYNAMICS,5,CONT MENA,NEXUS,REGIE,2QYIY1PXL91S5H3,11.36
Cynthia,Castaneda,GD40403,3028216,HYRION CONSULTING,5,APAC MENA,NOVA,REGIE,JEXTBUXPLGDFUWL,11.36
Cynthia,Castaneda,GD40403,3028216,HYRION CONSULTING,5,CONT,NOVA,REGIE,NO_TS_CONT,88.64
Jason,Thornton,FD23657,1150244,KESTRA TECH,5,LATAM MENA,ORBIT,RPS,Z4V951SPQIG9NZG,10.23
Jason,Thornton,FD23657,1150244,KESTRA TECH,5,APAC,ORBIT,RPS,NO_TS_APAC,89.77
Christopher,Cobb,JX24405,3634800,LUMEX GROUP,5,MEA OCEANIA,ORBIT,MAINTENANCE,C01OOR7HH1M7KIM,14.91
Brittany,Gomez,CZ53791,2060475,INOVA GROUP,5,MEA AMERICA,PHOENIX,REGIE,VAJBFAJWU3CG87K,10.8
Sandra,Allen,RW73998,9087228,ALCOR GROUP,5,EMEA EUROPE,ATLAS,MAINTENANCE,T17CGBRUKKM1PX8,14.35
Sandra,Allen,RW73998,9087228,ALCOR GROUP,5,LATAM,ATLAS,MAINTENANCE,NO_TS_LATAM,85.65
Victoria,Powell,LQ89473,7627693,JALVIK SOLUTIONS,5,LATAM EUROPE,ATLAS,REGIE,ZFKCCHTP8ZMHRXS,8.52
Victoria,Powell,LQ89473,7627693,JALVIK SOLUTIONS,5,LATAM,ATLAS,REGIE,NO_TS_LATAM,91.48
Aaron,Lawrence,LB20333,6744257,ALCOR GROUP,5,APAC EUROPE,VERTEX,SUPPORT,84BMHIVXCDTNIOQ,11.36
Aaron,Lawrence,LB20333,6744257,ALCOR GROUP,5,NA,VERTEX,SUPPORT,NO_TS_NA,88.64
Antonio,Rodriguez,LZ02391,2002142,JALVIK GROUP,5,EMEA AMERICA,NEXUS,MAINTENANCE,MPIHNXQJGRASQWO,12.22
Antonio,Rodriguez,LZ02391,2002142,JALVIK GROUP,5,CONT,NEXUS,MAINTENANCE,NO_TS_CONT,87.78
Martha,Brown,XL99019,2059195,INOVA GROUP,5,CONT AFRICA,ORBIT,RPS,XPUH8VZPCFFEBJN,8.24
Martha,Brown,XL99019,2059195,INOVA GROUP,5,LATAM,ORBIT,RPS,NO_TS_LATAM,91.76
Kristi,Chambers,NI39029,4358333,INOVA SOLUTIONS,5,APAC AMERICA,NEXUS,FORFAIT,XOXYBSRRY7Z75RO,13.64
Dana,Holloway,DL71450,8959397,INOVA DYNAMICS,5,CONT EUROPE,QUANTUM,MAINTENANCE,D4C1Z8FKIBQT8BB,12.5
Danielle,Meyer,SK96957,5582005,ETHOS TECH,5,EMEA AMERICA,NOVA,FORFAIT,DWDXOEGAMRQD3FZ,10.94
Nicole,Cox,QK46166,4586198,LUMEX SYSTEMS,5,APAC EUROPE,QUANTUM,FORFAIT,F7NU9RG15M11OEL,8.1
Jason,Calhoun,WV75914,4362163,CENVEO DYNAMICS,5,APAC ASIA,QUANTUM,REGIE,DSZW5XYVA4NDJM5,15.91
Jason,Calhoun,WV75914,4362163,CENVEO DYNAMICS,5,CONT,QUANTUM,REGIE,NO_TS_CONT,84.09
Isaiah,Peck,AG06181,3624184,FORVEX SOLUTIONS,5,EMEA ASIA,ATLAS,FORFAIT,UH18KLT9O0U2IXN,9.66
Isaiah,Peck,AG06181,3624184,FORVEX SOLUTIONS,5,EMEA,ATLAS,FORFAIT,NO_TS_EMEA,90.34
Kyle,Jones,GA76979,8595434,LUMEX GROUP,5,LATAM MENA,NEXUS,FORFAIT,KXCOUYOMTF0Q9OA,11.93
Kyle,Jones,GA76979,8595434,LUMEX GROUP,5,CONT,NEXUS,FORFAIT,NO_TS_CONT,88.07
Harold,Allen,GP33654,5491929,DELVO SOLUTIONS,5,NA EUROPE,PHOENIX,RPS,3YRFY8FTDVSB53Z,11.36
Scott,Miller,YQ64530,1809007,BRYTON TECH,5,NA ASIA,PHOENIX,FORFAIT,SZNTG86ZJG43CJ1,9.23
Scott,Miller,YQ64530,1809007,BRYTON TECH,5,APAC,PHOENIX,FORFAIT,NO_TS_APAC,90.77
Toni,Parks,NO88623,2052775,FORVEX TECH,5,EMEA AMERICA,ORBIT,SUPPORT,KEI3O7XF7QSGOR3,9.52
Toni,Parks,NO88623,2052775,FORVEX TECH,5,APAC,ORBIT,SUPPORT,NO_TS_APAC,90.48
Kenneth,Shaw,FY65881,6149460,JALVIK GLOBAL,5,MEA MENA,ORBIT,RPS,H0PRVA70D1AH0YT,10.09
Kenneth,Shaw,FY65881,6149460,JALVIK GLOBAL,5,NA,ORBIT,RPS,NO_TS_NA,89.91
Eric,Bowers,KF40678,3226342,ALCOR DIGITAL,5,NA AMERICA,PULSE,MAINTENANCE,EQOFO3MTP9EF0AS,13.64
Eric,Bowers,KF40678,3226342,ALCOR DIGITAL,5,NA,PULSE,MAINTENANCE,NO_TS_NA,86.36
Danielle,Dennis,RJ99594,9746862,HYRION DYNAMICS,5,NA AFRICA,NEXUS,MAINTENANCE,FNODG8BQB07E1UF,16.07
Danielle,Dennis,RJ99594,9746862,HYRION DYNAMICS,5,MEA,NEXUS,MAINTENANCE,NO_TS_MEA,83.93
Eric,Madden,HK85138,3266586,INOVA GROUP,5,LATAM AMERICA,PHOENIX,REGIE,6TWIG86U03A79BD,11.36
Eric,Madden,HK85138,3266586,INOVA GROUP,5,EMEA,PHOENIX,REGIE,NO_TS_EMEA,88.64
Adam,Shaw,AD50804,1465535,CENVEO GROUP,5,LATAM EUROPE,NEXUS,REGIE,5JTHXKF2F00OA5U,11.36
Adam,Shaw,AD50804,1465535,CENVEO GROUP,5,LATAM,NEXUS,REGIE,NO_TS_LATAM,88.64
Alexis,Sanchez,HJ53356,8723152,LUMEX CONSULTING,5,CONT MENA,STELLAR,SUPPORT,IWU3Y9HR9427WNI,16.48
Amanda,White,TO31988,1014323,HYRION SYSTEMS,5,APAC AMERICA,STELLAR,RPS,ZOMPUMOVHJYNQDK,9.38
Amanda,White,TO31988,1014323,HYRION SYSTEMS,5,MEA,STELLAR,RPS,NO_TS_MEA,90.63
Matthew,Turner,NX97587,7761759,BRYTON SYSTEMS,5,MEA OCEANIA,QUANTUM,MAINTENANCE,P0BWD64H6V9FK2B,11.51
Steven,Mitchell,HN93047,8092655,JALVIK GLOBAL,5,MEA MENA,PULSE,REGIE,G0Y6HQW0A906IP2,6.82
Steven,Mitchell,HN93047,8092655,JALVIK GLOBAL,5,NA,PULSE,REGIE,NO_TS_NA,93.18
Troy,Gutierrez,NK29765,5872369,LUMEX DYNAMICS,5,NA AMERICA,NOVA,MAINTENANCE,FX2BGSSDMKDGNIW,11.08
Troy,Gutierrez,NK29765,5872369,LUMEX DYNAMICS,5,EMEA,NOVA,MAINTENANCE,NO_TS_EMEA,88.92
Timothy,Marshall,CG48931,4719264,ALCOR VENTURES,5,LATAM EUROPE,VERTEX,MAINTENANCE,2IBEGQ1IJD02EJJ,14.91
Timothy,Marshall,CG48931,4719264,ALCOR VENTURES,5,APAC,VERTEX,MAINTENANCE,NO_TS_APAC,85.09
Jeffery,Simmons,TM42190,9358885,GOLZEN SYSTEMS,5,EMEA EUROPE,ATLAS,FORFAIT,TU7BDYCQBDA5L53,9.66
Paul,Douglas,GN35741,9169983,ETHOS VENTURES,5,CONT EUROPE,VERTEX,REGIE,YBPS1Q0IDEBX41Y,8.52
Paul,Douglas,GN35741,9169983,ETHOS VENTURES,5,MEA,VERTEX,REGIE,NO_TS_MEA,91.48
Justin,Garza,LB94219,2601000,LUMEX DYNAMICS,5,CONT AMERICA,PULSE,SUPPORT,VWWKW49FZH0CY3L,18.18
Justin,Garza,LB94219,2601000,LUMEX DYNAMICS,5,APAC,PULSE,SUPPORT,NO_TS_APAC,81.82
Robert,Roberts,AB98387,1593399,DELVO GLOBAL,5,CONT AFRICA,QUANTUM,SUPPORT,8EN4GD6JS7BZB0W,11.08
Robert,Roberts,AB98387,1593399,DELVO GLOBAL,5,NA,QUANTUM,SUPPORT,NO_TS_NA,88.92
David,Stephens,TA44875,7031079,BRYTON SOLUTIONS,5,EMEA AMERICA,PULSE,RPS,BDLX8AQRUUTAKJP,12.5
Steven,Ingram,YA40054,3761524,ETHOS SYSTEMS,5,MEA AFRICA,STELLAR,REGIE,XUO7CLCGPQJE5TJ,12.78
Steven,Ingram,YA40054,3761524,ETHOS SYSTEMS,5,NA,STELLAR,REGIE,NO_TS_NA,87.22
Kyle,Kim,RG17310,8375845,CENVEO DIGITAL,5,APAC ASIA,QUANTUM,REGIE,NYQG6L3AURMNJ0K,11.36
Kyle,Kim,RG17310,8375845,CENVEO DIGITAL,5,CONT,QUANTUM,REGIE,NO_TS_CONT,88.64
Mark,Clark,BP11881,6397716,ETHOS SOLUTIONS,5,CONT OCEANIA,NEXUS,RPS,ZDDWUDBTAM7739U,12.93
Mark,Clark,BP11881,6397716,ETHOS SOLUTIONS,5,APAC,NEXUS,RPS,NO_TS_APAC,87.07
Krista,Jacobs,QR60418,2848312,JALVIK GLOBAL,5,CONT MENA,ATLAS,MAINTENANCE,1NXUHIX2P9QYQ1Q,7.67
Krista,Jacobs,QR60418,2848312,JALVIK GLOBAL,5,EMEA,ATLAS,MAINTENANCE,NO_TS_EMEA,92.33
David,Benjamin,EP17479,7935645,CENVEO SOLUTIONS,5,NA MENA,VERTEX,RPS,EWCNMTQQIPZ8II5,11.65
David,Benjamin,EP17479,7935645,CENVEO SOLUTIONS,5,CONT,VERTEX,RPS,NO_TS_CONT,88.35
Lindsay,Sanchez,SJ42471,4693885,LUMEX DIGITAL,5,APAC AFRICA,NEXUS,SUPPORT,F2KBOTDCG1PTCGA,9.23
Lindsay,Sanchez,SJ42471,4693885,LUMEX DIGITAL,5,LATAM,NEXUS,SUPPORT,NO_TS_LATAM,90.77
Michael,Jones,TF38951,8530431,DELVO SYSTEMS,5,EMEA EUROPE,QUANTUM,MAINTENANCE,1O50ICMPD9TZLM8,12.5
Michael,Jones,TF38951,8530431,DELVO SYSTEMS,5,EMEA,QUANTUM,MAINTENANCE,NO_TS_EMEA,87.5
Christine,Brown,JB61696,9707783,ETHOS SOLUTIONS,5,APAC EUROPE,ATLAS,SUPPORT,EGWWC7R8QOLG2YB,11.36
Selena,Perkins,DC49989,6741624,HYRION GLOBAL,5,APAC ASIA,NEXUS,MAINTENANCE,0TCB38JPZOLE7SF,11.08
Michael,Rodriguez,ZY88555,8506132,LUMEX GROUP,5,MEA MENA,QUANTUM,SUPPORT,E8XW91HOM1LI2KG,9.94
Michael,Rodriguez,ZY88555,8506132,LUMEX GROUP,5,CONT,QUANTUM,SUPPORT,NO_TS_CONT,90.06
Kelly,Brown,XD73053,8932787,JALVIK SYSTEMS,5,EMEA EUROPE,PHOENIX,FORFAIT,VWTATO6BK9QRODT,12.22
Kelly,Brown,XD73053,8932787,JALVIK SYSTEMS,5,NA,PHOENIX,FORFAIT,NO_TS_NA,87.78
Richard,Brown,XI80103,1309196,FORVEX VENTURES,5,LATAM OCEANIA,QUANTUM,RPS,521T4P82KBBG96P,13.64
Richard,Brown,XI80103,1309196,FORVEX VENTURES,5,MEA,QUANTUM,RPS,NO_TS_MEA,86.36
George,Barker,FP78739,7459825,ETHOS TECH,5,MEA OCEANIA,QUANTUM,FORFAIT,CYEQ0RPNOYT0JSV,9.66
George,Barker,FP78739,7459825,ETHOS TECH,5,MEA,QUANTUM,FORFAIT,NO_TS_MEA,90.34
Nicole,Sanchez,ZK95398,1354568,JALVIK GROUP,5,MEA ASIA,ORBIT,REGIE,TLBJHGSXD5EBL5Q,10.51
Nicole,Sanchez,ZK95398,1354568,JALVIK GROUP,5,EMEA,ORBIT,REGIE,NO_TS_EMEA,89.49
Stephen,Ward,NJ94915,2514515,FORVEX DIGITAL,5,EMEA MENA,STELLAR,SUPPORT,F0O4MHWU7G1XL17,11.36
Stephen,Ward,NJ94915,2514515,FORVEX DIGITAL,5,LATAM,STELLAR,SUPPORT,NO_TS_LATAM,88.64
Adrian,Hunter,KX41280,6193518,CENVEO TECH,5,NA AFRICA,PHOENIX,RPS,RZEGDC7Z6EVUDJ8,13.78
Adrian,Hunter,KX41280,6193518,CENVEO TECH,5,EMEA,PHOENIX,RPS,NO_TS_EMEA,86.22
Taylor,Quinn,RG60164,1672690,ALCOR CONSULTING,5,MEA EUROPE,PHOENIX,SUPPORT,AGYIP6S7J6JV667,7.67
Taylor,Quinn,RG60164,1672690,ALCOR CONSULTING,5,LATAM,PHOENIX,SUPPORT,NO_TS_LATAM,92.33
Frances,Cobb,IG74195,9061958,CENVEO DIGITAL,5,LATAM MENA,ATLAS,FORFAIT,AXS8FII0SZB0BCN,13.64
Tiffany,Washington,JZ09306,8756081,HYRION DIGITAL,5,APAC AMERICA,ATLAS,FORFAIT,9XIPMR01IGWCAXC,8.24
Tiffany,Washington,JZ09306,8756081,HYRION DIGITAL,5,MEA,ATLAS,FORFAIT,NO_TS_MEA,91.76
Richard,Munoz,DK62324,4931221,INOVA DIGITAL,5,NA ASIA,QUANTUM,SUPPORT,8E6IRE9NGIERBN1,13.64
Richard,Munoz,DK62324,4931221,INOVA DIGITAL,5,APAC,QUANTUM,SUPPORT,NO_TS_APAC,86.36
Robert,Austin,GR49272,7487997,BRYTON VENTURES,5,CONT MENA,VERTEX,REGIE,468WHL1WCMM2CHG,11.36
Robert,Austin,GR49272,7487997,BRYTON VENTURES,5,LATAM,VERTEX,REGIE,NO_TS_LATAM,88.64
Tony,Gonzalez,ME93098,7189703,KESTRA CONSULTING,5,NA AFRICA,STELLAR,MAINTENANCE,EQZZRF9KZH9P2JA,14.2
Tony,Gonzalez,ME93098,7189703,KESTRA CONSULTING,5,CONT,STELLAR,MAINTENANCE,NO_TS_CONT,85.8
Michelle,Nelson,LL35723,9667347,JALVIK DYNAMICS,5,CONT AFRICA,NEXUS,RPS,A0XMGUXT8QGN0ES,7.1
Michelle,Nelson,LL35723,9667347,JALVIK DYNAMICS,5,NA,NEXUS,RPS,NO_TS_NA,92.9
Kimberly,Mcmahon,TB56248,2068529,ALCOR VENTURES,5,NA EUROPE,PHOENIX,SUPPORT,F1TQL1ZUCLWXQK6,9.8
Craig,Campbell,FY38250,8710495,KESTRA CONSULTING,5,LATAM OCEANIA,STELLAR,RPS,JNK7VUPD5Z1DPZY,11.93
Craig,Campbell,FY38250,8710495,KESTRA CONSULTING,5,APAC,STELLAR,RPS,NO_TS_APAC,88.07
Susan,Johnson,CW97022,1594001,FORVEX DYNAMICS,5,MEA EUROPE,NOVA,RPS,OM5027MZ8VUZ38G,13.64
Susan,Johnson,CW97022,1594001,FORVEX DYNAMICS,5,APAC,NOVA,RPS,NO_TS_APAC,86.36
Elizabeth,Mendoza,ZJ81338,3152283,LUMEX DYNAMICS,5,APAC AFRICA,STELLAR,FORFAIT,JFFECDJJBRCVUKJ,10.23
Elizabeth,Mendoza,ZJ81338,3152283,LUMEX DYNAMICS,5,CONT,STELLAR,FORFAIT,NO_TS_CONT,89.77
Devin,Simon,YM42615,1652715,KESTRA CONSULTING,5,APAC AFRICA,ATLAS,MAINTENANCE,F9I17MVNWQFL9GY,13.35
Devin,Simon,YM42615,1652715,KESTRA CONSULTING,5,EMEA,ATLAS,MAINTENANCE,NO_TS_EMEA,86.65
Suzanne,Mcpherson,GH12069,1549318,DELVO TECH,5,MEA OCEANIA,PHOENIX,MAINTENANCE,V7C1GEYRMZ7ZVJ0,9.94
Suzanne,Mcpherson,GH12069,1549318,DELVO TECH,5,APAC,PHOENIX,MAINTENANCE,NO_TS_APAC,90.06
Lori,Morrison,DX57516,6620701,ALCOR DYNAMICS,5,APAC OCEANIA,PULSE,FORFAIT,7YAKV5J8SAKS8QA,6.96
Lori,Morrison,DX57516,6620701,ALCOR DYNAMICS,5,APAC,PULSE,FORFAIT,NO_TS_APAC,93.04
Meredith,Hart,PL14158,5697533,ALCOR SYSTEMS,5,CONT AMERICA,NEXUS,SUPPORT,QZTF6CY53AS1GS4,14.77
Meredith,Hart,PL14158,5697533,ALCOR SYSTEMS,5,NA,NEXUS,SUPPORT,NO_TS_NA,85.23
Christine,Chambers,FT15637,4473953,BRYTON GROUP,5,MEA AMERICA,VERTEX,RPS,DL88IQCK7XSHOLC,12.5
Christine,Chambers,FT15637,4473953,BRYTON GROUP,5,APAC,VERTEX,RPS,NO_TS_APAC,87.5
Krista,Aguilar,FO82587,2345665,ETHOS TECH,5,EMEA EUROPE,NOVA,REGIE,GSAM84FZRA7YB35,12.22
Brenda,Sharp,JJ55128,3572567,LUMEX CONSULTING,5,EMEA AMERICA,STELLAR,RPS,ORAX7167RMVM985,12.5
Brenda,Sharp,JJ55128,3572567,LUMEX CONSULTING,5,CONT,STELLAR,RPS,NO_TS_CONT,87.5
Melissa,Bell,OU94469,1502752,BRYTON TECH,5,CONT AFRICA,NOVA,MAINTENANCE,UWWOSZZXAC3RA56,13.64
Heather,Smith,VN36691,3739129,DELVO SOLUTIONS,5,CONT EUROPE,ORBIT,SUPPORT,TD33288UASFI86K,11.79
Heather,Smith,VN36691,3739129,DELVO SOLUTIONS,5,EMEA,ORBIT,SUPPORT,NO_TS_EMEA,88.21
Brandon,Davis,KB15187,2383809,LUMEX GLOBAL,5,LATAM AFRICA,PHOENIX,RPS,JB7GHKDIOKEEAZU,9.8
Jenna,Young,LQ89410,9225229,GOLZEN GROUP,5,LATAM ASIA,NOVA,SUPPORT,C6Z2KRJO3K4PB5Y,9.66
Jenna,Young,LQ89410,9225229,GOLZEN GROUP,5,EMEA,NOVA,SUPPORT,NO_TS_EMEA,90.34
Bradley,Young,SL58079,3784014,GOLZEN DIGITAL,5,NA MENA,PHOENIX,SUPPORT,RNUWPNZ6YW1EL8R,11.08
Catherine,Hartman,UQ10949,7159632,HYRION GLOBAL,5,EMEA AMERICA,ATLAS,FORFAIT,6QM2CJZSLGUH996,13.64
Catherine,Hartman,UQ10949,7159632,HYRION GLOBAL,5,MEA,ATLAS,FORFAIT,NO_TS_MEA,86.36
Jillian,Snyder,JE19591,3420844,ALCOR DIGITAL,5,LATAM AFRICA,ORBIT,MAINTENANCE,JXLN3SBPMBCEVCC,12.5
Jillian,Snyder,JE19591,3420844,ALCOR DIGITAL,5,LATAM,ORBIT,MAINTENANCE,NO_TS_LATAM,87.5
Cynthia,Smith,YW96291,3996609,JALVIK GLOBAL,5,EMEA EUROPE,PULSE,SUPPORT,LQDLAEZDSWMN3WX,15.91
Anna,Cole,FX24667,3279755,GOLZEN DIGITAL,5,MEA MENA,NOVA,RPS,NRV6DGUWUDWOHTJ,11.93
Anna,Cole,FX24667,3279755,GOLZEN DIGITAL,5,APAC,NOVA,RPS,NO_TS_APAC,88.07
Samuel,Simpson,ZT52677,6800661,ETHOS CONSULTING,5,MEA MENA,PHOENIX,FORFAIT,8RNEY5XEJ8DQS4I,10.23
Samuel,Simpson,ZT52677,6800661,ETHOS CONSULTING,5,LATAM,PHOENIX,FORFAIT,NO_TS_LATAM,89.77
Steven,Miller,NN55922,7703998,DELVO SOLUTIONS,5,LATAM AMERICA,ORBIT,SUPPORT,HJDPH1O0ZMGT6TK,7.81
Steven,Miller,NN55922,7703998,DELVO SOLUTIONS,5,MEA,ORBIT,SUPPORT,NO_TS_MEA,92.19
Justin,Cook,FH64702,9848976,ETHOS VENTURES,5,NA EUROPE,ORBIT,SUPPORT,G9NKG6SDOP0UGCJ,11.36
Justin,Cook,FH64702,9848976,ETHOS VENTURES,5,APAC,ORBIT,SUPPORT,NO_TS_APAC,88.64
Caitlin,Blanchard,SI95637,1829151,FORVEX GROUP,5,CONT EUROPE,PHOENIX,FORFAIT,KK96R42CYLBTAYT,7.39
Edward,Ochoa,GO66296,3586804,JALVIK DYNAMICS,5,LATAM MENA,NEXUS,REGIE,3FYGFQYMQI84RE2,10.65
Edward,Ochoa,GO66296,3586804,JALVIK DYNAMICS,5,EMEA,NEXUS,REGIE,NO_TS_EMEA,89.35
Walter,Bentley,PB38231,4382440,HYRION VENTURES,5,LATAM AMERICA,PULSE,FORFAIT,MOXU7SHNXJ1XGEI,11.04
Walter,Bentley,PB38231,4382440,HYRION VENTURES,5,CONT,PULSE,FORFAIT,NO_TS_CONT,88.96
Annette,Oneal,ML86326,3531753,KESTRA SOLUTIONS,5,APAC OCEANIA,ORBIT,FORFAIT,RLQSDM4QNHSOWCF,9.09
Sean,Sanchez,DT61897,4412140,DELVO SOLUTIONS,5,APAC OCEANIA,NEXUS,RPS,YG9V9XE2T73RDDC,15.91
Sean,Sanchez,DT61897,4412140,DELVO SOLUTIONS,5,EMEA,NEXUS,RPS,NO_TS_EMEA,84.09
Joseph,Good,ZM50052,4127216,JALVIK SYSTEMS,5,LATAM OCEANIA,ATLAS,SUPPORT,9G96HH3H6FSMPOD,11.36
Alice,Pittman,YH17682,3825784,JALVIK GROUP,5,MEA ASIA,PHOENIX,REGIE,V1LW3GH09GESLOL,13.64
Cynthia,Walters,TJ95229,7067211,ETHOS SOLUTIONS,5,LATAM AFRICA,PULSE,MAINTENANCE,I7OYKDN3GOITGL6,9.94
Cynthia,Walters,TJ95229,7067211,ETHOS SOLUTIONS,5,CONT,PULSE,MAINTENANCE,NO_TS_CONT,90.06
Jasmine,Jones,GH55189,3157428,LUMEX DYNAMICS,5,LATAM ASIA,PHOENIX,FORFAIT,C7PO0A4P23XQ0EQ,9.66
Jasmine,Jones,GH55189,3157428,LUMEX DYNAMICS,5,CONT,PHOENIX,FORFAIT,NO_TS_CONT,90.34
Crystal,Hess,FN42686,8719968,JALVIK SYSTEMS,5,NA EUROPE,VERTEX,RPS,NV2QPLOZ3TZSM1G,11.93
Aaron,Dorsey,LH53064,9411269,DELVO GROUP,5,LATAM OCEANIA,NEXUS,REGIE,4R7HQAHROFKAO7E,8.24
Aaron,Dorsey,LH53064,9411269,DELVO GROUP,5,EMEA,NEXUS,REGIE,NO_TS_EMEA,91.76
Richard,Compton,XF31236,1618314,CENVEO GROUP,5,LATAM EUROPE,NEXUS,MAINTENANCE,PLE4M11TFQFCIIT,9.8
Richard,Compton,XF31236,1618314,CENVEO GROUP,5,APAC,NEXUS,MAINTENANCE,NO_TS_APAC,90.2
Brittany,Wells,YE16983,4985697,INOVA CONSULTING,5,CONT AFRICA,PHOENIX,RPS,CSUEX0IJ2Y8A5MC,10.8
Brittany,Wells,YE16983,4985697,INOVA CONSULTING,5,LATAM,PHOENIX,RPS,NO_TS_LATAM,89.2
Tiffany,Perry,VK65397,6941161,ALCOR GROUP,5,MEA ASIA,NEXUS,SUPPORT,X46AXEW2MLUEZ82,12.5
Paul,Martinez,OQ30320,7437356,INOVA DYNAMICS,5,CONT EUROPE,QUANTUM,SUPPORT,K42ZG8VYQD9C7MV,10.23
Paul,Martinez,OQ30320,7437356,INOVA DYNAMICS,5,CONT,QUANTUM,SUPPORT,NO_TS_CONT,89.77
Charles,Jones,RF87061,4390031,KESTRA SYSTEMS,5,LATAM ASIA,QUANTUM,SUPPORT,9O1RL72CW4OHG56,7.67
Charles,Jones,RF87061,4390031,KESTRA SYSTEMS,5,NA,QUANTUM,SUPPORT,NO_TS_NA,92.33
Kyle,Cooper,NE43437,1547514,KESTRA SOLUTIONS,5,EMEA AMERICA,NEXUS,SUPPORT,5TTTRO0CZ515CLM,11.36
Kyle,Cooper,NE43437,1547514,KESTRA SOLUTIONS,5,MEA,NEXUS,SUPPORT,NO_TS_MEA,88.64
Michael,Lopez,TI71863,2300787,FORVEX DIGITAL,5,LATAM EUROPE,ORBIT,SUPPORT,734RC8P6LC34ESN,13.64
Michael,Lopez,TI71863,2300787,FORVEX DIGITAL,5,NA,ORBIT,SUPPORT,NO_TS_NA,86.36
Danny,Matthews,DU34952,5934857,LUMEX CONSULTING,5,LATAM ASIA,NOVA,FORFAIT,7GMBAON9A00AO13,13.64
Danny,Matthews,DU34952,5934857,LUMEX CONSULTING,5,CONT,NOVA,FORFAIT,NO_TS_CONT,86.36
Heather,Bruce,RP71304,8203435,ETHOS DIGITAL,5,LATAM EUROPE,QUANTUM,FORFAIT,50150GA12UH23H1,11.36
Heather,Bruce,RP71304,8203435,ETHOS DIGITAL,5,MEA,QUANTUM,FORFAIT,NO_TS_MEA,88.64
Megan,Frazier,IR17753,2234602,ALCOR CONSULTING,5,MEA AMERICA,QUANTUM,REGIE,FDS09IQXPYPP69D,11.93
Megan,Frazier,IR17753,2234602,ALCOR CONSULTING,5,NA,QUANTUM,REGIE,NO_TS_NA,88.07
Linda,Hobbs,YG01479,5114318,LUMEX GROUP,5,NA EUROPE,NOVA,FORFAIT,MDAE55ADO8SG3ZP,6.25
Linda,Hobbs,YG01479,5114318,LUMEX GROUP,5,EMEA,NOVA,FORFAIT,NO_TS_EMEA,93.75
Ashley,Berg,BC69491,5471658,BRYTON GLOBAL,5,CONT AMERICA,STELLAR,RPS,LKK9N5I502UXUOA,10.23
Kevin,Cisneros,UB01353,7268627,DELVO DIGITAL,5,APAC AMERICA,ATLAS,REGIE,LEPXEZV1JUDCYSF,13.64
David,Brown,SA07276,4873681,GOLZEN VENTURES,5,APAC AFRICA,NOVA,MAINTENANCE,AIH3JXO9H3K2D7Y,9.66
David,Brown,SA07276,4873681,GOLZEN VENTURES,5,NA,NOVA,MAINTENANCE,NO_TS_NA,90.34
Jennifer,Smith,LZ38379,1985679,INOVA GROUP,5,LATAM MENA,PHOENIX,SUPPORT,9KDEIDDKZVDM1XW,9.8
Jennifer,Smith,LZ38379,1985679,INOVA GROUP,5,APAC,PHOENIX,SUPPORT,NO_TS_APAC,90.2
Michelle,Jones,ZF09411,1845546,GOLZEN SYSTEMS,5,APAC AFRICA,VERTEX,MAINTENANCE,IL64Y10XIOPPPMB,11.36
Emily,Harper,DF61497,8141158,GOLZEN DYNAMICS,5,APAC MENA,QUANTUM,FORFAIT,9K9UBAJV6FB0EEG,15.91
Emily,Harper,DF61497,8141158,GOLZEN DYNAMICS,5,LATAM,QUANTUM,FORFAIT,NO_TS_LATAM,84.09
Theresa,Davidson,OQ42323,7449521,LUMEX DIGITAL,5,EMEA AMERICA,ORBIT,MAINTENANCE,MUXHOMOW0RPLKQQ,11.36
Theresa,Davidson,OQ42323,7449521,LUMEX DIGITAL,5,LATAM,ORBIT,MAINTENANCE,NO_TS_LATAM,88.64
Brandon,Lambert,YI68660,1085090,HYRION DIGITAL,5,EMEA ASIA,VERTEX,MAINTENANCE,1B6CCZZ6D4864X7,10.8
Brandon,Lambert,YI68660,1085090,HYRION DIGITAL,5,CONT,VERTEX,MAINTENANCE,NO_TS_CONT,89.2
Michelle,Davis,DY62796,7975316,GOLZEN CONSULTING,5,CONT AFRICA,NOVA,FORFAIT,FIL14VT7VVVDNX8,8.33
Michelle,Davis,DY62796,7975316,GOLZEN CONSULTING,5,EMEA,NOVA,FORFAIT,NO_TS_EMEA,91.67
Brittney,Kim,YZ55269,1026557,BRYTON SYSTEMS,5,APAC AFRICA,STELLAR,RPS,PBYHTR2S0CEWZBD,10.37
Brittney,Kim,YZ55269,1026557,BRYTON SYSTEMS,5,NA,STELLAR,RPS,NO_TS_NA,89.63
Cody,Bradshaw,LD94698,4283743,FORVEX GROUP,5,NA ASIA,VERTEX,MAINTENANCE,NFIRPQ82G299ZM5,7.67
Michael,Webster,CH11095,6041209,HYRION CONSULTING,5,EMEA AFRICA,ATLAS,RPS,QD5HPPGW01D80Y4,9.09
Michael,Webster,CH11095,6041209,HYRION CONSULTING,5,APAC,ATLAS,RPS,NO_TS_APAC,90.91
Samantha,Huffman,XC41236,2465945,KESTRA TECH,5,MEA AFRICA,QUANTUM,FORFAIT,DO139VS2IYKA23L,11.65
Samantha,Huffman,XC41236,2465945,KESTRA TECH,5,CONT,QUANTUM,FORFAIT,NO_TS_CONT,88.35
Lacey,Johnson,GB53612,3729477,FORVEX SYSTEMS,5,LATAM AFRICA,NOVA,MAINTENANCE,LVC9HC8XPVGP9QR,6.96
Lacey,Johnson,GB53612,3729477,FORVEX SYSTEMS,5,APAC,NOVA,MAINTENANCE,NO_TS_APAC,93.04
John,Roach,PV27365,4351703,BRYTON DYNAMICS,5,APAC AMERICA,PHOENIX,RPS,BY8ERUXLKFA5B1M,11.36
John,Roach,PV27365,4351703,BRYTON DYNAMICS,5,MEA,PHOENIX,RPS,NO_TS_MEA,88.64
Tammy,Jones,HK13474,7709852,CENVEO GROUP,5,LATAM AFRICA,ORBIT,SUPPORT,KC3XREREBV6VVOK,13.64
Tammy,Jones,HK13474,7709852,CENVEO GROUP,5,MEA,ORBIT,SUPPORT,NO_TS_MEA,86.36
Matthew,Santiago,PQ69248,5178236,BRYTON DIGITAL,5,EMEA OCEANIA,NOVA,MAINTENANCE,UAR98K4PWCOWAG6,13.64
Matthew,Santiago,PQ69248,5178236,BRYTON DIGITAL,5,EMEA,NOVA,MAINTENANCE,NO_TS_EMEA,86.36
Erin,Garcia,FI09213,9438742,INOVA SYSTEMS,5,APAC ASIA,QUANTUM,RPS,Y12WGIAYMZPEAC2,6.25
Erin,Garcia,FI09213,9438742,INOVA SYSTEMS,5,NA,QUANTUM,RPS,NO_TS_NA,93.75
Guy,Miller,YY22484,1763192,FORVEX SOLUTIONS,5,EMEA OCEANIA,NEXUS,FORFAIT,ACS3Q1DHZ53H3QB,11.36
Guy,Miller,YY22484,1763192,FORVEX SOLUTIONS,5,NA,NEXUS,FORFAIT,NO_TS_NA,88.64
Emily,Curtis,HJ90271,6411070,HYRION TECH,5,NA EUROPE,NEXUS,REGIE,9TA4K50V8L6JOJU,10.8
Emily,Curtis,HJ90271,6411070,HYRION TECH,5,MEA,NEXUS,REGIE,NO_TS_MEA,89.2
Ryan,Thornton,KB48876,5514215,ALCOR CONSULTING,5,APAC AMERICA,PULSE,FORFAIT,EK1ALQIMAW1G7SF,8.95
Ryan,Thornton,KB48876,5514215,ALCOR CONSULTING,5,APAC,PULSE,FORFAIT,NO_TS_APAC,91.05
Laura,Guzman,LD79008,9465887,DELVO GROUP,5,EMEA EUROPE,ATLAS,REGIE,P9PAK64YV3ARMKJ,18.18
Laura,Guzman,LD79008,9465887,DELVO GROUP,5,APAC,ATLAS,REGIE,NO_TS_APAC,81.82
Brian,Webb,BP57142,4700706,ALCOR VENTURES,5,MEA AFRICA,VERTEX,SUPPORT,UOXP72QR6ZZBRBR,9.38
Gary,Jackson,NP58204,3719764,FORVEX CONSULTING,5,EMEA AMERICA,ATLAS,REGIE,3K73MQ5DYZ6QSO5,12.5
Gary,Jackson,NP58204,3719764,FORVEX CONSULTING,5,CONT,ATLAS,REGIE,NO_TS_CONT,87.5
Jesse,Wright,CK28941,3163451,DELVO SOLUTIONS,5,LATAM MENA,PULSE,REGIE,80BRN8O7FM77ASW,13.07
Walter,Page,GL34004,1392449,HYRION VENTURES,5,NA AMERICA,ORBIT,RPS,CY80BSQMJAJ2GQH,9.52
Walter,Page,GL34004,1392449,HYRION VENTURES,5,CONT,ORBIT,RPS,NO_TS_CONT,90.48
David,Walker,LC66447,6937469,DELVO DYNAMICS,5,MEA AFRICA,ATLAS,RPS,QTY7KBGQMIMI3OQ,10.23
David,Walker,LC66447,6937469,DELVO DYNAMICS,5,CONT,ATLAS,RPS,NO_TS_CONT,89.77
Richard,Casey,JK60895,1731673,JALVIK CONSULTING,5,NA EUROPE,ORBIT,SUPPORT,42DNV5V20MFIPQL,13.64
Richard,Casey,JK60895,1731673,JALVIK CONSULTING,5,EMEA,ORBIT,SUPPORT,NO_TS_EMEA,86.36
Erik,Parsons,FV87864,5391393,CENVEO GROUP,5,NA ASIA,ATLAS,MAINTENANCE,7I1ZXSQI51A1K4X,8.66
Charles,Simpson,ZH19255,1337618,KESTRA GROUP,5,EMEA EUROPE,ORBIT,SUPPORT,EW8H9YPVX5E4R57,10.8
Charles,Simpson,ZH19255,1337618,KESTRA GROUP,5,MEA,ORBIT,SUPPORT,NO_TS_MEA,89.2
Daniel,Johnson,GK56313,1353461,KESTRA DIGITAL,5,LATAM MENA,ORBIT,REGIE,PKFVJ341XKF7C8I,11.93
Daniel,Johnson,GK56313,1353461,KESTRA DIGITAL,5,APAC,ORBIT,REGIE,NO_TS_APAC,88.07
Richard,Sutton,MX20367,2415549,GOLZEN SOLUTIONS,5,APAC OCEANIA,NOVA,MAINTENANCE,2NO1KZU6VBOIFNE,9.38
Richard,Sutton,MX20367,2415549,GOLZEN SOLUTIONS,5,CONT,NOVA,MAINTENANCE,NO_TS_CONT,90.63
Kimberly,Perez,KN83585,5416783,BRYTON DIGITAL,5,MEA AMERICA,PHOENIX,RPS,5BN81NKBJNS349A,12.5
Kimberly,Perez,KN83585,5416783,BRYTON DIGITAL,5,APAC,PHOENIX,RPS,NO_TS_APAC,87.5
Jesse,Barron,IQ16980,9862463,CENVEO GLOBAL,5,NA MENA,VERTEX,REGIE,G50OKQTBFZXA1L2,11.65
Jesse,Ochoa,ZZ78657,1281667,FORVEX TECH,5,NA MENA,STELLAR,MAINTENANCE,O1J17KL579HK3AL,10.37
Jesse,Ochoa,ZZ78657,1281667,FORVEX TECH,5,LATAM,STELLAR,MAINTENANCE,NO_TS_LATAM,89.63
Sonya,Whitney,BU04592,1048680,GOLZEN GLOBAL,5,LATAM EUROPE,ORBIT,MAINTENANCE,R5VLXZU3KQYVV0V,13.64
Sonya,Whitney,BU04592,1048680,GOLZEN GLOBAL,5,APAC,ORBIT,MAINTENANCE,NO_TS_APAC,86.36
Bruce,Thomas,VF63148,8987299,FORVEX CONSULTING,5,LATAM MENA,ATLAS,MAINTENANCE,0OP9Z4YPZ42AU9P,7.39
Bruce,Thomas,VF63148,8987299,FORVEX CONSULTING,5,NA,ATLAS,MAINTENANCE,NO_TS_NA,92.61
Rebecca,Padilla,SU15352,3518093,BRYTON SOLUTIONS,5,LATAM AFRICA,STELLAR,SUPPORT,P3NGOGDI4WQ9ZTH,7.14
Rebecca,Padilla,SU15352,3518093,BRYTON SOLUTIONS,5,NA,STELLAR,SUPPORT,NO_TS_NA,92.86
Matthew,Glass,KA45637,3116123,ETHOS TECH,5,EMEA EUROPE,PULSE,REGIE,QUP5EYDC38YQHMC,6.25
Matthew,Glass,KA45637,3116123,ETHOS TECH,5,MEA,PULSE,REGIE,NO_TS_MEA,93.75
Thomas,Frey,SE47337,6178485,HYRION TECH,5,CONT EUROPE,PULSE,MAINTENANCE,CAW4HXUIMBB63OK,11.36
Thomas,Frey,SE47337,6178485,HYRION TECH,5,MEA,PULSE,MAINTENANCE,NO_TS_MEA,88.64
Brian,Henderson,WH20746,1876219,INOVA GROUP,5,APAC MENA,STELLAR,REGIE,81TWIS3M4LDQ4M0,10.23
Beth,Norman,AZ98557,5690163,KESTRA SOLUTIONS,5,MEA EUROPE,VERTEX,FORFAIT,49B9SOHJ724304S,9.09
Teresa,Wells,RW41576,5223479,JALVIK DYNAMICS,5,LATAM AMERICA,NOVA,SUPPORT,49FTOL8HAGAMBSX,10.37
Teresa,Wells,RW41576,5223479,JALVIK DYNAMICS,5,APAC,NOVA,SUPPORT,NO_TS_APAC,89.63
Jason,Diaz,CV59345,6639797,JALVIK DYNAMICS,5,NA MENA,PHOENIX,REGIE,DO9TN4M991Y5GAM,7.1
Jason,Diaz,CV59345,6639797,JALVIK DYNAMICS,5,EMEA,PHOENIX,REGIE,NO_TS_EMEA,92.9
Erica,Wilson,HP56608,7103600,ALCOR CONSULTING,5,APAC ASIA,PHOENIX,MAINTENANCE,RQMAI49SVBG7XI1,11.36
Erica,Wilson,HP56608,7103600,ALCOR CONSULTING,5,MEA,PHOENIX,MAINTENANCE,NO_TS_MEA,88.64
Kaitlyn,Johnson,EG82867,7352580,DELVO SOLUTIONS,5,APAC MENA,PHOENIX,MAINTENANCE,ANHCT151HVW5GX7,8.52
Ashley,Hill,CW51677,4276085,DELVO CONSULTING,5,APAC EUROPE,STELLAR,SUPPORT,DE1LUBCWNBJ1E7P,13.64
Ashley,Hill,CW51677,4276085,DELVO CONSULTING,5,NA,STELLAR,SUPPORT,NO_TS_NA,86.36
Jeremy,Bryant,KT13507,5797342,CENVEO GLOBAL,5,APAC EUROPE,QUANTUM,RPS,JITXS0OV0F5PCXV,11.93
Jeremy,Bryant,KT13507,5797342,CENVEO GLOBAL,5,APAC,QUANTUM,RPS,NO_TS_APAC,88.07
John,Browning,JG37858,3739973,DELVO DYNAMICS,5,CONT AMERICA,ATLAS,RPS,I46O3W1F1CEE3AX,14.77
Jason,Lowery,FZ83083,2989890,LUMEX GROUP,5,MEA AMERICA,NEXUS,SUPPORT,T51E9PTMCKPFVFO,10.23
Eric,Hartman,BR22504,1764503,KESTRA DIGITAL,5,NA AFRICA,STELLAR,REGIE,OOGE77AWSOA730E,13.64
Eric,Hartman,BR22504,1764503,KESTRA DIGITAL,5,EMEA,STELLAR,REGIE,NO_TS_EMEA,86.36
Jeffrey,Jones,NV18250,6197750,CENVEO DYNAMICS,5,MEA OCEANIA,ORBIT,REGIE,SUOXLN3K01467RS,10.8
Peter,Smith,AH27394,8331561,LUMEX SYSTEMS,5,CONT OCEANIA,ORBIT,MAINTENANCE,7QIS9L5KLP2L8SF,14.77
Peter,Smith,AH27394,8331561,LUMEX SYSTEMS,5,MEA,ORBIT,MAINTENANCE,NO_TS_MEA,85.23
Benjamin,Day,IT72651,2175640,LUMEX SOLUTIONS,5,APAC ASIA,QUANTUM,MAINTENANCE,9NS2AIL4LRN2D5C,13.64
Benjamin,Day,IT72651,2175640,LUMEX SOLUTIONS,5,CONT,QUANTUM,MAINTENANCE,NO_TS_CONT,86.36
Jon,Golden,DJ15213,6962165,DELVO SYSTEMS,5,LATAM AMERICA,NOVA,REGIE,WYX52IPUGVBMNC9,11.93
Jon,Golden,DJ15213,6962165,DELVO SYSTEMS,5,LATAM,NOVA,REGIE,NO_TS_LATAM,88.07
Bradley,Contreras,GI29935,3042356,FORVEX GROUP,5,CONT ASIA,PULSE,MAINTENANCE,DPPQVLE92IPZZTA,15.91
Bradley,Contreras,GI29935,3042356,FORVEX GROUP,5,NA,PULSE,MAINTENANCE,NO_TS_NA,84.09
Jacqueline,Simon,BP21195,6067149,HYRION CONSULTING,5,EMEA AMERICA,QUANTUM,SUPPORT,RV9J3UNT3VK71ZV,12.5
Jacqueline,Simon,BP21195,6067149,HYRION CONSULTING,5,CONT,QUANTUM,SUPPORT,NO_TS_CONT,87.5
Lisa,Mills,MX19377,1614338,GOLZEN GROUP,5,APAC AFRICA,NOVA,RPS,4XMTKZP1VPYPGWV,16.48
Lisa,Mills,MX19377,1614338,GOLZEN GROUP,5,MEA,NOVA,RPS,NO_TS_MEA,83.52
Mark,Cohen,DY06975,7805485,LUMEX DYNAMICS,5,NA OCEANIA,QUANTUM,REGIE,RM6WCM4D1CXY4TA,11.65
Mark,Cohen,DY06975,7805485,LUMEX DYNAMICS,5,LATAM,QUANTUM,REGIE,NO_TS_LATAM,88.35
Patricia,Macdonald,PJ17628,2146768,INOVA DIGITAL,5,MEA ASIA,QUANTUM,SUPPORT,4MXKQ8JLVQZHU13,12.5
Patricia,Macdonald,PJ17628,2146768,INOVA DIGITAL,5,APAC,QUANTUM,SUPPORT,NO_TS_APAC,87.5
Tiffany,Garcia,JN01838,6727645,CENVEO DYNAMICS,5,CONT AMERICA,NEXUS,REGIE,VMBMYRC6GFAKUNK,9.94
Tiffany,Garcia,JN01838,6727645,CENVEO DYNAMICS,5,CONT,NEXUS,REGIE,NO_TS_CONT,90.06
Robert,Clark,DY29615,3088154,HYRION DIGITAL,5,APAC MENA,ATLAS,REGIE,C0KE61UPBN89M3Y,12.64
Robert,Clark,DY29615,3088154,HYRION DIGITAL,5,APAC,ATLAS,REGIE,NO_TS_APAC,87.36
Sarah,Green,OG11676,9338751,LUMEX SOLUTIONS,5,NA EUROPE,PHOENIX,MAINTENANCE,DIII3J1G0FUV8K7,11.65
Sarah,Green,OG11676,9338751,LUMEX SOLUTIONS,5,APAC,PHOENIX,MAINTENANCE,NO_TS_APAC,88.35
Jasmine,Fisher,OS28411,4468717,HYRION GLOBAL,5,LATAM ASIA,ORBIT,MAINTENANCE,JB5T5D0CIL6A6ME,13.64
Jasmine,Fisher,OS28411,4468717,HYRION GLOBAL,5,NA,ORBIT,MAINTENANCE,NO_TS_NA,86.36
Reginald,Powell,VO52918,6780351,ALCOR VENTURES,5,EMEA OCEANIA,VERTEX,RPS,HP4DTUD1RA1715E,11.36
Reginald,Powell,VO52918,6780351,ALCOR VENTURES,5,MEA,VERTEX,RPS,NO_TS_MEA,88.64
Jennifer,Martin,AT23743,8898912,BRYTON SOLUTIONS,5,CONT AFRICA,NEXUS,RPS,SWM3Y9PQ1JYNVXW,14.77
Jennifer,Martin,AT23743,8898912,BRYTON SOLUTIONS,5,LATAM,NEXUS,RPS,NO_TS_LATAM,85.23
Jennifer,Morrow,SE72324,8276538,HYRION TECH,5,EMEA ASIA,QUANTUM,REGIE,CLGVZZQCVJ1XXNG,11.93
Kathy,White,YS49492,8176964,CENVEO DYNAMICS,5,APAC OCEANIA,VERTEX,REGIE,GRXSRIM75QYLXOE,11.36
Kathy,White,YS49492,8176964,CENVEO DYNAMICS,5,APAC,VERTEX,REGIE,NO_TS_APAC,88.64
Russell,Williamson,DG39476,5525321,ALCOR GROUP,5,CONT MENA,QUANTUM,MAINTENANCE,LSDDY37W30O336B,10.09
Russell,Williamson,DG39476,5525321,ALCOR GROUP,5,EMEA,QUANTUM,MAINTENANCE,NO_TS_EMEA,89.91
Michael,Clark,MZ07978,3880797,JALVIK GROUP,5,APAC ASIA,ORBIT,RPS,0TAQ1C1JXEILK4R,11.36
Michael,Clark,MZ07978,3880797,JALVIK GROUP,5,NA,ORBIT,RPS,NO_TS_NA,88.64
Luis,Larsen,QQ88533,4889584,JALVIK CONSULTING,5,NA AFRICA,PHOENIX,RPS,U9AMLD9TBVGMVOA,11.36
Luis,Larsen,QQ88533,4889584,JALVIK CONSULTING,5,LATAM,PHOENIX,RPS,NO_TS_LATAM,88.64
Nicholas,Williams,PY62768,9409580,FORVEX SYSTEMS,5,LATAM ASIA,STELLAR,MAINTENANCE,G5R9SRBV2IS48KG,11.36
Nicholas,Williams,PY62768,9409580,FORVEX SYSTEMS,5,LATAM,STELLAR,MAINTENANCE,NO_TS_LATAM,88.64
John,Bowen,EB44734,5460472,BRYTON GROUP,5,LATAM MENA,PULSE,REGIE,KI6LUY0T9B6PBN2,13.64
John,Bowen,EB44734,5460472,BRYTON GROUP,5,APAC,PULSE,REGIE,NO_TS_APAC,86.36
Zachary,White,GZ21100,1191963,ALCOR VENTURES,5,NA ASIA,NEXUS,SUPPORT,AQ9KD2JSMSLAR4Z,11.36
Zachary,White,GZ21100,1191963,ALCOR VENTURES,5,MEA,NEXUS,SUPPORT,NO_TS_MEA,88.64
Kara,Fischer,SJ06791,8496914,KESTRA TECH,5,EMEA EUROPE,ORBIT,REGIE,6F95K3PXR5DX1DR,9.23
Kara,Fischer,SJ06791,8496914,KESTRA TECH,5,APAC,ORBIT,REGIE,NO_TS_APAC,90.77
Michael,Rivera,AY84683,8887356,ALCOR CONSULTING,5,LATAM ASIA,NEXUS,SUPPORT,THVLF7U0V9G3JB5,7.95
Michael,Rivera,AY84683,8887356,ALCOR CONSULTING,5,APAC,NEXUS,SUPPORT,NO_TS_APAC,92.05
Kenneth,Deleon,RB09024,1021241,LUMEX SYSTEMS,5,LATAM ASIA,PHOENIX,MAINTENANCE,4MMC4HB204TQO4U,9.38
Kenneth,Deleon,RB09024,1021241,LUMEX SYSTEMS,5,NA,PHOENIX,MAINTENANCE,NO_TS_NA,90.63
Kevin,Allen,BD09131,4557457,INOVA GROUP,5,MEA ASIA,ATLAS,RPS,Z73VOMJJ02FI9L5,11.93
Kevin,Allen,BD09131,4557457,INOVA GROUP,5,APAC,ATLAS,RPS,NO_TS_APAC,88.07
Kim,Reilly,CK52617,6687114,GOLZEN GROUP,5,APAC AMERICA,STELLAR,SUPPORT,UED8R43PJ8EQ3ES,12.22
Kim,Reilly,CK52617,6687114,GOLZEN GROUP,5,APAC,STELLAR,SUPPORT,NO_TS_APAC,87.78
Joshua,Greer,FU85761,1612581,BRYTON SYSTEMS,5,CONT EUROPE,VERTEX,MAINTENANCE,QLYKFRJJY34IHNK,6.82
Joshua,Greer,FU85761,1612581,BRYTON SYSTEMS,5,APAC,VERTEX,MAINTENANCE,NO_TS_APAC,93.18
Gary,Wells,NI36882,6421586,ALCOR DYNAMICS,5,MEA ASIA,PULSE,FORFAIT,ZP63I3GDVICHO1G,9.94
Gary,Wells,NI36882,6421586,ALCOR DYNAMICS,5,LATAM,PULSE,FORFAIT,NO_TS_LATAM,90.06
Todd,Gray,OR93237,6713039,CENVEO DYNAMICS,5,LATAM AFRICA,PULSE,MAINTENANCE,L02ALT7ZOTVK0XO,9.23
Todd,Gray,OR93237,6713039,CENVEO DYNAMICS,5,NA,PULSE,MAINTENANCE,NO_TS_NA,90.77
Christian,Gallegos,OR56326,5919768,INOVA CONSULTING,5,CONT AFRICA,PHOENIX,RPS,76XBP3MK3JBOY2Y,8.52
Christian,Gallegos,OR56326,5919768,INOVA CONSULTING,5,EMEA,PHOENIX,RPS,NO_TS_EMEA,91.48
Lisa,Dennis,LT22175,7585733,BRYTON SYSTEMS,5,CONT OCEANIA,ORBIT,MAINTENANCE,ABNERW6RDA6PFQ1,9.8
Sheri,Williams,BR87038,8290891,KESTRA DIGITAL,5,LATAM MENA,NOVA,SUPPORT,O2HOXBK35PJWAL5,6.53
Sheri,Williams,BR87038,8290891,KESTRA DIGITAL,5,APAC,NOVA,SUPPORT,NO_TS_APAC,93.47
Paula,Rodgers,YO28827,9950911,ETHOS TECH,5,MEA ASIA,NOVA,REGIE,B6L8XEQA75N43CP,12.22
Paula,Rodgers,YO28827,9950911,ETHOS TECH,5,MEA,NOVA,REGIE,NO_TS_MEA,87.78
Brittany,Patel,RT21518,5421219,LUMEX DIGITAL,5,LATAM MENA,STELLAR,REGIE,F9KNJXV0DJWXA5C,10.8
Brittany,Patel,RT21518,5421219,LUMEX DIGITAL,5,APAC,STELLAR,REGIE,NO_TS_APAC,89.2
Zachary,Bailey,WE44867,7760945,KESTRA SYSTEMS,5,EMEA EUROPE,ATLAS,SUPPORT,MJEU318BO7PJ636,11.65
Zachary,Bailey,WE44867,7760945,KESTRA SYSTEMS,5,CONT,ATLAS,SUPPORT,NO_TS_CONT,88.35
Jason,Horne,XS94200,1358000,JALVIK GLOBAL,5,EMEA AFRICA,QUANTUM,FORFAIT,BKEF608I9X7NEV0,13.64
Jason,Horne,XS94200,1358000,JALVIK GLOBAL,5,NA,QUANTUM,FORFAIT,NO_TS_NA,86.36
Katherine,Banks,FL14901,9378470,GOLZEN VENTURES,5,CONT ASIA,PULSE,SUPPORT,HM30XJM8K3MJWSI,13.64
Katherine,Banks,FL14901,9378470,GOLZEN VENTURES,5,NA,PULSE,SUPPORT,NO_TS_NA,86.36
Donna,Thomas,FV91086,7823423,FORVEX DIGITAL,5,LATAM ASIA,ATLAS,REGIE,7AF8XX4CR5IGMH9,11.93
Donna,Thomas,FV91086,7823423,FORVEX DIGITAL,5,NA,ATLAS,REGIE,NO_TS_NA,88.07
Ashley,Thompson,DM11190,8497687,ETHOS DYNAMICS,5,NA ASIA,ORBIT,FORFAIT,IDUEJR2NAOVVN0O,9.66
James,Mills,ZM01040,5587460,LUMEX CONSULTING,5,MEA ASIA,ATLAS,FORFAIT,8IH5DTLOCYV1JUB,9.66
James,Mills,ZM01040,5587460,LUMEX CONSULTING,5,MEA,ATLAS,FORFAIT,NO_TS_MEA,90.34
Richard,Farmer,SL36674,9899693,JALVIK GLOBAL,5,EMEA MENA,ATLAS,FORFAIT,PSW9NAA6RIAQS7J,11.93
Richard,Farmer,SL36674,9899693,JALVIK GLOBAL,5,NA,ATLAS,FORFAIT,NO_TS_NA,88.07
Allison,Mendez,PH17596,2284907,GOLZEN DYNAMICS,5,CONT ASIA,QUANTUM,SUPPORT,GQEGNAMPN2ZGZ22,11.08
Allison,Mendez,PH17596,2284907,GOLZEN DYNAMICS,5,NA,QUANTUM,SUPPORT,NO_TS_NA,88.92
William,Hughes,HG20161,2876781,ETHOS SOLUTIONS,5,NA OCEANIA,STELLAR,SUPPORT,187O4ODCR9Z1FJS,11.51
William,Smith,VR84943,5605743,FORVEX TECH,5,CONT EUROPE,QUANTUM,RPS,TEFNP02AZGZTHR5,8.52
William,Smith,VR84943,5605743,FORVEX TECH,5,MEA,QUANTUM,RPS,NO_TS_MEA,91.48
Charles,Rivera,HB07294,2352120,JALVIK SYSTEMS,5,MEA AFRICA,STELLAR,REGIE,4XMLIU6X9MF3IHX,11.93
Charles,Rivera,HB07294,2352120,JALVIK SYSTEMS,5,CONT,STELLAR,REGIE,NO_TS_CONT,88.07
Jennifer,Hunter,JF75184,5023680,KESTRA GROUP,5,NA ASIA,STELLAR,REGIE,U0AZKYFY4WKVVW5,7.1
Jennifer,Hunter,JF75184,5023680,KESTRA GROUP,5,NA,STELLAR,REGIE,NO_TS_NA,92.9
Robert,Ross,CY37416,9022770,BRYTON SOLUTIONS,5,EMEA EUROPE,NEXUS,SUPPORT,I0R7MUORR0L9637,13.64
Robert,Ross,CY37416,9022770,BRYTON SOLUTIONS,5,NA,NEXUS,SUPPORT,NO_TS_NA,86.36
Julie,Adams,LG51061,2921667,LUMEX CONSULTING,5,NA MENA,ATLAS,FORFAIT,7ZVK41AFOU1FDXD,11.08
Julie,Adams,LG51061,2921667,LUMEX CONSULTING,5,CONT,ATLAS,FORFAIT,NO_TS_CONT,88.92
Jennifer,Bean,MH15320,5456320,ETHOS VENTURES,5,NA EUROPE,PHOENIX,FORFAIT,PM8KPVPKI3R43D4,13.64
Jennifer,Bean,MH15320,5456320,ETHOS VENTURES,5,LATAM,PHOENIX,FORFAIT,NO_TS_LATAM,86.36
Andrew,Grant,MI74490,1538537,HYRION TECH,5,APAC AFRICA,NEXUS,RPS,6GYXRE73GQ0QCGW,8.24
Andrew,Grant,MI74490,1538537,HYRION TECH,5,CONT,NEXUS,RPS,NO_TS_CONT,91.76
Michael,Miller,ZK42741,5173364,JALVIK CONSULTING,5,CONT OCEANIA,VERTEX,RPS,6MIUJAI7N08UV84,10.23
Michael,Miller,ZK42741,5173364,JALVIK CONSULTING,5,EMEA,VERTEX,RPS,NO_TS_EMEA,89.77
Wendy,Brady,TJ11642,3160527,DELVO GLOBAL,5,LATAM MENA,STELLAR,MAINTENANCE,575P5BEOKWA82TR,9.23
Wendy,Brady,TJ11642,3160527,DELVO GLOBAL,5,CONT,STELLAR,MAINTENANCE,NO_TS_CONT,90.77
Anthony,Burnett,GH31289,4914956,FORVEX DIGITAL,5,APAC ASIA,PHOENIX,REGIE,WY9WPWJ1X4UWHHN,15.48
Bradley,Smith,RQ30146,8166666,FORVEX TECH,5,LATAM AFRICA,NOVA,RPS,GA64LLG74MZSAL8,9.38
Bradley,Smith,RQ30146,8166666,FORVEX TECH,5,MEA,NOVA,RPS,NO_TS_MEA,90.63
Michael,Woodward,AP05384,5480199,INOVA DIGITAL,5,NA MENA,QUANTUM,RPS,KY90HN1YNB57YSX,9.09
Michael,Woodward,AP05384,5480199,INOVA DIGITAL,5,CONT,QUANTUM,RPS,NO_TS_CONT,90.91
Sarah,Wolfe,YR97651,8681384,ETHOS CONSULTING,5,APAC OCEANIA,QUANTUM,RPS,LA9TPANV9LFWR4O,8.66
Ryan,Harris,UA11357,6755688,ALCOR SYSTEMS,5,APAC AFRICA,VERTEX,REGIE,2NM7QULJDA7KABF,13.64
Mark,Gibson,PR23198,9990756,CENVEO TECH,5,APAC OCEANIA,PHOENIX,MAINTENANCE,5LD7EQTTXW3OZKR,10.09
Mark,Gibson,PR23198,9990756,CENVEO TECH,5,MEA,PHOENIX,MAINTENANCE,NO_TS_MEA,89.91
Jose,Lopez,DN03899,9874160,LUMEX TECH,5,CONT EUROPE,STELLAR,FORFAIT,3ITJVK6QLBWLLNL,14.06
Jose,Lopez,DN03899,9874160,LUMEX TECH,5,LATAM,STELLAR,FORFAIT,NO_TS_LATAM,85.94
Tanya,Bennett,AO40370,8873946,BRYTON SOLUTIONS,5,NA AFRICA,STELLAR,RPS,EEWB11TRV5NDSPH,11.65
Tanya,Bennett,AO40370,8873946,BRYTON SOLUTIONS,5,NA,STELLAR,RPS,NO_TS_NA,88.35
David,Ferguson,CE32916,1334501,BRYTON SYSTEMS,5,LATAM AFRICA,NEXUS,MAINTENANCE,CQR3SN3VOW1U7PK,12.5
Michael,Estrada,DX40600,8530333,FORVEX VENTURES,5,NA OCEANIA,STELLAR,REGIE,IDS1AZQWYYP4E9U,13.64
Michael,Estrada,DX40600,8530333,FORVEX VENTURES,5,CONT,STELLAR,REGIE,NO_TS_CONT,86.36
John,Chapman,IC76236,2415548,JALVIK DYNAMICS,5,EMEA AMERICA,NEXUS,MAINTENANCE,QAP559DL4J3FBVE,9.8
John,Chapman,IC76236,2415548,JALVIK DYNAMICS,5,NA,NEXUS,MAINTENANCE,NO_TS_NA,90.2
Elizabeth,May,OA85023,4559850,LUMEX GLOBAL,5,APAC AFRICA,VERTEX,RPS,88QG832G3C80DLE,8.24
Peter,Sanchez,SH67356,3346289,ETHOS GLOBAL,5,LATAM AFRICA,VERTEX,SUPPORT,U2WPY19NSQDHVXK,6.11
Peter,Sanchez,SH67356,3346289,ETHOS GLOBAL,5,MEA,VERTEX,SUPPORT,NO_TS_MEA,93.89
Krista,Fletcher,QI98615,9259236,INOVA TECH,5,EMEA AMERICA,STELLAR,RPS,IZHGQYC2KWFD3KR,14.63
Krista,Fletcher,QI98615,9259236,INOVA TECH,5,MEA,STELLAR,RPS,NO_TS_MEA,85.37
Jeremy,Crosby,OB77500,5124876,ETHOS TECH,5,MEA EUROPE,PULSE,MAINTENANCE,VZLC6OJURF5AN2G,10.8
Jeremy,Crosby,OB77500,5124876,ETHOS TECH,5,NA,PULSE,MAINTENANCE,NO_TS_NA,89.2
Hannah,Salinas,GG40227,1844472,BRYTON DYNAMICS,5,NA OCEANIA,PULSE,MAINTENANCE,4XR1ROLIGSFXGRF,9.94
Hannah,Salinas,GG40227,1844472,BRYTON DYNAMICS,5,NA,PULSE,MAINTENANCE,NO_TS_NA,90.06
Christine,Flores,VM41773,2584442,ETHOS DIGITAL,5,EMEA ASIA,NEXUS,FORFAIT,1YRY9EYWEBF5ZY6,15.91
Christine,Flores,VM41773,2584442,ETHOS DIGITAL,5,LATAM,NEXUS,FORFAIT,NO_TS_LATAM,84.09
Stephanie,Chapman,CM57939,3378339,ALCOR SOLUTIONS,5,LATAM AFRICA,QUANTUM,MAINTENANCE,1EW1U49QQTBDJRR,10.37
Stephanie,Henderson,ZC19318,8816585,KESTRA SOLUTIONS,5,APAC ASIA,PULSE,REGIE,V7AAGH3OWO0D0PM,11.36
Cheyenne,Miller,RY68245,1121623,KESTRA SOLUTIONS,5,EMEA OCEANIA,PULSE,SUPPORT,9A9T5X3VPB8KOQ2,6.53
Cheyenne,Miller,RY68245,1121623,KESTRA SOLUTIONS,5,LATAM,PULSE,SUPPORT,NO_TS_LATAM,93.47
Kristen,Davis,UM83380,1172242,HYRION SYSTEMS,5,APAC EUROPE,ORBIT,MAINTENANCE,04L4S9T4QJV2H4R,15.91
Kristen,Davis,UM83380,1172242,HYRION SYSTEMS,5,MEA,ORBIT,MAINTENANCE,NO_TS_MEA,84.09
Latasha,Chen,RS84032,1753782,ETHOS CONSULTING,5,NA EUROPE,STELLAR,RPS,05YB7OH7R0CJU0E,9.23
Latasha,Chen,RS84032,1753782,ETHOS CONSULTING,5,MEA,STELLAR,RPS,NO_TS_MEA,90.77
Toni,Walter,HY53083,9476920,DELVO GLOBAL,5,NA AMERICA,QUANTUM,REGIE,3G3QOZDHLSCEAZQ,13.07
Toni,Walter,HY53083,9476920,DELVO GLOBAL,5,MEA,QUANTUM,REGIE,NO_TS_MEA,86.93
Timothy,Castro,OT63998,4636839,ETHOS CONSULTING,5,EMEA AMERICA,PULSE,RPS,EDJUZNSOKMNB7WQ,11.36
Timothy,Castro,OT63998,4636839,ETHOS CONSULTING,5,NA,PULSE,RPS,NO_TS_NA,88.64
James,Bennett,JA52595,7205930,HYRION SOLUTIONS,5,MEA ASIA,PULSE,RPS,DD2PXDOUTLEZC3U,11.51
James,Bennett,JA52595,7205930,HYRION SOLUTIONS,5,MEA,PULSE,RPS,NO_TS_MEA,88.49
Kathryn,Nelson,BL16086,6583562,INOVA CONSULTING,5,LATAM MENA,NOVA,RPS,MY1JIHBZIK2OY3Z,11.36
Kathryn,Nelson,BL16086,6583562,INOVA CONSULTING,5,MEA,NOVA,RPS,NO_TS_MEA,88.64
Scott,Herrera,FX62620,7848633,INOVA TECH,5,CONT OCEANIA,PULSE,SUPPORT,1EMAKPGNLVFEYFA,11.93
Scott,Herrera,FX62620,7848633,INOVA TECH,5,MEA,PULSE,SUPPORT,NO_TS_MEA,88.07
Jessica,Johnson,ZL55527,2271027,JALVIK CONSULTING,5,APAC ASIA,PULSE,SUPPORT,VIGCMX3U0VV6DNX,11.36
Jessica,Johnson,ZL55527,2271027,JALVIK CONSULTING,5,LATAM,PULSE,SUPPORT,NO_TS_LATAM,88.64
Natalie,Robinson,AS49557,2138211,DELVO GROUP,5,APAC ASIA,STELLAR,REGIE,ITAD242ONYJ97XI,11.36
Natalie,Robinson,AS49557,2138211,DELVO GROUP,5,EMEA,STELLAR,REGIE,NO_TS_EMEA,88.64
Andrew,Ferguson,CU95774,6629976,GOLZEN CONSULTING,5,MEA OCEANIA,ATLAS,RPS,FOIQ053290HMMJ0,9.23
Andrew,Ferguson,CU95774,6629976,GOLZEN CONSULTING,5,MEA,ATLAS,RPS,NO_TS_MEA,90.77
John,Gardner,SL53141,1758604,CENVEO DYNAMICS,5,CONT MENA,ATLAS,SUPPORT,M21DHTDN9NDC6AK,7.53
John,Gardner,SL53141,1758604,CENVEO DYNAMICS,5,NA,ATLAS,SUPPORT,NO_TS_NA,92.47
Brianna,Fisher,WJ92416,9972587,KESTRA DYNAMICS,5,EMEA EUROPE,ATLAS,REGIE,D2YMNKWQRQY5O6L,12.22
Brianna,Fisher,WJ92416,9972587,KESTRA DYNAMICS,5,NA,ATLAS,REGIE,NO_TS_NA,87.78
Jason,Gonzalez,CZ14294,3292047,KESTRA GLOBAL,5,MEA AFRICA,QUANTUM,SUPPORT,BMVQ4UX47Z8RIDJ,11.65
Lauren,Shelton,FH19368,7619725,DELVO GROUP,5,EMEA ASIA,PHOENIX,REGIE,ZGSLPT2BBM87XV9,9.66
Lauren,Shelton,FH19368,7619725,DELVO GROUP,5,NA,PHOENIX,REGIE,NO_TS_NA,90.34
Curtis,Grimes,FF35726,4605026,JALVIK SOLUTIONS,5,CONT EUROPE,NEXUS,FORFAIT,N2TUDAHOCM79JH8,11.65
Curtis,Grimes,FF35726,4605026,JALVIK SOLUTIONS,5,NA,NEXUS,FORFAIT,NO_TS_NA,88.35
James,Ramos,QE95863,1925760,GOLZEN DYNAMICS,5,MEA AMERICA,NOVA,REGIE,ZGMZZD3HCKPKDY1,11.36
James,Ramos,QE95863,1925760,GOLZEN DYNAMICS,5,CONT,NOVA,REGIE,NO_TS_CONT,88.64
Michelle,Ibarra,LN68334,9703479,ALCOR GLOBAL,5,CONT AMERICA,PHOENIX,SUPPORT,AGN9TN51IALX3Z6,8.1
Michelle,Ibarra,LN68334,9703479,ALCOR GLOBAL,5,APAC,PHOENIX,SUPPORT,NO_TS_APAC,91.9
Thomas,Jackson,KJ59050,6472415,ETHOS DYNAMICS,5,CONT MENA,PHOENIX,SUPPORT,CZPMWRNLAGB8SN2,15.91
Aaron,Harris,TV12870,8661025,JALVIK CONSULTING,5,APAC MENA,PHOENIX,REGIE,S50VPONKUYWO3Y4,9.52
Jeremy,Boyle,CB15135,8418380,JALVIK SOLUTIONS,5,EMEA AFRICA,ATLAS,MAINTENANCE,DT32WDI2LS4G2QV,13.64
Jeremy,Boyle,CB15135,8418380,JALVIK SOLUTIONS,5,NA,ATLAS,MAINTENANCE,NO_TS_NA,86.36
William,Miller,IA89434,8923817,ALCOR VENTURES,5,CONT AMERICA,QUANTUM,REGIE,GIHWNX6G9WDGXL5,15.91
James,Carlson,JO49358,7853307,JALVIK TECH,5,MEA EUROPE,VERTEX,FORFAIT,4Y5LEA07Y821ND1,13.64
Bonnie,Carpenter,IQ62000,1259293,DELVO GLOBAL,5,APAC AMERICA,ORBIT,MAINTENANCE,M5238CHQFWF26LH,13.92
Stephanie,Ward,QC72623,6734429,DELVO SOLUTIONS,5,MEA MENA,QUANTUM,SUPPORT,7QOJYE5160AQAWE,13.64
Stephanie,Ward,QC72623,6734429,DELVO SOLUTIONS,5,CONT,QUANTUM,SUPPORT,NO_TS_CONT,86.36
Gregory,Myers,XW50699,2270883,BRYTON TECH,5,EMEA MENA,NOVA,RPS,XY505CW72RO2QMZ,13.64
Amy,Hill,JC32405,6212576,KESTRA TECH,5,MEA OCEANIA,NEXUS,RPS,I1N7XKYO72NIQCL,10.94
Amy,Hill,JC32405,6212576,KESTRA TECH,5,EMEA,NEXUS,RPS,NO_TS_EMEA,89.06
Steven,Francis,LD58926,5518486,KESTRA SOLUTIONS,5,APAC ASIA,ATLAS,MAINTENANCE,LJI145SCCG4JD5U,11.36
Steven,Francis,LD58926,5518486,KESTRA SOLUTIONS,5,LATAM,ATLAS,MAINTENANCE,NO_TS_LATAM,88.64
Cameron,Price,ZV30067,8609295,BRYTON VENTURES,5,CONT AFRICA,ORBIT,REGIE,K1S2A25CQ0G1ETA,10.23
Cameron,Price,ZV30067,8609295,BRYTON VENTURES,5,NA,ORBIT,REGIE,NO_TS_NA,89.77
Frank,Adams,RO94596,4087850,KESTRA GROUP,5,EMEA MENA,ATLAS,RPS,HG4HRVPYM6GSY30,9.66
Joanne,Hall,DE35825,6318719,HYRION CONSULTING,5,EMEA ASIA,PHOENIX,FORFAIT,M44QGVVFUD1IKYS,7.39
Joanne,Hall,DE35825,6318719,HYRION CONSULTING,5,EMEA,PHOENIX,FORFAIT,NO_TS_EMEA,92.61
Tina,Watson,MM90508,8577758,GOLZEN SOLUTIONS,5,CONT AMERICA,NEXUS,FORFAIT,2V011A3K5YAS7HE,13.64
Tina,Watson,MM90508,8577758,GOLZEN SOLUTIONS,5,LATAM,NEXUS,FORFAIT,NO_TS_LATAM,86.36
Mitchell,Shelton,BT82762,2972096,FORVEX GROUP,5,APAC ASIA,NEXUS,MAINTENANCE,6CZ4BT5DDZH3XRB,13.35
Jeanette,Shaw,ZM19159,8680063,DELVO GLOBAL,5,LATAM AMERICA,ATLAS,FORFAIT,6WM883FXTT4XDZP,8.24
Jeanette,Shaw,ZM19159,8680063,DELVO GLOBAL,5,NA,ATLAS,FORFAIT,NO_TS_NA,91.76
Amanda,Stevens,JH14274,2868790,CENVEO SYSTEMS,5,NA ASIA,ATLAS,FORFAIT,9W0BJ3PMAWA2HGK,11.93
Amanda,Stevens,JH14274,2868790,CENVEO SYSTEMS,5,APAC,ATLAS,FORFAIT,NO_TS_APAC,88.07
Lisa,Calhoun,AZ63838,4905481,ETHOS GROUP,5,MEA ASIA,NEXUS,MAINTENANCE,XFLKKQMP5OV5CK6,11.65
Lisa,Calhoun,AZ63838,4905481,ETHOS GROUP,5,EMEA,NEXUS,MAINTENANCE,NO_TS_EMEA,88.35
John,Pittman,DT52073,1328858,BRYTON SYSTEMS,5,MEA OCEANIA,VERTEX,SUPPORT,26F5I1T7N571K4V,11.36
John,Pittman,DT52073,1328858,BRYTON SYSTEMS,5,EMEA,VERTEX,SUPPORT,NO_TS_EMEA,88.64
Elizabeth,Galvan,BI31837,3609223,ALCOR DYNAMICS,5,CONT AMERICA,PHOENIX,REGIE,POF14DG5VY03654,10.37
Elizabeth,Galvan,BI31837,3609223,ALCOR DYNAMICS,5,CONT,PHOENIX,REGIE,NO_TS_CONT,89.63
Christina,Marshall,AS62550,2064701,BRYTON SOLUTIONS,5,EMEA MENA,NOVA,REGIE,NFA028GZWZJWED4,13.07
Christina,Marshall,AS62550,2064701,BRYTON SOLUTIONS,5,NA,NOVA,REGIE,NO_TS_NA,86.93
Christopher,Sullivan,ZH02420,1037002,BRYTON SYSTEMS,5,APAC EUROPE,ATLAS,REGIE,58IF3E5DOZFACJC,10.65
Christopher,Sullivan,ZH02420,1037002,BRYTON SYSTEMS,5,LATAM,ATLAS,REGIE,NO_TS_LATAM,89.35
Amy,Anderson,VC83747,2706652,FORVEX VENTURES,5,EMEA AFRICA,ATLAS,SUPPORT,2TI2JUS1A0LW2KX,12.22
Kenneth,Perez,GX15275,1274651,FORVEX SYSTEMS,5,CONT AFRICA,NOVA,MAINTENANCE,CYZ7MOJ4QZ10C6T,12.07
Michael,Chan,WC54199,4988330,ETHOS VENTURES,5,NA EUROPE,PHOENIX,REGIE,SDVK6UW9P8MCRC4,7.67
Michael,Chan,WC54199,4988330,ETHOS VENTURES,5,MEA,PHOENIX,REGIE,NO_TS_MEA,92.33
Mark,Hernandez,TI20227,4931700,CENVEO CONSULTING,5,NA ASIA,PULSE,REGIE,C74LSYZTNSHVZYK,10.51
Mark,Hernandez,TI20227,4931700,CENVEO CONSULTING,5,NA,PULSE,REGIE,NO_TS_NA,89.49
Billy,Simmons,BB90191,1691269,INOVA VENTURES,5,CONT AFRICA,ORBIT,REGIE,U2AL41N3WDAHAV5,15.91
Erin,Flores,CT68678,8179336,JALVIK GROUP,5,EMEA OCEANIA,PHOENIX,FORFAIT,T3K4GMAHA2U7FV3,10.51
Erin,Flores,CT68678,8179336,JALVIK GROUP,5,LATAM,PHOENIX,FORFAIT,NO_TS_LATAM,89.49
Michael,Rhodes,JE64909,2275787,ALCOR DIGITAL,5,EMEA AMERICA,VERTEX,FORFAIT,E87WXDRZJFX9Z2D,6.96
Michael,Rhodes,JE64909,2275787,ALCOR DIGITAL,5,EMEA,VERTEX,FORFAIT,NO_TS_EMEA,93.04
Michele,Anderson,KL46222,2905486,JALVIK VENTURES,5,NA MENA,ATLAS,MAINTENANCE,OXX57FK1DL6Y20K,9.66
Michele,Anderson,KL46222,2905486,JALVIK VENTURES,5,MEA,ATLAS,MAINTENANCE,NO_TS_MEA,90.34
Laura,Smith,EQ52878,1203552,GOLZEN GLOBAL,5,CONT EUROPE,STELLAR,MAINTENANCE,JQX441QH9LUD6YF,11.36
Laura,Smith,EQ52878,1203552,GOLZEN GLOBAL,5,NA,STELLAR,MAINTENANCE,NO_TS_NA,88.64
Christopher,Smith,DR54360,5536086,ETHOS TECH,5,EMEA EUROPE,NEXUS,RPS,UOKV0664P5IZWHU,11.36
Christopher,Smith,DR54360,5536086,ETHOS TECH,5,APAC,NEXUS,RPS,NO_TS_APAC,88.64
David,Hines,AH75020,8231022,CENVEO SYSTEMS,5,NA AMERICA,NEXUS,FORFAIT,SP1N3YXW8JRUL8N,9.94
Lynn,Johnson,WR13180,4312637,GOLZEN CONSULTING,5,APAC ASIA,ATLAS,MAINTENANCE,R48NFSUJ9FZPNMI,18.18
Lynn,Johnson,WR13180,4312637,GOLZEN CONSULTING,5,MEA,ATLAS,MAINTENANCE,NO_TS_MEA,81.82
Aaron,White,AJ20264,2545405,JALVIK DIGITAL,5,LATAM OCEANIA,NOVA,FORFAIT,2L4FNWZSCX92SOH,13.64
Aaron,White,AJ20264,2545405,JALVIK DIGITAL,5,MEA,NOVA,FORFAIT,NO_TS_MEA,86.36
Jeremiah,Hill,DI01351,7142526,JALVIK GLOBAL,5,MEA MENA,ORBIT,REGIE,11C8OPJXNIXTD3D,7.81
Jeremiah,Hill,DI01351,7142526,JALVIK GLOBAL,5,MEA,ORBIT,REGIE,NO_TS_MEA,92.19
Joseph,Thomas,US31148,9562933,JALVIK TECH,5,NA EUROPE,NEXUS,MAINTENANCE,6OFYV601X02NDD8,9.09
Joseph,Thomas,US31148,9562933,JALVIK TECH,5,EMEA,NEXUS,MAINTENANCE,NO_TS_EMEA,90.91
Jennifer,Gentry,NC27691,3541361,KESTRA DIGITAL,5,CONT AMERICA,ORBIT,MAINTENANCE,W9SJQZH7MKUI47H,12.5
Amanda,Duke,XT24570,9746898,ALCOR GLOBAL,5,EMEA MENA,VERTEX,SUPPORT,3K1F7P2XLWS5O8C,7.39
Darren,Whitney,OO35170,4744995,ALCOR DYNAMICS,5,CONT MENA,ORBIT,FORFAIT,DTJZCVTE01GJR5L,10.23
Darren,Whitney,OO35170,4744995,ALCOR DYNAMICS,5,MEA,ORBIT,FORFAIT,NO_TS_MEA,89.77
Grant,Brown,YH34222,5608834,ETHOS VENTURES,5,LATAM AMERICA,VERTEX,REGIE,BXKGMIDCJ9URJA6,8.24
Justin,Zimmerman,KY45831,4971285,ETHOS SOLUTIONS,5,APAC AMERICA,STELLAR,SUPPORT,QZNKNEZ4K61CLFT,7.1
Brittany,Lane,LS14421,3020466,KESTRA SYSTEMS,5,EMEA OCEANIA,ORBIT,FORFAIT,6CC4OC5MLFH3QAI,5.82
Brittany,Lane,LS14421,3020466,KESTRA SYSTEMS,5,EMEA,ORBIT,FORFAIT,NO_TS_EMEA,94.18
Mark,Smith,UE60921,8794142,KESTRA TECH,5,CONT MENA,ATLAS,MAINTENANCE,0SZBQ5J30JXV470,13.92
Mark,Smith,UE60921,8794142,KESTRA TECH,5,MEA,ATLAS,MAINTENANCE,NO_TS_MEA,86.08
Mary,Jones,WO26877,7199409,JALVIK SOLUTIONS,5,NA ASIA,QUANTUM,FORFAIT,4U81ZAH1E1U9JLS,9.94
Mary,Jones,WO26877,7199409,JALVIK SOLUTIONS,5,NA,QUANTUM,FORFAIT,NO_TS_NA,90.06
Nathaniel,Johnson,KE04234,5773923,JALVIK GLOBAL,5,APAC OCEANIA,NOVA,MAINTENANCE,F90RF3AF0B50N1S,11.93
Nathaniel,Johnson,KE04234,5773923,JALVIK GLOBAL,5,MEA,NOVA,MAINTENANCE,NO_TS_MEA,88.07
Elizabeth,Webster,EG49447,8831054,DELVO CONSULTING,5,CONT AMERICA,STELLAR,RPS,XK2JO8V0E3M23YZ,11.36
Elizabeth,Webster,EG49447,8831054,DELVO CONSULTING,5,LATAM,STELLAR,RPS,NO_TS_LATAM,88.64
Michelle,Stein,BT31127,8010140,DELVO DIGITAL,5,LATAM AMERICA,NOVA,REGIE,M81AV3N2FT34UN3,9.38
Julia,Thomas,VT80023,6920475,JALVIK DYNAMICS,5,LATAM EUROPE,PULSE,FORFAIT,SN179J0MF8ALUQH,11.36
Julia,Thomas,VT80023,6920475,JALVIK DYNAMICS,5,CONT,PULSE,FORFAIT,NO_TS_CONT,88.64
Rebecca,Galloway,FU18938,2991714,JALVIK DYNAMICS,5,APAC EUROPE,VERTEX,MAINTENANCE,QIN9PH4YYLP8KAW,11.36
Rebecca,Galloway,FU18938,2991714,JALVIK DYNAMICS,5,MEA,VERTEX,MAINTENANCE,NO_TS_MEA,88.64
John,Gonzales,AK65085,7038096,BRYTON GROUP,5,APAC EUROPE,QUANTUM,RPS,J79ZILEG300CPZF,10.8
Janice,Allen,ZX73260,9731391,CENVEO CONSULTING,5,NA AFRICA,VERTEX,REGIE,SF2XKYBB7D49VS6,11.65
Janice,Allen,ZX73260,9731391,CENVEO CONSULTING,5,CONT,VERTEX,REGIE,NO_TS_CONT,88.35
Christopher,Anderson,IS24227,8737686,KESTRA SOLUTIONS,5,CONT AMERICA,QUANTUM,MAINTENANCE,H30BYERD2IW0FXE,14.2
Christopher,Anderson,IS24227,8737686,KESTRA SOLUTIONS,5,EMEA,QUANTUM,MAINTENANCE,NO_TS_EMEA,85.8
Carol,Mathews,MJ69256,2232434,HYRION DYNAMICS,5,LATAM AFRICA,NOVA,MAINTENANCE,PPL1QXUFFUC503T,10.23
Anita,Strickland,IZ24210,1577076,ALCOR SYSTEMS,5,APAC AFRICA,VERTEX,RPS,WX25QQLZ0FVEDQP,14.2
David,Dickson,LR68729,6707384,LUMEX GLOBAL,5,CONT MENA,STELLAR,RPS,NXB8H1WPA7TFUD9,11.93
Martin,Baker,IB43185,6303150,BRYTON GLOBAL,5,NA MENA,QUANTUM,REGIE,PSBEZPZ6WKC0QT1,8.52
Martin,Baker,IB43185,6303150,BRYTON GLOBAL,5,NA,QUANTUM,REGIE,NO_TS_NA,91.48
Donald,Peterson,MU49801,3131815,BRYTON CONSULTING,5,CONT ASIA,ATLAS,SUPPORT,0CE2DRMZQHLR7MV,12.5
Donald,Peterson,MU49801,3131815,BRYTON CONSULTING,5,CONT,ATLAS,SUPPORT,NO_TS_CONT,87.5
Lauren,Stewart,II37710,4438178,BRYTON GROUP,5,EMEA AFRICA,NOVA,MAINTENANCE,5DO396F79KM99QR,9.38
Lauren,Stewart,II37710,4438178,BRYTON GROUP,5,LATAM,NOVA,MAINTENANCE,NO_TS_LATAM,90.63
Brittany,Scott,ZE87598,1482813,ETHOS DYNAMICS,5,LATAM AMERICA,NOVA,RPS,O351FHYC8CYD406,14.77
Brittany,Scott,ZE87598,1482813,ETHOS DYNAMICS,5,APAC,NOVA,RPS,NO_TS_APAC,85.23
Alexis,Morrison,VD97863,8444986,CENVEO GLOBAL,5,EMEA AMERICA,STELLAR,REGIE,J7W2P8H5OUZCJTY,13.64
Amanda,Andrade,RW95393,1689447,INOVA TECH,5,EMEA AFRICA,STELLAR,SUPPORT,EQGTOKW7WARXEFK,9.66
Amanda,Andrade,RW95393,1689447,INOVA TECH,5,EMEA,STELLAR,SUPPORT,NO_TS_EMEA,90.34
Alec,Wyatt,YU04003,9009887,ETHOS VENTURES,5,APAC MENA,NEXUS,RPS,OSSKSYNEY8XM7E1,12.5
Alec,Wyatt,YU04003,9009887,ETHOS VENTURES,5,CONT,NEXUS,RPS,NO_TS_CONT,87.5
Charles,Hopkins,IG38538,3253942,HYRION GLOBAL,5,CONT OCEANIA,ORBIT,SUPPORT,SG25UR1F9PFO5XU,13.64
Charles,Hopkins,IG38538,3253942,HYRION GLOBAL,5,NA,ORBIT,SUPPORT,NO_TS_NA,86.36
Danielle,Goodman,BY15814,9855783,KESTRA VENTURES,5,APAC ASIA,ORBIT,MAINTENANCE,D1XIVBSB9O2PT9M,8.24
Brittany,Anderson,UA34034,6645851,KESTRA DYNAMICS,5,EMEA EUROPE,QUANTUM,MAINTENANCE,S4EJMWQ5MLKYVU6,17.05
Wayne,Ramirez,EB25580,5817696,INOVA GLOBAL,5,EMEA OCEANIA,PULSE,REGIE,X9VM9LFG8IIOPL0,9.66
Wayne,Ramirez,EB25580,5817696,INOVA GLOBAL,5,NA,PULSE,REGIE,NO_TS_NA,90.34
John,Daniel,IZ66059,3702769,HYRION GLOBAL,5,MEA OCEANIA,NEXUS,SUPPORT,SK3RW6E94QQRY2B,11.36
John,Daniel,IZ66059,3702769,HYRION GLOBAL,5,NA,NEXUS,SUPPORT,NO_TS_NA,88.64
Mackenzie,King,GG04574,8295583,INOVA SYSTEMS,5,NA MENA,STELLAR,SUPPORT,0YOCRNR8FGPEY81,12.5
Mackenzie,King,GG04574,8295583,INOVA SYSTEMS,5,EMEA,STELLAR,SUPPORT,NO_TS_EMEA,87.5
Renee,Williamson,WC55487,8991153,JALVIK SOLUTIONS,5,CONT AMERICA,PULSE,REGIE,BRFEI7WLW1DHBZZ,10.23
Renee,Williamson,WC55487,8991153,JALVIK SOLUTIONS,5,MEA,PULSE,REGIE,NO_TS_MEA,89.77
Leslie,Velez,LN31060,3059861,DELVO CONSULTING,5,MEA ASIA,PULSE,FORFAIT,OLR3F4LGQH827V1,12.5
Leslie,Velez,LN31060,3059861,DELVO CONSULTING,5,EMEA,PULSE,FORFAIT,NO_TS_EMEA,87.5
Edward,Joseph,ET22667,7062746,DELVO GLOBAL,5,CONT OCEANIA,VERTEX,FORFAIT,EKIA20RHN1EPVY0,10.51
Edward,Joseph,ET22667,7062746,DELVO GLOBAL,5,LATAM,VERTEX,FORFAIT,NO_TS_LATAM,89.49
Jose,Oconnor,CK28926,7404661,LUMEX SYSTEMS,5,LATAM EUROPE,NOVA,SUPPORT,T4RO2ZH7KJH5ERZ,10.51
Jose,Oconnor,CK28926,7404661,LUMEX SYSTEMS,5,MEA,NOVA,SUPPORT,NO_TS_MEA,89.49
April,Wright,TY59364,1818096,HYRION SYSTEMS,5,EMEA MENA,PHOENIX,FORFAIT,PI972QA9Z6V2BX5,12.22
April,Wright,TY59364,1818096,HYRION SYSTEMS,5,APAC,PHOENIX,FORFAIT,NO_TS_APAC,87.78
Jennifer,Jones,GE05573,9363030,JALVIK GROUP,5,NA ASIA,QUANTUM,REGIE,H9WOZ0CLM43OYLI,13.64
Jennifer,Jones,GE05573,9363030,JALVIK GROUP,5,EMEA,QUANTUM,REGIE,NO_TS_EMEA,86.36
Emily,Robinson,DV12949,1662709,FORVEX SYSTEMS,5,APAC MENA,VERTEX,REGIE,R3JNFOEPTJJIM5K,7.53
Emily,Robinson,DV12949,1662709,FORVEX SYSTEMS,5,CONT,VERTEX,REGIE,NO_TS_CONT,92.47
Brandon,Williams,CS72591,9728020,BRYTON SYSTEMS,5,APAC ASIA,ATLAS,SUPPORT,05HSDK1823AR8TR,11.36
Brandon,Williams,CS72591,9728020,BRYTON SYSTEMS,5,NA,ATLAS,SUPPORT,NO_TS_NA,88.64
Tammy,Miller,JQ63984,9973052,ETHOS SOLUTIONS,5,MEA AMERICA,ATLAS,SUPPORT,PU3IES2VJYJTOO4,11.65
Tammy,Miller,JQ63984,9973052,ETHOS SOLUTIONS,5,LATAM,ATLAS,SUPPORT,NO_TS_LATAM,88.35
Roger,Bond,AG76868,2047002,LUMEX DYNAMICS,5,EMEA AFRICA,STELLAR,MAINTENANCE,RIAQIEYL9ZXN2TG,10.23
Tony,Hansen,IK00559,4660422,ETHOS SOLUTIONS,5,NA EUROPE,PHOENIX,RPS,V07B8T5KZQPMQXT,10.23
Tony,Hansen,IK00559,4660422,ETHOS SOLUTIONS,5,NA,PHOENIX,RPS,NO_TS_NA,89.77
Andrew,Hodges,RY09929,1270483,KESTRA SOLUTIONS,5,NA AMERICA,STELLAR,RPS,592QJPNGV3R67B5,12.36
Andrew,Hodges,RY09929,1270483,KESTRA SOLUTIONS,5,NA,STELLAR,RPS,NO_TS_NA,87.64
Lauren,Young,UP96216,3763306,GOLZEN DIGITAL,5,MEA ASIA,NOVA,REGIE,3KKC19Y99SFTDDG,11.08
Lauren,Young,UP96216,3763306,GOLZEN DIGITAL,5,MEA,NOVA,REGIE,NO_TS_MEA,88.92
Brittany,Robinson,KW43107,5490152,INOVA DIGITAL,5,EMEA MENA,STELLAR,REGIE,4WQCQ4OW53VGU8I,11.36
Brittany,Robinson,KW43107,5490152,INOVA DIGITAL,5,EMEA,STELLAR,REGIE,NO_TS_EMEA,88.64
Lauren,Cruz,PP88898,1482611,INOVA GLOBAL,5,LATAM AFRICA,NEXUS,REGIE,HJBQW4F32RDLRHQ,10.94
Lauren,Cruz,PP88898,1482611,INOVA GLOBAL,5,NA,NEXUS,REGIE,NO_TS_NA,89.06
Timothy,Vasquez,PD20552,1809266,INOVA GLOBAL,5,LATAM AFRICA,ATLAS,RPS,1TBOHJVWJYINQG0,9.09
Crystal,Reyes,FQ19633,8880557,FORVEX SOLUTIONS,5,NA ASIA,QUANTUM,SUPPORT,4WCF8XANPMIJD8R,16.48
Crystal,Reyes,FQ19633,8880557,FORVEX SOLUTIONS,5,APAC,QUANTUM,SUPPORT,NO_TS_APAC,83.52
Maria,Daniel,YE20082,1374053,CENVEO TECH,5,EMEA EUROPE,STELLAR,FORFAIT,MVEBFOINO0798UF,12.78
Peter,Meyers,SW64792,9204571,ALCOR SYSTEMS,5,NA MENA,PULSE,SUPPORT,K8SSRQRVFE2ORI5,16.48
Peter,Meyers,SW64792,9204571,ALCOR SYSTEMS,5,EMEA,PULSE,SUPPORT,NO_TS_EMEA,83.52
Denise,Johnson,GE79628,9336103,BRYTON GLOBAL,5,LATAM ASIA,STELLAR,MAINTENANCE,SBM0O7848UMO05C,9.8
Denise,Johnson,GE79628,9336103,BRYTON GLOBAL,5,CONT,STELLAR,MAINTENANCE,NO_TS_CONT,90.2
Brett,Thomas,BN24798,3637893,ALCOR GLOBAL,5,MEA MENA,NEXUS,SUPPORT,QF19YMQXYTX5HT5,20.0
Brett,Thomas,BN24798,3637893,ALCOR GLOBAL,5,NA,NEXUS,SUPPORT,NO_TS_NA,80.0
Jenna,Gilmore,LY11398,6872806,BRYTON SOLUTIONS,5,MEA EUROPE,NEXUS,RPS,P9LD0WL30ASWVDH,10.23
Jenna,Gilmore,LY11398,6872806,BRYTON SOLUTIONS,5,MEA,NEXUS,RPS,NO_TS_MEA,89.77
Brandon,Ochoa,GU19199,4995608,INOVA DYNAMICS,5,EMEA MENA,PULSE,RPS,G13JRBB52L2B49M,15.91
Brandon,Ochoa,GU19199,4995608,INOVA DYNAMICS,5,LATAM,PULSE,RPS,NO_TS_LATAM,84.09
John,Tran,TY31737,1137818,INOVA GLOBAL,5,CONT MENA,ATLAS,SUPPORT,4E48R1HRONK0MLG,10.23
Chelsea,Wallace,IL99506,2590346,ETHOS DIGITAL,5,NA OCEANIA,NOVA,SUPPORT,E88KYZ2Q9X7GS00,12.22
Chelsea,Wallace,IL99506,2590346,ETHOS DIGITAL,5,APAC,NOVA,SUPPORT,NO_TS_APAC,87.78
Steven,Johnson,SH49372,3896272,GOLZEN SOLUTIONS,5,LATAM MENA,ATLAS,FORFAIT,W5CV4OW76XSEEJ2,10.51
Steven,Johnson,SH49372,3896272,GOLZEN SOLUTIONS,5,LATAM,ATLAS,FORFAIT,NO_TS_LATAM,89.49
Jonathan,Butler,EE21586,7270759,BRYTON CONSULTING,5,CONT EUROPE,PHOENIX,SUPPORT,2CXEZ2VG4PHQTZ4,7.81
Jonathan,Butler,EE21586,7270759,BRYTON CONSULTING,5,CONT,PHOENIX,SUPPORT,NO_TS_CONT,92.19
Sandra,Hendrix,XQ09352,8098376,ALCOR DYNAMICS,5,NA OCEANIA,NOVA,RPS,0V1QW3690GY42ZA,6.11
Sandra,Hendrix,XQ09352,8098376,ALCOR DYNAMICS,5,APAC,NOVA,RPS,NO_TS_APAC,93.89
Andrew,Andrews,AC63152,7762281,LUMEX GLOBAL,5,NA OCEANIA,QUANTUM,SUPPORT,D63ZRSZVKS1Q0LX,9.38
Andrew,Andrews,AC63152,7762281,LUMEX GLOBAL,5,LATAM,QUANTUM,SUPPORT,NO_TS_LATAM,90.63
Gina,Sims,KU99225,3128846,ETHOS SYSTEMS,5,EMEA AFRICA,ORBIT,FORFAIT,0PTON3239WJ1V0P,11.65
Gina,Sims,KU99225,3128846,ETHOS SYSTEMS,5,CONT,ORBIT,FORFAIT,NO_TS_CONT,88.35
Michael,Prince,NZ72456,2313801,ETHOS VENTURES,5,APAC ASIA,ATLAS,RPS,3KLV1EG1X5VDHX6,12.5
Michael,Knight,MO58620,5697327,BRYTON GLOBAL,5,NA OCEANIA,ORBIT,REGIE,YMPDLWNZ75I4Z4O,8.52
Lindsay,Hester,BJ55140,1008972,ALCOR TECH,5,CONT AMERICA,STELLAR,RPS,78PYV7F58TMAN3Z,10.51
Lindsay,Hester,BJ55140,1008972,ALCOR TECH,5,LATAM,STELLAR,RPS,NO_TS_LATAM,89.49
Carolyn,Franco,GH48179,8803974,GOLZEN SYSTEMS,5,APAC MENA,VERTEX,REGIE,T18Y2WNL6GWC3II,11.51
Carolyn,Franco,GH48179,8803974,GOLZEN SYSTEMS,5,CONT,VERTEX,REGIE,NO_TS_CONT,88.49
Leslie,White,TH41076,6396938,ALCOR SOLUTIONS,5,EMEA MENA,QUANTUM,FORFAIT,U8BXDFPB6W3MQ8C,9.66
Leslie,White,TH41076,6396938,ALCOR SOLUTIONS,5,APAC,QUANTUM,FORFAIT,NO_TS_APAC,90.34
Denise,Harris,UC35748,5976375,ETHOS DYNAMICS,5,EMEA AFRICA,ATLAS,REGIE,7DDQZ3VPPMI2G91,11.36
Denise,Harris,UC35748,5976375,ETHOS DYNAMICS,5,APAC,ATLAS,REGIE,NO_TS_APAC,88.64
Rebecca,Chambers,BN09157,5205978,DELVO DYNAMICS,5,APAC OCEANIA,STELLAR,SUPPORT,UYF43ZYQ8SA24N1,9.66
Rebecca,Chambers,BN09157,5205978,DELVO DYNAMICS,5,CONT,STELLAR,SUPPORT,NO_TS_CONT,90.34
Mark,Willis,BF96803,8360887,JALVIK VENTURES,5,MEA EUROPE,STELLAR,REGIE,YZY6Q45T0V4I1JP,15.34
Andrea,Thompson,AB62455,6546216,LUMEX SYSTEMS,5,APAC AMERICA,VERTEX,REGIE,HV9AZQGL1CCHUB1,13.64
Andrea,Thompson,AB62455,6546216,LUMEX SYSTEMS,5,CONT,VERTEX,REGIE,NO_TS_CONT,86.36
Marie,Thomas,GS16480,5305020,INOVA CONSULTING,5,MEA OCEANIA,ATLAS,MAINTENANCE,R7PID5C7WSJAGM3,9.38
Marie,Thomas,GS16480,5305020,INOVA CONSULTING,5,NA,ATLAS,MAINTENANCE,NO_TS_NA,90.63
Tiffany,Pearson,KP38321,9929282,ALCOR DIGITAL,5,MEA EUROPE,STELLAR,FORFAIT,NI6GSBMP3GXTU0B,9.23
Tiffany,Pearson,KP38321,9929282,ALCOR DIGITAL,5,LATAM,STELLAR,FORFAIT,NO_TS_LATAM,90.77
James,Walters,AK54485,9931685,GOLZEN SYSTEMS,5,MEA OCEANIA,PULSE,FORFAIT,1Z331M8W1Z6S3NY,11.36
James,Walters,AK54485,9931685,GOLZEN SYSTEMS,5,LATAM,PULSE,FORFAIT,NO_TS_LATAM,88.64
Courtney,Wilcox,OT67388,8629619,INOVA SYSTEMS,5,EMEA MENA,STELLAR,FORFAIT,JT3J9IKJ1XHFNUT,12.5
Courtney,Wilcox,OT67388,8629619,INOVA SYSTEMS,5,EMEA,STELLAR,FORFAIT,NO_TS_EMEA,87.5
Steven,Patel,ZT76790,8764765,HYRION DYNAMICS,5,MEA EUROPE,PULSE,RPS,GFNA42IHCLKQ1DA,10.23
Steven,Patel,ZT76790,8764765,HYRION DYNAMICS,5,EMEA,PULSE,RPS,NO_TS_EMEA,89.77
Troy,Fernandez,LH72293,6793156,DELVO SOLUTIONS,5,LATAM AFRICA,VERTEX,MAINTENANCE,YNQ25T55N3HPXHT,6.82
Troy,Fernandez,LH72293,6793156,DELVO SOLUTIONS,5,LATAM,VERTEX,MAINTENANCE,NO_TS_LATAM,93.18
Jennifer,King,WD59854,3378055,JALVIK DIGITAL,5,LATAM AMERICA,NOVA,RPS,OHA4ZHOROR4RM7R,8.1
Kristin,Benjamin,WL58105,5383095,ETHOS SYSTEMS,5,LATAM EUROPE,QUANTUM,REGIE,LHW4EDG5IFWCBH0,11.51
Kristin,Benjamin,WL58105,5383095,ETHOS SYSTEMS,5,CONT,QUANTUM,REGIE,NO_TS_CONT,88.49
Kayla,Ferguson,HG88467,7576885,CENVEO CONSULTING,5,LATAM OCEANIA,ATLAS,RPS,VD7TYKLYDDQSHVJ,11.65
Kayla,Ferguson,HG88467,7576885,CENVEO CONSULTING,5,LATAM,ATLAS,RPS,NO_TS_LATAM,88.35
Anthony,Hall,RS00580,9214598,KESTRA DIGITAL,5,NA AMERICA,VERTEX,SUPPORT,WMVAOFCOWXQ2U0Y,9.38
Anthony,Hall,RS00580,9214598,KESTRA DIGITAL,5,LATAM,VERTEX,SUPPORT,NO_TS_LATAM,90.63
Kimberly,Clark,HE59699,3498067,CENVEO DYNAMICS,5,APAC MENA,QUANTUM,RPS,BNHT98LRURE5IR6,7.14
Kimberly,Clark,HE59699,3498067,CENVEO DYNAMICS,5,CONT,QUANTUM,RPS,NO_TS_CONT,92.86
Samuel,Adams,EM84517,8431602,INOVA VENTURES,5,CONT ASIA,PULSE,REGIE,ZSK6BSS44PICDD6,11.36
Destiny,Kaufman,UR09260,5468203,ETHOS GROUP,5,LATAM AFRICA,NOVA,MAINTENANCE,3I4R1RQTMSZ59NF,11.36
Destiny,Kaufman,UR09260,5468203,ETHOS GROUP,5,EMEA,NOVA,MAINTENANCE,NO_TS_EMEA,88.64
Ronald,Miller,GX76073,3767699,GOLZEN GLOBAL,5,CONT EUROPE,PHOENIX,SUPPORT,058DVW3AMEBG1WC,11.93
Ronald,Miller,GX76073,3767699,GOLZEN GLOBAL,5,MEA,PHOENIX,SUPPORT,NO_TS_MEA,88.07
Jennifer,Carroll,KP26316,9973823,JALVIK VENTURES,5,NA OCEANIA,NOVA,FORFAIT,Y56XTU0EEULDNFN,9.52
Jenny,Martinez,OF52757,3132110,HYRION CONSULTING,5,LATAM AFRICA,PHOENIX,MAINTENANCE,7ZD65R9RC2UGV08,13.64
Jenny,Martinez,OF52757,3132110,HYRION CONSULTING,5,EMEA,PHOENIX,MAINTENANCE,NO_TS_EMEA,86.36
Daniel,Kim,UA58159,3112849,KESTRA VENTURES,5,MEA ASIA,ATLAS,RPS,8OVPGKF5QSV8KTO,9.94
Mark,Bray,YN19721,2048633,CENVEO CONSULTING,5,LATAM AMERICA,STELLAR,REGIE,QOGRC86OLBBBFPQ,9.52
Mark,Bray,YN19721,2048633,CENVEO CONSULTING,5,LATAM,STELLAR,REGIE,NO_TS_LATAM,90.48
Kimberly,Walsh,WY20526,6749850,HYRION GLOBAL,5,NA EUROPE,NEXUS,SUPPORT,Q2DCTOO90NACIUK,8.93
Kimberly,Walsh,WY20526,6749850,HYRION GLOBAL,5,MEA,NEXUS,SUPPORT,NO_TS_MEA,91.07
Kara,Roberson,IM66697,1121146,KESTRA CONSULTING,5,LATAM OCEANIA,STELLAR,SUPPORT,D5UIDOUBRLZBS35,8.1
Kara,Roberson,IM66697,1121146,KESTRA CONSULTING,5,APAC,STELLAR,SUPPORT,NO_TS_APAC,91.9
Cynthia,Williams,PV59640,1408737,JALVIK SOLUTIONS,5,CONT AFRICA,ATLAS,SUPPORT,2SFESO6427T6DND,8.52
Cynthia,Williams,PV59640,1408737,JALVIK SOLUTIONS,5,APAC,ATLAS,SUPPORT,NO_TS_APAC,91.48
Jason,Wagner,LB71642,2498544,GOLZEN SOLUTIONS,5,EMEA EUROPE,ORBIT,SUPPORT,KQ36IIYFB049742,15.91
Jason,Wagner,LB71642,2498544,GOLZEN SOLUTIONS,5,APAC,ORBIT,SUPPORT,NO_TS_APAC,84.09
Michael,Bailey,OS22435,9080750,INOVA SYSTEMS,5,EMEA OCEANIA,QUANTUM,FORFAIT,9LWRI75AZSHUCWB,13.64
Michael,Bailey,OS22435,9080750,INOVA SYSTEMS,5,EMEA,QUANTUM,FORFAIT,NO_TS_EMEA,86.36
Julie,Gardner,CL60406,2683862,ETHOS CONSULTING,5,MEA AMERICA,NOVA,FORFAIT,RELT2TQ4KPK0ENE,11.93
Kathleen,Duncan,WK99269,5992010,ETHOS SOLUTIONS,5,APAC AMERICA,VERTEX,REGIE,FMT0UEFRVAITU9T,11.36
Kathleen,Duncan,WK99269,5992010,ETHOS SOLUTIONS,5,APAC,VERTEX,REGIE,NO_TS_APAC,88.64
Catherine,Webb,HW00403,2826635,FORVEX TECH,5,LATAM OCEANIA,VERTEX,RPS,V2G5LCS7FB2MGA1,11.08
Catherine,Webb,HW00403,2826635,FORVEX TECH,5,LATAM,VERTEX,RPS,NO_TS_LATAM,88.92
Valerie,Chapman,LN65934,2917205,FORVEX SYSTEMS,5,NA AMERICA,NEXUS,RPS,MNT3MBXVDCF5ZB9,8.52
Valerie,Chapman,LN65934,2917205,FORVEX SYSTEMS,5,CONT,NEXUS,RPS,NO_TS_CONT,91.48
Melissa,Chaney,HE34349,3965128,LUMEX DIGITAL,5,LATAM AFRICA,ATLAS,SUPPORT,BZ2T8FW5OTONM3Y,14.49
Melissa,Chaney,HE34349,3965128,LUMEX DIGITAL,5,MEA,ATLAS,SUPPORT,NO_TS_MEA,85.51
Larry,Holloway,UJ10629,5025311,GOLZEN GROUP,5,APAC AMERICA,ATLAS,REGIE,45E2TL2KGY653WG,9.09
Larry,Holloway,UJ10629,5025311,GOLZEN GROUP,5,NA,ATLAS,REGIE,NO_TS_NA,90.91
Denise,Hart,IC60896,5161666,HYRION SOLUTIONS,5,NA EUROPE,ORBIT,RPS,YGWCTAEO3R36ZY0,10.23
Denise,Hart,IC60896,5161666,HYRION SOLUTIONS,5,APAC,ORBIT,RPS,NO_TS_APAC,89.77
Joshua,Watkins,PB09886,6753370,FORVEX SYSTEMS,5,MEA OCEANIA,STELLAR,FORFAIT,C5839QW3LEOQSRK,13.64
Joshua,Watkins,PB09886,6753370,FORVEX SYSTEMS,5,EMEA,STELLAR,FORFAIT,NO_TS_EMEA,86.36
Shelby,Colon,HX32084,1342527,GOLZEN DYNAMICS,5,APAC MENA,PULSE,SUPPORT,QCBX6QKRSYK715I,11.93
Angela,Johnson,ZT57605,2780794,ALCOR GROUP,5,CONT AFRICA,STELLAR,REGIE,S4V6AF8SUUNCRWX,11.08
Angela,Johnson,ZT57605,2780794,ALCOR GROUP,5,LATAM,STELLAR,REGIE,NO_TS_LATAM,88.92
Madison,Ramos,QP81821,1518325,JALVIK SOLUTIONS,5,NA MENA,NOVA,REGIE,3JP5MFI0JMASDPV,10.8
Madison,Ramos,QP81821,1518325,JALVIK SOLUTIONS,5,NA,NOVA,REGIE,NO_TS_NA,89.2
Stefanie,Boone,KM75636,4032614,ETHOS DYNAMICS,5,CONT AFRICA,STELLAR,RPS,RRMYZKOAWAJ5TGY,10.23
Stefanie,Boone,KM75636,4032614,ETHOS DYNAMICS,5,CONT,STELLAR,RPS,NO_TS_CONT,89.77
Harry,Kent,DJ76122,1250873,FORVEX SYSTEMS,5,EMEA ASIA,STELLAR,FORFAIT,VB11P339R2B0LET,9.66
Harry,Kent,DJ76122,1250873,FORVEX SYSTEMS,5,LATAM,STELLAR,FORFAIT,NO_TS_LATAM,90.34
Christopher,Cain,LM67686,5654479,LUMEX TECH,5,APAC ASIA,STELLAR,SUPPORT,2XMU5O9TZXWCX2U,8.1
Christopher,Cain,LM67686,5654479,LUMEX TECH,5,CONT,STELLAR,SUPPORT,NO_TS_CONT,91.9
Holly,Hernandez,LB07240,4919142,BRYTON SOLUTIONS,5,APAC OCEANIA,NOVA,FORFAIT,SY1AMYNW0NRFNRC,9.23
Holly,Hernandez,LB07240,4919142,BRYTON SOLUTIONS,5,EMEA,NOVA,FORFAIT,NO_TS_EMEA,90.77
Kevin,King,RO70713,8052745,JALVIK GLOBAL,5,EMEA ASIA,NEXUS,REGIE,PBI1WZ9D7MKDEIL,8.38
Kevin,King,RO70713,8052745,JALVIK GLOBAL,5,CONT,NEXUS,REGIE,NO_TS_CONT,91.62
Chad,Ferguson,KK70505,8776407,JALVIK CONSULTING,5,EMEA EUROPE,STELLAR,RPS,NYGIY4W6O3CDI5Q,11.51
Chad,Ferguson,KK70505,8776407,JALVIK CONSULTING,5,CONT,STELLAR,RPS,NO_TS_CONT,88.49
Kelly,Griffin,ZO81344,2403767,ETHOS SOLUTIONS,5,CONT MENA,QUANTUM,FORFAIT,FHSZJ4LLJRP5369,7.67
Kelly,Griffin,ZO81344,2403767,ETHOS SOLUTIONS,5,MEA,QUANTUM,FORFAIT,NO_TS_MEA,92.33
Brooke,Jimenez,TH92607,9570792,HYRION SYSTEMS,5,EMEA MENA,ATLAS,MAINTENANCE,R69JPDKZU2RX6XP,11.36
Brooke,Jimenez,TH92607,9570792,HYRION SYSTEMS,5,APAC,ATLAS,MAINTENANCE,NO_TS_APAC,88.64
Stacy,Schneider,LG57285,4772086,DELVO SYSTEMS,5,APAC ASIA,ATLAS,FORFAIT,GRV312AS9R9LSSA,13.64
Laura,Hammond,QY72772,5351587,HYRION GLOBAL,5,LATAM EUROPE,STELLAR,RPS,PRMAEX7Z8O533W3,8.24
Laura,Hammond,QY72772,5351587,HYRION GLOBAL,5,LATAM,STELLAR,RPS,NO_TS_LATAM,91.76
Eric,Patterson,PF67418,6544403,ALCOR SOLUTIONS,5,NA OCEANIA,NEXUS,MAINTENANCE,XMFXOFEYJ6DE8C0,10.37
Eric,Patterson,PF67418,6544403,ALCOR SOLUTIONS,5,CONT,NEXUS,MAINTENANCE,NO_TS_CONT,89.63
Kimberly,Mitchell,TQ34388,3452026,CENVEO SYSTEMS,5,EMEA MENA,VERTEX,MAINTENANCE,6BK2DVRMPOTUMV3,14.77
Kimberly,Mitchell,TQ34388,3452026,CENVEO SYSTEMS,5,EMEA,VERTEX,MAINTENANCE,NO_TS_EMEA,85.23
Dawn,Leonard,HV22422,1554905,JALVIK GLOBAL,5,EMEA MENA,PULSE,RPS,XDX3H2X2A0YXBLZ,13.07
Dawn,Leonard,HV22422,1554905,JALVIK GLOBAL,5,NA,PULSE,RPS,NO_TS_NA,86.93
Lauren,Downs,AW73794,4949975,DELVO TECH,5,APAC EUROPE,VERTEX,RPS,E9S0Y76M9EU5GWW,13.64
Lauren,Downs,AW73794,4949975,DELVO TECH,5,MEA,VERTEX,RPS,NO_TS_MEA,86.36
Kristina,Potts,YE60953,5567097,INOVA VENTURES,5,NA OCEANIA,STELLAR,SUPPORT,RCZE9HUBPG3TUKQ,10.8
Justin,Olsen,OU53896,9627245,HYRION SOLUTIONS,5,LATAM AMERICA,ORBIT,MAINTENANCE,TTLAIMM0EBBWICQ,7.95
Justin,Olsen,OU53896,9627245,HYRION SOLUTIONS,5,NA,ORBIT,MAINTENANCE,NO_TS_NA,92.05
Jamie,Lopez,XY00575,6344061,FORVEX GROUP,5,LATAM ASIA,NEXUS,MAINTENANCE,288BSIP9BYQ2MJE,11.36
Jamie,Lopez,XY00575,6344061,FORVEX GROUP,5,LATAM,NEXUS,MAINTENANCE,NO_TS_LATAM,88.64
Mackenzie,Roberts,UQ10899,8993517,JALVIK GLOBAL,5,NA ASIA,ORBIT,FORFAIT,QWIF4ONT65VW4BZ,10.23
Mackenzie,Roberts,UQ10899,8993517,JALVIK GLOBAL,5,APAC,ORBIT,FORFAIT,NO_TS_APAC,89.77
Jacob,Barr,KV77067,4384691,DELVO TECH,5,NA AMERICA,NEXUS,MAINTENANCE,IWKM2XLE14FSRAJ,11.36
Jacob,Barr,KV77067,4384691,DELVO TECH,5,CONT,NEXUS,MAINTENANCE,NO_TS_CONT,88.64
Andrew,Austin,OK74096,8044546,FORVEX DYNAMICS,5,CONT AFRICA,NEXUS,SUPPORT,U5NCTB7EMOI4ZI3,10.8
Andrew,Austin,OK74096,8044546,FORVEX DYNAMICS,5,CONT,NEXUS,SUPPORT,NO_TS_CONT,89.2
Mark,Conley,LU26556,6892078,FORVEX DYNAMICS,5,NA AFRICA,PULSE,SUPPORT,M655HL0PITJ9SUM,15.91
Mark,Conley,LU26556,6892078,FORVEX DYNAMICS,5,NA,PULSE,SUPPORT,NO_TS_NA,84.09
Angelica,Parker,CH51810,6792932,BRYTON SOLUTIONS,5,LATAM AMERICA,PHOENIX,MAINTENANCE,L9L5B570OFEXMVT,8.33
Angelica,Parker,CH51810,6792932,BRYTON SOLUTIONS,5,MEA,PHOENIX,MAINTENANCE,NO_TS_MEA,91.67
Joshua,Snyder,UT66909,4120917,FORVEX DYNAMICS,5,CONT AFRICA,PHOENIX,SUPPORT,9CG3NFHM9M3HOPF,13.64
Joshua,Snyder,UT66909,4120917,FORVEX DYNAMICS,5,EMEA,PHOENIX,SUPPORT,NO_TS_EMEA,86.36
Kevin,Smith,LF81741,9383972,HYRION DYNAMICS,5,LATAM MENA,STELLAR,REGIE,GO3YYPYLAYWCXNP,10.23
Kevin,Smith,LF81741,9383972,HYRION DYNAMICS,5,CONT,STELLAR,REGIE,NO_TS_CONT,89.77
Jason,Wagner,OH21864,2147222,ETHOS VENTURES,5,APAC AMERICA,QUANTUM,SUPPORT,ANMPKZAY8YKXN8T,13.64
Jason,Wagner,OH21864,2147222,ETHOS VENTURES,5,EMEA,QUANTUM,SUPPORT,NO_TS_EMEA,86.36
Charles,Andrews,XH96198,3749428,DELVO TECH,5,APAC EUROPE,ORBIT,MAINTENANCE,X1IRXKBABPFS0YB,9.94
Susan,Pierce,ZE76956,9284548,INOVA VENTURES,5,NA EUROPE,NOVA,SUPPORT,MVMCQYDSPVEMFFP,13.07
Susan,Pierce,ZE76956,9284548,INOVA VENTURES,5,LATAM,NOVA,SUPPORT,NO_TS_LATAM,86.93
Lonnie,Davis,XF93606,7090541,CENVEO DIGITAL,5,CONT AFRICA,NEXUS,SUPPORT,B5NM7FT314NINRJ,13.07
Lonnie,Davis,XF93606,7090541,CENVEO DIGITAL,5,LATAM,NEXUS,SUPPORT,NO_TS_LATAM,86.93
Hannah,Drake,NX41058,1641214,DELVO DIGITAL,5,LATAM AFRICA,PHOENIX,MAINTENANCE,N48GIJ7J0JFNBXU,13.64
Hannah,Drake,NX41058,1641214,DELVO DIGITAL,5,EMEA,PHOENIX,MAINTENANCE,NO_TS_EMEA,86.36
Tara,Smith,KD60993,2925405,INOVA DIGITAL,5,CONT EUROPE,NOVA,RPS,LUUZZ8ACZ408Y2Q,9.66
Tara,Smith,KD60993,2925405,INOVA DIGITAL,5,NA,NOVA,RPS,NO_TS_NA,90.34
Lauren,Mendoza,PI87503,5171384,JALVIK DIGITAL,5,LATAM AMERICA,PHOENIX,RPS,MU7N1CZBLAVYZFD,11.36
Lauren,Mendoza,PI87503,5171384,JALVIK DIGITAL,5,MEA,PHOENIX,RPS,NO_TS_MEA,88.64
Nicole,Ryan,WD16734,7347745,GOLZEN GROUP,5,NA EUROPE,ORBIT,REGIE,7B27HY85M6CSYU1,15.91
Nicole,Ryan,WD16734,7347745,GOLZEN GROUP,5,CONT,ORBIT,REGIE,NO_TS_CONT,84.09
Jessica,Jimenez,NB55630,1460431,KESTRA GLOBAL,5,NA EUROPE,VERTEX,FORFAIT,SLRNZWIB226VNE5,15.91
Jessica,Jimenez,NB55630,1460431,KESTRA GLOBAL,5,NA,VERTEX,FORFAIT,NO_TS_NA,84.09
Michael,Peterson,PW19837,2783861,LUMEX TECH,5,NA AMERICA,STELLAR,RPS,LD59CS53RRD91N9,12.64
Deborah,Guerra,GE43661,9503756,HYRION SOLUTIONS,5,NA AFRICA,STELLAR,SUPPORT,G24F8DCO7XU6NIE,11.65
Deborah,Guerra,GE43661,9503756,HYRION SOLUTIONS,5,EMEA,STELLAR,SUPPORT,NO_TS_EMEA,88.35
Steven,Delgado,ML63513,1999264,CENVEO TECH,5,EMEA AMERICA,ORBIT,FORFAIT,3D88MUSCUIIC7WK,15.91
Steven,Delgado,ML63513,1999264,CENVEO TECH,5,CONT,ORBIT,FORFAIT,NO_TS_CONT,84.09
Jacob,Mcdonald,HY72383,3839127,JALVIK SYSTEMS,5,MEA AMERICA,ATLAS,SUPPORT,45JAJ70FSHGC2MG,9.52
Jacob,Mcdonald,HY72383,3839127,JALVIK SYSTEMS,5,NA,ATLAS,SUPPORT,NO_TS_NA,90.48
Ricky,Santos,UH54817,3585230,HYRION VENTURES,5,EMEA AFRICA,QUANTUM,MAINTENANCE,YBRIGOZ3989CHST,12.5
Ricky,Santos,UH54817,3585230,HYRION VENTURES,5,NA,QUANTUM,MAINTENANCE,NO_TS_NA,87.5
Sandra,Pacheco,PY49974,2469331,BRYTON DIGITAL,5,LATAM OCEANIA,ATLAS,FORFAIT,5A14DPOMNL36JJP,5.42
Sandra,Pacheco,PY49974,2469331,BRYTON DIGITAL,5,CONT,ATLAS,FORFAIT,NO_TS_CONT,94.58
Francisco,Young,JY69476,9877333,FORVEX SOLUTIONS,5,CONT EUROPE,NEXUS,FORFAIT,F9VZYK8671K1JTG,10.51
Francisco,Young,JY69476,9877333,FORVEX SOLUTIONS,5,EMEA,NEXUS,FORFAIT,NO_TS_EMEA,89.49
Joseph,Smith,ZK22437,8973246,LUMEX SOLUTIONS,5,LATAM ASIA,STELLAR,FORFAIT,XR1ZL9LNOLWO889,4.17
Joseph,Smith,ZK22437,8973246,LUMEX SOLUTIONS,5,NA,STELLAR,FORFAIT,NO_TS_NA,95.83
Christopher,Holland,CN90552,3771609,BRYTON SYSTEMS,5,NA AFRICA,NEXUS,RPS,MHXXH611GVKGHMY,8.24
Michael,Baker,EH66943,6591817,HYRION CONSULTING,5,CONT OCEANIA,QUANTUM,FORFAIT,IINIBD1RQ7EQSJD,8.24
Michael,Baker,EH66943,6591817,HYRION CONSULTING,5,EMEA,QUANTUM,FORFAIT,NO_TS_EMEA,91.76
Megan,Mitchell,JB97548,5662851,KESTRA GLOBAL,5,CONT AMERICA,VERTEX,MAINTENANCE,2V55TTUK6O61NK2,11.79
Megan,Mitchell,JB97548,5662851,KESTRA GLOBAL,5,CONT,VERTEX,MAINTENANCE,NO_TS_CONT,88.21
Mason,Johnson,HN57501,6584686,FORVEX DIGITAL,5,APAC MENA,VERTEX,REGIE,NULO9YYEP6HMWT9,15.48
Mason,Johnson,HN57501,6584686,FORVEX DIGITAL,5,NA,VERTEX,REGIE,NO_TS_NA,84.52
Denise,Hawkins,SR33691,1793589,KESTRA DIGITAL,5,NA AFRICA,ATLAS,REGIE,OJ4VL24OHAFALX1,8.1
Denise,Hawkins,SR33691,1793589,KESTRA DIGITAL,5,EMEA,ATLAS,REGIE,NO_TS_EMEA,91.9
Cheryl,Gonzalez,FH13023,5061275,ETHOS VENTURES,5,CONT ASIA,NOVA,REGIE,7F8P4J5DQC7BNMF,13.35
Cheryl,Gonzalez,FH13023,5061275,ETHOS VENTURES,5,NA,NOVA,REGIE,NO_TS_NA,86.65
Crystal,Sparks,YH83314,9889505,HYRION VENTURES,5,MEA EUROPE,PHOENIX,RPS,O07KZY7VCLEU5P5,11.93
Crystal,Sparks,YH83314,9889505,HYRION VENTURES,5,EMEA,PHOENIX,RPS,NO_TS_EMEA,88.07
Gary,Williams,LW19811,6647886,LUMEX GROUP,5,MEA EUROPE,NEXUS,MAINTENANCE,AF4D6NHQHEN5SYR,13.78
Gary,Williams,LW19811,6647886,LUMEX GROUP,5,LATAM,NEXUS,MAINTENANCE,NO_TS_LATAM,86.22
Joseph,Cunningham,DC48792,7463294,KESTRA TECH,5,MEA OCEANIA,STELLAR,REGIE,TS3JI7IE9H3XLUU,7.39
Anna,Armstrong,FC83851,4370148,HYRION SOLUTIONS,5,LATAM AMERICA,ORBIT,FORFAIT,VGD9YGIC68JOKQQ,14.77
Anna,Armstrong,FC83851,4370148,HYRION SOLUTIONS,5,LATAM,ORBIT,FORFAIT,NO_TS_LATAM,85.23
Jamie,Morales,LD49311,9805857,GOLZEN DYNAMICS,5,CONT ASIA,PHOENIX,MAINTENANCE,4Q6URJF4UF6OFAD,12.22
Jamie,Morales,LD49311,9805857,GOLZEN DYNAMICS,5,APAC,PHOENIX,MAINTENANCE,NO_TS_APAC,87.78
Molly,Stone,ZY46833,1642480,INOVA DIGITAL,5,EMEA EUROPE,NEXUS,REGIE,WJJYDWTQGT1TSQP,8.81
Molly,Stone,ZY46833,1642480,INOVA DIGITAL,5,EMEA,NEXUS,REGIE,NO_TS_EMEA,91.19
Antonio,Williams,WD51091,2894704,DELVO DYNAMICS,5,EMEA EUROPE,PHOENIX,FORFAIT,RGN1NQD6MUJUE2G,11.65
Emily,Duran,YN81506,1528872,HYRION CONSULTING,5,APAC MENA,NOVA,MAINTENANCE,M9F4KP57GWOS8MX,11.51
Emily,Duran,YN81506,1528872,HYRION CONSULTING,5,EMEA,NOVA,MAINTENANCE,NO_TS_EMEA,88.49
Joe,Hamilton,KA70651,4619480,KESTRA TECH,5,LATAM OCEANIA,VERTEX,REGIE,ONZTI0VT5YGC6CP,7.81
Joe,Hamilton,KA70651,4619480,KESTRA TECH,5,CONT,VERTEX,REGIE,NO_TS_CONT,92.19
David,Mitchell,OW15830,6612718,HYRION CONSULTING,5,CONT OCEANIA,NOVA,FORFAIT,0MFQG7272QY5XPJ,13.64
David,Mitchell,OW15830,6612718,HYRION CONSULTING,5,EMEA,NOVA,FORFAIT,NO_TS_EMEA,86.36
Rodney,Huerta,IG06185,5647574,KESTRA TECH,5,NA AFRICA,ORBIT,SUPPORT,9UZ5RBKY8XOEGXE,13.64
Rodney,Huerta,IG06185,5647574,KESTRA TECH,5,EMEA,ORBIT,SUPPORT,NO_TS_EMEA,86.36
William,Yang,TW36313,4242318,DELVO GLOBAL,5,APAC ASIA,QUANTUM,MAINTENANCE,QT2EO4D7XXMOWBB,10.8
William,Yang,TW36313,4242318,DELVO GLOBAL,5,MEA,QUANTUM,MAINTENANCE,NO_TS_MEA,89.2
Kevin,Johnson,GK62130,2934981,FORVEX DYNAMICS,5,MEA EUROPE,NOVA,RPS,MEI29EISC8S87NW,10.23
Kevin,Johnson,GK62130,2934981,FORVEX DYNAMICS,5,LATAM,NOVA,RPS,NO_TS_LATAM,89.77
Matthew,Patton,IC28707,9461861,GOLZEN TECH,5,MEA AMERICA,ORBIT,REGIE,VI1MHXWAO8Q9CNV,13.07
Matthew,Patton,IC28707,9461861,GOLZEN TECH,5,CONT,ORBIT,REGIE,NO_TS_CONT,86.93
Karen,Murphy,IQ56354,8061816,ALCOR TECH,5,CONT MENA,NOVA,MAINTENANCE,KHH8O8YDN44NFEF,12.5
Karen,Murphy,IQ56354,8061816,ALCOR TECH,5,LATAM,NOVA,MAINTENANCE,NO_TS_LATAM,87.5
Dawn,Glover,DE69008,4128792,GOLZEN TECH,5,NA ASIA,STELLAR,MAINTENANCE,8TBNO6X89ZEY8KW,11.93
Dawn,Glover,DE69008,4128792,GOLZEN TECH,5,APAC,STELLAR,MAINTENANCE,NO_TS_APAC,88.07
Joshua,Montgomery,QZ24234,5821574,LUMEX GLOBAL,5,MEA OCEANIA,VERTEX,REGIE,W17QDL6LVXMR26T,13.07
Joshua,Montgomery,QZ24234,5821574,LUMEX GLOBAL,5,APAC,VERTEX,REGIE,NO_TS_APAC,86.93
Jeremy,Smith,GH75700,5968623,BRYTON SOLUTIONS,5,APAC AFRICA,NOVA,MAINTENANCE,QULC1D7Q8JUE8Z5,11.79
Jeremy,Smith,GH75700,5968623,BRYTON SOLUTIONS,5,LATAM,NOVA,MAINTENANCE,NO_TS_LATAM,88.21
Steven,Robinson,AQ79064,5226439,GOLZEN SYSTEMS,5,NA OCEANIA,STELLAR,FORFAIT,72CJEOTDB5SCY1O,11.08
Steven,Robinson,AQ79064,5226439,GOLZEN SYSTEMS,5,MEA,STELLAR,FORFAIT,NO_TS_MEA,88.92
Hunter,Pollard,PR96090,4720730,CENVEO SYSTEMS,5,NA AMERICA,QUANTUM,MAINTENANCE,Z2HZZUPSZLA3555,7.95
Hunter,Pollard,PR96090,4720730,CENVEO SYSTEMS,5,EMEA,QUANTUM,MAINTENANCE,NO_TS_EMEA,92.05
Kevin,Delacruz,AF98985,7391499,GOLZEN VENTURES,5,MEA ASIA,NEXUS,REGIE,ES2L2CQVZ6K9F0J,9.23
Kevin,Delacruz,AF98985,7391499,GOLZEN VENTURES,5,NA,NEXUS,REGIE,NO_TS_NA,90.77
Rachel,Booth,YL52731,8417720,ALCOR GLOBAL,5,NA ASIA,PHOENIX,REGIE,KDK0MB2BB9Y2SBJ,7.14
Rachel,Booth,YL52731,8417720,ALCOR GLOBAL,5,LATAM,PHOENIX,REGIE,NO_TS_LATAM,92.86
Patrick,White,ET46478,5721702,INOVA DIGITAL,5,MEA MENA,PULSE,SUPPORT,KMRL48297GBKQK3,13.07
Patrick,White,ET46478,5721702,INOVA DIGITAL,5,EMEA,PULSE,SUPPORT,NO_TS_EMEA,86.93
Alexander,Sampson,RQ62553,5474560,FORVEX DYNAMICS,5,EMEA OCEANIA,PULSE,REGIE,LKZM0UBG83A8V8P,13.64
Meghan,Macias,FA02193,3085809,INOVA DIGITAL,5,CONT MENA,ORBIT,FORFAIT,BBBNCMCM59KXOTT,10.51
Meghan,Macias,FA02193,3085809,INOVA DIGITAL,5,NA,ORBIT,FORFAIT,NO_TS_NA,89.49
Andrea,Johnson,SL72423,2550243,INOVA GLOBAL,5,APAC AFRICA,ORBIT,REGIE,UKOTG2GIZBLH7BH,12.78
Sandra,Martinez,UL08615,8634996,BRYTON CONSULTING,5,NA MENA,VERTEX,MAINTENANCE,SUGBZ9JQCVXA3SM,11.36
Sandra,Martinez,UL08615,8634996,BRYTON CONSULTING,5,MEA,VERTEX,MAINTENANCE,NO_TS_MEA,88.64
Christopher,Williams,CX09258,5465116,LUMEX CONSULTING,5,CONT ASIA,NEXUS,SUPPORT,UND0E7RZQ9KVLTE,9.52
Christopher,Williams,CX09258,5465116,LUMEX CONSULTING,5,MEA,NEXUS,SUPPORT,NO_TS_MEA,90.48
Alejandro,Perez,BZ47533,1107022,HYRION SYSTEMS,5,LATAM MENA,QUANTUM,FORFAIT,N3GF5FCHM0DJR39,14.49
Anthony,Jackson,EK97507,6849146,ALCOR DYNAMICS,5,APAC OCEANIA,VERTEX,RPS,8W28A37O49092UE,9.38
Casey,Wade,EM72543,8332099,ETHOS DYNAMICS,5,APAC MENA,STELLAR,FORFAIT,SM21CJWFACU78G9,11.36
Casey,Wade,EM72543,8332099,ETHOS DYNAMICS,5,NA,STELLAR,FORFAIT,NO_TS_NA,88.64
Peter,Gamble,AT78929,2755201,ETHOS GROUP,5,EMEA EUROPE,NOVA,FORFAIT,5VMZEVSEMA9WQJM,13.07
Kathy,Ramsey,YK01963,5571506,JALVIK DYNAMICS,5,CONT MENA,PHOENIX,MAINTENANCE,98GR8VEK6UY8CO2,7.67
Kathy,Ramsey,YK01963,5571506,JALVIK DYNAMICS,5,LATAM,PHOENIX,MAINTENANCE,NO_TS_LATAM,92.33
Jack,Farmer,RW21130,2404410,CENVEO DYNAMICS,5,MEA EUROPE,VERTEX,SUPPORT,F8XXFCX2YM81C6A,15.06
Jack,Farmer,RW21130,2404410,CENVEO DYNAMICS,5,EMEA,VERTEX,SUPPORT,NO_TS_EMEA,84.94
Anthony,Cherry,HP37397,9021254,ALCOR GLOBAL,5,EMEA OCEANIA,STELLAR,REGIE,JAD1NU5FKEQ9XCZ,11.65
Anthony,Cherry,HP37397,9021254,ALCOR GLOBAL,5,LATAM,STELLAR,REGIE,NO_TS_LATAM,88.35
Ronald,Mcknight,PP92225,9018117,INOVA GLOBAL,5,LATAM ASIA,PULSE,REGIE,T6RUB9QB6GXJF6L,7.95
Ronald,Mcknight,PP92225,9018117,INOVA GLOBAL,5,CONT,PULSE,REGIE,NO_TS_CONT,92.05
Jesse,Wallace,RF76296,6542517,JALVIK DYNAMICS,5,EMEA ASIA,NOVA,RPS,WAFC0E7WU36LM89,13.64
Jesse,Wallace,RF76296,6542517,JALVIK DYNAMICS,5,MEA,NOVA,RPS,NO_TS_MEA,86.36
Gary,Rowe,OH14700,1907633,GOLZEN SOLUTIONS,5,EMEA ASIA,ATLAS,MAINTENANCE,BZPXN8OXVB0DLLS,15.91
Gary,Rowe,OH14700,1907633,GOLZEN SOLUTIONS,5,EMEA,ATLAS,MAINTENANCE,NO_TS_EMEA,84.09
Eugene,Cunningham,JY15647,9653945,ALCOR TECH,5,MEA MENA,PULSE,MAINTENANCE,BFWPG5AACYEBRUW,13.64
Amy,Harvey,VP73806,2410049,FORVEX GLOBAL,5,NA AMERICA,QUANTUM,MAINTENANCE,RMX5UV8TWLAK8KY,7.81
Amy,Harvey,VP73806,2410049,FORVEX GLOBAL,5,MEA,QUANTUM,MAINTENANCE,NO_TS_MEA,92.19
Matthew,Davis,XF99791,2413928,INOVA GLOBAL,5,LATAM ASIA,PHOENIX,REGIE,RNJD0GQRYUMNJN7,14.77
Matthew,Davis,XF99791,2413928,INOVA GLOBAL,5,NA,PHOENIX,REGIE,NO_TS_NA,85.23
Zachary,Smith,XS03630,2299498,ETHOS SYSTEMS,5,EMEA MENA,STELLAR,SUPPORT,0S903D78WRL5M71,13.64
Antonio,Archer,ZB54244,3477245,GOLZEN GROUP,5,MEA ASIA,ORBIT,SUPPORT,J8THCZQE2PXA2J2,13.64
Antonio,Archer,ZB54244,3477245,GOLZEN GROUP,5,EMEA,ORBIT,SUPPORT,NO_TS_EMEA,86.36
Douglas,Keller,RZ06952,4157840,LUMEX SYSTEMS,5,LATAM AFRICA,NOVA,RPS,ANBQRM0AKKIIASL,13.64
Douglas,Keller,RZ06952,4157840,LUMEX SYSTEMS,5,CONT,NOVA,RPS,NO_TS_CONT,86.36
Veronica,Chavez,BX78252,1529330,JALVIK DIGITAL,5,LATAM AFRICA,ATLAS,REGIE,WH13HBNCYI6DVSA,10.51
Veronica,Chavez,BX78252,1529330,JALVIK DIGITAL,5,LATAM,ATLAS,REGIE,NO_TS_LATAM,89.49
Katherine,Webb,MY35665,3134541,BRYTON VENTURES,5,LATAM OCEANIA,ORBIT,FORFAIT,75Q9B6RWXR2QLU2,9.09
Katherine,Webb,MY35665,3134541,BRYTON VENTURES,5,NA,ORBIT,FORFAIT,NO_TS_NA,90.91
Alexandra,Herman,UD11120,4551670,CENVEO SYSTEMS,5,NA OCEANIA,PULSE,REGIE,JTCEFK2824RLQ56,11.36
Jennifer,Garcia,BO37202,3593379,ETHOS DYNAMICS,5,MEA EUROPE,PULSE,RPS,1S12TWNLH6WXAMW,9.09
Jennifer,Garcia,BO37202,3593379,ETHOS DYNAMICS,5,NA,PULSE,RPS,NO_TS_NA,90.91
Sarah,Neal,PA66140,9037883,INOVA GLOBAL,5,EMEA AMERICA,PULSE,RPS,JLG7FTQKR0UWRT2,12.5
Sarah,Neal,PA66140,9037883,INOVA GLOBAL,5,APAC,PULSE,RPS,NO_TS_APAC,87.5
Brian,Walker,NK47680,5269035,GOLZEN CONSULTING,5,MEA AFRICA,ATLAS,SUPPORT,T27TB200TKVJRWU,11.36
Brian,Walker,NK47680,5269035,GOLZEN CONSULTING,5,LATAM,ATLAS,SUPPORT,NO_TS_LATAM,88.64
Darryl,White,TJ55966,6826666,HYRION VENTURES,5,APAC AFRICA,QUANTUM,SUPPORT,BTP9JP5VVDBZ5OA,11.51
Carol,Garcia,PA26919,1733928,INOVA DYNAMICS,5,MEA ASIA,ATLAS,SUPPORT,DCV84UCOP2FY4HB,11.93
Carol,Garcia,PA26919,1733928,INOVA DYNAMICS,5,NA,ATLAS,SUPPORT,NO_TS_NA,88.07
Michael,Nelson,ZK64252,1843367,KESTRA DIGITAL,5,MEA EUROPE,PHOENIX,FORFAIT,36QLWLQ4U7T4UIN,14.49
Joshua,Johnson,VF35818,6391356,KESTRA CONSULTING,5,CONT AFRICA,NEXUS,MAINTENANCE,QT578SD9Q83V4FA,9.38
Joshua,Johnson,VF35818,6391356,KESTRA CONSULTING,5,LATAM,NEXUS,MAINTENANCE,NO_TS_LATAM,90.63
Charles,Dorsey,HV60714,3157962,HYRION DIGITAL,5,CONT AMERICA,STELLAR,FORFAIT,1ZCA2PPH47GOKJI,9.66
Charles,Dorsey,HV60714,3157962,HYRION DIGITAL,5,CONT,STELLAR,FORFAIT,NO_TS_CONT,90.34
Anna,Morales,XX82227,8391094,INOVA VENTURES,5,CONT MENA,PHOENIX,RPS,HINA6FA5XUIHC1V,7.67
Anna,Morales,XX82227,8391094,INOVA VENTURES,5,MEA,PHOENIX,RPS,NO_TS_MEA,92.33
Megan,Allen,JT56261,6605375,DELVO SOLUTIONS,5,EMEA ASIA,NEXUS,REGIE,54CSMWO0U5E96DQ,9.23
Megan,Allen,JT56261,6605375,DELVO SOLUTIONS,5,MEA,NEXUS,REGIE,NO_TS_MEA,90.77
Keith,Reyes,UR24860,3451049,INOVA DYNAMICS,5,APAC ASIA,PHOENIX,MAINTENANCE,JEE1XVAUSN12R0J,9.52
Keith,Reyes,UR24860,3451049,INOVA DYNAMICS,5,MEA,PHOENIX,MAINTENANCE,NO_TS_MEA,90.48
John,Smith,WB34225,5079117,LUMEX TECH,5,APAC ASIA,NOVA,REGIE,P8V5330HNABTLC0,9.66
John,Smith,WB34225,5079117,LUMEX TECH,5,NA,NOVA,REGIE,NO_TS_NA,90.34
Anne,Montes,AI26910,5183393,CENVEO GLOBAL,5,APAC MENA,STELLAR,MAINTENANCE,EE63RHJD720NJ2Z,11.36
Anne,Montes,AI26910,5183393,CENVEO GLOBAL,5,LATAM,STELLAR,MAINTENANCE,NO_TS_LATAM,88.64
Jennifer,Lambert,MG49274,1658988,GOLZEN VENTURES,5,APAC AFRICA,STELLAR,REGIE,DNPRSRYVTYMYQ4T,11.36
Jennifer,Lambert,MG49274,1658988,GOLZEN VENTURES,5,APAC,STELLAR,REGIE,NO_TS_APAC,88.64
Travis,Harris,MS06226,9403823,ETHOS SOLUTIONS,5,CONT AMERICA,VERTEX,FORFAIT,4ES0N5UWVHEL1VQ,7.95
Travis,Harris,MS06226,9403823,ETHOS SOLUTIONS,5,EMEA,VERTEX,FORFAIT,NO_TS_EMEA,92.05
Travis,Sanders,YJ26124,9442648,ETHOS TECH,5,NA AFRICA,STELLAR,REGIE,0R43RLA0ZYBEVZ6,10.23
Travis,Sanders,YJ26124,9442648,ETHOS TECH,5,EMEA,STELLAR,REGIE,NO_TS_EMEA,89.77
Connie,Marsh,DT18962,3042713,BRYTON SYSTEMS,5,MEA ASIA,ATLAS,FORFAIT,TVWHSDCLJABKWPQ,11.36
Connie,Marsh,DT18962,3042713,BRYTON SYSTEMS,5,APAC,ATLAS,FORFAIT,NO_TS_APAC,88.64
Adriana,Perry,AE26406,3359389,CENVEO DYNAMICS,5,EMEA OCEANIA,PULSE,RPS,BVDZNCHUEPE8I1T,13.64
Noah,Norton,NP96503,3614707,DELVO VENTURES,5,APAC MENA,VERTEX,RPS,I5QWG8YV43AA1C5,9.66
Noah,Norton,NP96503,3614707,DELVO VENTURES,5,NA,VERTEX,RPS,NO_TS_NA,90.34
Jennifer,Phelps,PF24315,8801425,KESTRA TECH,5,EMEA AMERICA,VERTEX,MAINTENANCE,9TRY4YUQIMWBO2R,11.51
Jennifer,Phelps,PF24315,8801425,KESTRA TECH,5,MEA,VERTEX,MAINTENANCE,NO_TS_MEA,88.49
Marie,Wilson,AE26410,4712255,LUMEX TECH,5,EMEA ASIA,QUANTUM,MAINTENANCE,JBYU44XT7PQOGMZ,10.23
Marie,Wilson,AE26410,4712255,LUMEX TECH,5,MEA,QUANTUM,MAINTENANCE,NO_TS_MEA,89.77
Henry,Fritz,BB53168,5958670,ALCOR SOLUTIONS,5,LATAM EUROPE,STELLAR,SUPPORT,D7HN3ERE9YEYN4X,13.78
Henry,Fritz,BB53168,5958670,ALCOR SOLUTIONS,5,EMEA,STELLAR,SUPPORT,NO_TS_EMEA,86.22
Kristin,Davis,PE66729,1594608,GOLZEN GROUP,5,MEA AMERICA,NOVA,MAINTENANCE,X92Y79P9TAJZG3K,11.41
Laura,Wilson,TZ95872,4432392,GOLZEN TECH,5,MEA AMERICA,PHOENIX,MAINTENANCE,R30USKDPEHCR0S1,10.09
Laura,Wilson,TZ95872,4432392,GOLZEN TECH,5,CONT,PHOENIX,MAINTENANCE,NO_TS_CONT,89.91
David,Long,YW66557,5637598,KESTRA CONSULTING,5,LATAM MENA,STELLAR,RPS,6H7E92GH3HXI35Y,10.23
David,Long,YW66557,5637598,KESTRA CONSULTING,5,CONT,STELLAR,RPS,NO_TS_CONT,89.77
Terrence,Taylor,BB09001,4588779,LUMEX GROUP,5,CONT AFRICA,NOVA,SUPPORT,3G5L1F7K15KESY3,12.5
Terrence,Taylor,BB09001,4588779,LUMEX GROUP,5,CONT,NOVA,SUPPORT,NO_TS_CONT,87.5
Dawn,Kirby,QQ22824,6165645,HYRION CONSULTING,5,NA AMERICA,PHOENIX,FORFAIT,RZI7BB4KXWG76A9,9.82
Dawn,Kirby,QQ22824,6165645,HYRION CONSULTING,5,NA,PHOENIX,FORFAIT,NO_TS_NA,90.18
Donald,Roth,RG62650,1350547,CENVEO DIGITAL,5,CONT ASIA,VERTEX,REGIE,N0O940JB97OTAI5,14.77
Cheryl,Woodard,RB35152,5494258,DELVO GROUP,5,MEA AMERICA,VERTEX,RPS,51U41NJE3IDP5PK,15.91
Cheryl,Woodard,RB35152,5494258,DELVO GROUP,5,CONT,VERTEX,RPS,NO_TS_CONT,84.09
Edward,Bowman,VW77598,1161063,KESTRA GROUP,5,LATAM ASIA,STELLAR,SUPPORT,ZZX1WF7MY9J0U2N,13.64
Edward,Bowman,VW77598,1161063,KESTRA GROUP,5,NA,STELLAR,SUPPORT,NO_TS_NA,86.36
Jason,Jones,VY87219,5569484,JALVIK SYSTEMS,5,LATAM EUROPE,ORBIT,SUPPORT,BVQQ940L7X6CH8L,11.79
Jason,Jones,VY87219,5569484,JALVIK SYSTEMS,5,MEA,ORBIT,SUPPORT,NO_TS_MEA,88.21
Kimberly,Foster,HV82003,8940601,DELVO TECH,5,EMEA MENA,NEXUS,MAINTENANCE,TJM6WV7IW3SXJR2,11.36
Kimberly,Foster,HV82003,8940601,DELVO TECH,5,NA,NEXUS,MAINTENANCE,NO_TS_NA,88.64
Nancy,Hunt,DC43820,8434708,CENVEO DIGITAL,5,LATAM AMERICA,QUANTUM,RPS,OL4QS3M3EK0JU06,8.24
Heather,White,ZS54367,3017697,LUMEX GROUP,5,EMEA EUROPE,PHOENIX,RPS,42ZDTSH4UCBRR2P,9.09
Heather,White,ZS54367,3017697,LUMEX GROUP,5,EMEA,PHOENIX,RPS,NO_TS_EMEA,90.91
John,Johnson,DE22457,7971048,BRYTON CONSULTING,5,CONT AFRICA,NEXUS,SUPPORT,IQB4UUGYUQY971Q,9.09
John,Johnson,DE22457,7971048,BRYTON CONSULTING,5,EMEA,NEXUS,SUPPORT,NO_TS_EMEA,90.91
Marvin,Dougherty,SO02934,8698545,INOVA GLOBAL,5,EMEA OCEANIA,ATLAS,SUPPORT,EXO77C4Q1DLMFLG,9.38
Marvin,Dougherty,SO02934,8698545,INOVA GLOBAL,5,CONT,ATLAS,SUPPORT,NO_TS_CONT,90.63
Scott,Knox,ST12250,8263645,BRYTON CONSULTING,5,NA MENA,PHOENIX,FORFAIT,92VH69BQHNFWNXM,9.52
Scott,Knox,ST12250,8263645,BRYTON CONSULTING,5,LATAM,PHOENIX,FORFAIT,NO_TS_LATAM,90.48
Cynthia,Garcia,YD47035,4451136,FORVEX SYSTEMS,5,LATAM EUROPE,ATLAS,REGIE,BV8YDQ5LIXWD9EG,10.09
Cynthia,Garcia,YD47035,4451136,FORVEX SYSTEMS,5,LATAM,ATLAS,REGIE,NO_TS_LATAM,89.91
Andrew,Davis,AW03075,7033864,JALVIK DYNAMICS,5,APAC EUROPE,NEXUS,REGIE,PHD393QCZ6OMX5Q,10.23
Andrew,Davis,AW03075,7033864,JALVIK DYNAMICS,5,NA,NEXUS,REGIE,NO_TS_NA,89.77
Daniel,Stephens,BP45021,4776833,FORVEX CONSULTING,5,MEA ASIA,PULSE,RPS,MK9TTV9SW6NSOBF,11.36
Daniel,Stephens,BP45021,4776833,FORVEX CONSULTING,5,LATAM,PULSE,RPS,NO_TS_LATAM,88.64
Susan,Medina,YD48372,1631384,CENVEO CONSULTING,5,APAC EUROPE,ORBIT,SUPPORT,K3RE4ZZW63CKCJW,13.64
Susan,Medina,YD48372,1631384,CENVEO CONSULTING,5,NA,ORBIT,SUPPORT,NO_TS_NA,86.36
James,Snow,XA37639,4690870,CENVEO CONSULTING,5,NA AFRICA,VERTEX,FORFAIT,S4SV8S4355IX9LP,17.61
Gary,Sloan,OH63741,2393948,LUMEX CONSULTING,5,MEA ASIA,NEXUS,SUPPORT,4Y6TM7JEF8ADNKS,9.23
Gary,Sloan,OH63741,2393948,LUMEX CONSULTING,5,LATAM,NEXUS,SUPPORT,NO_TS_LATAM,90.77
David,Ramirez,AV02488,3001036,DELVO TECH,5,MEA AMERICA,NOVA,SUPPORT,S7GX89QAKA9TH8E,11.36
David,Ramirez,AV02488,3001036,DELVO TECH,5,CONT,NOVA,SUPPORT,NO_TS_CONT,88.64
Edward,Mcconnell,RA63127,2733720,JALVIK SOLUTIONS,5,MEA EUROPE,QUANTUM,RPS,TV9CWT8AWGFE439,10.23
Edward,Mcconnell,RA63127,2733720,JALVIK SOLUTIONS,5,APAC,QUANTUM,RPS,NO_TS_APAC,89.77
Sara,Williams,KB97920,2876991,ETHOS SOLUTIONS,5,LATAM OCEANIA,PHOENIX,FORFAIT,4GKORI9FUAY028S,9.66
Jasmine,Camacho,OA52879,3111563,FORVEX VENTURES,5,APAC ASIA,STELLAR,REGIE,2MWAZ1LZLUWOFLM,10.23
Jasmine,Camacho,OA52879,3111563,FORVEX VENTURES,5,CONT,STELLAR,REGIE,NO_TS_CONT,89.77
Joanne,Cook,PO78623,7041804,KESTRA CONSULTING,5,LATAM AMERICA,NOVA,MAINTENANCE,ZBAPGFQX8Q0URMI,10.37
Joanne,Cook,PO78623,7041804,KESTRA CONSULTING,5,MEA,NOVA,MAINTENANCE,NO_TS_MEA,89.63
Toni,Allen,IU73463,6051045,JALVIK SOLUTIONS,5,EMEA ASIA,NEXUS,FORFAIT,Q921S85JZUFRSP1,13.64
Toni,Allen,IU73463,6051045,JALVIK SOLUTIONS,5,LATAM,NEXUS,FORFAIT,NO_TS_LATAM,86.36
Kimberly,Mccormick,RU85809,3623277,JALVIK SOLUTIONS,5,CONT AMERICA,ORBIT,MAINTENANCE,RUF50L8BCNLTBFZ,12.5
James,Horton,LF06440,1661959,FORVEX DYNAMICS,5,MEA MENA,ATLAS,REGIE,BOW2Y3XADBPC8VU,8.52
Troy,Peterson,OW26475,4479160,HYRION DIGITAL,5,MEA MENA,NOVA,MAINTENANCE,O7PQ4BB8QA2V7LM,11.36
Troy,Peterson,OW26475,4479160,HYRION DIGITAL,5,MEA,NOVA,MAINTENANCE,NO_TS_MEA,88.64
Albert,Rodriguez,KV18771,4019414,ETHOS CONSULTING,5,CONT AFRICA,NOVA,MAINTENANCE,8RJC7YMMOOGKDV5,9.52
Albert,Rodriguez,KV18771,4019414,ETHOS CONSULTING,5,EMEA,NOVA,MAINTENANCE,NO_TS_EMEA,90.48
Kristy,Walker,IQ14478,2982072,DELVO SOLUTIONS,5,MEA AFRICA,STELLAR,REGIE,4TM0Q1Z7F9UJ46C,11.79
Kristy,Walker,IQ14478,2982072,DELVO SOLUTIONS,5,MEA,STELLAR,REGIE,NO_TS_MEA,88.21
Jared,Ryan,SU94292,5383953,DELVO SOLUTIONS,5,APAC AMERICA,QUANTUM,SUPPORT,RDZF0XC8KB9TLSN,5.68
Jared,Ryan,SU94292,5383953,DELVO SOLUTIONS,5,EMEA,QUANTUM,SUPPORT,NO_TS_EMEA,94.32
Stacy,Byrd,TL78910,3663439,DELVO DIGITAL,5,MEA AFRICA,VERTEX,RPS,UDIH7M5ZN2BGRFN,10.65
Stacy,Byrd,TL78910,3663439,DELVO DIGITAL,5,EMEA,VERTEX,RPS,NO_TS_EMEA,89.35
Jaime,Francis,XQ28574,1838006,KESTRA GROUP,5,NA OCEANIA,VERTEX,MAINTENANCE,GB6EBC4UMW2K7E9,11.36
Jaime,Francis,XQ28574,1838006,KESTRA GROUP,5,EMEA,VERTEX,MAINTENANCE,NO_TS_EMEA,88.64
Amy,Carter,EC63065,1124954,INOVA VENTURES,5,APAC MENA,PULSE,FORFAIT,QWN7QBT0OOGBWV3,11.36
Zachary,Sanders,IG63695,3928449,FORVEX SYSTEMS,5,LATAM AMERICA,ORBIT,FORFAIT,V4OCQ6UQ5S6ZWL7,9.09
Zachary,Sanders,IG63695,3928449,FORVEX SYSTEMS,5,APAC,ORBIT,FORFAIT,NO_TS_APAC,90.91
Matthew,Payne,HW07851,2768669,JALVIK DIGITAL,5,EMEA AFRICA,NEXUS,REGIE,OU9BE5U2AJKX57Q,8.52
Matthew,Payne,HW07851,2768669,JALVIK DIGITAL,5,APAC,NEXUS,REGIE,NO_TS_APAC,91.48
William,Horton,JC44325,3262492,GOLZEN VENTURES,5,NA EUROPE,ATLAS,SUPPORT,BHV7W4AN2CA2THQ,7.24
William,Horton,JC44325,3262492,GOLZEN VENTURES,5,CONT,ATLAS,SUPPORT,NO_TS_CONT,92.76
Julie,Hebert,XL69208,7352459,DELVO DIGITAL,5,APAC AMERICA,VERTEX,SUPPORT,QX9LKWGI882CS8B,9.09
Julie,Hebert,XL69208,7352459,DELVO DIGITAL,5,NA,VERTEX,SUPPORT,NO_TS_NA,90.91
Matthew,Porter,UF18821,5891516,CENVEO TECH,5,LATAM OCEANIA,VERTEX,MAINTENANCE,ZDUEEQG4OODCY9T,10.8
Matthew,Porter,UF18821,5891516,CENVEO TECH,5,EMEA,VERTEX,MAINTENANCE,NO_TS_EMEA,89.2
Timothy,Shields,OW39762,1210157,CENVEO DIGITAL,5,LATAM ASIA,STELLAR,MAINTENANCE,4O9KXGU0RY1R9LK,9.52
Timothy,Shields,OW39762,1210157,CENVEO DIGITAL,5,LATAM,STELLAR,MAINTENANCE,NO_TS_LATAM,90.48
Nicholas,Newman,IC42965,3796294,BRYTON DYNAMICS,5,LATAM ASIA,NEXUS,SUPPORT,Q9JK5VAVJGOZ8HC,12.5
Nicholas,Newman,IC42965,3796294,BRYTON DYNAMICS,5,NA,NEXUS,SUPPORT,NO_TS_NA,87.5
Heidi,Guerra,RM08479,7451404,LUMEX DIGITAL,5,CONT EUROPE,PULSE,RPS,5FAXHVDS0HB6KUR,12.5
Heidi,Guerra,RM08479,7451404,LUMEX DIGITAL,5,EMEA,PULSE,RPS,NO_TS_EMEA,87.5
Andrea,Blevins,MN54076,4654401,DELVO GLOBAL,5,CONT AMERICA,NEXUS,FORFAIT,WM3XQEMA0CWMBQF,11.36
Andrea,Blevins,MN54076,4654401,DELVO GLOBAL,5,NA,NEXUS,FORFAIT,NO_TS_NA,88.64
Lisa,Erickson,VL24360,1786967,FORVEX SYSTEMS,5,EMEA ASIA,ATLAS,MAINTENANCE,FWL5USIHCSEYART,7.39
Lisa,Erickson,VL24360,1786967,FORVEX SYSTEMS,5,NA,ATLAS,MAINTENANCE,NO_TS_NA,92.61
Ana,Wyatt,AW03094,4069289,JALVIK DIGITAL,5,CONT AFRICA,ORBIT,FORFAIT,MZYZ8VM6NDXHR9C,13.64
Ana,Wyatt,AW03094,4069289,JALVIK DIGITAL,5,MEA,ORBIT,FORFAIT,NO_TS_MEA,86.36
Carlos,Perez,QB99662,7304979,CENVEO GLOBAL,5,MEA AMERICA,PHOENIX,FORFAIT,R7E0G8YOHI6HA2M,12.64
Carlos,Perez,QB99662,7304979,CENVEO GLOBAL,5,LATAM,PHOENIX,FORFAIT,NO_TS_LATAM,87.36
Dustin,Watkins,HA84016,4256612,FORVEX TECH,5,MEA OCEANIA,NEXUS,FORFAIT,PS58VLGBJVG5Q1K,5.82
Dustin,Watkins,HA84016,4256612,FORVEX TECH,5,MEA,NEXUS,FORFAIT,NO_TS_MEA,94.18
Jenna,Carroll,CV09059,4797580,LUMEX DIGITAL,5,APAC EUROPE,ORBIT,RPS,Z5W6JWR2AMH21SB,11.65
Jenna,Carroll,CV09059,4797580,LUMEX DIGITAL,5,EMEA,ORBIT,RPS,NO_TS_EMEA,88.35
Kimberly,Clark,ES81590,3712811,INOVA CONSULTING,5,CONT AFRICA,VERTEX,SUPPORT,B7P7I5DU4FA85XY,11.36
Kimberly,Clark,ES81590,3712811,INOVA CONSULTING,5,MEA,VERTEX,SUPPORT,NO_TS_MEA,88.64
Jesus,Dickson,WI59806,9037842,LUMEX VENTURES,5,LATAM AMERICA,NOVA,SUPPORT,KHETW46P33Y9YY4,12.22
Jesus,Dickson,WI59806,9037842,LUMEX VENTURES,5,MEA,NOVA,SUPPORT,NO_TS_MEA,87.78
Sarah,Gibson,ZV44521,9824043,BRYTON DIGITAL,5,MEA AFRICA,ORBIT,RPS,JTZC4M0NAVQN1Q3,12.64
Sarah,Gibson,ZV44521,9824043,BRYTON DIGITAL,5,APAC,ORBIT,RPS,NO_TS_APAC,87.36
Jennifer,Johnson,OR94651,1395976,JALVIK TECH,5,APAC MENA,NOVA,RPS,XWPYRLY8NUDRHJR,10.23
Jennifer,Johnson,OR94651,1395976,JALVIK TECH,5,APAC,NOVA,RPS,NO_TS_APAC,89.77
Amanda,Avila,RD71150,8657882,INOVA DIGITAL,5,CONT ASIA,ATLAS,REGIE,OMU3VJB005N0CFS,10.09
Amanda,Avila,RD71150,8657882,INOVA DIGITAL,5,APAC,ATLAS,REGIE,NO_TS_APAC,89.91
Tracey,Garza,FY94496,9001324,HYRION SOLUTIONS,5,NA AMERICA,ATLAS,FORFAIT,I11ZP4KVVHHFGQK,9.94
Tracey,Garza,FY94496,9001324,HYRION SOLUTIONS,5,APAC,ATLAS,FORFAIT,NO_TS_APAC,90.06
Caitlyn,Garcia,LV35657,6784555,ALCOR SYSTEMS,5,MEA MENA,VERTEX,FORFAIT,7LZSGCPGETNMCDA,11.93
Caitlyn,Garcia,LV35657,6784555,ALCOR SYSTEMS,5,LATAM,VERTEX,FORFAIT,NO_TS_LATAM,88.07
Martin,Fox,NC37153,3641397,CENVEO GLOBAL,5,EMEA OCEANIA,ATLAS,SUPPORT,5XK30UYZMAMN92X,15.63
Martin,Fox,NC37153,3641397,CENVEO GLOBAL,5,LATAM,ATLAS,SUPPORT,NO_TS_LATAM,84.38
Mark,Gonzales,BZ91571,6678307,HYRION CONSULTING,5,EMEA AMERICA,ATLAS,MAINTENANCE,32X4D595V0P5TVB,13.64
Mark,Gonzales,BZ91571,6678307,HYRION CONSULTING,5,EMEA,ATLAS,MAINTENANCE,NO_TS_EMEA,86.36
Frederick,Martin,ZW72731,4609373,ALCOR VENTURES,5,CONT OCEANIA,ORBIT,RPS,NP8X8RJCO13ELTX,10.37
Amanda,Eaton,PV39254,6415419,LUMEX SYSTEMS,5,EMEA AMERICA,NEXUS,SUPPORT,NOI28SRSSPWJ6TY,13.07
Amanda,Eaton,PV39254,6415419,LUMEX SYSTEMS,5,MEA,NEXUS,SUPPORT,NO_TS_MEA,86.93
Hannah,Moses,AW66607,2138195,FORVEX DYNAMICS,5,APAC AMERICA,STELLAR,REGIE,JGFS76L1WZN06WE,5.82
Hannah,Moses,AW66607,2138195,FORVEX DYNAMICS,5,APAC,STELLAR,REGIE,NO_TS_APAC,94.18
Katherine,Wells,FQ02952,6685131,INOVA SOLUTIONS,5,LATAM ASIA,PULSE,MAINTENANCE,IYKA37B50ZWGO4I,11.65
Katherine,Wells,FQ02952,6685131,INOVA SOLUTIONS,5,LATAM,PULSE,MAINTENANCE,NO_TS_LATAM,88.35
Stephen,Sanders,YW71035,1286381,GOLZEN CONSULTING,5,LATAM MENA,PULSE,SUPPORT,3X9GFVX2TSQWKHI,6.96
Stephen,Sanders,YW71035,1286381,GOLZEN CONSULTING,5,EMEA,PULSE,SUPPORT,NO_TS_EMEA,93.04
Jordan,Gould,SV13836,8213992,INOVA DIGITAL,5,LATAM OCEANIA,NOVA,RPS,02FLWDRR6WBRX88,9.38
Jordan,Gould,SV13836,8213992,INOVA DIGITAL,5,NA,NOVA,RPS,NO_TS_NA,90.63
John,Dillon,SS72627,8482324,INOVA GLOBAL,5,MEA ASIA,ORBIT,RPS,IPZKVKGFR32UE9F,9.94
John,Dillon,SS72627,8482324,INOVA GLOBAL,5,NA,ORBIT,RPS,NO_TS_NA,90.06
Kevin,Bonilla,QS36113,1223720,HYRION TECH,5,LATAM ASIA,PHOENIX,RPS,5DQQTU869MPCFGW,5.68
Kevin,Bonilla,QS36113,1223720,HYRION TECH,5,NA,PHOENIX,RPS,NO_TS_NA,94.32
Barbara,Knight,GD07019,9668232,DELVO TECH,5,NA MENA,NEXUS,FORFAIT,K4N1K4CL0MTZKHQ,10.09
Barbara,Knight,GD07019,9668232,DELVO TECH,5,LATAM,NEXUS,FORFAIT,NO_TS_LATAM,89.91
Devin,Aguirre,MM40160,3930663,HYRION SYSTEMS,5,EMEA OCEANIA,STELLAR,REGIE,EYP76KVCC0FOHWF,15.91
Devin,Aguirre,MM40160,3930663,HYRION SYSTEMS,5,MEA,STELLAR,REGIE,NO_TS_MEA,84.09
Charles,Lopez,WZ29966,8423672,ALCOR VENTURES,5,EMEA MENA,STELLAR,FORFAIT,TYXYQDEXPRX16AC,9.66
Charles,Lopez,WZ29966,8423672,ALCOR VENTURES,5,APAC,STELLAR,FORFAIT,NO_TS_APAC,90.34
Colin,Summers,PG02251,2650047,HYRION SYSTEMS,5,NA AFRICA,ATLAS,RPS,PYU3GQ9OCV40DH2,11.36
Colin,Summers,PG02251,2650047,HYRION SYSTEMS,5,LATAM,ATLAS,RPS,NO_TS_LATAM,88.64
Gregory,Mason,YY35644,3702107,LUMEX GROUP,5,MEA ASIA,NEXUS,REGIE,6COX730C3QWOGQ5,13.64
Gregory,Mason,YY35644,3702107,LUMEX GROUP,5,EMEA,NEXUS,REGIE,NO_TS_EMEA,86.36
Jacob,Calhoun,XB14214,1413863,DELVO CONSULTING,5,MEA MENA,ORBIT,SUPPORT,MNHLE1CQ30O8VLP,13.64
Joshua,Brown,BU00904,3309064,JALVIK DYNAMICS,5,NA MENA,PHOENIX,MAINTENANCE,GFUFGFI7WE9TBS0,9.38
Adrian,Kaufman,MI20764,7055000,DELVO SOLUTIONS,5,MEA AMERICA,PULSE,RPS,BDO1P633RTJZCM3,6.82
Adrian,Kaufman,MI20764,7055000,DELVO SOLUTIONS,5,CONT,PULSE,RPS,NO_TS_CONT,93.18
Rachel,Carter,LD94715,3660309,LUMEX VENTURES,5,MEA EUROPE,QUANTUM,RPS,YDYUUJO6N0PK1NQ,10.51
Rachel,Carter,LD94715,3660309,LUMEX VENTURES,5,NA,QUANTUM,RPS,NO_TS_NA,89.49
Jack,Hall,OY31364,4638296,DELVO GLOBAL,5,CONT AFRICA,PHOENIX,MAINTENANCE,LMY91UOOSP34F1H,9.38
Andrew,White,KS29898,8810255,FORVEX VENTURES,5,APAC OCEANIA,PHOENIX,MAINTENANCE,HTKJK0OTOFVHGO9,13.64
Dalton,Barron,PJ30736,4316853,ETHOS VENTURES,5,LATAM AFRICA,NOVA,SUPPORT,D8SIS1UAV2ER2YH,8.81
Dalton,Barron,PJ30736,4316853,ETHOS VENTURES,5,EMEA,NOVA,SUPPORT,NO_TS_EMEA,91.19
Jennifer,Franco,SF15785,4918749,JALVIK SYSTEMS,5,LATAM AMERICA,STELLAR,FORFAIT,9NKB0GKIFUKM3T9,9.23
Hunter,Fox,JK58414,1581598,FORVEX VENTURES,5,LATAM AMERICA,ATLAS,MAINTENANCE,TKHHF738NRVQUFC,11.93
Hunter,Fox,JK58414,1581598,FORVEX VENTURES,5,EMEA,ATLAS,MAINTENANCE,NO_TS_EMEA,88.07
Kathryn,Campbell,JV37405,4803953,BRYTON DYNAMICS,5,MEA AMERICA,ORBIT,FORFAIT,6DM3K0HHY3OOB80,10.37
Kathryn,Campbell,JV37405,4803953,BRYTON DYNAMICS,5,NA,ORBIT,FORFAIT,NO_TS_NA,89.63
Glenn,Carter,TM44949,4792990,FORVEX GLOBAL,5,NA AMERICA,PULSE,MAINTENANCE,QSM08GOGSEIL7SV,11.93
Glenn,Carter,TM44949,4792990,FORVEX GLOBAL,5,CONT,PULSE,MAINTENANCE,NO_TS_CONT,88.07
Kristopher,Valentine,QZ25641,2017805,GOLZEN GLOBAL,5,MEA AMERICA,ATLAS,REGIE,JUZMD0L6O4XV585,14.2
Kristopher,Valentine,QZ25641,2017805,GOLZEN GLOBAL,5,MEA,ATLAS,REGIE,NO_TS_MEA,85.8
Sarah,Wong,VB66323,2158303,BRYTON GLOBAL,5,MEA EUROPE,PULSE,REGIE,5G8EGKXWKZ3DMT1,9.38
Sarah,Wong,VB66323,2158303,BRYTON GLOBAL,5,APAC,PULSE,REGIE,NO_TS_APAC,90.63
David,Brewer,SW52708,5835905,DELVO GROUP,5,CONT AMERICA,ORBIT,SUPPORT,0J4F8WIZYQRE917,9.38
David,Brewer,SW52708,5835905,DELVO GROUP,5,NA,ORBIT,SUPPORT,NO_TS_NA,90.63
Jennifer,Harrison,EL14556,4950019,HYRION DYNAMICS,5,APAC OCEANIA,ORBIT,REGIE,5MK0S64E508ATRK,11.65
Jennifer,Harrison,EL14556,4950019,HYRION DYNAMICS,5,NA,ORBIT,REGIE,NO_TS_NA,88.35
Colleen,Rios,LN58821,1184636,GOLZEN SYSTEMS,5,NA EUROPE,VERTEX,RPS,13HEFK6COY9PQYC,14.91
Colleen,Rios,LN58821,1184636,GOLZEN SYSTEMS,5,CONT,VERTEX,RPS,NO_TS_CONT,85.09
Timothy,Hardin,JR87192,3345053,ETHOS VENTURES,5,CONT ASIA,VERTEX,SUPPORT,0V3V6PTZT30SG3Y,9.66
Timothy,Hardin,JR87192,3345053,ETHOS VENTURES,5,APAC,VERTEX,SUPPORT,NO_TS_APAC,90.34
Robert,Boyd,RF60768,8124994,INOVA SOLUTIONS,5,APAC AMERICA,NOVA,REGIE,6F04NXSM6A5HAM0,10.23
Robert,Boyd,RF60768,8124994,INOVA SOLUTIONS,5,CONT,NOVA,REGIE,NO_TS_CONT,89.77
Lisa,Gallagher,TF67387,7064846,GOLZEN GLOBAL,5,APAC AMERICA,ORBIT,FORFAIT,VWBSZIRRZ3C6Z3S,12.5
Lisa,Gallagher,TF67387,7064846,GOLZEN GLOBAL,5,CONT,ORBIT,FORFAIT,NO_TS_CONT,87.5
Jade,Munoz,SD60912,4036909,ETHOS VENTURES,5,APAC AMERICA,NOVA,FORFAIT,XBF947IDCML5TG2,10.23
Jade,Munoz,SD60912,4036909,ETHOS VENTURES,5,EMEA,NOVA,FORFAIT,NO_TS_EMEA,89.77
Jeanette,Cruz,YY72687,5284391,KESTRA GLOBAL,5,LATAM ASIA,NEXUS,REGIE,A6R774JX46U4FQZ,7.53
David,Farmer,HM41095,2749895,FORVEX DYNAMICS,5,MEA EUROPE,VERTEX,SUPPORT,3WO48VDC0XLIBCN,8.24
David,Farmer,HM41095,2749895,FORVEX DYNAMICS,5,APAC,VERTEX,SUPPORT,NO_TS_APAC,91.76
Denise,Marsh,PC05599,2932501,FORVEX SYSTEMS,5,EMEA AFRICA,PULSE,REGIE,R61RXT5P9FHF0N0,15.91
Denise,Marsh,PC05599,2932501,FORVEX SYSTEMS,5,EMEA,PULSE,REGIE,NO_TS_EMEA,84.09
Jeremy,Lee,MC71415,4655342,LUMEX SOLUTIONS,5,EMEA AMERICA,PHOENIX,REGIE,LZS01PCADRQUANW,9.23
Jeremy,Lee,MC71415,4655342,LUMEX SOLUTIONS,5,NA,PHOENIX,REGIE,NO_TS_NA,90.77
Joseph,English,ON29908,6708364,GOLZEN SOLUTIONS,5,EMEA EUROPE,STELLAR,RPS,2FDXCCE5C09JCZQ,9.66
Joseph,English,ON29908,6708364,GOLZEN SOLUTIONS,5,EMEA,STELLAR,RPS,NO_TS_EMEA,90.34
Debbie,Larsen,IG98285,3698438,KESTRA CONSULTING,5,MEA EUROPE,PHOENIX,REGIE,F4QLQT08EO46R4M,11.36
Debbie,Larsen,IG98285,3698438,KESTRA CONSULTING,5,EMEA,PHOENIX,REGIE,NO_TS_EMEA,88.64
Katherine,Johnson,QV45424,5543899,LUMEX CONSULTING,5,LATAM EUROPE,STELLAR,SUPPORT,86CXMBO4W8J8825,9.09
Danny,King,ED25700,7904530,INOVA CONSULTING,5,NA AFRICA,ATLAS,MAINTENANCE,36VA5Y9SADHL2Q1,5.68
Danny,King,ED25700,7904530,INOVA CONSULTING,5,MEA,ATLAS,MAINTENANCE,NO_TS_MEA,94.32
Julie,Harmon,GP93113,8456620,ETHOS TECH,5,EMEA OCEANIA,ORBIT,SUPPORT,IDA9B695N2AR5X0,13.64
Julie,Harmon,GP93113,8456620,ETHOS TECH,5,MEA,ORBIT,SUPPORT,NO_TS_MEA,86.36
Christopher,Wilson,PR62637,6526943,KESTRA GROUP,5,LATAM MENA,QUANTUM,SUPPORT,K1OUBA2AYEYBQZG,11.36
Christopher,Wilson,PR62637,6526943,KESTRA GROUP,5,CONT,QUANTUM,SUPPORT,NO_TS_CONT,88.64
Justin,Walton,LT34060,1331201,LUMEX SOLUTIONS,5,MEA MENA,PHOENIX,FORFAIT,36HXTI8GQQYHKBZ,11.08
Justin,Walton,LT34060,1331201,LUMEX SOLUTIONS,5,APAC,PHOENIX,FORFAIT,NO_TS_APAC,88.92
Ashley,Nguyen,TY50820,1147922,ETHOS GROUP,5,CONT MENA,PULSE,SUPPORT,9F032JRHN5UQZSG,8.52
Joseph,Callahan,VJ81437,9902847,JALVIK TECH,5,CONT EUROPE,NOVA,REGIE,ITJEWUUIYHE6FLN,7.39
Joseph,Callahan,VJ81437,9902847,JALVIK TECH,5,NA,NOVA,REGIE,NO_TS_NA,92.61
Joanne,Dixon,SA52859,2910307,LUMEX GLOBAL,5,MEA OCEANIA,ORBIT,MAINTENANCE,DP0EKNS3RT8K4VP,9.66
Joanne,Dixon,SA52859,2910307,LUMEX GLOBAL,5,APAC,ORBIT,MAINTENANCE,NO_TS_APAC,90.34
Jo,Paul,PB19124,3444689,KESTRA SOLUTIONS,5,LATAM ASIA,QUANTUM,REGIE,R9S7VBPOK3QEOL1,8.52
Jo,Paul,PB19124,3444689,KESTRA SOLUTIONS,5,MEA,QUANTUM,REGIE,NO_TS_MEA,91.48
Rebecca,Valdez,PV16509,9352748,DELVO DYNAMICS,5,NA MENA,NEXUS,MAINTENANCE,KU88BHRG1ZSX09S,11.93
Jenny,Hoffman,EM11620,8750560,HYRION VENTURES,5,EMEA MENA,NEXUS,FORFAIT,VGS7NLTXC5E6HGD,11.36
Jenny,Hoffman,EM11620,8750560,HYRION VENTURES,5,CONT,NEXUS,FORFAIT,NO_TS_CONT,88.64
Christy,Clark,CO84035,5734149,ALCOR SYSTEMS,5,MEA MENA,NOVA,SUPPORT,PSDPMEUBTEAOA5H,11.36
Christy,Clark,CO84035,5734149,ALCOR SYSTEMS,5,NA,NOVA,SUPPORT,NO_TS_NA,88.64
Kristina,Mathis,ZS42303,2118829,GOLZEN GLOBAL,5,LATAM AFRICA,ATLAS,SUPPORT,AC6BSMIMVGAW93J,13.64
Kristina,Mathis,ZS42303,2118829,GOLZEN GLOBAL,5,CONT,ATLAS,SUPPORT,NO_TS_CONT,86.36
Andrea,Hardin,QW58089,3206021,ALCOR GLOBAL,5,NA AFRICA,NOVA,REGIE,8TYQYZIW3WGY26B,10.23
Andrea,Hardin,QW58089,3206021,ALCOR GLOBAL,5,LATAM,NOVA,REGIE,NO_TS_LATAM,89.77
Luis,Harris,VY44158,7107496,KESTRA VENTURES,5,LATAM AFRICA,ATLAS,MAINTENANCE,DRR296I5D108S0U,13.64
Lisa,Romero,GB08082,4572383,ETHOS DYNAMICS,5,MEA MENA,PHOENIX,FORFAIT,0PMPZOYYWH1CND5,11.36
Joel,Graves,AJ87289,8226116,LUMEX CONSULTING,5,APAC ASIA,VERTEX,FORFAIT,A029IUPFPKPIJJT,13.64
Sabrina,Wolf,HQ96724,4872089,JALVIK VENTURES,5,CONT AMERICA,NEXUS,FORFAIT,9Q8800QWH0SRNMD,5.4
Sabrina,Wolf,HQ96724,4872089,JALVIK VENTURES,5,CONT,NEXUS,FORFAIT,NO_TS_CONT,94.6
Trevor,Price,TG35980,2772015,ETHOS TECH,5,EMEA AMERICA,NOVA,RPS,XVG4SDD1FHLCULN,13.64
Trevor,Price,TG35980,2772015,ETHOS TECH,5,APAC,NOVA,RPS,NO_TS_APAC,86.36
Jordan,Long,XQ78881,9615913,ETHOS GLOBAL,5,LATAM AFRICA,VERTEX,SUPPORT,AU2022TZEXVI2VR,13.64
Jordan,Long,XQ78881,9615913,ETHOS GLOBAL,5,APAC,VERTEX,SUPPORT,NO_TS_APAC,86.36
Amanda,Mann,ER48894,1352954,HYRION SOLUTIONS,5,APAC ASIA,PULSE,REGIE,IPRHV99HBUMMKS6,11.51
Amanda,Mann,ER48894,1352954,HYRION SOLUTIONS,5,MEA,PULSE,REGIE,NO_TS_MEA,88.49
Amanda,Brown,WG66615,6835856,GOLZEN CONSULTING,5,APAC MENA,PHOENIX,REGIE,SHZ2EWQKEWUSBGD,13.21
Amanda,Brown,WG66615,6835856,GOLZEN CONSULTING,5,CONT,PHOENIX,REGIE,NO_TS_CONT,86.79
Kristina,Ayala,JE26765,9425519,INOVA DYNAMICS,5,LATAM MENA,NEXUS,RPS,8KR4BHKKZYR6XTF,11.08
Kristina,Ayala,JE26765,9425519,INOVA DYNAMICS,5,APAC,NEXUS,RPS,NO_TS_APAC,88.92
Amanda,Williams,OW99433,3995522,ETHOS SOLUTIONS,5,CONT,PHOENIX,MAINTENANCE,NO_TS_CONT,100.0
Sydney,Rodriguez,OK34888,8421148,FORVEX SYSTEMS,5,NA MENA,QUANTUM,RPS,RG00YS9OWYZEXWN,11.36
Sydney,Rodriguez,OK34888,8421148,FORVEX SYSTEMS,5,NA,QUANTUM,RPS,NO_TS_NA,88.64
Tim,Wilson,BJ82822,2948573,BRYTON DIGITAL,5,EMEA OCEANIA,NOVA,SUPPORT,SCSLQIHO4Q0W5GN,7.39
Tim,Wilson,BJ82822,2948573,BRYTON DIGITAL,5,NA,NOVA,SUPPORT,NO_TS_NA,92.61
Tyler,Nelson,NZ23459,5572803,DELVO SOLUTIONS,5,EMEA AMERICA,ORBIT,MAINTENANCE,KYSYV7LXCVU8138,8.1
Tyler,Nelson,NZ23459,5572803,DELVO SOLUTIONS,5,LATAM,ORBIT,MAINTENANCE,NO_TS_LATAM,91.9
Brandon,Hudson,YZ19746,8886928,KESTRA TECH,5,LATAM OCEANIA,VERTEX,REGIE,9E2ZJBPA5E50QXY,8.24
Brandon,Hudson,YZ19746,8886928,KESTRA TECH,5,NA,VERTEX,REGIE,NO_TS_NA,91.76
Teresa,Morgan,KU99176,1140508,ALCOR DYNAMICS,5,APAC MENA,PULSE,REGIE,YA45BCRHY0RZQ1S,8.52
Teresa,Morgan,KU99176,1140508,ALCOR DYNAMICS,5,EMEA,PULSE,REGIE,NO_TS_EMEA,91.48
Lisa,Mcclain,YL19354,5475097,LUMEX CONSULTING,5,EMEA ASIA,ATLAS,REGIE,5BDMA0CCK10P12U,9.52
Lisa,Mcclain,YL19354,5475097,LUMEX CONSULTING,5,LATAM,ATLAS,REGIE,NO_TS_LATAM,90.48
Brenda,Schmidt,CY26884,3936862,ETHOS GLOBAL,5,LATAM AFRICA,ORBIT,REGIE,M05BX7RRY8POAS4,8.1
Brenda,Schmidt,CY26884,3936862,ETHOS GLOBAL,5,EMEA,ORBIT,REGIE,NO_TS_EMEA,91.9
Holly,Tucker,JX19947,7451220,ETHOS TECH,5,EMEA EUROPE,ATLAS,MAINTENANCE,M9GQA4HFZP232CO,12.5
Holly,Tucker,JX19947,7451220,ETHOS TECH,5,LATAM,ATLAS,MAINTENANCE,NO_TS_LATAM,87.5
Deborah,Whitaker,VU55919,5448695,FORVEX SYSTEMS,5,CONT ASIA,ATLAS,RPS,8L6UI8FBTR78L26,8.81
Michael,Miller,KD35949,1806948,CENVEO GLOBAL,5,EMEA AMERICA,NEXUS,MAINTENANCE,08ST22K4CMT5LYX,10.09
Michael,Miller,KD35949,1806948,CENVEO GLOBAL,5,APAC,NEXUS,MAINTENANCE,NO_TS_APAC,89.91
Ashley,Ross,LI69688,1425982,LUMEX SYSTEMS,5,LATAM ASIA,QUANTUM,FORFAIT,FJZIS9KPMZLW7OS,11.36
Ashley,Ross,LI69688,1425982,LUMEX SYSTEMS,5,CONT,QUANTUM,FORFAIT,NO_TS_CONT,88.64
Connor,Hernandez,EK23387,4510517,JALVIK GROUP,5,MEA EUROPE,NEXUS,REGIE,N1JW6ZW4F2QN5DH,8.1
Timothy,Whitehead,SW37110,1643415,INOVA SOLUTIONS,5,EMEA OCEANIA,NOVA,REGIE,EG3YGFWHHS22VJ1,10.09
Timothy,Whitehead,SW37110,1643415,INOVA SOLUTIONS,5,NA,NOVA,REGIE,NO_TS_NA,89.91
Rita,Harris,LW66119,1199625,CENVEO GROUP,5,NA EUROPE,VERTEX,REGIE,EC4P78ZNM1QRJ5J,10.23
Rita,Harris,LW66119,1199625,CENVEO GROUP,5,LATAM,VERTEX,REGIE,NO_TS_LATAM,89.77
Michael,Fry,GS03206,8757336,LUMEX GLOBAL,5,LATAM MENA,PHOENIX,REGIE,TD605GD8W12DWJW,11.65
Michael,Fry,GS03206,8757336,LUMEX GLOBAL,5,LATAM,PHOENIX,REGIE,NO_TS_LATAM,88.35
Anthony,Barnes,LD07494,7607758,GOLZEN CONSULTING,5,MEA MENA,QUANTUM,FORFAIT,7EFP9QKJBIJT922,12.5
Anthony,Barnes,LD07494,7607758,GOLZEN CONSULTING,5,APAC,QUANTUM,FORFAIT,NO_TS_APAC,87.5
Jamie,Scott,MZ81701,8751810,JALVIK DIGITAL,5,EMEA ASIA,NEXUS,MAINTENANCE,VNYP0HI7E5Q38NM,7.39
Jamie,Scott,MZ81701,8751810,JALVIK DIGITAL,5,LATAM,NEXUS,MAINTENANCE,NO_TS_LATAM,92.61
Jacqueline,Bailey,OM12090,3557727,CENVEO DIGITAL,5,EMEA MENA,PULSE,FORFAIT,8W9NOL5CL2W8OX4,11.36
Jacqueline,Bailey,OM12090,3557727,CENVEO DIGITAL,5,LATAM,PULSE,FORFAIT,NO_TS_LATAM,88.64
Helen,Carter,CB30870,3684533,LUMEX GLOBAL,5,APAC EUROPE,ATLAS,RPS,9G5HGUQCFFF1HX1,12.5
Helen,Carter,CB30870,3684533,LUMEX GLOBAL,5,APAC,ATLAS,RPS,NO_TS_APAC,87.5
Angela,Jackson,YF25992,8250417,FORVEX SYSTEMS,5,CONT OCEANIA,PHOENIX,REGIE,67U3NGHEPY6TRE6,12.5
James,Porter,XZ62152,8574570,GOLZEN DYNAMICS,5,MEA OCEANIA,QUANTUM,FORFAIT,KHH2MI6SB6RXW58,9.09
James,Porter,XZ62152,8574570,GOLZEN DYNAMICS,5,MEA,QUANTUM,FORFAIT,NO_TS_MEA,90.91
Claudia,Morgan,BY98039,2356110,BRYTON CONSULTING,5,NA ASIA,STELLAR,RPS,UIHYFNCZEZF51Y9,11.36
Claudia,Morgan,BY98039,2356110,BRYTON CONSULTING,5,NA,STELLAR,RPS,NO_TS_NA,88.64
Amy,Smith,VB16071,4380436,BRYTON GROUP,5,NA EUROPE,ORBIT,RPS,72HK9IWD3RI5PIC,9.8
Amy,Smith,VB16071,4380436,BRYTON GROUP,5,APAC,ORBIT,RPS,NO_TS_APAC,90.2
Danny,Ferguson,IT23844,8637238,ALCOR SOLUTIONS,5,LATAM MENA,STELLAR,RPS,FFITUOY53A6GO7Z,10.23
Danny,Ferguson,IT23844,8637238,ALCOR SOLUTIONS,5,APAC,STELLAR,RPS,NO_TS_APAC,89.77
Christopher,Whitaker,TP88938,8839992,JALVIK DIGITAL,5,NA MENA,VERTEX,FORFAIT,IS7YE743PJFNR24,8.52
Christopher,Whitaker,TP88938,8839992,JALVIK DIGITAL,5,APAC,VERTEX,FORFAIT,NO_TS_APAC,91.48
Megan,Hawkins,KO63983,9087752,INOVA GROUP,5,LATAM MENA,QUANTUM,RPS,IYSDRDE92ZUJ1C1,10.94
Megan,Hawkins,KO63983,9087752,INOVA GROUP,5,APAC,QUANTUM,RPS,NO_TS_APAC,89.06
Timothy,Horton,EY21146,5967865,BRYTON SOLUTIONS,5,EMEA AFRICA,ORBIT,FORFAIT,8CKA3LHUIJXB23G,11.36
Timothy,Horton,EY21146,5967865,BRYTON SOLUTIONS,5,NA,ORBIT,FORFAIT,NO_TS_NA,88.64
Jennifer,Short,VW02098,4430804,DELVO GROUP,5,APAC AMERICA,PHOENIX,RPS,4QWSPTQY11733XD,13.64
Jennifer,Short,VW02098,4430804,DELVO GROUP,5,APAC,PHOENIX,RPS,NO_TS_APAC,86.36
Anita,Johnson,QQ56210,7656130,BRYTON SYSTEMS,5,CONT MENA,QUANTUM,REGIE,M7YSGBD9MQDLFG2,10.8
Anita,Johnson,QQ56210,7656130,BRYTON SYSTEMS,5,APAC,QUANTUM,REGIE,NO_TS_APAC,89.2
Jasmin,Hall,ZM83636,5114186,HYRION VENTURES,5,CONT MENA,ATLAS,SUPPORT,K7GH3YQE71SEV1U,11.36
Jasmin,Hall,ZM83636,5114186,HYRION VENTURES,5,CONT,ATLAS,SUPPORT,NO_TS_CONT,88.64
Sara,Sullivan,YW98960,8292960,LUMEX SOLUTIONS,5,LATAM ASIA,STELLAR,SUPPORT,QADCCKHNHFVTYGR,11.36
Mark,Smith,DA37732,7151468,ALCOR SYSTEMS,5,CONT AFRICA,PULSE,REGIE,NQBDXBJTGJ1ZAOQ,10.23
Mark,Smith,DA37732,7151468,ALCOR SYSTEMS,5,LATAM,PULSE,REGIE,NO_TS_LATAM,89.77
Christopher,Ballard,TT34080,9603461,FORVEX CONSULTING,5,NA OCEANIA,STELLAR,RPS,2WPZJJY1O54W4JZ,8.52
Christopher,Ballard,TT34080,9603461,FORVEX CONSULTING,5,EMEA,STELLAR,RPS,NO_TS_EMEA,91.48
Nancy,Smith,GX42750,2821089,GOLZEN GLOBAL,5,LATAM AFRICA,PHOENIX,SUPPORT,WZ2XOO3YS1BL3UY,10.8
Nancy,Smith,GX42750,2821089,GOLZEN GLOBAL,5,MEA,PHOENIX,SUPPORT,NO_TS_MEA,89.2
Ashley,Schultz,LE72618,1360903,CENVEO CONSULTING,5,EMEA AFRICA,VERTEX,REGIE,A1GK62UHQP6FHLA,9.23
Ashley,Schultz,LE72618,1360903,CENVEO CONSULTING,5,NA,VERTEX,REGIE,NO_TS_NA,90.77
Janet,Ellison,LW44780,2168177,JALVIK GROUP,5,NA MENA,PULSE,REGIE,TDS8XFLT54AFT25,9.94
Brandi,Cunningham,UE87294,6243418,BRYTON DIGITAL,5,APAC EUROPE,ORBIT,RPS,JHOT9HRNYJPLBR3,7.95
Richard,Dixon,GP16920,4225181,BRYTON GLOBAL,5,MEA EUROPE,ATLAS,MAINTENANCE,3ACPCTY6GADGDX8,13.64
Richard,Dixon,GP16920,4225181,BRYTON GLOBAL,5,EMEA,ATLAS,MAINTENANCE,NO_TS_EMEA,86.36
Jennifer,Gillespie,VT14468,5506628,DELVO GLOBAL,5,APAC OCEANIA,STELLAR,FORFAIT,U6SVRY3QNU7VVJQ,9.94
Jennifer,Gillespie,VT14468,5506628,DELVO GLOBAL,5,MEA,STELLAR,FORFAIT,NO_TS_MEA,90.06
Nicholas,Rodriguez,JA23950,2135198,GOLZEN DYNAMICS,5,MEA OCEANIA,NOVA,MAINTENANCE,W6KPTP1U2IU660L,5.4
Nicholas,Rodriguez,JA23950,2135198,GOLZEN DYNAMICS,5,NA,NOVA,MAINTENANCE,NO_TS_NA,94.6
Gina,Simon,AB33931,4507933,FORVEX DYNAMICS,5,EMEA AMERICA,NOVA,REGIE,D8C8NIOKIG4V0YR,13.64
Gina,Simon,AB33931,4507933,FORVEX DYNAMICS,5,LATAM,NOVA,REGIE,NO_TS_LATAM,86.36
Heather,Silva,SK90910,8508767,HYRION TECH,5,MEA AFRICA,STELLAR,SUPPORT,HRSUR9TMDB5TQUZ,11.93
Heather,Silva,SK90910,8508767,HYRION TECH,5,EMEA,STELLAR,SUPPORT,NO_TS_EMEA,88.07
Kenneth,Hood,XL63039,4790786,JALVIK SOLUTIONS,5,EMEA MENA,ATLAS,SUPPORT,LTAA0NF0KGOTDAU,5.82
Kenneth,Hood,XL63039,4790786,JALVIK SOLUTIONS,5,LATAM,ATLAS,SUPPORT,NO_TS_LATAM,94.18
Kari,Davis,HO54613,8974620,ALCOR SYSTEMS,5,NA OCEANIA,ORBIT,SUPPORT,BV89RNQU55W70TF,9.94
Kari,Davis,HO54613,8974620,ALCOR SYSTEMS,5,EMEA,ORBIT,SUPPORT,NO_TS_EMEA,90.06
Christopher,Garcia,LU15917,1066807,GOLZEN VENTURES,5,NA ASIA,PHOENIX,SUPPORT,Y2R5ATOBJM8YP1P,11.65
Karen,Walker,IF80858,6493403,DELVO VENTURES,5,APAC ASIA,ATLAS,RPS,H27YKA7MRYX160R,12.5
Karen,Walker,IF80858,6493403,DELVO VENTURES,5,EMEA,ATLAS,RPS,NO_TS_EMEA,87.5
Kenneth,Garcia,HW42149,7507537,FORVEX VENTURES,5,APAC AFRICA,NOVA,FORFAIT,8QPMFLCRKU1AGZ1,11.93
Kenneth,Garcia,HW42149,7507537,FORVEX VENTURES,5,APAC,NOVA,FORFAIT,NO_TS_APAC,88.07
Christopher,Cox,YC11786,5629037,CENVEO GLOBAL,5,MEA AFRICA,NOVA,MAINTENANCE,7ZOKG0LGAM179KH,11.51
Jennifer,Raymond,BT32351,8715053,CENVEO SOLUTIONS,5,NA ASIA,ATLAS,SUPPORT,FQW3S5ZM2GE6LL0,14.2
Robin,Fuller,GE28107,8424089,BRYTON CONSULTING,5,APAC MENA,QUANTUM,REGIE,TRAFHQYE7A32JQC,14.77
Robin,Fuller,GE28107,8424089,BRYTON CONSULTING,5,LATAM,QUANTUM,REGIE,NO_TS_LATAM,85.23
Lauren,Foster,BG06697,8746578,KESTRA CONSULTING,5,EMEA ASIA,PHOENIX,MAINTENANCE,OLFZLZAW7E6XRGR,9.09
Joshua,Hawkins,VV94841,5027505,GOLZEN SYSTEMS,5,CONT MENA,NEXUS,REGIE,31EEZCHS006LJUM,11.36
Joshua,Hawkins,VV94841,5027505,GOLZEN SYSTEMS,5,EMEA,NEXUS,REGIE,NO_TS_EMEA,88.64
Lisa,Bass,YK18725,5035666,LUMEX TECH,5,LATAM EUROPE,QUANTUM,MAINTENANCE,E2D51DBUUILV8L2,9.94
Richard,Jones,EX07549,6388166,FORVEX CONSULTING,5,MEA AMERICA,VERTEX,MAINTENANCE,E2GQS76G0D0W2CJ,12.5
Richard,Jones,EX07549,6388166,FORVEX CONSULTING,5,MEA,VERTEX,MAINTENANCE,NO_TS_MEA,87.5
Brian,Sanford,LT83052,8246524,ALCOR CONSULTING,5,LATAM AFRICA,VERTEX,RPS,IKHMNGQU02PXL3O,11.65
Brian,Sanford,LT83052,8246524,ALCOR CONSULTING,5,APAC,VERTEX,RPS,NO_TS_APAC,88.35
Joyce,Johnson,OM92185,6337281,CENVEO SOLUTIONS,5,LATAM AFRICA,NEXUS,REGIE,WJMUHP7YPJIH3CU,13.64
Joyce,Johnson,OM92185,6337281,CENVEO SOLUTIONS,5,MEA,NEXUS,REGIE,NO_TS_MEA,86.36
Andrea,Schmidt,FN89183,9998395,KESTRA GLOBAL,5,NA EUROPE,NOVA,SUPPORT,RHGBPPP8ZNLPPNH,12.5
Andrea,Schmidt,FN89183,9998395,KESTRA GLOBAL,5,NA,NOVA,SUPPORT,NO_TS_NA,87.5
Brian,Preston,AE74030,9785706,HYRION VENTURES,5,CONT EUROPE,VERTEX,MAINTENANCE,3TBU7F3282TZ3RN,7.67
Brian,Preston,AE74030,9785706,HYRION VENTURES,5,APAC,VERTEX,MAINTENANCE,NO_TS_APAC,92.33
David,Murphy,YE51289,3573945,DELVO GROUP,5,APAC AFRICA,QUANTUM,RPS,L66KFONTOM0UL90,11.93
David,Murphy,YE51289,3573945,DELVO GROUP,5,APAC,QUANTUM,RPS,NO_TS_APAC,88.07
Matthew,Cooper,BD17737,5788110,INOVA TECH,5,APAC EUROPE,VERTEX,FORFAIT,F8NLLM8MD7GG4R2,6.82
Matthew,Cooper,BD17737,5788110,INOVA TECH,5,NA,VERTEX,FORFAIT,NO_TS_NA,93.18
Tracey,Neal,CJ98794,3495576,INOVA TECH,5,APAC MENA,NEXUS,REGIE,OED6HA7O9OH3E1X,10.94
Crystal,Williams,HF14941,1630647,DELVO CONSULTING,5,MEA OCEANIA,ATLAS,RPS,QTAZ2GFX4X8KWY0,7.81
Crystal,Williams,HF14941,1630647,DELVO CONSULTING,5,NA,ATLAS,RPS,NO_TS_NA,92.19
Samantha,Fox,UH05839,5013000,ALCOR SYSTEMS,5,LATAM OCEANIA,QUANTUM,SUPPORT,7MB5FIW9ZHK6E7H,9.52
Samantha,Fox,UH05839,5013000,ALCOR SYSTEMS,5,CONT,QUANTUM,SUPPORT,NO_TS_CONT,90.48
Cynthia,Rubio,BI85736,2121794,INOVA SOLUTIONS,5,NA MENA,STELLAR,RPS,PU1KCHAISH11QJQ,9.94
Cynthia,Rubio,BI85736,2121794,INOVA SOLUTIONS,5,NA,STELLAR,RPS,NO_TS_NA,90.06
Carla,Tran,IH65526,3958462,GOLZEN GLOBAL,5,MEA MENA,PULSE,SUPPORT,3LT98GA4OSMNKXJ,13.64
Carla,Tran,IH65526,3958462,GOLZEN GLOBAL,5,MEA,PULSE,SUPPORT,NO_TS_MEA,86.36
Thomas,Short,VH01013,8710695,BRYTON VENTURES,5,LATAM MENA,ORBIT,REGIE,KFHG2V6H4BJ8AOF,7.39
Thomas,Short,VH01013,8710695,BRYTON VENTURES,5,APAC,ORBIT,REGIE,NO_TS_APAC,92.61
Jonathan,Sanchez,IC40348,4319080,INOVA DYNAMICS,5,NA AFRICA,NEXUS,MAINTENANCE,R1QRLXZEBC55I8C,13.64
Jonathan,Sanchez,IC40348,4319080,INOVA DYNAMICS,5,CONT,NEXUS,MAINTENANCE,NO_TS_CONT,86.36
Laura,Brooks,QH28518,3896672,JALVIK GLOBAL,5,MEA AFRICA,QUANTUM,MAINTENANCE,MCXVZSAV3ARTLTA,13.64
Laura,Brooks,QH28518,3896672,JALVIK GLOBAL,5,NA,QUANTUM,MAINTENANCE,NO_TS_NA,86.36
Dean,Schmidt,MU81866,4477453,LUMEX TECH,5,NA AFRICA,STELLAR,RPS,82EQZUG8ZYD5YRM,12.78
Dean,Schmidt,MU81866,4477453,LUMEX TECH,5,MEA,STELLAR,RPS,NO_TS_MEA,87.22
Jacqueline,Willis,ZQ30002,3595367,JALVIK DYNAMICS,5,NA EUROPE,PHOENIX,MAINTENANCE,8VJDAY2G19C9G4E,10.23
Jacqueline,Willis,ZQ30002,3595367,JALVIK DYNAMICS,5,EMEA,PHOENIX,MAINTENANCE,NO_TS_EMEA,89.77
Madeline,Reed,ZB60156,7487107,ALCOR DYNAMICS,5,NA EUROPE,PHOENIX,MAINTENANCE,OSG1N0ITIBKN0NY,9.23
Madeline,Reed,ZB60156,7487107,ALCOR DYNAMICS,5,NA,PHOENIX,MAINTENANCE,NO_TS_NA,90.77
Ronald,Thompson,TP73015,2181061,KESTRA GLOBAL,5,LATAM MENA,VERTEX,FORFAIT,56KQ9FENQZ28ZOF,8.81
Ronald,Thompson,TP73015,2181061,KESTRA GLOBAL,5,APAC,VERTEX,FORFAIT,NO_TS_APAC,91.19
Mitchell,Hernandez,AR88059,5383241,CENVEO TECH,5,EMEA ASIA,QUANTUM,FORFAIT,JXMU5ZQYNSOKY92,12.78
Mitchell,Hernandez,AR88059,5383241,CENVEO TECH,5,APAC,QUANTUM,FORFAIT,NO_TS_APAC,87.22
Ronnie,Smith,TD76874,7391933,HYRION DIGITAL,5,MEA AFRICA,NEXUS,FORFAIT,3I24PIRPGGPD4FA,9.94
Ronnie,Smith,TD76874,7391933,HYRION DIGITAL,5,EMEA,NEXUS,FORFAIT,NO_TS_EMEA,90.06
Amber,Harris,KR57716,3442674,CENVEO SOLUTIONS,5,NA OCEANIA,ATLAS,RPS,X4JF0XWFH4JRHKX,14.49
Amber,Harris,KR57716,3442674,CENVEO SOLUTIONS,5,CONT,ATLAS,RPS,NO_TS_CONT,85.51
Christopher,Lopez,MK28167,6536560,ETHOS SYSTEMS,5,EMEA MENA,PHOENIX,MAINTENANCE,V9M9E9H2UB2ZQAU,12.5
Christopher,Lopez,MK28167,6536560,ETHOS SYSTEMS,5,NA,PHOENIX,MAINTENANCE,NO_TS_NA,87.5
Jeremy,Tate,ZQ45966,5613976,ETHOS GLOBAL,5,NA ASIA,NEXUS,SUPPORT,MVZ141QFT5Y3G11,16.67
Jeremy,Tate,ZQ45966,5613976,ETHOS GLOBAL,5,LATAM,NEXUS,SUPPORT,NO_TS_LATAM,83.33
Tyler,Keith,FR07085,8928545,FORVEX GROUP,5,CONT EUROPE,NOVA,SUPPORT,W51UNEUKSFWYKVM,14.2
Tyler,Keith,FR07085,8928545,FORVEX GROUP,5,CONT,NOVA,SUPPORT,NO_TS_CONT,85.8
Steven,Smith,GN71434,3696234,ETHOS GLOBAL,5,CONT MENA,PHOENIX,RPS,E9N74B5MJZRCVSJ,6.82
Steven,Smith,GN71434,3696234,ETHOS GLOBAL,5,EMEA,PHOENIX,RPS,NO_TS_EMEA,93.18
Timothy,Hunter,ZE19591,9477416,LUMEX VENTURES,5,APAC MENA,PHOENIX,MAINTENANCE,JWP0GTFVIRTDPM6,9.66
Timothy,Hunter,ZE19591,9477416,LUMEX VENTURES,5,CONT,PHOENIX,MAINTENANCE,NO_TS_CONT,90.34
Craig,Ramirez,SD23908,1480451,CENVEO TECH,5,LATAM ASIA,PHOENIX,RPS,0JPLH771HKLG183,13.64
Craig,Ramirez,SD23908,1480451,CENVEO TECH,5,EMEA,PHOENIX,RPS,NO_TS_EMEA,86.36
Brittany,Dalton,HS68172,2132829,ETHOS CONSULTING,5,CONT OCEANIA,STELLAR,FORFAIT,63WX2RETASQCKM1,13.64
Brittany,Dalton,HS68172,2132829,ETHOS CONSULTING,5,MEA,STELLAR,FORFAIT,NO_TS_MEA,86.36
Charles,Meza,TO90274,7271825,GOLZEN DIGITAL,5,NA ASIA,STELLAR,FORFAIT,9ERQ7U54TSH55I7,9.09
Charles,Meza,TO90274,7271825,GOLZEN DIGITAL,5,LATAM,STELLAR,FORFAIT,NO_TS_LATAM,90.91
Joseph,Freeman,MP96181,6896192,CENVEO CONSULTING,5,CONT ASIA,PHOENIX,FORFAIT,QV6QGSHTR7EZF4V,15.34
Joseph,Freeman,MP96181,6896192,CENVEO CONSULTING,5,MEA,PHOENIX,FORFAIT,NO_TS_MEA,84.66
Kenneth,Mitchell,SG12870,3374447,FORVEX CONSULTING,5,CONT AFRICA,NEXUS,REGIE,7VRJ2IHFKF5D4NJ,10.23
Kenneth,Mitchell,SG12870,3374447,FORVEX CONSULTING,5,NA,NEXUS,REGIE,NO_TS_NA,89.77
Jeremy,Baker,CD68026,8487747,GOLZEN SYSTEMS,5,LATAM EUROPE,NEXUS,REGIE,UWH4FSK5C5MBNV4,13.64
Tyler,Galloway,BW03434,8323310,DELVO SOLUTIONS,5,LATAM AFRICA,PULSE,SUPPORT,YAVBNV2RV691E76,8.52
Tyler,Galloway,BW03434,8323310,DELVO SOLUTIONS,5,MEA,PULSE,SUPPORT,NO_TS_MEA,91.48
Gloria,Marquez,IF66559,8722362,JALVIK SOLUTIONS,5,CONT ASIA,PULSE,SUPPORT,F45NRIVFU7QEIOQ,10.51
Gloria,Marquez,IF66559,8722362,JALVIK SOLUTIONS,5,MEA,PULSE,SUPPORT,NO_TS_MEA,89.49
Zachary,Duran,CI57284,3451777,LUMEX SYSTEMS,5,CONT AFRICA,PHOENIX,SUPPORT,LXMLRJ8ZFTXBBJM,8.1
Zachary,Duran,CI57284,3451777,LUMEX SYSTEMS,5,LATAM,PHOENIX,SUPPORT,NO_TS_LATAM,91.9
Daniel,Chang,CJ41003,4250893,CENVEO TECH,5,EMEA MENA,ATLAS,RPS,NQJF5XVKU4RG09I,11.36
Daniel,Chang,CJ41003,4250893,CENVEO TECH,5,CONT,ATLAS,RPS,NO_TS_CONT,88.64
Zachary,Booth,RI55878,2718977,LUMEX CONSULTING,5,LATAM AMERICA,PULSE,SUPPORT,U9VVR4C7Q1WG62E,9.38
Zachary,Booth,RI55878,2718977,LUMEX CONSULTING,5,CONT,PULSE,SUPPORT,NO_TS_CONT,90.63
Dawn,Garcia,XH89019,9275433,FORVEX DYNAMICS,5,NA EUROPE,VERTEX,RPS,LYYS0W154HIRK5Z,9.09
Dawn,Garcia,XH89019,9275433,FORVEX DYNAMICS,5,MEA,VERTEX,RPS,NO_TS_MEA,90.91
Jill,Berry,TR87946,3122402,LUMEX VENTURES,5,EMEA EUROPE,STELLAR,REGIE,HCZD597RBY2RLH4,9.38
Jill,Berry,TR87946,3122402,LUMEX VENTURES,5,EMEA,STELLAR,REGIE,NO_TS_EMEA,90.63
Kristine,Rivera,NY64654,3047257,BRYTON TECH,5,EMEA MENA,VERTEX,FORFAIT,EBZHYLR1V5Z5A6O,11.93
Alvin,Casey,BZ28312,8534398,DELVO TECH,5,LATAM MENA,STELLAR,FORFAIT,39SSGML96FE6NGC,10.23
Alvin,Casey,BZ28312,8534398,DELVO TECH,5,APAC,STELLAR,FORFAIT,NO_TS_APAC,89.77
